[2026-07-14 09:28:35] INFO: [DB] MSSQL 연결 완료
[2026-07-14 09:28:35] INFO: [POLLING] 시작 | 큐: 0건 | 처리중: 0건 | 번들: 없음
[2026-07-14 09:28:35] INFO: [POLLING] 종료 | 큐: 0건 | 번들맵: 0개
[2026-07-14 09:28:35] INFO: [POLLING] 10초 주기 DB 감시 시작
[2026-07-14 09:28:35] ERROR: [UNCAUGHT EXCEPTION] listen EADDRINUSE: address already in use 127.0.0.1:41001 | stack: Error: listen EADDRINUSE: address already in use 127.0.0.1:41001
    at Server.setupListenHandle [as _listen2] (node:net:1940:16)
    at listenInCluster (node:net:1997:12)
    at node:net:2206:7
    at process.processTicksAndRejections (node:internal/process/task_queues:89:21)
[2026-07-14 09:30:51] INFO: [DB] MSSQL 연결 완료
[2026-07-14 09:30:51] INFO: [POLLING] 시작 | 큐: 0건 | 처리중: 0건 | 번들: 없음
[2026-07-14 09:30:51] INFO: [POLLING] 종료 | 큐: 0건 | 번들맵: 0개
[2026-07-14 09:30:51] INFO: [POLLING] 10초 주기 DB 감시 시작
[2026-07-14 09:30:51] INFO: [READY] 서버 기동 — http://127.0.0.1:8005
[2026-07-14 09:31:01] INFO: [POLLING] 시작 | 큐: 0건 | 처리중: 0건 | 번들: 없음
[2026-07-14 09:31:01] INFO: [POLLING] 종료 | 큐: 0건 | 번들맵: 0개
[2026-07-14 09:31:11] INFO: [POLLING] 시작 | 큐: 0건 | 처리중: 0건 | 번들: 없음
[2026-07-14 09:31:11] INFO: [POLLING] 종료 | 큐: 0건 | 번들맵: 0개
[2026-07-14 09:31:21] INFO: [POLLING] 시작 | 큐: 0건 | 처리중: 0건 | 번들: 없음
[2026-07-14 09:31:21] INFO: [POLLING] 종료 | 큐: 0건 | 번들맵: 0개
[2026-07-14 09:31:31] INFO: [POLLING] 시작 | 큐: 0건 | 처리중: 0건 | 번들: 없음
[2026-07-14 09:31:31] INFO: [POLLING] 종료 | 큐: 0건 | 번들맵: 0개
[2026-07-14 09:31:41] INFO: [POLLING] 시작 | 큐: 0건 | 처리중: 0건 | 번들: 없음
[2026-07-14 09:31:41] INFO: [POLLING] 종료 | 큐: 0건 | 번들맵: 0개
[2026-07-14 09:31:51] INFO: [POLLING] 시작 | 큐: 0건 | 처리중: 0건 | 번들: 없음
[2026-07-14 09:31:51] INFO: [POLLING] 종료 | 큐: 0건 | 번들맵: 0개
[2026-07-14 09:32:01] INFO: [POLLING] 시작 | 큐: 0건 | 처리중: 0건 | 번들: 없음
[2026-07-14 09:32:01] INFO: [POLLING] 종료 | 큐: 0건 | 번들맵: 0개
[2026-07-14 09:32:11] INFO: [POLLING] 시작 | 큐: 0건 | 처리중: 0건 | 번들: 없음
[2026-07-14 09:32:11] INFO: [POLLING] 종료 | 큐: 0건 | 번들맵: 0개
[2026-07-14 09:32:21] INFO: [POLLING] 시작 | 큐: 0건 | 처리중: 0건 | 번들: 없음
[2026-07-14 09:32:21] INFO: [POLLING] 종료 | 큐: 0건 | 번들맵: 0개
[2026-07-14 09:32:31] INFO: [POLLING] 시작 | 큐: 0건 | 처리중: 0건 | 번들: 없음
[2026-07-14 09:32:31] INFO: [POLLING] 종료 | 큐: 0건 | 번들맵: 0개
[2026-07-14 09:32:41] INFO: [POLLING] 시작 | 큐: 0건 | 처리중: 0건 | 번들: 없음
[2026-07-14 09:32:41] INFO: [POLLING] 종료 | 큐: 0건 | 번들맵: 0개
[2026-07-14 09:32:51] INFO: [POLLING] 시작 | 큐: 0건 | 처리중: 0건 | 번들: 없음
[2026-07-14 09:32:51] INFO: [POLLING] 종료 | 큐: 0건 | 번들맵: 0개
[2026-07-14 09:33:01] INFO: [POLLING] 시작 | 큐: 0건 | 처리중: 0건 | 번들: 없음
[2026-07-14 09:33:01] INFO: [POLLING] 종료 | 큐: 0건 | 번들맵: 0개
[2026-07-14 09:33:11] INFO: [POLLING] 시작 | 큐: 0건 | 처리중: 0건 | 번들: 없음
[2026-07-14 09:33:11] INFO: [POLLING] 종료 | 큐: 0건 | 번들맵: 0개
[2026-07-14 09:33:21] INFO: [POLLING] 시작 | 큐: 0건 | 처리중: 0건 | 번들: 없음
[2026-07-14 09:33:21] INFO: [POLLING] 종료 | 큐: 0건 | 번들맵: 0개
[2026-07-14 09:33:31] INFO: [POLLING] 시작 | 큐: 0건 | 처리중: 0건 | 번들: 없음
[2026-07-14 09:33:31] INFO: [POLLING] 종료 | 큐: 0건 | 번들맵: 0개
[2026-07-14 09:33:41] INFO: [POLLING] 시작 | 큐: 0건 | 처리중: 0건 | 번들: 없음
[2026-07-14 09:33:41] INFO: [POLLING] 종료 | 큐: 0건 | 번들맵: 0개
[2026-07-14 09:33:51] INFO: [POLLING] 시작 | 큐: 0건 | 처리중: 0건 | 번들: 없음
[2026-07-14 09:33:51] INFO: [POLLING] 종료 | 큐: 0건 | 번들맵: 0개
[2026-07-14 09:34:01] INFO: [POLLING] 시작 | 큐: 0건 | 처리중: 0건 | 번들: 없음
[2026-07-14 09:34:01] INFO: [POLLING] 종료 | 큐: 0건 | 번들맵: 0개
[2026-07-14 09:34:11] INFO: [POLLING] 시작 | 큐: 0건 | 처리중: 0건 | 번들: 없음
[2026-07-14 09:34:11] INFO: [POLLING] 종료 | 큐: 0건 | 번들맵: 0개
[2026-07-14 09:34:21] INFO: [POLLING] 시작 | 큐: 0건 | 처리중: 0건 | 번들: 없음
[2026-07-14 09:34:21] INFO: [POLLING] 종료 | 큐: 0건 | 번들맵: 0개
[2026-07-14 09:34:31] INFO: [POLLING] 시작 | 큐: 0건 | 처리중: 0건 | 번들: 없음
[2026-07-14 09:34:31] INFO: [POLLING] 종료 | 큐: 0건 | 번들맵: 0개
[2026-07-14 09:34:41] INFO: [POLLING] 시작 | 큐: 0건 | 처리중: 0건 | 번들: 없음
[2026-07-14 09:34:41] INFO: [POLLING] 종료 | 큐: 0건 | 번들맵: 0개
[2026-07-14 09:34:51] INFO: [POLLING] 시작 | 큐: 0건 | 처리중: 0건 | 번들: 없음
[2026-07-14 09:34:51] INFO: [POLLING] 종료 | 큐: 0건 | 번들맵: 0개
[2026-07-14 09:34:57] INFO: [REQ] contents=check-event | id=undefined
[2026-07-14 09:35:01] INFO: [POLLING] 시작 | 큐: 0건 | 처리중: 0건 | 번들: 없음
[2026-07-14 09:35:01] INFO: [POLLING] 종료 | 큐: 0건 | 번들맵: 0개
[2026-07-14 09:35:07] INFO: [REQ] contents=check-event | id=undefined
[2026-07-14 09:35:11] INFO: [POLLING] 시작 | 큐: 0건 | 처리중: 0건 | 번들: 없음
[2026-07-14 09:35:11] INFO: [POLLING] 종료 | 큐: 0건 | 번들맵: 0개
[2026-07-14 09:35:21] INFO: [POLLING] 시작 | 큐: 0건 | 처리중: 0건 | 번들: 없음
[2026-07-14 09:35:21] INFO: [POLLING] 종료 | 큐: 0건 | 번들맵: 0개
[2026-07-14 09:35:31] INFO: [POLLING] 시작 | 큐: 0건 | 처리중: 0건 | 번들: 없음
[2026-07-14 09:35:31] INFO: [POLLING] 종료 | 큐: 0건 | 번들맵: 0개
[2026-07-14 09:35:41] INFO: [POLLING] 시작 | 큐: 0건 | 처리중: 0건 | 번들: 없음
[2026-07-14 09:35:41] INFO: [POLLING] 종료 | 큐: 0건 | 번들맵: 0개
[2026-07-14 09:35:51] INFO: [POLLING] 시작 | 큐: 0건 | 처리중: 0건 | 번들: 없음
[2026-07-14 09:35:51] INFO: [POLLING] 종료 | 큐: 0건 | 번들맵: 0개
[2026-07-14 09:36:01] INFO: [POLLING] 시작 | 큐: 0건 | 처리중: 0건 | 번들: 없음
[2026-07-14 09:36:01] INFO: [POLLING] 종료 | 큐: 0건 | 번들맵: 0개
[2026-07-14 09:36:11] INFO: [POLLING] 시작 | 큐: 0건 | 처리중: 0건 | 번들: 없음
[2026-07-14 09:36:11] INFO: [POLLING] 종료 | 큐: 0건 | 번들맵: 0개
[2026-07-14 09:36:21] INFO: [POLLING] 시작 | 큐: 0건 | 처리중: 0건 | 번들: 없음
[2026-07-14 09:36:21] INFO: [POLLING] 종료 | 큐: 0건 | 번들맵: 0개
[2026-07-14 09:36:27] INFO: [REQ] contents=check-event | id=undefined
[2026-07-14 09:36:31] INFO: [POLLING] 시작 | 큐: 0건 | 처리중: 0건 | 번들: 없음
[2026-07-14 09:36:31] INFO: [POLLING] 종료 | 큐: 0건 | 번들맵: 0개
[2026-07-14 09:36:41] INFO: [POLLING] 시작 | 큐: 0건 | 처리중: 0건 | 번들: 없음
[2026-07-14 09:36:41] INFO: [POLLING] 종료 | 큐: 0건 | 번들맵: 0개
[2026-07-14 09:36:47] INFO: [REQ] contents=check-event | id=undefined
[2026-07-14 09:37:01] INFO: [POLLING] 시작 | 큐: 0건 | 처리중: 0건 | 번들: 없음
[2026-07-14 09:37:01] INFO: [POLLING] 종료 | 큐: 0건 | 번들맵: 0개
[2026-07-14 09:37:11] INFO: [POLLING] 시작 | 큐: 0건 | 처리중: 0건 | 번들: 없음
[2026-07-14 09:37:11] INFO: [POLLING] 종료 | 큐: 0건 | 번들맵: 0개
[2026-07-14 09:37:21] INFO: [POLLING] 시작 | 큐: 0건 | 처리중: 0건 | 번들: 없음
[2026-07-14 09:37:21] INFO: [POLLING] 종료 | 큐: 0건 | 번들맵: 0개
[2026-07-14 09:37:31] INFO: [POLLING] 시작 | 큐: 0건 | 처리중: 0건 | 번들: 없음
[2026-07-14 09:37:31] INFO: [POLLING] 종료 | 큐: 0건 | 번들맵: 0개
[2026-07-14 09:37:41] INFO: [POLLING] 시작 | 큐: 0건 | 처리중: 0건 | 번들: 없음
[2026-07-14 09:37:41] INFO: [POLLING] 종료 | 큐: 0건 | 번들맵: 0개
[2026-07-14 09:37:51] INFO: [POLLING] 시작 | 큐: 0건 | 처리중: 0건 | 번들: 없음
[2026-07-14 09:37:51] INFO: [POLLING] 종료 | 큐: 0건 | 번들맵: 0개
[2026-07-14 09:38:01] INFO: [POLLING] 시작 | 큐: 0건 | 처리중: 0건 | 번들: 없음
[2026-07-14 09:38:01] INFO: [POLLING] 종료 | 큐: 0건 | 번들맵: 0개
[2026-07-14 09:38:11] INFO: [POLLING] 시작 | 큐: 0건 | 처리중: 0건 | 번들: 없음
[2026-07-14 09:38:11] INFO: [POLLING] 종료 | 큐: 0건 | 번들맵: 0개
[2026-07-14 09:38:17] INFO: [REQ] contents=check-event | id=undefined
[2026-07-14 09:38:21] INFO: [POLLING] 시작 | 큐: 0건 | 처리중: 0건 | 번들: 없음
[2026-07-14 09:38:21] INFO: [POLLING] 종료 | 큐: 0건 | 번들맵: 0개
[2026-07-14 09:38:27] INFO: [REQ] contents=check-event | id=undefined
[2026-07-14 09:38:31] INFO: [POLLING] 시작 | 큐: 0건 | 처리중: 0건 | 번들: 없음
[2026-07-14 09:38:31] INFO: [POLLING] 종료 | 큐: 0건 | 번들맵: 0개
[2026-07-14 09:38:41] INFO: [POLLING] 시작 | 큐: 0건 | 처리중: 0건 | 번들: 없음
[2026-07-14 09:38:41] INFO: [POLLING] 종료 | 큐: 0건 | 번들맵: 0개
[2026-07-14 09:38:51] INFO: [POLLING] 시작 | 큐: 0건 | 처리중: 0건 | 번들: 없음
[2026-07-14 09:38:51] INFO: [POLLING] 종료 | 큐: 0건 | 번들맵: 0개
[2026-07-14 09:39:01] INFO: [POLLING] 시작 | 큐: 0건 | 처리중: 0건 | 번들: 없음
[2026-07-14 09:39:01] INFO: [POLLING] 종료 | 큐: 0건 | 번들맵: 0개
[2026-07-14 09:39:11] INFO: [POLLING] 시작 | 큐: 0건 | 처리중: 0건 | 번들: 없음
[2026-07-14 09:39:11] INFO: [POLLING] 종료 | 큐: 0건 | 번들맵: 0개
[2026-07-14 09:39:21] INFO: [POLLING] 시작 | 큐: 0건 | 처리중: 0건 | 번들: 없음
[2026-07-14 09:39:21] INFO: [POLLING] 종료 | 큐: 0건 | 번들맵: 0개
[2026-07-14 09:39:32] INFO: [DB] MSSQL 연결 완료
[2026-07-14 09:39:32] INFO: [POLLING] 시작 | 큐: 0건 | 처리중: 0건 | 번들: 없음
[2026-07-14 09:39:32] INFO: [POLLING] 종료 | 큐: 0건 | 번들맵: 0개
[2026-07-14 09:39:32] INFO: [POLLING] 10초 주기 DB 감시 시작
[2026-07-14 09:39:32] INFO: [READY] 서버 기동 — http://127.0.0.1:8005
[2026-07-14 09:39:42] INFO: [POLLING] 시작 | 큐: 0건 | 처리중: 0건 | 번들: 없음
[2026-07-14 09:39:42] INFO: [POLLING] 종료 | 큐: 0건 | 번들맵: 0개
[2026-07-14 09:39:47] INFO: [REQ] contents=check-event | id=undefined
[2026-07-14 09:39:48] INFO: [REQ] contents=check-event | id=undefined
[2026-07-14 09:39:52] INFO: [POLLING] 시작 | 큐: 0건 | 처리중: 0건 | 번들: 없음
[2026-07-14 09:39:52] INFO: [POLLING] 종료 | 큐: 0건 | 번들맵: 0개
[2026-07-14 09:40:02] INFO: [POLLING] 시작 | 큐: 0건 | 처리중: 0건 | 번들: 없음
[2026-07-14 09:40:02] INFO: [POLLING] 종료 | 큐: 0건 | 번들맵: 0개
[2026-07-14 09:40:12] INFO: [POLLING] 시작 | 큐: 0건 | 처리중: 0건 | 번들: 없음
[2026-07-14 09:40:12] INFO: [POLLING] 종료 | 큐: 0건 | 번들맵: 0개
[2026-07-14 09:40:22] INFO: [POLLING] 시작 | 큐: 0건 | 처리중: 0건 | 번들: 없음
[2026-07-14 09:40:22] INFO: [POLLING] 종료 | 큐: 0건 | 번들맵: 0개
[2026-07-14 09:40:32] INFO: [POLLING] 시작 | 큐: 0건 | 처리중: 0건 | 번들: 없음
[2026-07-14 09:40:32] INFO: [POLLING] 종료 | 큐: 0건 | 번들맵: 0개
[2026-07-14 09:40:42] INFO: [POLLING] 시작 | 큐: 0건 | 처리중: 0건 | 번들: 없음
[2026-07-14 09:40:42] INFO: [POLLING] 종료 | 큐: 0건 | 번들맵: 0개
[2026-07-14 09:40:52] INFO: [POLLING] 시작 | 큐: 0건 | 처리중: 0건 | 번들: 없음
[2026-07-14 09:40:52] INFO: [POLLING] 종료 | 큐: 0건 | 번들맵: 0개
[2026-07-14 09:41:02] INFO: [POLLING] 시작 | 큐: 0건 | 처리중: 0건 | 번들: 없음
[2026-07-14 09:41:02] INFO: [POLLING] 종료 | 큐: 0건 | 번들맵: 0개
[2026-07-14 09:41:08] INFO: [REQ] contents=check-event | id=undefined
[2026-07-14 09:41:12] INFO: [POLLING] 시작 | 큐: 0건 | 처리중: 0건 | 번들: 없음
[2026-07-14 09:41:12] INFO: [POLLING] 종료 | 큐: 0건 | 번들맵: 0개
[2026-07-14 09:41:22] INFO: [POLLING] 시작 | 큐: 0건 | 처리중: 0건 | 번들: 없음
[2026-07-14 09:41:22] INFO: [POLLING] 종료 | 큐: 0건 | 번들맵: 0개
[2026-07-14 09:41:32] INFO: [POLLING] 시작 | 큐: 0건 | 처리중: 0건 | 번들: 없음
[2026-07-14 09:41:32] INFO: [POLLING] 종료 | 큐: 0건 | 번들맵: 0개
[2026-07-14 09:41:38] INFO: [REQ] contents=check-event | id=undefined
[2026-07-14 09:41:42] INFO: [POLLING] 시작 | 큐: 0건 | 처리중: 0건 | 번들: 없음
[2026-07-14 09:41:42] INFO: [POLLING] 종료 | 큐: 0건 | 번들맵: 0개
[2026-07-14 09:41:52] INFO: [POLLING] 시작 | 큐: 0건 | 처리중: 0건 | 번들: 없음
[2026-07-14 09:41:52] INFO: [POLLING] 종료 | 큐: 0건 | 번들맵: 0개
[2026-07-14 09:42:02] INFO: [POLLING] 시작 | 큐: 0건 | 처리중: 0건 | 번들: 없음
[2026-07-14 09:42:02] INFO: [POLLING] 종료 | 큐: 0건 | 번들맵: 0개
[2026-07-14 09:42:11] INFO: [DB] MSSQL 연결 완료
[2026-07-14 09:42:11] INFO: [POLLING] 시작 | 큐: 0건 | 처리중: 0건 | 번들: 없음
[2026-07-14 09:42:11] INFO: [POLLING] 종료 | 큐: 0건 | 번들맵: 0개
[2026-07-14 09:42:11] INFO: [POLLING] 10초 주기 DB 감시 시작
[2026-07-14 09:42:11] INFO: [READY] 서버 기동 — http://127.0.0.1:8005
[2026-07-14 09:42:21] INFO: [POLLING] 시작 | 큐: 0건 | 처리중: 0건 | 번들: 없음
[2026-07-14 09:42:21] INFO: [POLLING] 종료 | 큐: 0건 | 번들맵: 0개
[2026-07-14 09:42:31] INFO: [POLLING] 시작 | 큐: 0건 | 처리중: 0건 | 번들: 없음
[2026-07-14 09:42:31] INFO: [POLLING] 종료 | 큐: 0건 | 번들맵: 0개
[2026-07-14 09:42:41] INFO: [POLLING] 시작 | 큐: 0건 | 처리중: 0건 | 번들: 없음
[2026-07-14 09:42:41] INFO: [POLLING] 종료 | 큐: 0건 | 번들맵: 0개
[2026-07-14 09:42:52] INFO: [DB] MSSQL 연결 완료
[2026-07-14 09:42:52] INFO: [POLLING] 시작 | 큐: 0건 | 처리중: 0건 | 번들: 없음
[2026-07-14 09:42:52] INFO: [POLLING] 종료 | 큐: 0건 | 번들맵: 0개
[2026-07-14 09:42:52] INFO: [POLLING] 10초 주기 DB 감시 시작
[2026-07-14 09:42:52] INFO: [READY] 서버 기동 — http://127.0.0.1:8005
[2026-07-14 09:42:58] INFO: [REQ] contents=check-event | id=undefined
[2026-07-14 09:43:02] INFO: [POLLING] 시작 | 큐: 0건 | 처리중: 0건 | 번들: 없음
[2026-07-14 09:43:02] INFO: [POLLING] 종료 | 큐: 0건 | 번들맵: 0개
[2026-07-14 09:43:12] INFO: [POLLING] 시작 | 큐: 0건 | 처리중: 0건 | 번들: 없음
[2026-07-14 09:43:12] INFO: [POLLING] 종료 | 큐: 0건 | 번들맵: 0개
[2026-07-14 09:43:18] INFO: [REQ] contents=check-event | id=undefined
[2026-07-14 09:43:22] INFO: [DB] MSSQL 연결 완료
[2026-07-14 09:43:22] INFO: [POLLING] 시작 | 큐: 0건 | 처리중: 0건 | 번들: 없음
[2026-07-14 09:43:22] INFO: [POLLING] 종료 | 큐: 0건 | 번들맵: 0개
[2026-07-14 09:43:22] INFO: [POLLING] 10초 주기 DB 감시 시작
[2026-07-14 09:43:22] INFO: [READY] 서버 기동 — http://127.0.0.1:8005
[2026-07-14 09:43:32] INFO: [POLLING] 시작 | 큐: 0건 | 처리중: 0건 | 번들: 없음
[2026-07-14 09:43:32] INFO: [POLLING] 종료 | 큐: 0건 | 번들맵: 0개
[2026-07-14 09:43:42] INFO: [POLLING] 시작 | 큐: 0건 | 처리중: 0건 | 번들: 없음
[2026-07-14 09:43:42] INFO: [POLLING] 종료 | 큐: 0건 | 번들맵: 0개
[2026-07-14 09:43:52] INFO: [POLLING] 시작 | 큐: 0건 | 처리중: 0건 | 번들: 없음
[2026-07-14 09:43:52] INFO: [POLLING] 종료 | 큐: 0건 | 번들맵: 0개
[2026-07-14 09:43:58] INFO: [DB] MSSQL 연결 완료
[2026-07-14 09:43:58] INFO: [POLLING] 시작 | 큐: 0건 | 처리중: 0건 | 번들: 없음
[2026-07-14 09:43:58] INFO: [POLLING] 종료 | 큐: 0건 | 번들맵: 0개
[2026-07-14 09:43:58] INFO: [POLLING] 10초 주기 DB 감시 시작
[2026-07-14 09:43:58] INFO: [READY] 서버 기동 — http://127.0.0.1:8005
[2026-07-14 09:44:08] INFO: [POLLING] 시작 | 큐: 0건 | 처리중: 0건 | 번들: 없음
[2026-07-14 09:44:09] INFO: [POLLING] 종료 | 큐: 0건 | 번들맵: 0개
[2026-07-14 09:44:15] INFO: [DB] MSSQL 연결 완료
[2026-07-14 09:44:15] INFO: [POLLING] 시작 | 큐: 0건 | 처리중: 0건 | 번들: 없음
[2026-07-14 09:44:15] INFO: [POLLING] 종료 | 큐: 0건 | 번들맵: 0개
[2026-07-14 09:44:15] INFO: [POLLING] 10초 주기 DB 감시 시작
[2026-07-14 09:44:15] INFO: [READY] 서버 기동 — http://127.0.0.1:8005
[2026-07-14 09:44:25] INFO: [POLLING] 시작 | 큐: 0건 | 처리중: 0건 | 번들: 없음
[2026-07-14 09:44:25] INFO: [POLLING] 종료 | 큐: 0건 | 번들맵: 0개
[2026-07-14 09:44:30] INFO: [DB] MSSQL 연결 완료
[2026-07-14 09:44:30] INFO: [POLLING] 시작 | 큐: 0건 | 처리중: 0건 | 번들: 없음
[2026-07-14 09:44:30] INFO: [POLLING] 종료 | 큐: 0건 | 번들맵: 0개
[2026-07-14 09:44:30] INFO: [POLLING] 10초 주기 DB 감시 시작
[2026-07-14 09:44:30] INFO: [READY] 서버 기동 — http://127.0.0.1:8005
[2026-07-14 09:46:30] INFO: [DB] MSSQL 연결 완료
[2026-07-14 09:46:30] INFO: [POLLING] 시작 | 큐: 0건 | 처리중: 0건 | 번들: 없음
[2026-07-14 09:46:31] INFO: [POLLING] 종료 | 큐: 0건 | 번들맵: 0개
[2026-07-14 09:46:31] INFO: [POLLING] 10초 주기 DB 감시 시작
[2026-07-14 09:46:31] INFO: [READY] 서버 기동 — http://127.0.0.1:8005
[2026-07-14 09:47:02] INFO: [DB] MSSQL 연결 완료
[2026-07-14 09:47:02] INFO: [POLLING] 시작 | 큐: 0건 | 처리중: 0건 | 번들: 없음
[2026-07-14 09:47:02] INFO: [POLLING] 종료 | 큐: 0건 | 번들맵: 0개
[2026-07-14 09:47:02] INFO: [POLLING] 10초 주기 DB 감시 시작
[2026-07-14 09:47:02] INFO: [READY] 서버 기동 — http://127.0.0.1:8005
[2026-07-14 09:48:00] INFO: [DB] MSSQL 연결 완료
[2026-07-14 09:48:00] INFO: [POLLING] 시작 | 큐: 0건 | 처리중: 0건 | 번들: 없음
[2026-07-14 09:48:01] INFO: [그룹 바인딩] Key: hliqinmdb01에 서브ID: 55677가 묶임 (누적: 2건)
[2026-07-14 09:48:01] INFO: [그룹 바인딩] Key: hliqinmdb01에 서브ID: 55680가 묶임 (누적: 3건)
[2026-07-14 09:48:01] INFO: [그룹 바인딩] Key: hliqinmdb01에 서브ID: 55684가 묶임 (누적: 4건)
[2026-07-14 09:48:01] INFO: [그룹 바인딩] Key: hliqinmdb01에 서브ID: 55688가 묶임 (누적: 5건)
[2026-07-14 09:48:01] INFO: [그룹 바인딩] Key: hliqinmdb01에 서브ID: 55691가 묶임 (누적: 6건)
[2026-07-14 09:48:01] INFO: [큐 최종 적재] Key: hliqinmdb01 | 묶인 갯수: 6건 | 대표ID: 55674
[2026-07-14 09:48:01] INFO: [그룹 바인딩] Key: irdevdb에 서브ID: 55687가 묶임 (누적: 2건)
[2026-07-14 09:48:01] INFO: [큐 최종 적재] Key: irdevdb | 묶인 갯수: 2건 | 대표ID: 55686
[2026-07-14 09:48:01] INFO: [POLLING] 종료 | 큐: 2건 | 번들맵: 2개
[2026-07-14 09:48:01] INFO: [POLLING] 10초 주기 DB 감시 시작
[2026-07-14 09:48:01] INFO: [READY] 서버 기동 — http://127.0.0.1:8005
[2026-07-14 09:48:48] INFO: [DB] MSSQL 연결 완료
[2026-07-14 09:48:48] INFO: [POLLING] 시작 | 큐: 0건 | 처리중: 0건 | 번들: 없음
[2026-07-14 09:48:48] INFO: [POLLING] 종료 | 큐: 0건 | 번들맵: 0개
[2026-07-14 09:48:48] INFO: [POLLING] 10초 주기 DB 감시 시작
[2026-07-14 09:48:48] INFO: [READY] 서버 기동 — http://127.0.0.1:8005
[2026-07-14 09:48:48] INFO: [REQ] contents=call-failed | id=
[2026-07-14 09:48:48] WARN: [발신 완료:실패] 번호: - | 호스트: - | 유형: - | 시스템: - | ID: 0 | 재시도: undefined회차
[2026-07-14 09:49:33] INFO: [DB] MSSQL 연결 완료
[2026-07-14 09:49:33] INFO: [POLLING] 시작 | 큐: 0건 | 처리중: 0건 | 번들: 없음
[2026-07-14 09:49:34] INFO: [큐 최종 적재] Key: hliqinmdb01 | 묶인 갯수: 1건 | 대표ID: 55692
[2026-07-14 09:49:34] INFO: [POLLING] 종료 | 큐: 1건 | 번들맵: 1개
[2026-07-14 09:49:34] INFO: [POLLING] 10초 주기 DB 감시 시작
[2026-07-14 09:49:34] INFO: [READY] 서버 기동 — http://127.0.0.1:8005
[2026-07-14 09:52:31] INFO: [DB] MSSQL 연결 완료
[2026-07-14 09:52:31] INFO: [POLLING] 시작 | 큐: 0건 | 처리중: 0건 | 번들: 없음
[2026-07-14 09:52:31] INFO: [POLLING] 종료 | 큐: 0건 | 번들맵: 0개
[2026-07-14 09:52:31] INFO: [POLLING] 10초 주기 DB 감시 시작
[2026-07-14 09:52:31] INFO: [READY] 서버 기동 — http://127.0.0.1:8005
[2026-07-14 09:52:49] INFO: [DB] MSSQL 연결 완료
[2026-07-14 09:52:49] INFO: [POLLING] 시작 | 큐: 0건 | 처리중: 0건 | 번들: 없음
[2026-07-14 09:52:49] INFO: [큐 최종 적재] Key: hliqinmdb01 | 묶인 갯수: 1건 | 대표ID: 55698
[2026-07-14 09:52:49] INFO: [POLLING] 종료 | 큐: 1건 | 번들맵: 1개
[2026-07-14 09:52:49] INFO: [POLLING] 10초 주기 DB 감시 시작
[2026-07-14 09:52:49] INFO: [READY] 서버 기동 — http://127.0.0.1:8005
[2026-07-14 09:52:54] INFO: [REQ] contents=check-event | id=undefined
[2026-07-14 09:52:54] INFO: [발신 시작] 번호: 01041581689 | 호스트: hliqinmdb01 | 유형: hliqinmdb01 | 시스템: 보험운영 | 발생시각: Tue Jul 14 2026 18:52:48 GMT+0900 (한국 표준시) | ID: 55698
[2026-07-14 09:52:59] INFO: [POLLING] 시작 | 큐: 0건 | 처리중: 1건 | 번들: ID:55698(1건)
[2026-07-14 09:52:59] INFO: [POLLING] 종료 | 큐: 0건 | 번들맵: 1개
[2026-07-14 09:53:09] INFO: [POLLING] 시작 | 큐: 0건 | 처리중: 1건 | 번들: ID:55698(1건)
[2026-07-14 09:53:09] INFO: [POLLING] 종료 | 큐: 0건 | 번들맵: 1개
[2026-07-14 09:53:19] INFO: [POLLING] 시작 | 큐: 0건 | 처리중: 1건 | 번들: ID:55698(1건)
[2026-07-14 09:53:19] INFO: [POLLING] 종료 | 큐: 0건 | 번들맵: 1개
[2026-07-14 09:53:19] INFO: [REQ] contents=call-failed | id=193978
[2026-07-14 09:53:19] WARN: [발신 완료:실패] 번호: - | 호스트: - | 유형: - | 시스템: - | ID: 193978 | 재시도: 1회차
[2026-07-14 09:53:29] INFO: [POLLING] 시작 | 큐: 0건 | 처리중: 1건 | 번들: ID:55698(1건)
[2026-07-14 09:53:29] INFO: [POLLING] 종료 | 큐: 0건 | 번들맵: 1개
[2026-07-14 09:53:39] INFO: [POLLING] 시작 | 큐: 0건 | 처리중: 1건 | 번들: ID:55698(1건)
[2026-07-14 09:53:39] INFO: [POLLING] 종료 | 큐: 0건 | 번들맵: 1개
[2026-07-14 09:53:49] INFO: [POLLING] 시작 | 큐: 0건 | 처리중: 1건 | 번들: ID:55698(1건)
[2026-07-14 09:53:49] INFO: [POLLING] 종료 | 큐: 0건 | 번들맵: 1개
[2026-07-14 09:53:57] INFO: [REQ] contents=check-event | id=undefined
[2026-07-14 09:53:59] INFO: [POLLING] 시작 | 큐: 0건 | 처리중: 1건 | 번들: ID:55698(1건)
[2026-07-14 09:53:59] INFO: [POLLING] 종료 | 큐: 0건 | 번들맵: 1개
[2026-07-14 09:54:09] INFO: [POLLING] 시작 | 큐: 0건 | 처리중: 1건 | 번들: ID:55698(1건)
[2026-07-14 09:54:09] INFO: [POLLING] 종료 | 큐: 0건 | 번들맵: 1개
[2026-07-14 09:54:19] INFO: [POLLING] 시작 | 큐: 0건 | 처리중: 1건 | 번들: ID:55698(1건)
[2026-07-14 09:54:19] INFO: [POLLING] 종료 | 큐: 0건 | 번들맵: 1개
[2026-07-14 09:54:29] INFO: [POLLING] 시작 | 큐: 0건 | 처리중: 1건 | 번들: ID:55698(1건)
[2026-07-14 09:54:29] INFO: [POLLING] 종료 | 큐: 0건 | 번들맵: 1개
[2026-07-14 09:54:30] INFO: [REQ] contents=check-event | id=undefined
[2026-07-14 09:54:39] INFO: [POLLING] 시작 | 큐: 0건 | 처리중: 1건 | 번들: ID:55698(1건)
[2026-07-14 09:54:39] INFO: [POLLING] 종료 | 큐: 0건 | 번들맵: 1개
[2026-07-14 09:54:49] INFO: [POLLING] 시작 | 큐: 0건 | 처리중: 1건 | 번들: ID:55698(1건)
[2026-07-14 09:54:49] INFO: [큐 최종 적재] Key: hliqinmdb01 | 묶인 갯수: 1건 | 대표ID: 55700
[2026-07-14 09:54:49] INFO: [POLLING] 종료 | 큐: 1건 | 번들맵: 2개
[2026-07-14 09:54:59] INFO: [POLLING] 시작 | 큐: 1건 | 처리중: 2건 | 번들: ID:55698(1건), ID:55700(1건)
[2026-07-14 09:54:59] INFO: [POLLING] 종료 | 큐: 1건 | 번들맵: 2개
[2026-07-14 09:55:09] INFO: [POLLING] 시작 | 큐: 1건 | 처리중: 2건 | 번들: ID:55698(1건), ID:55700(1건)
[2026-07-14 09:55:09] INFO: [POLLING] 종료 | 큐: 1건 | 번들맵: 2개
[2026-07-14 09:55:19] INFO: [POLLING] 시작 | 큐: 1건 | 처리중: 2건 | 번들: ID:55698(1건), ID:55700(1건)
[2026-07-14 09:55:19] INFO: [POLLING] 종료 | 큐: 1건 | 번들맵: 2개
[2026-07-14 09:55:27] INFO: [REQ] contents=check-event | id=undefined
[2026-07-14 09:55:27] INFO: [발신 시작] 번호: 01041581689 | 호스트: hliqinmdb01 | 유형: hliqinmdb01 | 시스템: 보험운영 | 발생시각: Tue Jul 14 2026 18:54:48 GMT+0900 (한국 표준시) | ID: 55700
[2026-07-14 09:55:29] INFO: [POLLING] 시작 | 큐: 0건 | 처리중: 2건 | 번들: ID:55698(1건), ID:55700(1건)
[2026-07-14 09:55:29] INFO: [POLLING] 종료 | 큐: 0건 | 번들맵: 2개
[2026-07-14 09:55:39] INFO: [POLLING] 시작 | 큐: 0건 | 처리중: 2건 | 번들: ID:55698(1건), ID:55700(1건)
[2026-07-14 09:55:39] INFO: [POLLING] 종료 | 큐: 0건 | 번들맵: 2개
[2026-07-14 09:55:49] INFO: [REQ] contents=call-failed | id=193986
[2026-07-14 09:55:49] WARN: [발신 완료:실패] 번호: - | 호스트: - | 유형: - | 시스템: - | ID: 193986 | 재시도: 1회차
[2026-07-14 09:55:49] INFO: [POLLING] 시작 | 큐: 0건 | 처리중: 2건 | 번들: ID:55698(1건), ID:55700(1건)
[2026-07-14 09:55:49] INFO: [POLLING] 종료 | 큐: 0건 | 번들맵: 2개
[2026-07-14 09:55:59] INFO: [POLLING] 시작 | 큐: 0건 | 처리중: 2건 | 번들: ID:55698(1건), ID:55700(1건)
[2026-07-14 09:55:59] INFO: [POLLING] 종료 | 큐: 0건 | 번들맵: 2개
[2026-07-14 09:56:09] INFO: [POLLING] 시작 | 큐: 0건 | 처리중: 2건 | 번들: ID:55698(1건), ID:55700(1건)
[2026-07-14 09:56:09] INFO: [POLLING] 종료 | 큐: 0건 | 번들맵: 2개
[2026-07-14 09:56:19] INFO: [POLLING] 시작 | 큐: 0건 | 처리중: 2건 | 번들: ID:55698(1건), ID:55700(1건)
[2026-07-14 09:56:19] INFO: [POLLING] 종료 | 큐: 0건 | 번들맵: 2개
[2026-07-14 09:56:20] INFO: [REQ] contents=check-event | id=undefined
[2026-07-14 09:56:29] INFO: [POLLING] 시작 | 큐: 0건 | 처리중: 2건 | 번들: ID:55698(1건), ID:55700(1건)
[2026-07-14 09:56:29] INFO: [POLLING] 종료 | 큐: 0건 | 번들맵: 2개
[2026-07-14 09:56:39] INFO: [POLLING] 시작 | 큐: 0건 | 처리중: 2건 | 번들: ID:55698(1건), ID:55700(1건)
[2026-07-14 09:56:39] INFO: [POLLING] 종료 | 큐: 0건 | 번들맵: 2개
[2026-07-14 09:56:49] INFO: [POLLING] 시작 | 큐: 0건 | 처리중: 2건 | 번들: ID:55698(1건), ID:55700(1건)
[2026-07-14 09:56:49] INFO: [POLLING] 종료 | 큐: 0건 | 번들맵: 2개
[2026-07-14 09:56:59] INFO: [POLLING] 시작 | 큐: 0건 | 처리중: 2건 | 번들: ID:55698(1건), ID:55700(1건)
[2026-07-14 09:56:59] INFO: [POLLING] 종료 | 큐: 0건 | 번들맵: 2개
[2026-07-14 09:57:09] INFO: [POLLING] 시작 | 큐: 0건 | 처리중: 2건 | 번들: ID:55698(1건), ID:55700(1건)
[2026-07-14 09:57:09] INFO: [POLLING] 종료 | 큐: 0건 | 번들맵: 2개
[2026-07-14 09:57:19] INFO: [REQ] contents=check-event | id=undefined
[2026-07-14 09:57:19] INFO: [POLLING] 시작 | 큐: 0건 | 처리중: 2건 | 번들: ID:55698(1건), ID:55700(1건)
[2026-07-14 09:57:19] INFO: [POLLING] 종료 | 큐: 0건 | 번들맵: 2개
[2026-07-14 09:57:29] INFO: [POLLING] 시작 | 큐: 0건 | 처리중: 2건 | 번들: ID:55698(1건), ID:55700(1건)
[2026-07-14 09:57:29] INFO: [POLLING] 종료 | 큐: 0건 | 번들맵: 2개
[2026-07-14 09:57:39] INFO: [POLLING] 시작 | 큐: 0건 | 처리중: 2건 | 번들: ID:55698(1건), ID:55700(1건)
[2026-07-14 09:57:39] INFO: [POLLING] 종료 | 큐: 0건 | 번들맵: 2개
[2026-07-14 09:57:49] INFO: [POLLING] 시작 | 큐: 0건 | 처리중: 2건 | 번들: ID:55698(1건), ID:55700(1건)
[2026-07-14 09:57:49] INFO: [POLLING] 종료 | 큐: 0건 | 번들맵: 2개
[2026-07-14 09:57:59] INFO: [POLLING] 시작 | 큐: 0건 | 처리중: 2건 | 번들: ID:55698(1건), ID:55700(1건)
[2026-07-14 09:57:59] INFO: [POLLING] 종료 | 큐: 0건 | 번들맵: 2개
[2026-07-14 09:58:00] INFO: [REQ] contents=check-event | id=undefined
[2026-07-14 09:58:09] INFO: [POLLING] 시작 | 큐: 0건 | 처리중: 2건 | 번들: ID:55698(1건), ID:55700(1건)
[2026-07-14 09:58:09] INFO: [POLLING] 종료 | 큐: 0건 | 번들맵: 2개
[2026-07-14 09:58:19] INFO: [POLLING] 시작 | 큐: 0건 | 처리중: 2건 | 번들: ID:55698(1건), ID:55700(1건)
[2026-07-14 09:58:19] INFO: [POLLING] 종료 | 큐: 0건 | 번들맵: 2개
[2026-07-14 09:58:29] INFO: [POLLING] 시작 | 큐: 0건 | 처리중: 2건 | 번들: ID:55698(1건), ID:55700(1건)
[2026-07-14 09:58:29] INFO: [POLLING] 종료 | 큐: 0건 | 번들맵: 2개
[2026-07-14 09:58:39] INFO: [POLLING] 시작 | 큐: 0건 | 처리중: 2건 | 번들: ID:55698(1건), ID:55700(1건)
[2026-07-14 09:58:39] INFO: [POLLING] 종료 | 큐: 0건 | 번들맵: 2개
[2026-07-14 09:58:49] INFO: [POLLING] 시작 | 큐: 0건 | 처리중: 2건 | 번들: ID:55698(1건), ID:55700(1건)
[2026-07-14 09:58:49] INFO: [POLLING] 종료 | 큐: 0건 | 번들맵: 2개
[2026-07-14 09:58:59] INFO: [REQ] contents=check-event | id=undefined
[2026-07-14 09:58:59] INFO: [POLLING] 시작 | 큐: 0건 | 처리중: 2건 | 번들: ID:55698(1건), ID:55700(1건)
[2026-07-14 09:58:59] INFO: [POLLING] 종료 | 큐: 0건 | 번들맵: 2개
[2026-07-14 09:59:09] INFO: [POLLING] 시작 | 큐: 0건 | 처리중: 2건 | 번들: ID:55698(1건), ID:55700(1건)
[2026-07-14 09:59:09] INFO: [POLLING] 종료 | 큐: 0건 | 번들맵: 2개
[2026-07-14 09:59:19] INFO: [POLLING] 시작 | 큐: 0건 | 처리중: 2건 | 번들: ID:55698(1건), ID:55700(1건)
[2026-07-14 09:59:19] INFO: [POLLING] 종료 | 큐: 0건 | 번들맵: 2개
[2026-07-14 09:59:29] INFO: [POLLING] 시작 | 큐: 0건 | 처리중: 2건 | 번들: ID:55698(1건), ID:55700(1건)
[2026-07-14 09:59:29] INFO: [POLLING] 종료 | 큐: 0건 | 번들맵: 2개
[2026-07-14 09:59:30] INFO: [REQ] contents=check-event | id=undefined
[2026-07-14 09:59:39] INFO: [POLLING] 시작 | 큐: 0건 | 처리중: 2건 | 번들: ID:55698(1건), ID:55700(1건)
[2026-07-14 09:59:39] INFO: [POLLING] 종료 | 큐: 0건 | 번들맵: 2개
[2026-07-14 09:59:49] INFO: [POLLING] 시작 | 큐: 0건 | 처리중: 2건 | 번들: ID:55698(1건), ID:55700(1건)
[2026-07-14 09:59:49] INFO: [POLLING] 종료 | 큐: 0건 | 번들맵: 2개
[2026-07-14 09:59:59] INFO: [POLLING] 시작 | 큐: 0건 | 처리중: 2건 | 번들: ID:55698(1건), ID:55700(1건)
[2026-07-14 09:59:59] INFO: [POLLING] 종료 | 큐: 0건 | 번들맵: 2개
[2026-07-14 10:00:09] INFO: [POLLING] 시작 | 큐: 0건 | 처리중: 2건 | 번들: ID:55698(1건), ID:55700(1건)
[2026-07-14 10:00:09] INFO: [POLLING] 종료 | 큐: 0건 | 번들맵: 2개
[2026-07-14 10:00:19] INFO: [POLLING] 시작 | 큐: 0건 | 처리중: 2건 | 번들: ID:55698(1건), ID:55700(1건)
[2026-07-14 10:00:19] INFO: [POLLING] 종료 | 큐: 0건 | 번들맵: 2개
[2026-07-14 10:00:29] INFO: [POLLING] 시작 | 큐: 0건 | 처리중: 2건 | 번들: ID:55698(1건), ID:55700(1건)
[2026-07-14 10:00:29] INFO: [REQ] contents=check-event | id=undefined
[2026-07-14 10:00:29] INFO: [POLLING] 종료 | 큐: 0건 | 번들맵: 2개
[2026-07-14 10:00:39] INFO: [POLLING] 시작 | 큐: 0건 | 처리중: 2건 | 번들: ID:55698(1건), ID:55700(1건)
[2026-07-14 10:00:39] INFO: [POLLING] 종료 | 큐: 0건 | 번들맵: 2개
[2026-07-14 10:00:49] INFO: [POLLING] 시작 | 큐: 0건 | 처리중: 2건 | 번들: ID:55698(1건), ID:55700(1건)
[2026-07-14 10:00:49] INFO: [POLLING] 종료 | 큐: 0건 | 번들맵: 2개
[2026-07-14 10:00:59] INFO: [POLLING] 시작 | 큐: 0건 | 처리중: 2건 | 번들: ID:55698(1건), ID:55700(1건)
[2026-07-14 10:00:59] INFO: [POLLING] 종료 | 큐: 0건 | 번들맵: 2개
[2026-07-14 10:01:09] INFO: [POLLING] 시작 | 큐: 0건 | 처리중: 2건 | 번들: ID:55698(1건), ID:55700(1건)
[2026-07-14 10:01:09] INFO: [POLLING] 종료 | 큐: 0건 | 번들맵: 2개
[2026-07-14 10:01:19] INFO: [POLLING] 시작 | 큐: 0건 | 처리중: 2건 | 번들: ID:55698(1건), ID:55700(1건)
[2026-07-14 10:01:19] INFO: [POLLING] 종료 | 큐: 0건 | 번들맵: 2개
[2026-07-14 10:01:20] INFO: [REQ] contents=check-event | id=undefined
[2026-07-14 10:01:29] INFO: [POLLING] 시작 | 큐: 0건 | 처리중: 2건 | 번들: ID:55698(1건), ID:55700(1건)
[2026-07-14 10:01:29] INFO: [POLLING] 종료 | 큐: 0건 | 번들맵: 2개
[2026-07-14 10:01:39] INFO: [POLLING] 시작 | 큐: 0건 | 처리중: 2건 | 번들: ID:55698(1건), ID:55700(1건)
[2026-07-14 10:01:40] INFO: [POLLING] 종료 | 큐: 0건 | 번들맵: 2개
[2026-07-14 10:01:49] INFO: [POLLING] 시작 | 큐: 0건 | 처리중: 2건 | 번들: ID:55698(1건), ID:55700(1건)
[2026-07-14 10:01:49] INFO: [POLLING] 종료 | 큐: 0건 | 번들맵: 2개
[2026-07-14 10:01:59] INFO: [POLLING] 시작 | 큐: 0건 | 처리중: 2건 | 번들: ID:55698(1건), ID:55700(1건)
[2026-07-14 10:01:59] INFO: [POLLING] 종료 | 큐: 0건 | 번들맵: 2개
[2026-07-14 10:02:09] INFO: [POLLING] 시작 | 큐: 0건 | 처리중: 2건 | 번들: ID:55698(1건), ID:55700(1건)
[2026-07-14 10:02:09] INFO: [POLLING] 종료 | 큐: 0건 | 번들맵: 2개
[2026-07-14 10:02:19] INFO: [POLLING] 시작 | 큐: 0건 | 처리중: 2건 | 번들: ID:55698(1건), ID:55700(1건)
[2026-07-14 10:02:19] INFO: [POLLING] 종료 | 큐: 0건 | 번들맵: 2개
[2026-07-14 10:02:19] INFO: [REQ] contents=check-event | id=undefined
[2026-07-14 10:02:29] INFO: [POLLING] 시작 | 큐: 0건 | 처리중: 2건 | 번들: ID:55698(1건), ID:55700(1건)
[2026-07-14 10:02:29] INFO: [POLLING] 종료 | 큐: 0건 | 번들맵: 2개
[2026-07-14 10:02:39] INFO: [POLLING] 시작 | 큐: 0건 | 처리중: 2건 | 번들: ID:55698(1건), ID:55700(1건)
[2026-07-14 10:02:39] INFO: [POLLING] 종료 | 큐: 0건 | 번들맵: 2개
[2026-07-14 10:02:49] INFO: [POLLING] 시작 | 큐: 0건 | 처리중: 2건 | 번들: ID:55698(1건), ID:55700(1건)
[2026-07-14 10:02:49] INFO: [POLLING] 종료 | 큐: 0건 | 번들맵: 2개
[2026-07-14 10:02:59] INFO: [POLLING] 시작 | 큐: 0건 | 처리중: 2건 | 번들: ID:55698(1건), ID:55700(1건)
[2026-07-14 10:02:59] INFO: [POLLING] 종료 | 큐: 0건 | 번들맵: 2개
[2026-07-14 10:03:00] INFO: [REQ] contents=check-event | id=undefined
[2026-07-14 10:03:09] INFO: [POLLING] 시작 | 큐: 0건 | 처리중: 2건 | 번들: ID:55698(1건), ID:55700(1건)
[2026-07-14 10:03:09] INFO: [POLLING] 종료 | 큐: 0건 | 번들맵: 2개
[2026-07-14 10:03:19] INFO: [POLLING] 시작 | 큐: 0건 | 처리중: 2건 | 번들: ID:55698(1건), ID:55700(1건)
[2026-07-14 10:03:19] INFO: [POLLING] 종료 | 큐: 0건 | 번들맵: 2개
[2026-07-14 10:03:29] INFO: [POLLING] 시작 | 큐: 0건 | 처리중: 2건 | 번들: ID:55698(1건), ID:55700(1건)
[2026-07-14 10:03:29] INFO: [POLLING] 종료 | 큐: 0건 | 번들맵: 2개
[2026-07-14 10:03:39] INFO: [POLLING] 시작 | 큐: 0건 | 처리중: 2건 | 번들: ID:55698(1건), ID:55700(1건)
[2026-07-14 10:03:39] INFO: [POLLING] 종료 | 큐: 0건 | 번들맵: 2개
[2026-07-14 10:03:49] INFO: [POLLING] 시작 | 큐: 0건 | 처리중: 2건 | 번들: ID:55698(1건), ID:55700(1건)
[2026-07-14 10:03:49] INFO: [큐 최종 적재] Key: hliqinmdb01 | 묶인 갯수: 1건 | 대표ID: 55701
[2026-07-14 10:03:49] INFO: [POLLING] 종료 | 큐: 1건 | 번들맵: 3개
[2026-07-14 10:03:59] INFO: [POLLING] 시작 | 큐: 1건 | 처리중: 3건 | 번들: ID:55698(1건), ID:55700(1건), ID:55701(1건)
[2026-07-14 10:03:59] INFO: [POLLING] 종료 | 큐: 1건 | 번들맵: 3개
[2026-07-14 10:04:00] INFO: [REQ] contents=check-event | id=undefined
[2026-07-14 10:04:00] INFO: [발신 시작] 번호: 01041581689 | 호스트: hliqinmdb01 | 유형: hliqinmdb01 | 시스템: 보험운영 | 발생시각: Tue Jul 14 2026 19:03:48 GMT+0900 (한국 표준시) | ID: 55701
[2026-07-14 10:04:09] INFO: [POLLING] 시작 | 큐: 0건 | 처리중: 3건 | 번들: ID:55698(1건), ID:55700(1건), ID:55701(1건)
[2026-07-14 10:04:09] INFO: [POLLING] 종료 | 큐: 0건 | 번들맵: 3개
[2026-07-14 10:04:19] INFO: [POLLING] 시작 | 큐: 0건 | 처리중: 3건 | 번들: ID:55698(1건), ID:55700(1건), ID:55701(1건)
[2026-07-14 10:04:20] INFO: [POLLING] 종료 | 큐: 0건 | 번들맵: 3개
[2026-07-14 10:04:22] INFO: [REQ] contents=call-failed | id=194011
[2026-07-14 10:04:22] WARN: [발신 완료:실패] 번호: - | 호스트: - | 유형: - | 시스템: - | ID: 194011 | 재시도: 1회차
[2026-07-14 10:04:29] INFO: [POLLING] 시작 | 큐: 0건 | 처리중: 3건 | 번들: ID:55698(1건), ID:55700(1건), ID:55701(1건)
[2026-07-14 10:04:30] INFO: [POLLING] 종료 | 큐: 0건 | 번들맵: 3개
[2026-07-14 10:04:30] INFO: [REQ] contents=check-event | id=undefined
[2026-07-14 10:04:39] INFO: [POLLING] 시작 | 큐: 0건 | 처리중: 3건 | 번들: ID:55698(1건), ID:55700(1건), ID:55701(1건)
[2026-07-14 10:04:40] INFO: [POLLING] 종료 | 큐: 0건 | 번들맵: 3개
[2026-07-14 10:04:49] INFO: [POLLING] 시작 | 큐: 0건 | 처리중: 3건 | 번들: ID:55698(1건), ID:55700(1건), ID:55701(1건)
[2026-07-14 10:04:50] INFO: [POLLING] 종료 | 큐: 0건 | 번들맵: 3개
[2026-07-14 10:04:59] INFO: [POLLING] 시작 | 큐: 0건 | 처리중: 3건 | 번들: ID:55698(1건), ID:55700(1건), ID:55701(1건)
[2026-07-14 10:05:00] INFO: [POLLING] 종료 | 큐: 0건 | 번들맵: 3개
[2026-07-14 10:05:09] INFO: [POLLING] 시작 | 큐: 0건 | 처리중: 3건 | 번들: ID:55698(1건), ID:55700(1건), ID:55701(1건)
[2026-07-14 10:05:10] INFO: [POLLING] 종료 | 큐: 0건 | 번들맵: 3개
[2026-07-14 10:05:19] INFO: [POLLING] 시작 | 큐: 0건 | 처리중: 3건 | 번들: ID:55698(1건), ID:55700(1건), ID:55701(1건)
[2026-07-14 10:05:20] INFO: [POLLING] 종료 | 큐: 0건 | 번들맵: 3개
[2026-07-14 10:05:29] INFO: [POLLING] 시작 | 큐: 0건 | 처리중: 3건 | 번들: ID:55698(1건), ID:55700(1건), ID:55701(1건)
[2026-07-14 10:05:30] INFO: [POLLING] 종료 | 큐: 0건 | 번들맵: 3개
[2026-07-14 10:05:32] INFO: [REQ] contents=check-event | id=undefined
[2026-07-14 10:05:39] INFO: [POLLING] 시작 | 큐: 0건 | 처리중: 3건 | 번들: ID:55698(1건), ID:55700(1건), ID:55701(1건)
[2026-07-14 10:05:40] INFO: [POLLING] 종료 | 큐: 0건 | 번들맵: 3개
[2026-07-14 10:05:49] INFO: [POLLING] 시작 | 큐: 0건 | 처리중: 3건 | 번들: ID:55698(1건), ID:55700(1건), ID:55701(1건)
[2026-07-14 10:05:50] INFO: [POLLING] 종료 | 큐: 0건 | 번들맵: 3개
[2026-07-14 10:06:00] INFO: [POLLING] 시작 | 큐: 0건 | 처리중: 3건 | 번들: ID:55698(1건), ID:55700(1건), ID:55701(1건)
[2026-07-14 10:06:00] INFO: [POLLING] 종료 | 큐: 0건 | 번들맵: 3개
[2026-07-14 10:06:10] INFO: [POLLING] 시작 | 큐: 0건 | 처리중: 3건 | 번들: ID:55698(1건), ID:55700(1건), ID:55701(1건)
[2026-07-14 10:06:10] INFO: [POLLING] 종료 | 큐: 0건 | 번들맵: 3개
[2026-07-14 10:06:20] INFO: [POLLING] 시작 | 큐: 0건 | 처리중: 3건 | 번들: ID:55698(1건), ID:55700(1건), ID:55701(1건)
[2026-07-14 10:06:20] INFO: [POLLING] 종료 | 큐: 0건 | 번들맵: 3개
[2026-07-14 10:06:21] INFO: [REQ] contents=check-event | id=undefined
[2026-07-14 10:06:30] INFO: [POLLING] 시작 | 큐: 0건 | 처리중: 3건 | 번들: ID:55698(1건), ID:55700(1건), ID:55701(1건)
[2026-07-14 10:06:30] INFO: [POLLING] 종료 | 큐: 0건 | 번들맵: 3개
[2026-07-14 10:06:40] INFO: [POLLING] 시작 | 큐: 0건 | 처리중: 3건 | 번들: ID:55698(1건), ID:55700(1건), ID:55701(1건)
[2026-07-14 10:06:40] INFO: [POLLING] 종료 | 큐: 0건 | 번들맵: 3개
[2026-07-14 10:06:50] INFO: [POLLING] 시작 | 큐: 0건 | 처리중: 3건 | 번들: ID:55698(1건), ID:55700(1건), ID:55701(1건)
[2026-07-14 10:06:50] INFO: [POLLING] 종료 | 큐: 0건 | 번들맵: 3개
[2026-07-14 10:07:00] INFO: [POLLING] 시작 | 큐: 0건 | 처리중: 3건 | 번들: ID:55698(1건), ID:55700(1건), ID:55701(1건)
[2026-07-14 10:07:00] INFO: [POLLING] 종료 | 큐: 0건 | 번들맵: 3개
[2026-07-14 10:07:10] INFO: [POLLING] 시작 | 큐: 0건 | 처리중: 3건 | 번들: ID:55698(1건), ID:55700(1건), ID:55701(1건)
[2026-07-14 10:07:10] INFO: [POLLING] 종료 | 큐: 0건 | 번들맵: 3개
[2026-07-14 10:07:20] INFO: [POLLING] 시작 | 큐: 0건 | 처리중: 3건 | 번들: ID:55698(1건), ID:55700(1건), ID:55701(1건)
[2026-07-14 10:07:20] INFO: [POLLING] 종료 | 큐: 0건 | 번들맵: 3개
[2026-07-14 10:07:22] INFO: [REQ] contents=check-event | id=undefined
[2026-07-14 10:07:30] INFO: [POLLING] 시작 | 큐: 0건 | 처리중: 3건 | 번들: ID:55698(1건), ID:55700(1건), ID:55701(1건)
[2026-07-14 10:07:30] INFO: [POLLING] 종료 | 큐: 0건 | 번들맵: 3개
[2026-07-14 10:07:40] INFO: [POLLING] 시작 | 큐: 0건 | 처리중: 3건 | 번들: ID:55698(1건), ID:55700(1건), ID:55701(1건)
[2026-07-14 10:07:40] INFO: [POLLING] 종료 | 큐: 0건 | 번들맵: 3개
[2026-07-14 10:07:50] INFO: [POLLING] 시작 | 큐: 0건 | 처리중: 3건 | 번들: ID:55698(1건), ID:55700(1건), ID:55701(1건)
[2026-07-14 10:07:50] INFO: [POLLING] 종료 | 큐: 0건 | 번들맵: 3개
[2026-07-14 10:08:00] INFO: [POLLING] 시작 | 큐: 0건 | 처리중: 3건 | 번들: ID:55698(1건), ID:55700(1건), ID:55701(1건)
[2026-07-14 10:08:00] INFO: [POLLING] 종료 | 큐: 0건 | 번들맵: 3개
[2026-07-14 10:08:01] INFO: [REQ] contents=check-event | id=undefined
[2026-07-14 10:08:10] INFO: [POLLING] 시작 | 큐: 0건 | 처리중: 3건 | 번들: ID:55698(1건), ID:55700(1건), ID:55701(1건)
[2026-07-14 10:08:10] INFO: [POLLING] 종료 | 큐: 0건 | 번들맵: 3개
[2026-07-14 10:08:20] INFO: [POLLING] 시작 | 큐: 0건 | 처리중: 3건 | 번들: ID:55698(1건), ID:55700(1건), ID:55701(1건)
[2026-07-14 10:08:20] INFO: [POLLING] 종료 | 큐: 0건 | 번들맵: 3개
[2026-07-14 10:08:30] INFO: [POLLING] 시작 | 큐: 0건 | 처리중: 3건 | 번들: ID:55698(1건), ID:55700(1건), ID:55701(1건)
[2026-07-14 10:08:30] INFO: [POLLING] 종료 | 큐: 0건 | 번들맵: 3개
[2026-07-14 10:08:40] INFO: [POLLING] 시작 | 큐: 0건 | 처리중: 3건 | 번들: ID:55698(1건), ID:55700(1건), ID:55701(1건)
[2026-07-14 10:08:40] INFO: [POLLING] 종료 | 큐: 0건 | 번들맵: 3개
[2026-07-14 10:08:50] INFO: [POLLING] 시작 | 큐: 0건 | 처리중: 3건 | 번들: ID:55698(1건), ID:55700(1건), ID:55701(1건)
[2026-07-14 10:08:50] INFO: [POLLING] 종료 | 큐: 0건 | 번들맵: 3개
[2026-07-14 10:09:00] INFO: [POLLING] 시작 | 큐: 0건 | 처리중: 3건 | 번들: ID:55698(1건), ID:55700(1건), ID:55701(1건)
[2026-07-14 10:09:00] INFO: [POLLING] 종료 | 큐: 0건 | 번들맵: 3개
[2026-07-14 10:09:02] INFO: [REQ] contents=check-event | id=undefined
[2026-07-14 10:09:10] INFO: [POLLING] 시작 | 큐: 0건 | 처리중: 3건 | 번들: ID:55698(1건), ID:55700(1건), ID:55701(1건)
[2026-07-14 10:09:10] INFO: [POLLING] 종료 | 큐: 0건 | 번들맵: 3개
[2026-07-14 10:09:20] INFO: [POLLING] 시작 | 큐: 0건 | 처리중: 3건 | 번들: ID:55698(1건), ID:55700(1건), ID:55701(1건)
[2026-07-14 10:09:20] INFO: [POLLING] 종료 | 큐: 0건 | 번들맵: 3개
[2026-07-14 10:09:30] INFO: [POLLING] 시작 | 큐: 0건 | 처리중: 3건 | 번들: ID:55698(1건), ID:55700(1건), ID:55701(1건)
[2026-07-14 10:09:30] INFO: [POLLING] 종료 | 큐: 0건 | 번들맵: 3개
[2026-07-14 10:09:31] INFO: [REQ] contents=check-event | id=undefined
[2026-07-14 10:09:40] INFO: [POLLING] 시작 | 큐: 0건 | 처리중: 3건 | 번들: ID:55698(1건), ID:55700(1건), ID:55701(1건)
[2026-07-14 10:09:40] INFO: [POLLING] 종료 | 큐: 0건 | 번들맵: 3개
[2026-07-14 10:09:50] INFO: [POLLING] 시작 | 큐: 0건 | 처리중: 3건 | 번들: ID:55698(1건), ID:55700(1건), ID:55701(1건)
[2026-07-14 10:09:50] INFO: [POLLING] 종료 | 큐: 0건 | 번들맵: 3개
[2026-07-14 10:10:00] INFO: [POLLING] 시작 | 큐: 0건 | 처리중: 3건 | 번들: ID:55698(1건), ID:55700(1건), ID:55701(1건)
[2026-07-14 10:10:00] INFO: [POLLING] 종료 | 큐: 0건 | 번들맵: 3개
[2026-07-14 10:10:10] INFO: [POLLING] 시작 | 큐: 0건 | 처리중: 3건 | 번들: ID:55698(1건), ID:55700(1건), ID:55701(1건)
[2026-07-14 10:10:10] INFO: [POLLING] 종료 | 큐: 0건 | 번들맵: 3개
[2026-07-14 10:10:20] INFO: [POLLING] 시작 | 큐: 0건 | 처리중: 3건 | 번들: ID:55698(1건), ID:55700(1건), ID:55701(1건)
[2026-07-14 10:10:20] INFO: [POLLING] 종료 | 큐: 0건 | 번들맵: 3개
[2026-07-14 10:10:30] INFO: [POLLING] 시작 | 큐: 0건 | 처리중: 3건 | 번들: ID:55698(1건), ID:55700(1건), ID:55701(1건)
[2026-07-14 10:10:30] INFO: [POLLING] 종료 | 큐: 0건 | 번들맵: 3개
[2026-07-14 10:10:32] INFO: [REQ] contents=check-event | id=undefined
[2026-07-14 10:10:40] INFO: [POLLING] 시작 | 큐: 0건 | 처리중: 3건 | 번들: ID:55698(1건), ID:55700(1건), ID:55701(1건)
[2026-07-14 10:10:40] INFO: [POLLING] 종료 | 큐: 0건 | 번들맵: 3개
[2026-07-14 10:10:50] INFO: [POLLING] 시작 | 큐: 0건 | 처리중: 3건 | 번들: ID:55698(1건), ID:55700(1건), ID:55701(1건)
[2026-07-14 10:10:50] INFO: [POLLING] 종료 | 큐: 0건 | 번들맵: 3개
[2026-07-14 10:11:00] INFO: [POLLING] 시작 | 큐: 0건 | 처리중: 3건 | 번들: ID:55698(1건), ID:55700(1건), ID:55701(1건)
[2026-07-14 10:11:00] INFO: [POLLING] 종료 | 큐: 0건 | 번들맵: 3개
[2026-07-14 10:11:10] INFO: [POLLING] 시작 | 큐: 0건 | 처리중: 3건 | 번들: ID:55698(1건), ID:55700(1건), ID:55701(1건)
[2026-07-14 10:11:10] INFO: [POLLING] 종료 | 큐: 0건 | 번들맵: 3개
[2026-07-14 10:11:20] INFO: [POLLING] 시작 | 큐: 0건 | 처리중: 3건 | 번들: ID:55698(1건), ID:55700(1건), ID:55701(1건)
[2026-07-14 10:11:20] INFO: [POLLING] 종료 | 큐: 0건 | 번들맵: 3개
[2026-07-14 10:11:21] INFO: [REQ] contents=check-event | id=undefined
[2026-07-14 10:11:30] INFO: [POLLING] 시작 | 큐: 0건 | 처리중: 3건 | 번들: ID:55698(1건), ID:55700(1건), ID:55701(1건)
[2026-07-14 10:11:30] INFO: [POLLING] 종료 | 큐: 0건 | 번들맵: 3개
[2026-07-14 10:11:40] INFO: [POLLING] 시작 | 큐: 0건 | 처리중: 3건 | 번들: ID:55698(1건), ID:55700(1건), ID:55701(1건)
[2026-07-14 10:11:40] INFO: [POLLING] 종료 | 큐: 0건 | 번들맵: 3개
[2026-07-14 10:11:50] INFO: [POLLING] 시작 | 큐: 0건 | 처리중: 3건 | 번들: ID:55698(1건), ID:55700(1건), ID:55701(1건)
[2026-07-14 10:11:50] INFO: [POLLING] 종료 | 큐: 0건 | 번들맵: 3개
[2026-07-14 10:12:00] INFO: [POLLING] 시작 | 큐: 0건 | 처리중: 3건 | 번들: ID:55698(1건), ID:55700(1건), ID:55701(1건)
[2026-07-14 10:12:00] INFO: [POLLING] 종료 | 큐: 0건 | 번들맵: 3개
[2026-07-14 10:12:10] INFO: [POLLING] 시작 | 큐: 0건 | 처리중: 3건 | 번들: ID:55698(1건), ID:55700(1건), ID:55701(1건)
[2026-07-14 10:12:10] INFO: [POLLING] 종료 | 큐: 0건 | 번들맵: 3개
[2026-07-14 10:12:20] INFO: [POLLING] 시작 | 큐: 0건 | 처리중: 3건 | 번들: ID:55698(1건), ID:55700(1건), ID:55701(1건)
[2026-07-14 10:12:20] INFO: [POLLING] 종료 | 큐: 0건 | 번들맵: 3개
[2026-07-14 10:12:22] INFO: [REQ] contents=check-event | id=undefined
[2026-07-14 10:12:30] INFO: [POLLING] 시작 | 큐: 0건 | 처리중: 3건 | 번들: ID:55698(1건), ID:55700(1건), ID:55701(1건)
[2026-07-14 10:12:30] INFO: [POLLING] 종료 | 큐: 0건 | 번들맵: 3개
[2026-07-14 10:12:40] INFO: [POLLING] 시작 | 큐: 0건 | 처리중: 3건 | 번들: ID:55698(1건), ID:55700(1건), ID:55701(1건)
[2026-07-14 10:12:40] INFO: [POLLING] 종료 | 큐: 0건 | 번들맵: 3개
[2026-07-14 10:12:50] INFO: [POLLING] 시작 | 큐: 0건 | 처리중: 3건 | 번들: ID:55698(1건), ID:55700(1건), ID:55701(1건)
[2026-07-14 10:12:50] INFO: [POLLING] 종료 | 큐: 0건 | 번들맵: 3개
[2026-07-14 10:13:00] INFO: [POLLING] 시작 | 큐: 0건 | 처리중: 3건 | 번들: ID:55698(1건), ID:55700(1건), ID:55701(1건)
[2026-07-14 10:13:00] INFO: [POLLING] 종료 | 큐: 0건 | 번들맵: 3개
[2026-07-14 10:13:01] INFO: [REQ] contents=check-event | id=undefined
[2026-07-14 10:13:10] INFO: [POLLING] 시작 | 큐: 0건 | 처리중: 3건 | 번들: ID:55698(1건), ID:55700(1건), ID:55701(1건)
[2026-07-14 10:13:10] INFO: [POLLING] 종료 | 큐: 0건 | 번들맵: 3개
[2026-07-14 10:13:20] INFO: [POLLING] 시작 | 큐: 0건 | 처리중: 3건 | 번들: ID:55698(1건), ID:55700(1건), ID:55701(1건)
[2026-07-14 10:13:20] INFO: [POLLING] 종료 | 큐: 0건 | 번들맵: 3개
[2026-07-14 10:13:30] INFO: [POLLING] 시작 | 큐: 0건 | 처리중: 3건 | 번들: ID:55698(1건), ID:55700(1건), ID:55701(1건)
[2026-07-14 10:13:30] INFO: [POLLING] 종료 | 큐: 0건 | 번들맵: 3개
[2026-07-14 10:13:40] INFO: [POLLING] 시작 | 큐: 0건 | 처리중: 3건 | 번들: ID:55698(1건), ID:55700(1건), ID:55701(1건)
[2026-07-14 10:13:40] INFO: [POLLING] 종료 | 큐: 0건 | 번들맵: 3개
[2026-07-14 10:13:50] INFO: [POLLING] 시작 | 큐: 0건 | 처리중: 3건 | 번들: ID:55698(1건), ID:55700(1건), ID:55701(1건)
[2026-07-14 10:13:50] INFO: [POLLING] 종료 | 큐: 0건 | 번들맵: 3개
[2026-07-14 10:14:00] INFO: [POLLING] 시작 | 큐: 0건 | 처리중: 3건 | 번들: ID:55698(1건), ID:55700(1건), ID:55701(1건)
[2026-07-14 10:14:00] INFO: [POLLING] 종료 | 큐: 0건 | 번들맵: 3개
[2026-07-14 10:14:03] INFO: [REQ] contents=check-event | id=undefined
[2026-07-14 10:14:10] INFO: [POLLING] 시작 | 큐: 0건 | 처리중: 3건 | 번들: ID:55698(1건), ID:55700(1건), ID:55701(1건)
[2026-07-14 10:14:10] INFO: [POLLING] 종료 | 큐: 0건 | 번들맵: 3개
[2026-07-14 10:14:20] INFO: [POLLING] 시작 | 큐: 0건 | 처리중: 3건 | 번들: ID:55698(1건), ID:55700(1건), ID:55701(1건)
[2026-07-14 10:14:20] INFO: [POLLING] 종료 | 큐: 0건 | 번들맵: 3개
[2026-07-14 10:14:30] INFO: [POLLING] 시작 | 큐: 0건 | 처리중: 3건 | 번들: ID:55698(1건), ID:55700(1건), ID:55701(1건)
[2026-07-14 10:14:30] INFO: [POLLING] 종료 | 큐: 0건 | 번들맵: 3개
[2026-07-14 10:14:31] INFO: [REQ] contents=check-event | id=undefined
[2026-07-14 10:14:40] INFO: [POLLING] 시작 | 큐: 0건 | 처리중: 3건 | 번들: ID:55698(1건), ID:55700(1건), ID:55701(1건)
[2026-07-14 10:14:40] INFO: [POLLING] 종료 | 큐: 0건 | 번들맵: 3개
[2026-07-14 10:14:50] INFO: [POLLING] 시작 | 큐: 0건 | 처리중: 3건 | 번들: ID:55698(1건), ID:55700(1건), ID:55701(1건)
[2026-07-14 10:14:50] INFO: [POLLING] 종료 | 큐: 0건 | 번들맵: 3개
[2026-07-14 10:15:00] INFO: [POLLING] 시작 | 큐: 0건 | 처리중: 3건 | 번들: ID:55698(1건), ID:55700(1건), ID:55701(1건)
[2026-07-14 10:15:00] INFO: [POLLING] 종료 | 큐: 0건 | 번들맵: 3개
[2026-07-14 10:15:10] INFO: [POLLING] 시작 | 큐: 0건 | 처리중: 3건 | 번들: ID:55698(1건), ID:55700(1건), ID:55701(1건)
[2026-07-14 10:15:10] INFO: [POLLING] 종료 | 큐: 0건 | 번들맵: 3개
[2026-07-14 10:15:20] INFO: [POLLING] 시작 | 큐: 0건 | 처리중: 3건 | 번들: ID:55698(1건), ID:55700(1건), ID:55701(1건)
[2026-07-14 10:15:20] INFO: [POLLING] 종료 | 큐: 0건 | 번들맵: 3개
[2026-07-14 10:15:30] INFO: [POLLING] 시작 | 큐: 0건 | 처리중: 3건 | 번들: ID:55698(1건), ID:55700(1건), ID:55701(1건)
[2026-07-14 10:15:30] INFO: [POLLING] 종료 | 큐: 0건 | 번들맵: 3개
[2026-07-14 10:15:33] INFO: [REQ] contents=check-event | id=undefined
[2026-07-14 10:15:40] INFO: [POLLING] 시작 | 큐: 0건 | 처리중: 3건 | 번들: ID:55698(1건), ID:55700(1건), ID:55701(1건)
[2026-07-14 10:15:40] INFO: [POLLING] 종료 | 큐: 0건 | 번들맵: 3개
[2026-07-14 10:15:50] INFO: [POLLING] 시작 | 큐: 0건 | 처리중: 3건 | 번들: ID:55698(1건), ID:55700(1건), ID:55701(1건)
[2026-07-14 10:15:50] INFO: [POLLING] 종료 | 큐: 0건 | 번들맵: 3개
[2026-07-14 10:16:00] INFO: [POLLING] 시작 | 큐: 0건 | 처리중: 3건 | 번들: ID:55698(1건), ID:55700(1건), ID:55701(1건)
[2026-07-14 10:16:00] INFO: [POLLING] 종료 | 큐: 0건 | 번들맵: 3개
[2026-07-14 10:16:10] INFO: [POLLING] 시작 | 큐: 0건 | 처리중: 3건 | 번들: ID:55698(1건), ID:55700(1건), ID:55701(1건)
[2026-07-14 10:16:10] INFO: [POLLING] 종료 | 큐: 0건 | 번들맵: 3개
[2026-07-14 10:16:20] INFO: [POLLING] 시작 | 큐: 0건 | 처리중: 3건 | 번들: ID:55698(1건), ID:55700(1건), ID:55701(1건)
[2026-07-14 10:16:20] INFO: [POLLING] 종료 | 큐: 0건 | 번들맵: 3개
[2026-07-14 10:16:22] INFO: [REQ] contents=check-event | id=undefined
[2026-07-14 10:16:30] INFO: [POLLING] 시작 | 큐: 0건 | 처리중: 3건 | 번들: ID:55698(1건), ID:55700(1건), ID:55701(1건)
[2026-07-14 10:16:30] INFO: [POLLING] 종료 | 큐: 0건 | 번들맵: 3개
[2026-07-14 10:16:40] INFO: [POLLING] 시작 | 큐: 0건 | 처리중: 3건 | 번들: ID:55698(1건), ID:55700(1건), ID:55701(1건)
[2026-07-14 10:16:40] INFO: [POLLING] 종료 | 큐: 0건 | 번들맵: 3개
[2026-07-14 10:16:50] INFO: [POLLING] 시작 | 큐: 0건 | 처리중: 3건 | 번들: ID:55698(1건), ID:55700(1건), ID:55701(1건)
[2026-07-14 10:16:50] INFO: [POLLING] 종료 | 큐: 0건 | 번들맵: 3개
[2026-07-14 10:17:00] INFO: [POLLING] 시작 | 큐: 0건 | 처리중: 3건 | 번들: ID:55698(1건), ID:55700(1건), ID:55701(1건)
[2026-07-14 10:17:00] INFO: [POLLING] 종료 | 큐: 0건 | 번들맵: 3개
[2026-07-14 10:17:10] INFO: [POLLING] 시작 | 큐: 0건 | 처리중: 3건 | 번들: ID:55698(1건), ID:55700(1건), ID:55701(1건)
[2026-07-14 10:17:10] INFO: [POLLING] 종료 | 큐: 0건 | 번들맵: 3개
[2026-07-14 10:17:20] INFO: [POLLING] 시작 | 큐: 0건 | 처리중: 3건 | 번들: ID:55698(1건), ID:55700(1건), ID:55701(1건)
[2026-07-14 10:17:20] INFO: [POLLING] 종료 | 큐: 0건 | 번들맵: 3개
[2026-07-14 10:17:23] INFO: [REQ] contents=check-event | id=undefined
[2026-07-14 10:17:30] INFO: [POLLING] 시작 | 큐: 0건 | 처리중: 3건 | 번들: ID:55698(1건), ID:55700(1건), ID:55701(1건)
[2026-07-14 10:17:30] INFO: [POLLING] 종료 | 큐: 0건 | 번들맵: 3개
[2026-07-14 10:17:40] INFO: [POLLING] 시작 | 큐: 0건 | 처리중: 3건 | 번들: ID:55698(1건), ID:55700(1건), ID:55701(1건)
[2026-07-14 10:17:40] INFO: [POLLING] 종료 | 큐: 0건 | 번들맵: 3개
[2026-07-14 10:17:50] INFO: [POLLING] 시작 | 큐: 0건 | 처리중: 3건 | 번들: ID:55698(1건), ID:55700(1건), ID:55701(1건)
[2026-07-14 10:17:50] INFO: [POLLING] 종료 | 큐: 0건 | 번들맵: 3개
[2026-07-14 10:18:00] INFO: [POLLING] 시작 | 큐: 0건 | 처리중: 3건 | 번들: ID:55698(1건), ID:55700(1건), ID:55701(1건)
[2026-07-14 10:18:00] INFO: [POLLING] 종료 | 큐: 0건 | 번들맵: 3개
[2026-07-14 10:18:02] INFO: [REQ] contents=check-event | id=undefined
[2026-07-14 10:18:10] INFO: [POLLING] 시작 | 큐: 0건 | 처리중: 3건 | 번들: ID:55698(1건), ID:55700(1건), ID:55701(1건)
[2026-07-14 10:18:10] INFO: [POLLING] 종료 | 큐: 0건 | 번들맵: 3개
[2026-07-14 10:18:20] INFO: [POLLING] 시작 | 큐: 0건 | 처리중: 3건 | 번들: ID:55698(1건), ID:55700(1건), ID:55701(1건)
[2026-07-14 10:18:20] INFO: [POLLING] 종료 | 큐: 0건 | 번들맵: 3개
[2026-07-14 10:18:30] INFO: [POLLING] 시작 | 큐: 0건 | 처리중: 3건 | 번들: ID:55698(1건), ID:55700(1건), ID:55701(1건)
[2026-07-14 10:18:30] INFO: [POLLING] 종료 | 큐: 0건 | 번들맵: 3개
[2026-07-14 10:18:40] INFO: [POLLING] 시작 | 큐: 0건 | 처리중: 3건 | 번들: ID:55698(1건), ID:55700(1건), ID:55701(1건)
[2026-07-14 10:18:40] INFO: [POLLING] 종료 | 큐: 0건 | 번들맵: 3개
[2026-07-14 10:18:50] INFO: [POLLING] 시작 | 큐: 0건 | 처리중: 3건 | 번들: ID:55698(1건), ID:55700(1건), ID:55701(1건)
[2026-07-14 10:18:50] INFO: [POLLING] 종료 | 큐: 0건 | 번들맵: 3개
[2026-07-14 10:19:00] INFO: [POLLING] 시작 | 큐: 0건 | 처리중: 3건 | 번들: ID:55698(1건), ID:55700(1건), ID:55701(1건)
[2026-07-14 10:19:00] INFO: [POLLING] 종료 | 큐: 0건 | 번들맵: 3개
[2026-07-14 10:19:03] INFO: [REQ] contents=check-event | id=undefined
[2026-07-14 10:19:10] INFO: [POLLING] 시작 | 큐: 0건 | 처리중: 3건 | 번들: ID:55698(1건), ID:55700(1건), ID:55701(1건)
[2026-07-14 10:19:10] INFO: [POLLING] 종료 | 큐: 0건 | 번들맵: 3개
[2026-07-14 10:19:20] INFO: [POLLING] 시작 | 큐: 0건 | 처리중: 3건 | 번들: ID:55698(1건), ID:55700(1건), ID:55701(1건)
[2026-07-14 10:19:20] INFO: [POLLING] 종료 | 큐: 0건 | 번들맵: 3개
[2026-07-14 10:19:30] INFO: [POLLING] 시작 | 큐: 0건 | 처리중: 3건 | 번들: ID:55698(1건), ID:55700(1건), ID:55701(1건)
[2026-07-14 10:19:30] INFO: [POLLING] 종료 | 큐: 0건 | 번들맵: 3개
[2026-07-14 10:19:32] INFO: [REQ] contents=check-event | id=undefined
[2026-07-14 10:19:40] INFO: [POLLING] 시작 | 큐: 0건 | 처리중: 3건 | 번들: ID:55698(1건), ID:55700(1건), ID:55701(1건)
[2026-07-14 10:19:40] INFO: [POLLING] 종료 | 큐: 0건 | 번들맵: 3개
[2026-07-14 10:19:50] INFO: [POLLING] 시작 | 큐: 0건 | 처리중: 3건 | 번들: ID:55698(1건), ID:55700(1건), ID:55701(1건)
[2026-07-14 10:19:50] INFO: [POLLING] 종료 | 큐: 0건 | 번들맵: 3개
[2026-07-14 10:20:00] INFO: [POLLING] 시작 | 큐: 0건 | 처리중: 3건 | 번들: ID:55698(1건), ID:55700(1건), ID:55701(1건)
[2026-07-14 10:20:00] INFO: [POLLING] 종료 | 큐: 0건 | 번들맵: 3개
[2026-07-14 10:20:10] INFO: [POLLING] 시작 | 큐: 0건 | 처리중: 3건 | 번들: ID:55698(1건), ID:55700(1건), ID:55701(1건)
[2026-07-14 10:20:10] INFO: [POLLING] 종료 | 큐: 0건 | 번들맵: 3개
[2026-07-14 10:20:20] INFO: [POLLING] 시작 | 큐: 0건 | 처리중: 3건 | 번들: ID:55698(1건), ID:55700(1건), ID:55701(1건)
[2026-07-14 10:20:20] INFO: [POLLING] 종료 | 큐: 0건 | 번들맵: 3개
[2026-07-14 10:20:30] INFO: [POLLING] 시작 | 큐: 0건 | 처리중: 3건 | 번들: ID:55698(1건), ID:55700(1건), ID:55701(1건)
[2026-07-14 10:20:30] INFO: [POLLING] 종료 | 큐: 0건 | 번들맵: 3개
[2026-07-14 10:20:33] INFO: [REQ] contents=check-event | id=undefined
[2026-07-14 10:20:40] INFO: [POLLING] 시작 | 큐: 0건 | 처리중: 3건 | 번들: ID:55698(1건), ID:55700(1건), ID:55701(1건)
[2026-07-14 10:20:40] INFO: [POLLING] 종료 | 큐: 0건 | 번들맵: 3개
[2026-07-14 10:20:50] INFO: [POLLING] 시작 | 큐: 0건 | 처리중: 3건 | 번들: ID:55698(1건), ID:55700(1건), ID:55701(1건)
[2026-07-14 10:20:50] INFO: [POLLING] 종료 | 큐: 0건 | 번들맵: 3개
[2026-07-14 10:21:00] INFO: [POLLING] 시작 | 큐: 0건 | 처리중: 3건 | 번들: ID:55698(1건), ID:55700(1건), ID:55701(1건)
[2026-07-14 10:21:00] INFO: [POLLING] 종료 | 큐: 0건 | 번들맵: 3개
[2026-07-14 10:21:10] INFO: [POLLING] 시작 | 큐: 0건 | 처리중: 3건 | 번들: ID:55698(1건), ID:55700(1건), ID:55701(1건)
[2026-07-14 10:21:10] INFO: [POLLING] 종료 | 큐: 0건 | 번들맵: 3개
[2026-07-14 10:21:20] INFO: [POLLING] 시작 | 큐: 0건 | 처리중: 3건 | 번들: ID:55698(1건), ID:55700(1건), ID:55701(1건)
[2026-07-14 10:21:20] INFO: [POLLING] 종료 | 큐: 0건 | 번들맵: 3개
[2026-07-14 10:21:22] INFO: [REQ] contents=check-event | id=undefined
[2026-07-14 10:21:30] INFO: [POLLING] 시작 | 큐: 0건 | 처리중: 3건 | 번들: ID:55698(1건), ID:55700(1건), ID:55701(1건)
[2026-07-14 10:21:30] INFO: [POLLING] 종료 | 큐: 0건 | 번들맵: 3개
[2026-07-14 10:21:40] INFO: [POLLING] 시작 | 큐: 0건 | 처리중: 3건 | 번들: ID:55698(1건), ID:55700(1건), ID:55701(1건)
[2026-07-14 10:21:40] INFO: [POLLING] 종료 | 큐: 0건 | 번들맵: 3개
[2026-07-14 10:21:50] INFO: [POLLING] 시작 | 큐: 0건 | 처리중: 3건 | 번들: ID:55698(1건), ID:55700(1건), ID:55701(1건)
[2026-07-14 10:21:50] INFO: [POLLING] 종료 | 큐: 0건 | 번들맵: 3개
[2026-07-14 10:22:00] INFO: [POLLING] 시작 | 큐: 0건 | 처리중: 3건 | 번들: ID:55698(1건), ID:55700(1건), ID:55701(1건)
[2026-07-14 10:22:01] INFO: [POLLING] 종료 | 큐: 0건 | 번들맵: 3개
[2026-07-14 10:22:10] INFO: [POLLING] 시작 | 큐: 0건 | 처리중: 3건 | 번들: ID:55698(1건), ID:55700(1건), ID:55701(1건)
[2026-07-14 10:22:11] INFO: [POLLING] 종료 | 큐: 0건 | 번들맵: 3개
[2026-07-14 10:22:20] INFO: [POLLING] 시작 | 큐: 0건 | 처리중: 3건 | 번들: ID:55698(1건), ID:55700(1건), ID:55701(1건)
[2026-07-14 10:22:21] INFO: [POLLING] 종료 | 큐: 0건 | 번들맵: 3개
[2026-07-14 10:22:23] INFO: [REQ] contents=check-event | id=undefined
[2026-07-14 10:22:30] INFO: [POLLING] 시작 | 큐: 0건 | 처리중: 3건 | 번들: ID:55698(1건), ID:55700(1건), ID:55701(1건)
[2026-07-14 10:22:31] INFO: [POLLING] 종료 | 큐: 0건 | 번들맵: 3개
[2026-07-14 10:22:40] INFO: [POLLING] 시작 | 큐: 0건 | 처리중: 3건 | 번들: ID:55698(1건), ID:55700(1건), ID:55701(1건)
[2026-07-14 10:22:41] INFO: [POLLING] 종료 | 큐: 0건 | 번들맵: 3개
[2026-07-14 10:22:50] INFO: [POLLING] 시작 | 큐: 0건 | 처리중: 3건 | 번들: ID:55698(1건), ID:55700(1건), ID:55701(1건)
[2026-07-14 10:22:51] INFO: [POLLING] 종료 | 큐: 0건 | 번들맵: 3개
[2026-07-14 10:23:00] INFO: [POLLING] 시작 | 큐: 0건 | 처리중: 3건 | 번들: ID:55698(1건), ID:55700(1건), ID:55701(1건)
[2026-07-14 10:23:01] INFO: [POLLING] 종료 | 큐: 0건 | 번들맵: 3개
[2026-07-14 10:23:02] INFO: [REQ] contents=check-event | id=undefined
[2026-07-14 10:23:10] INFO: [POLLING] 시작 | 큐: 0건 | 처리중: 3건 | 번들: ID:55698(1건), ID:55700(1건), ID:55701(1건)
[2026-07-14 10:23:11] INFO: [POLLING] 종료 | 큐: 0건 | 번들맵: 3개
[2026-07-14 10:23:20] INFO: [POLLING] 시작 | 큐: 0건 | 처리중: 3건 | 번들: ID:55698(1건), ID:55700(1건), ID:55701(1건)
[2026-07-14 10:23:21] INFO: [POLLING] 종료 | 큐: 0건 | 번들맵: 3개
[2026-07-14 10:23:30] INFO: [POLLING] 시작 | 큐: 0건 | 처리중: 3건 | 번들: ID:55698(1건), ID:55700(1건), ID:55701(1건)
[2026-07-14 10:23:31] INFO: [POLLING] 종료 | 큐: 0건 | 번들맵: 3개
[2026-07-14 10:23:40] INFO: [POLLING] 시작 | 큐: 0건 | 처리중: 3건 | 번들: ID:55698(1건), ID:55700(1건), ID:55701(1건)
[2026-07-14 10:23:41] INFO: [POLLING] 종료 | 큐: 0건 | 번들맵: 3개
[2026-07-14 10:23:51] INFO: [POLLING] 시작 | 큐: 0건 | 처리중: 3건 | 번들: ID:55698(1건), ID:55700(1건), ID:55701(1건)
[2026-07-14 10:23:51] INFO: [큐 최종 적재] Key: hliqinmdb01 | 묶인 갯수: 1건 | 대표ID: 55704
[2026-07-14 10:23:51] INFO: [POLLING] 종료 | 큐: 1건 | 번들맵: 4개
[2026-07-14 10:24:01] INFO: [POLLING] 시작 | 큐: 1건 | 처리중: 4건 | 번들: ID:55698(1건), ID:55700(1건), ID:55701(1건), ID:55704(1건)
[2026-07-14 10:24:01] INFO: [POLLING] 종료 | 큐: 1건 | 번들맵: 4개
[2026-07-14 10:24:04] INFO: [REQ] contents=check-event | id=undefined
[2026-07-14 10:24:04] INFO: [발신 시작] 번호: 01041581689 | 호스트: hliqinmdb01 | 유형: hliqinmdb01 | 시스템: 보험운영 | 발생시각: Tue Jul 14 2026 19:23:48 GMT+0900 (한국 표준시) | ID: 55704
[2026-07-14 10:24:11] INFO: [POLLING] 시작 | 큐: 0건 | 처리중: 4건 | 번들: ID:55698(1건), ID:55700(1건), ID:55701(1건), ID:55704(1건)
[2026-07-14 10:24:11] INFO: [POLLING] 종료 | 큐: 0건 | 번들맵: 4개
[2026-07-14 10:24:21] INFO: [POLLING] 시작 | 큐: 0건 | 처리중: 4건 | 번들: ID:55698(1건), ID:55700(1건), ID:55701(1건), ID:55704(1건)
[2026-07-14 10:24:21] INFO: [POLLING] 종료 | 큐: 0건 | 번들맵: 4개
[2026-07-14 10:24:26] INFO: [REQ] contents=call-failed | id=194061
[2026-07-14 10:24:26] WARN: [발신 완료:실패] 번호: - | 호스트: - | 유형: - | 시스템: - | ID: 194061 | 재시도: 1회차
[2026-07-14 10:24:31] INFO: [POLLING] 시작 | 큐: 0건 | 처리중: 4건 | 번들: ID:55698(1건), ID:55700(1건), ID:55701(1건), ID:55704(1건)
[2026-07-14 10:24:31] INFO: [POLLING] 종료 | 큐: 0건 | 번들맵: 4개
[2026-07-14 10:24:32] INFO: [REQ] contents=check-event | id=undefined
[2026-07-14 10:24:41] INFO: [POLLING] 시작 | 큐: 0건 | 처리중: 4건 | 번들: ID:55698(1건), ID:55700(1건), ID:55701(1건), ID:55704(1건)
[2026-07-14 10:24:41] INFO: [POLLING] 종료 | 큐: 0건 | 번들맵: 4개
[2026-07-14 10:24:51] INFO: [POLLING] 시작 | 큐: 0건 | 처리중: 4건 | 번들: ID:55698(1건), ID:55700(1건), ID:55701(1건), ID:55704(1건)
[2026-07-14 10:24:51] INFO: [POLLING] 종료 | 큐: 0건 | 번들맵: 4개
[2026-07-14 10:25:01] INFO: [POLLING] 시작 | 큐: 0건 | 처리중: 4건 | 번들: ID:55698(1건), ID:55700(1건), ID:55701(1건), ID:55704(1건)
[2026-07-14 10:25:01] INFO: [POLLING] 종료 | 큐: 0건 | 번들맵: 4개
[2026-07-14 10:25:11] INFO: [POLLING] 시작 | 큐: 0건 | 처리중: 4건 | 번들: ID:55698(1건), ID:55700(1건), ID:55701(1건), ID:55704(1건)
[2026-07-14 10:25:11] INFO: [POLLING] 종료 | 큐: 0건 | 번들맵: 4개
[2026-07-14 10:25:21] INFO: [POLLING] 시작 | 큐: 0건 | 처리중: 4건 | 번들: ID:55698(1건), ID:55700(1건), ID:55701(1건), ID:55704(1건)
[2026-07-14 10:25:21] INFO: [POLLING] 종료 | 큐: 0건 | 번들맵: 4개
[2026-07-14 10:25:31] INFO: [POLLING] 시작 | 큐: 0건 | 처리중: 4건 | 번들: ID:55698(1건), ID:55700(1건), ID:55701(1건), ID:55704(1건)
[2026-07-14 10:25:31] INFO: [POLLING] 종료 | 큐: 0건 | 번들맵: 4개
[2026-07-14 10:25:36] INFO: [REQ] contents=check-event | id=undefined
[2026-07-14 10:25:41] INFO: [POLLING] 시작 | 큐: 0건 | 처리중: 4건 | 번들: ID:55698(1건), ID:55700(1건), ID:55701(1건), ID:55704(1건)
[2026-07-14 10:25:41] INFO: [POLLING] 종료 | 큐: 0건 | 번들맵: 4개
[2026-07-14 10:25:51] INFO: [POLLING] 시작 | 큐: 0건 | 처리중: 4건 | 번들: ID:55698(1건), ID:55700(1건), ID:55701(1건), ID:55704(1건)
[2026-07-14 10:25:51] INFO: [POLLING] 종료 | 큐: 0건 | 번들맵: 4개
[2026-07-14 10:26:01] INFO: [POLLING] 시작 | 큐: 0건 | 처리중: 4건 | 번들: ID:55698(1건), ID:55700(1건), ID:55701(1건), ID:55704(1건)
[2026-07-14 10:26:01] INFO: [POLLING] 종료 | 큐: 0건 | 번들맵: 4개
[2026-07-14 10:26:11] INFO: [POLLING] 시작 | 큐: 0건 | 처리중: 4건 | 번들: ID:55698(1건), ID:55700(1건), ID:55701(1건), ID:55704(1건)
[2026-07-14 10:26:11] INFO: [POLLING] 종료 | 큐: 0건 | 번들맵: 4개
[2026-07-14 10:26:21] INFO: [POLLING] 시작 | 큐: 0건 | 처리중: 4건 | 번들: ID:55698(1건), ID:55700(1건), ID:55701(1건), ID:55704(1건)
[2026-07-14 10:26:21] INFO: [POLLING] 종료 | 큐: 0건 | 번들맵: 4개
[2026-07-14 10:26:23] INFO: [REQ] contents=check-event | id=undefined
[2026-07-14 10:26:31] INFO: [POLLING] 시작 | 큐: 0건 | 처리중: 4건 | 번들: ID:55698(1건), ID:55700(1건), ID:55701(1건), ID:55704(1건)
[2026-07-14 10:26:31] INFO: [POLLING] 종료 | 큐: 0건 | 번들맵: 4개
[2026-07-14 10:26:41] INFO: [POLLING] 시작 | 큐: 0건 | 처리중: 4건 | 번들: ID:55698(1건), ID:55700(1건), ID:55701(1건), ID:55704(1건)
[2026-07-14 10:26:41] INFO: [POLLING] 종료 | 큐: 0건 | 번들맵: 4개
[2026-07-14 10:26:51] INFO: [POLLING] 시작 | 큐: 0건 | 처리중: 4건 | 번들: ID:55698(1건), ID:55700(1건), ID:55701(1건), ID:55704(1건)
[2026-07-14 10:26:51] INFO: [POLLING] 종료 | 큐: 0건 | 번들맵: 4개
[2026-07-14 10:27:01] INFO: [POLLING] 시작 | 큐: 0건 | 처리중: 4건 | 번들: ID:55698(1건), ID:55700(1건), ID:55701(1건), ID:55704(1건)
[2026-07-14 10:27:01] INFO: [POLLING] 종료 | 큐: 0건 | 번들맵: 4개
[2026-07-14 10:27:11] INFO: [POLLING] 시작 | 큐: 0건 | 처리중: 4건 | 번들: ID:55698(1건), ID:55700(1건), ID:55701(1건), ID:55704(1건)
[2026-07-14 10:27:11] INFO: [POLLING] 종료 | 큐: 0건 | 번들맵: 4개
[2026-07-14 10:27:21] INFO: [POLLING] 시작 | 큐: 0건 | 처리중: 4건 | 번들: ID:55698(1건), ID:55700(1건), ID:55701(1건), ID:55704(1건)
[2026-07-14 10:27:21] INFO: [POLLING] 종료 | 큐: 0건 | 번들맵: 4개
[2026-07-14 10:27:26] INFO: [REQ] contents=check-event | id=undefined
[2026-07-14 10:27:31] INFO: [POLLING] 시작 | 큐: 0건 | 처리중: 4건 | 번들: ID:55698(1건), ID:55700(1건), ID:55701(1건), ID:55704(1건)
[2026-07-14 10:27:31] INFO: [POLLING] 종료 | 큐: 0건 | 번들맵: 4개
[2026-07-14 10:27:41] INFO: [POLLING] 시작 | 큐: 0건 | 처리중: 4건 | 번들: ID:55698(1건), ID:55700(1건), ID:55701(1건), ID:55704(1건)
[2026-07-14 10:27:41] INFO: [POLLING] 종료 | 큐: 0건 | 번들맵: 4개
[2026-07-14 10:27:51] INFO: [POLLING] 시작 | 큐: 0건 | 처리중: 4건 | 번들: ID:55698(1건), ID:55700(1건), ID:55701(1건), ID:55704(1건)
[2026-07-14 10:27:51] INFO: [POLLING] 종료 | 큐: 0건 | 번들맵: 4개
[2026-07-14 10:28:01] INFO: [POLLING] 시작 | 큐: 0건 | 처리중: 4건 | 번들: ID:55698(1건), ID:55700(1건), ID:55701(1건), ID:55704(1건)
[2026-07-14 10:28:01] INFO: [POLLING] 종료 | 큐: 0건 | 번들맵: 4개
[2026-07-14 10:28:03] INFO: [REQ] contents=check-event | id=undefined
[2026-07-14 10:28:11] INFO: [POLLING] 시작 | 큐: 0건 | 처리중: 4건 | 번들: ID:55698(1건), ID:55700(1건), ID:55701(1건), ID:55704(1건)
[2026-07-14 10:28:11] INFO: [POLLING] 종료 | 큐: 0건 | 번들맵: 4개
[2026-07-14 10:28:21] INFO: [POLLING] 시작 | 큐: 0건 | 처리중: 4건 | 번들: ID:55698(1건), ID:55700(1건), ID:55701(1건), ID:55704(1건)
[2026-07-14 10:28:21] INFO: [POLLING] 종료 | 큐: 0건 | 번들맵: 4개
[2026-07-14 10:28:31] INFO: [POLLING] 시작 | 큐: 0건 | 처리중: 4건 | 번들: ID:55698(1건), ID:55700(1건), ID:55701(1건), ID:55704(1건)
[2026-07-14 10:28:31] INFO: [POLLING] 종료 | 큐: 0건 | 번들맵: 4개
[2026-07-14 10:28:41] INFO: [POLLING] 시작 | 큐: 0건 | 처리중: 4건 | 번들: ID:55698(1건), ID:55700(1건), ID:55701(1건), ID:55704(1건)
[2026-07-14 10:28:41] INFO: [POLLING] 종료 | 큐: 0건 | 번들맵: 4개
[2026-07-14 10:28:51] INFO: [POLLING] 시작 | 큐: 0건 | 처리중: 4건 | 번들: ID:55698(1건), ID:55700(1건), ID:55701(1건), ID:55704(1건)
[2026-07-14 10:28:51] INFO: [POLLING] 종료 | 큐: 0건 | 번들맵: 4개
[2026-07-14 10:29:01] INFO: [POLLING] 시작 | 큐: 0건 | 처리중: 4건 | 번들: ID:55698(1건), ID:55700(1건), ID:55701(1건), ID:55704(1건)
[2026-07-14 10:29:01] INFO: [POLLING] 종료 | 큐: 0건 | 번들맵: 4개
[2026-07-14 10:29:06] INFO: [REQ] contents=check-event | id=undefined
[2026-07-14 10:29:11] INFO: [POLLING] 시작 | 큐: 0건 | 처리중: 4건 | 번들: ID:55698(1건), ID:55700(1건), ID:55701(1건), ID:55704(1건)
[2026-07-14 10:29:11] INFO: [POLLING] 종료 | 큐: 0건 | 번들맵: 4개
[2026-07-14 10:29:21] INFO: [POLLING] 시작 | 큐: 0건 | 처리중: 4건 | 번들: ID:55698(1건), ID:55700(1건), ID:55701(1건), ID:55704(1건)
[2026-07-14 10:29:21] INFO: [POLLING] 종료 | 큐: 0건 | 번들맵: 4개
[2026-07-14 10:29:31] INFO: [POLLING] 시작 | 큐: 0건 | 처리중: 4건 | 번들: ID:55698(1건), ID:55700(1건), ID:55701(1건), ID:55704(1건)
[2026-07-14 10:29:31] INFO: [POLLING] 종료 | 큐: 0건 | 번들맵: 4개
[2026-07-14 10:29:33] INFO: [REQ] contents=check-event | id=undefined
[2026-07-14 10:29:41] INFO: [POLLING] 시작 | 큐: 0건 | 처리중: 4건 | 번들: ID:55698(1건), ID:55700(1건), ID:55701(1건), ID:55704(1건)
[2026-07-14 10:29:41] INFO: [POLLING] 종료 | 큐: 0건 | 번들맵: 4개
[2026-07-14 10:29:51] INFO: [POLLING] 시작 | 큐: 0건 | 처리중: 4건 | 번들: ID:55698(1건), ID:55700(1건), ID:55701(1건), ID:55704(1건)
[2026-07-14 10:29:51] INFO: [POLLING] 종료 | 큐: 0건 | 번들맵: 4개
[2026-07-14 10:30:01] INFO: [POLLING] 시작 | 큐: 0건 | 처리중: 4건 | 번들: ID:55698(1건), ID:55700(1건), ID:55701(1건), ID:55704(1건)
[2026-07-14 10:30:01] INFO: [POLLING] 종료 | 큐: 0건 | 번들맵: 4개
[2026-07-14 10:30:11] INFO: [POLLING] 시작 | 큐: 0건 | 처리중: 4건 | 번들: ID:55698(1건), ID:55700(1건), ID:55701(1건), ID:55704(1건)
[2026-07-14 10:30:11] INFO: [POLLING] 종료 | 큐: 0건 | 번들맵: 4개
[2026-07-14 10:30:21] INFO: [POLLING] 시작 | 큐: 0건 | 처리중: 4건 | 번들: ID:55698(1건), ID:55700(1건), ID:55701(1건), ID:55704(1건)
[2026-07-14 10:30:21] INFO: [POLLING] 종료 | 큐: 0건 | 번들맵: 4개
[2026-07-14 10:30:31] INFO: [POLLING] 시작 | 큐: 0건 | 처리중: 4건 | 번들: ID:55698(1건), ID:55700(1건), ID:55701(1건), ID:55704(1건)
[2026-07-14 10:30:31] INFO: [POLLING] 종료 | 큐: 0건 | 번들맵: 4개
[2026-07-14 10:30:36] INFO: [REQ] contents=check-event | id=undefined
[2026-07-14 10:30:41] INFO: [POLLING] 시작 | 큐: 0건 | 처리중: 4건 | 번들: ID:55698(1건), ID:55700(1건), ID:55701(1건), ID:55704(1건)
[2026-07-14 10:30:41] INFO: [POLLING] 종료 | 큐: 0건 | 번들맵: 4개
[2026-07-14 10:30:51] INFO: [POLLING] 시작 | 큐: 0건 | 처리중: 4건 | 번들: ID:55698(1건), ID:55700(1건), ID:55701(1건), ID:55704(1건)
[2026-07-14 10:30:51] INFO: [POLLING] 종료 | 큐: 0건 | 번들맵: 4개
[2026-07-14 10:31:01] INFO: [POLLING] 시작 | 큐: 0건 | 처리중: 4건 | 번들: ID:55698(1건), ID:55700(1건), ID:55701(1건), ID:55704(1건)
[2026-07-14 10:31:01] INFO: [POLLING] 종료 | 큐: 0건 | 번들맵: 4개
[2026-07-14 10:31:11] INFO: [POLLING] 시작 | 큐: 0건 | 처리중: 4건 | 번들: ID:55698(1건), ID:55700(1건), ID:55701(1건), ID:55704(1건)
[2026-07-14 10:31:11] INFO: [POLLING] 종료 | 큐: 0건 | 번들맵: 4개
[2026-07-14 10:31:21] INFO: [POLLING] 시작 | 큐: 0건 | 처리중: 4건 | 번들: ID:55698(1건), ID:55700(1건), ID:55701(1건), ID:55704(1건)
[2026-07-14 10:31:21] INFO: [POLLING] 종료 | 큐: 0건 | 번들맵: 4개
[2026-07-14 10:31:23] INFO: [REQ] contents=check-event | id=undefined
[2026-07-14 10:31:31] INFO: [POLLING] 시작 | 큐: 0건 | 처리중: 4건 | 번들: ID:55698(1건), ID:55700(1건), ID:55701(1건), ID:55704(1건)
[2026-07-14 10:31:31] INFO: [POLLING] 종료 | 큐: 0건 | 번들맵: 4개
[2026-07-14 10:31:41] INFO: [POLLING] 시작 | 큐: 0건 | 처리중: 4건 | 번들: ID:55698(1건), ID:55700(1건), ID:55701(1건), ID:55704(1건)
[2026-07-14 10:31:41] INFO: [POLLING] 종료 | 큐: 0건 | 번들맵: 4개
[2026-07-14 10:31:51] INFO: [POLLING] 시작 | 큐: 0건 | 처리중: 4건 | 번들: ID:55698(1건), ID:55700(1건), ID:55701(1건), ID:55704(1건)
[2026-07-14 10:31:51] INFO: [POLLING] 종료 | 큐: 0건 | 번들맵: 4개
[2026-07-14 10:32:01] INFO: [POLLING] 시작 | 큐: 0건 | 처리중: 4건 | 번들: ID:55698(1건), ID:55700(1건), ID:55701(1건), ID:55704(1건)
[2026-07-14 10:32:01] INFO: [POLLING] 종료 | 큐: 0건 | 번들맵: 4개
[2026-07-14 10:32:11] INFO: [POLLING] 시작 | 큐: 0건 | 처리중: 4건 | 번들: ID:55698(1건), ID:55700(1건), ID:55701(1건), ID:55704(1건)
[2026-07-14 10:32:11] INFO: [POLLING] 종료 | 큐: 0건 | 번들맵: 4개
[2026-07-14 10:32:21] INFO: [POLLING] 시작 | 큐: 0건 | 처리중: 4건 | 번들: ID:55698(1건), ID:55700(1건), ID:55701(1건), ID:55704(1건)
[2026-07-14 10:32:21] INFO: [POLLING] 종료 | 큐: 0건 | 번들맵: 4개
[2026-07-14 10:32:27] INFO: [REQ] contents=check-event | id=undefined
[2026-07-14 10:32:31] INFO: [POLLING] 시작 | 큐: 0건 | 처리중: 4건 | 번들: ID:55698(1건), ID:55700(1건), ID:55701(1건), ID:55704(1건)
[2026-07-14 10:32:31] INFO: [POLLING] 종료 | 큐: 0건 | 번들맵: 4개
[2026-07-14 10:32:41] INFO: [POLLING] 시작 | 큐: 0건 | 처리중: 4건 | 번들: ID:55698(1건), ID:55700(1건), ID:55701(1건), ID:55704(1건)
[2026-07-14 10:32:41] INFO: [POLLING] 종료 | 큐: 0건 | 번들맵: 4개
[2026-07-14 10:32:51] INFO: [POLLING] 시작 | 큐: 0건 | 처리중: 4건 | 번들: ID:55698(1건), ID:55700(1건), ID:55701(1건), ID:55704(1건)
[2026-07-14 10:32:51] INFO: [POLLING] 종료 | 큐: 0건 | 번들맵: 4개
[2026-07-14 10:33:01] INFO: [POLLING] 시작 | 큐: 0건 | 처리중: 4건 | 번들: ID:55698(1건), ID:55700(1건), ID:55701(1건), ID:55704(1건)
[2026-07-14 10:33:01] INFO: [POLLING] 종료 | 큐: 0건 | 번들맵: 4개
[2026-07-14 10:33:03] INFO: [REQ] contents=check-event | id=undefined
[2026-07-14 10:33:11] INFO: [POLLING] 시작 | 큐: 0건 | 처리중: 4건 | 번들: ID:55698(1건), ID:55700(1건), ID:55701(1건), ID:55704(1건)
[2026-07-14 10:33:11] INFO: [POLLING] 종료 | 큐: 0건 | 번들맵: 4개
[2026-07-14 10:33:21] INFO: [POLLING] 시작 | 큐: 0건 | 처리중: 4건 | 번들: ID:55698(1건), ID:55700(1건), ID:55701(1건), ID:55704(1건)
[2026-07-14 10:33:21] INFO: [POLLING] 종료 | 큐: 0건 | 번들맵: 4개
[2026-07-14 10:33:31] INFO: [POLLING] 시작 | 큐: 0건 | 처리중: 4건 | 번들: ID:55698(1건), ID:55700(1건), ID:55701(1건), ID:55704(1건)
[2026-07-14 10:33:31] INFO: [POLLING] 종료 | 큐: 0건 | 번들맵: 4개
[2026-07-14 10:33:41] INFO: [POLLING] 시작 | 큐: 0건 | 처리중: 4건 | 번들: ID:55698(1건), ID:55700(1건), ID:55701(1건), ID:55704(1건)
[2026-07-14 10:33:41] INFO: [POLLING] 종료 | 큐: 0건 | 번들맵: 4개
[2026-07-14 10:33:51] INFO: [POLLING] 시작 | 큐: 0건 | 처리중: 4건 | 번들: ID:55698(1건), ID:55700(1건), ID:55701(1건), ID:55704(1건)
[2026-07-14 10:33:51] INFO: [POLLING] 종료 | 큐: 0건 | 번들맵: 4개
[2026-07-14 10:34:01] INFO: [POLLING] 시작 | 큐: 0건 | 처리중: 4건 | 번들: ID:55698(1건), ID:55700(1건), ID:55701(1건), ID:55704(1건)
[2026-07-14 10:34:01] INFO: [POLLING] 종료 | 큐: 0건 | 번들맵: 4개
[2026-07-14 10:34:07] INFO: [REQ] contents=check-event | id=undefined
[2026-07-14 10:34:11] INFO: [POLLING] 시작 | 큐: 0건 | 처리중: 4건 | 번들: ID:55698(1건), ID:55700(1건), ID:55701(1건), ID:55704(1건)
[2026-07-14 10:34:11] INFO: [POLLING] 종료 | 큐: 0건 | 번들맵: 4개
[2026-07-14 10:34:21] INFO: [POLLING] 시작 | 큐: 0건 | 처리중: 4건 | 번들: ID:55698(1건), ID:55700(1건), ID:55701(1건), ID:55704(1건)
[2026-07-14 10:34:21] INFO: [POLLING] 종료 | 큐: 0건 | 번들맵: 4개
[2026-07-14 10:34:31] INFO: [POLLING] 시작 | 큐: 0건 | 처리중: 4건 | 번들: ID:55698(1건), ID:55700(1건), ID:55701(1건), ID:55704(1건)
[2026-07-14 10:34:31] INFO: [POLLING] 종료 | 큐: 0건 | 번들맵: 4개
[2026-07-14 10:34:33] INFO: [REQ] contents=check-event | id=undefined
[2026-07-14 10:34:41] INFO: [POLLING] 시작 | 큐: 0건 | 처리중: 4건 | 번들: ID:55698(1건), ID:55700(1건), ID:55701(1건), ID:55704(1건)
[2026-07-14 10:34:41] INFO: [POLLING] 종료 | 큐: 0건 | 번들맵: 4개
[2026-07-14 10:34:51] INFO: [POLLING] 시작 | 큐: 0건 | 처리중: 4건 | 번들: ID:55698(1건), ID:55700(1건), ID:55701(1건), ID:55704(1건)
[2026-07-14 10:34:51] INFO: [POLLING] 종료 | 큐: 0건 | 번들맵: 4개
[2026-07-14 10:35:01] INFO: [POLLING] 시작 | 큐: 0건 | 처리중: 4건 | 번들: ID:55698(1건), ID:55700(1건), ID:55701(1건), ID:55704(1건)
[2026-07-14 10:35:01] INFO: [POLLING] 종료 | 큐: 0건 | 번들맵: 4개
[2026-07-14 10:35:11] INFO: [POLLING] 시작 | 큐: 0건 | 처리중: 4건 | 번들: ID:55698(1건), ID:55700(1건), ID:55701(1건), ID:55704(1건)
[2026-07-14 10:35:11] INFO: [POLLING] 종료 | 큐: 0건 | 번들맵: 4개
[2026-07-14 10:35:21] INFO: [POLLING] 시작 | 큐: 0건 | 처리중: 4건 | 번들: ID:55698(1건), ID:55700(1건), ID:55701(1건), ID:55704(1건)
[2026-07-14 10:35:21] INFO: [POLLING] 종료 | 큐: 0건 | 번들맵: 4개
[2026-07-14 10:35:31] INFO: [POLLING] 시작 | 큐: 0건 | 처리중: 4건 | 번들: ID:55698(1건), ID:55700(1건), ID:55701(1건), ID:55704(1건)
[2026-07-14 10:35:31] INFO: [POLLING] 종료 | 큐: 0건 | 번들맵: 4개
[2026-07-14 10:35:37] INFO: [REQ] contents=check-event | id=undefined
[2026-07-14 10:35:41] INFO: [POLLING] 시작 | 큐: 0건 | 처리중: 4건 | 번들: ID:55698(1건), ID:55700(1건), ID:55701(1건), ID:55704(1건)
[2026-07-14 10:35:41] INFO: [POLLING] 종료 | 큐: 0건 | 번들맵: 4개
[2026-07-14 10:35:51] INFO: [POLLING] 시작 | 큐: 0건 | 처리중: 4건 | 번들: ID:55698(1건), ID:55700(1건), ID:55701(1건), ID:55704(1건)
[2026-07-14 10:35:51] INFO: [POLLING] 종료 | 큐: 0건 | 번들맵: 4개
[2026-07-14 10:36:01] INFO: [POLLING] 시작 | 큐: 0건 | 처리중: 4건 | 번들: ID:55698(1건), ID:55700(1건), ID:55701(1건), ID:55704(1건)
[2026-07-14 10:36:01] INFO: [POLLING] 종료 | 큐: 0건 | 번들맵: 4개
[2026-07-14 10:36:11] INFO: [POLLING] 시작 | 큐: 0건 | 처리중: 4건 | 번들: ID:55698(1건), ID:55700(1건), ID:55701(1건), ID:55704(1건)
[2026-07-14 10:36:11] INFO: [POLLING] 종료 | 큐: 0건 | 번들맵: 4개
[2026-07-14 10:36:21] INFO: [POLLING] 시작 | 큐: 0건 | 처리중: 4건 | 번들: ID:55698(1건), ID:55700(1건), ID:55701(1건), ID:55704(1건)
[2026-07-14 10:36:21] INFO: [POLLING] 종료 | 큐: 0건 | 번들맵: 4개
[2026-07-14 10:36:23] INFO: [REQ] contents=check-event | id=undefined
[2026-07-14 10:36:31] INFO: [POLLING] 시작 | 큐: 0건 | 처리중: 4건 | 번들: ID:55698(1건), ID:55700(1건), ID:55701(1건), ID:55704(1건)
[2026-07-14 10:36:31] INFO: [POLLING] 종료 | 큐: 0건 | 번들맵: 4개
[2026-07-14 10:36:41] INFO: [POLLING] 시작 | 큐: 0건 | 처리중: 4건 | 번들: ID:55698(1건), ID:55700(1건), ID:55701(1건), ID:55704(1건)
[2026-07-14 10:36:41] INFO: [POLLING] 종료 | 큐: 0건 | 번들맵: 4개
[2026-07-14 10:36:51] INFO: [POLLING] 시작 | 큐: 0건 | 처리중: 4건 | 번들: ID:55698(1건), ID:55700(1건), ID:55701(1건), ID:55704(1건)
[2026-07-14 10:36:51] INFO: [POLLING] 종료 | 큐: 0건 | 번들맵: 4개
[2026-07-14 10:37:01] INFO: [POLLING] 시작 | 큐: 0건 | 처리중: 4건 | 번들: ID:55698(1건), ID:55700(1건), ID:55701(1건), ID:55704(1건)
[2026-07-14 10:37:01] INFO: [POLLING] 종료 | 큐: 0건 | 번들맵: 4개
[2026-07-14 10:37:11] INFO: [POLLING] 시작 | 큐: 0건 | 처리중: 4건 | 번들: ID:55698(1건), ID:55700(1건), ID:55701(1건), ID:55704(1건)
[2026-07-14 10:37:11] INFO: [POLLING] 종료 | 큐: 0건 | 번들맵: 4개
[2026-07-14 10:37:21] INFO: [POLLING] 시작 | 큐: 0건 | 처리중: 4건 | 번들: ID:55698(1건), ID:55700(1건), ID:55701(1건), ID:55704(1건)
[2026-07-14 10:37:21] INFO: [POLLING] 종료 | 큐: 0건 | 번들맵: 4개
[2026-07-14 10:37:27] INFO: [REQ] contents=check-event | id=undefined
[2026-07-14 10:37:31] INFO: [POLLING] 시작 | 큐: 0건 | 처리중: 4건 | 번들: ID:55698(1건), ID:55700(1건), ID:55701(1건), ID:55704(1건)
[2026-07-14 10:37:31] INFO: [POLLING] 종료 | 큐: 0건 | 번들맵: 4개
[2026-07-14 10:37:41] INFO: [POLLING] 시작 | 큐: 0건 | 처리중: 4건 | 번들: ID:55698(1건), ID:55700(1건), ID:55701(1건), ID:55704(1건)
[2026-07-14 10:37:41] INFO: [POLLING] 종료 | 큐: 0건 | 번들맵: 4개
[2026-07-14 10:37:51] INFO: [POLLING] 시작 | 큐: 0건 | 처리중: 4건 | 번들: ID:55698(1건), ID:55700(1건), ID:55701(1건), ID:55704(1건)
[2026-07-14 10:37:51] INFO: [POLLING] 종료 | 큐: 0건 | 번들맵: 4개
[2026-07-14 10:38:01] INFO: [POLLING] 시작 | 큐: 0건 | 처리중: 4건 | 번들: ID:55698(1건), ID:55700(1건), ID:55701(1건), ID:55704(1건)
[2026-07-14 10:38:01] INFO: [POLLING] 종료 | 큐: 0건 | 번들맵: 4개
[2026-07-14 10:38:04] INFO: [REQ] contents=check-event | id=undefined
[2026-07-14 10:38:11] INFO: [POLLING] 시작 | 큐: 0건 | 처리중: 4건 | 번들: ID:55698(1건), ID:55700(1건), ID:55701(1건), ID:55704(1건)
[2026-07-14 10:38:11] INFO: [POLLING] 종료 | 큐: 0건 | 번들맵: 4개
[2026-07-14 10:38:21] INFO: [POLLING] 시작 | 큐: 0건 | 처리중: 4건 | 번들: ID:55698(1건), ID:55700(1건), ID:55701(1건), ID:55704(1건)
[2026-07-14 10:38:21] INFO: [POLLING] 종료 | 큐: 0건 | 번들맵: 4개
[2026-07-14 10:38:31] INFO: [POLLING] 시작 | 큐: 0건 | 처리중: 4건 | 번들: ID:55698(1건), ID:55700(1건), ID:55701(1건), ID:55704(1건)
[2026-07-14 10:38:31] INFO: [POLLING] 종료 | 큐: 0건 | 번들맵: 4개
[2026-07-14 10:38:41] INFO: [POLLING] 시작 | 큐: 0건 | 처리중: 4건 | 번들: ID:55698(1건), ID:55700(1건), ID:55701(1건), ID:55704(1건)
[2026-07-14 10:38:41] INFO: [POLLING] 종료 | 큐: 0건 | 번들맵: 4개
[2026-07-14 10:38:51] INFO: [POLLING] 시작 | 큐: 0건 | 처리중: 4건 | 번들: ID:55698(1건), ID:55700(1건), ID:55701(1건), ID:55704(1건)
[2026-07-14 10:38:51] INFO: [POLLING] 종료 | 큐: 0건 | 번들맵: 4개
[2026-07-14 10:39:01] INFO: [POLLING] 시작 | 큐: 0건 | 처리중: 4건 | 번들: ID:55698(1건), ID:55700(1건), ID:55701(1건), ID:55704(1건)
[2026-07-14 10:39:01] INFO: [POLLING] 종료 | 큐: 0건 | 번들맵: 4개
[2026-07-14 10:39:07] INFO: [REQ] contents=check-event | id=undefined
[2026-07-14 10:39:11] INFO: [POLLING] 시작 | 큐: 0건 | 처리중: 4건 | 번들: ID:55698(1건), ID:55700(1건), ID:55701(1건), ID:55704(1건)
[2026-07-14 10:39:11] INFO: [POLLING] 종료 | 큐: 0건 | 번들맵: 4개
[2026-07-14 10:39:21] INFO: [POLLING] 시작 | 큐: 0건 | 처리중: 4건 | 번들: ID:55698(1건), ID:55700(1건), ID:55701(1건), ID:55704(1건)
[2026-07-14 10:39:21] INFO: [POLLING] 종료 | 큐: 0건 | 번들맵: 4개
[2026-07-14 10:39:31] INFO: [POLLING] 시작 | 큐: 0건 | 처리중: 4건 | 번들: ID:55698(1건), ID:55700(1건), ID:55701(1건), ID:55704(1건)
[2026-07-14 10:39:31] INFO: [POLLING] 종료 | 큐: 0건 | 번들맵: 4개
[2026-07-14 10:39:34] INFO: [REQ] contents=check-event | id=undefined
[2026-07-14 10:39:41] INFO: [POLLING] 시작 | 큐: 0건 | 처리중: 4건 | 번들: ID:55698(1건), ID:55700(1건), ID:55701(1건), ID:55704(1건)
[2026-07-14 10:39:41] INFO: [POLLING] 종료 | 큐: 0건 | 번들맵: 4개
[2026-07-14 10:39:51] INFO: [POLLING] 시작 | 큐: 0건 | 처리중: 4건 | 번들: ID:55698(1건), ID:55700(1건), ID:55701(1건), ID:55704(1건)
[2026-07-14 10:39:51] INFO: [POLLING] 종료 | 큐: 0건 | 번들맵: 4개
[2026-07-14 10:40:01] INFO: [POLLING] 시작 | 큐: 0건 | 처리중: 4건 | 번들: ID:55698(1건), ID:55700(1건), ID:55701(1건), ID:55704(1건)
[2026-07-14 10:40:01] INFO: [POLLING] 종료 | 큐: 0건 | 번들맵: 4개
[2026-07-14 10:40:11] INFO: [POLLING] 시작 | 큐: 0건 | 처리중: 4건 | 번들: ID:55698(1건), ID:55700(1건), ID:55701(1건), ID:55704(1건)
[2026-07-14 10:40:11] INFO: [POLLING] 종료 | 큐: 0건 | 번들맵: 4개
[2026-07-14 10:40:21] INFO: [POLLING] 시작 | 큐: 0건 | 처리중: 4건 | 번들: ID:55698(1건), ID:55700(1건), ID:55701(1건), ID:55704(1건)
[2026-07-14 10:40:21] INFO: [POLLING] 종료 | 큐: 0건 | 번들맵: 4개
[2026-07-14 10:40:31] INFO: [POLLING] 시작 | 큐: 0건 | 처리중: 4건 | 번들: ID:55698(1건), ID:55700(1건), ID:55701(1건), ID:55704(1건)
[2026-07-14 10:40:31] INFO: [POLLING] 종료 | 큐: 0건 | 번들맵: 4개
[2026-07-14 10:40:37] INFO: [REQ] contents=check-event | id=undefined
[2026-07-14 10:40:41] INFO: [POLLING] 시작 | 큐: 0건 | 처리중: 4건 | 번들: ID:55698(1건), ID:55700(1건), ID:55701(1건), ID:55704(1건)
[2026-07-14 10:40:41] INFO: [POLLING] 종료 | 큐: 0건 | 번들맵: 4개
[2026-07-14 10:40:51] INFO: [POLLING] 시작 | 큐: 0건 | 처리중: 4건 | 번들: ID:55698(1건), ID:55700(1건), ID:55701(1건), ID:55704(1건)
[2026-07-14 10:40:51] INFO: [POLLING] 종료 | 큐: 0건 | 번들맵: 4개
[2026-07-14 10:41:01] INFO: [POLLING] 시작 | 큐: 0건 | 처리중: 4건 | 번들: ID:55698(1건), ID:55700(1건), ID:55701(1건), ID:55704(1건)
[2026-07-14 10:41:01] INFO: [POLLING] 종료 | 큐: 0건 | 번들맵: 4개
[2026-07-14 10:41:11] INFO: [POLLING] 시작 | 큐: 0건 | 처리중: 4건 | 번들: ID:55698(1건), ID:55700(1건), ID:55701(1건), ID:55704(1건)
[2026-07-14 10:41:11] INFO: [POLLING] 종료 | 큐: 0건 | 번들맵: 4개
[2026-07-14 10:41:21] INFO: [POLLING] 시작 | 큐: 0건 | 처리중: 4건 | 번들: ID:55698(1건), ID:55700(1건), ID:55701(1건), ID:55704(1건)
[2026-07-14 10:41:21] INFO: [POLLING] 종료 | 큐: 0건 | 번들맵: 4개
[2026-07-14 10:41:24] INFO: [REQ] contents=check-event | id=undefined
[2026-07-14 10:41:31] INFO: [POLLING] 시작 | 큐: 0건 | 처리중: 4건 | 번들: ID:55698(1건), ID:55700(1건), ID:55701(1건), ID:55704(1건)
[2026-07-14 10:41:31] INFO: [POLLING] 종료 | 큐: 0건 | 번들맵: 4개
[2026-07-14 10:41:41] INFO: [POLLING] 시작 | 큐: 0건 | 처리중: 4건 | 번들: ID:55698(1건), ID:55700(1건), ID:55701(1건), ID:55704(1건)
[2026-07-14 10:41:41] INFO: [POLLING] 종료 | 큐: 0건 | 번들맵: 4개
[2026-07-14 10:41:51] INFO: [POLLING] 시작 | 큐: 0건 | 처리중: 4건 | 번들: ID:55698(1건), ID:55700(1건), ID:55701(1건), ID:55704(1건)
[2026-07-14 10:41:51] INFO: [POLLING] 종료 | 큐: 0건 | 번들맵: 4개
[2026-07-14 10:42:01] INFO: [POLLING] 시작 | 큐: 0건 | 처리중: 4건 | 번들: ID:55698(1건), ID:55700(1건), ID:55701(1건), ID:55704(1건)
[2026-07-14 10:42:01] INFO: [POLLING] 종료 | 큐: 0건 | 번들맵: 4개
[2026-07-14 10:42:11] INFO: [POLLING] 시작 | 큐: 0건 | 처리중: 4건 | 번들: ID:55698(1건), ID:55700(1건), ID:55701(1건), ID:55704(1건)
[2026-07-14 10:42:11] INFO: [POLLING] 종료 | 큐: 0건 | 번들맵: 4개
[2026-07-14 10:42:21] INFO: [POLLING] 시작 | 큐: 0건 | 처리중: 4건 | 번들: ID:55698(1건), ID:55700(1건), ID:55701(1건), ID:55704(1건)
[2026-07-14 10:42:21] INFO: [POLLING] 종료 | 큐: 0건 | 번들맵: 4개
[2026-07-14 10:42:27] INFO: [REQ] contents=check-event | id=undefined
[2026-07-14 10:42:31] INFO: [POLLING] 시작 | 큐: 0건 | 처리중: 4건 | 번들: ID:55698(1건), ID:55700(1건), ID:55701(1건), ID:55704(1건)
[2026-07-14 10:42:31] INFO: [POLLING] 종료 | 큐: 0건 | 번들맵: 4개
[2026-07-14 10:42:41] INFO: [POLLING] 시작 | 큐: 0건 | 처리중: 4건 | 번들: ID:55698(1건), ID:55700(1건), ID:55701(1건), ID:55704(1건)
[2026-07-14 10:42:41] INFO: [POLLING] 종료 | 큐: 0건 | 번들맵: 4개
[2026-07-14 10:42:51] INFO: [POLLING] 시작 | 큐: 0건 | 처리중: 4건 | 번들: ID:55698(1건), ID:55700(1건), ID:55701(1건), ID:55704(1건)
[2026-07-14 10:42:51] INFO: [POLLING] 종료 | 큐: 0건 | 번들맵: 4개
[2026-07-14 10:43:01] INFO: [POLLING] 시작 | 큐: 0건 | 처리중: 4건 | 번들: ID:55698(1건), ID:55700(1건), ID:55701(1건), ID:55704(1건)
[2026-07-14 10:43:01] INFO: [POLLING] 종료 | 큐: 0건 | 번들맵: 4개
[2026-07-14 10:43:04] INFO: [REQ] contents=check-event | id=undefined
[2026-07-14 10:43:11] INFO: [POLLING] 시작 | 큐: 0건 | 처리중: 4건 | 번들: ID:55698(1건), ID:55700(1건), ID:55701(1건), ID:55704(1건)
[2026-07-14 10:43:11] INFO: [POLLING] 종료 | 큐: 0건 | 번들맵: 4개
[2026-07-14 10:43:21] INFO: [POLLING] 시작 | 큐: 0건 | 처리중: 4건 | 번들: ID:55698(1건), ID:55700(1건), ID:55701(1건), ID:55704(1건)
[2026-07-14 10:43:21] INFO: [POLLING] 종료 | 큐: 0건 | 번들맵: 4개
[2026-07-14 10:43:31] INFO: [POLLING] 시작 | 큐: 0건 | 처리중: 4건 | 번들: ID:55698(1건), ID:55700(1건), ID:55701(1건), ID:55704(1건)
[2026-07-14 10:43:31] INFO: [POLLING] 종료 | 큐: 0건 | 번들맵: 4개
[2026-07-14 10:43:41] INFO: [POLLING] 시작 | 큐: 0건 | 처리중: 4건 | 번들: ID:55698(1건), ID:55700(1건), ID:55701(1건), ID:55704(1건)
[2026-07-14 10:43:41] INFO: [POLLING] 종료 | 큐: 0건 | 번들맵: 4개
[2026-07-14 10:43:51] INFO: [POLLING] 시작 | 큐: 0건 | 처리중: 4건 | 번들: ID:55698(1건), ID:55700(1건), ID:55701(1건), ID:55704(1건)
[2026-07-14 10:43:51] INFO: [POLLING] 종료 | 큐: 0건 | 번들맵: 4개
[2026-07-14 10:44:01] INFO: [POLLING] 시작 | 큐: 0건 | 처리중: 4건 | 번들: ID:55698(1건), ID:55700(1건), ID:55701(1건), ID:55704(1건)
[2026-07-14 10:44:01] INFO: [POLLING] 종료 | 큐: 0건 | 번들맵: 4개
[2026-07-14 10:44:08] INFO: [REQ] contents=check-event | id=undefined
[2026-07-14 10:44:11] INFO: [POLLING] 시작 | 큐: 0건 | 처리중: 4건 | 번들: ID:55698(1건), ID:55700(1건), ID:55701(1건), ID:55704(1건)
[2026-07-14 10:44:11] INFO: [POLLING] 종료 | 큐: 0건 | 번들맵: 4개
[2026-07-14 10:44:21] INFO: [POLLING] 시작 | 큐: 0건 | 처리중: 4건 | 번들: ID:55698(1건), ID:55700(1건), ID:55701(1건), ID:55704(1건)
[2026-07-14 10:44:21] INFO: [POLLING] 종료 | 큐: 0건 | 번들맵: 4개
[2026-07-14 10:44:31] INFO: [POLLING] 시작 | 큐: 0건 | 처리중: 4건 | 번들: ID:55698(1건), ID:55700(1건), ID:55701(1건), ID:55704(1건)
[2026-07-14 10:44:31] INFO: [POLLING] 종료 | 큐: 0건 | 번들맵: 4개
[2026-07-14 10:44:34] INFO: [REQ] contents=check-event | id=undefined
[2026-07-14 10:44:41] INFO: [POLLING] 시작 | 큐: 0건 | 처리중: 4건 | 번들: ID:55698(1건), ID:55700(1건), ID:55701(1건), ID:55704(1건)
[2026-07-14 10:44:41] INFO: [POLLING] 종료 | 큐: 0건 | 번들맵: 4개
[2026-07-14 10:44:51] INFO: [POLLING] 시작 | 큐: 0건 | 처리중: 4건 | 번들: ID:55698(1건), ID:55700(1건), ID:55701(1건), ID:55704(1건)
[2026-07-14 10:44:51] INFO: [POLLING] 종료 | 큐: 0건 | 번들맵: 4개
[2026-07-14 10:45:01] INFO: [POLLING] 시작 | 큐: 0건 | 처리중: 4건 | 번들: ID:55698(1건), ID:55700(1건), ID:55701(1건), ID:55704(1건)
[2026-07-14 10:45:01] INFO: [POLLING] 종료 | 큐: 0건 | 번들맵: 4개
[2026-07-14 10:45:11] INFO: [POLLING] 시작 | 큐: 0건 | 처리중: 4건 | 번들: ID:55698(1건), ID:55700(1건), ID:55701(1건), ID:55704(1건)
[2026-07-14 10:45:11] INFO: [POLLING] 종료 | 큐: 0건 | 번들맵: 4개
[2026-07-14 10:45:21] INFO: [POLLING] 시작 | 큐: 0건 | 처리중: 4건 | 번들: ID:55698(1건), ID:55700(1건), ID:55701(1건), ID:55704(1건)
[2026-07-14 10:45:22] INFO: [POLLING] 종료 | 큐: 0건 | 번들맵: 4개
[2026-07-14 10:45:31] INFO: [POLLING] 시작 | 큐: 0건 | 처리중: 4건 | 번들: ID:55698(1건), ID:55700(1건), ID:55701(1건), ID:55704(1건)
[2026-07-14 10:45:32] INFO: [POLLING] 종료 | 큐: 0건 | 번들맵: 4개
[2026-07-14 10:45:38] INFO: [REQ] contents=check-event | id=undefined
[2026-07-14 10:45:41] INFO: [POLLING] 시작 | 큐: 0건 | 처리중: 4건 | 번들: ID:55698(1건), ID:55700(1건), ID:55701(1건), ID:55704(1건)
[2026-07-14 10:45:42] INFO: [POLLING] 종료 | 큐: 0건 | 번들맵: 4개
[2026-07-14 10:45:51] INFO: [POLLING] 시작 | 큐: 0건 | 처리중: 4건 | 번들: ID:55698(1건), ID:55700(1건), ID:55701(1건), ID:55704(1건)
[2026-07-14 10:45:52] INFO: [POLLING] 종료 | 큐: 0건 | 번들맵: 4개
[2026-07-14 10:46:01] INFO: [POLLING] 시작 | 큐: 0건 | 처리중: 4건 | 번들: ID:55698(1건), ID:55700(1건), ID:55701(1건), ID:55704(1건)
[2026-07-14 10:46:02] INFO: [POLLING] 종료 | 큐: 0건 | 번들맵: 4개
[2026-07-14 10:46:11] INFO: [POLLING] 시작 | 큐: 0건 | 처리중: 4건 | 번들: ID:55698(1건), ID:55700(1건), ID:55701(1건), ID:55704(1건)
[2026-07-14 10:46:12] INFO: [POLLING] 종료 | 큐: 0건 | 번들맵: 4개
[2026-07-14 10:46:21] INFO: [POLLING] 시작 | 큐: 0건 | 처리중: 4건 | 번들: ID:55698(1건), ID:55700(1건), ID:55701(1건), ID:55704(1건)
[2026-07-14 10:46:22] INFO: [POLLING] 종료 | 큐: 0건 | 번들맵: 4개
[2026-07-14 10:46:24] INFO: [REQ] contents=check-event | id=undefined
[2026-07-14 10:46:32] INFO: [POLLING] 시작 | 큐: 0건 | 처리중: 4건 | 번들: ID:55698(1건), ID:55700(1건), ID:55701(1건), ID:55704(1건)
[2026-07-14 10:46:32] INFO: [POLLING] 종료 | 큐: 0건 | 번들맵: 4개
[2026-07-14 10:46:42] INFO: [POLLING] 시작 | 큐: 0건 | 처리중: 4건 | 번들: ID:55698(1건), ID:55700(1건), ID:55701(1건), ID:55704(1건)
[2026-07-14 10:46:42] INFO: [POLLING] 종료 | 큐: 0건 | 번들맵: 4개
[2026-07-14 10:46:52] INFO: [POLLING] 시작 | 큐: 0건 | 처리중: 4건 | 번들: ID:55698(1건), ID:55700(1건), ID:55701(1건), ID:55704(1건)
[2026-07-14 10:46:52] INFO: [POLLING] 종료 | 큐: 0건 | 번들맵: 4개
[2026-07-14 10:47:02] INFO: [POLLING] 시작 | 큐: 0건 | 처리중: 4건 | 번들: ID:55698(1건), ID:55700(1건), ID:55701(1건), ID:55704(1건)
[2026-07-14 10:47:02] INFO: [POLLING] 종료 | 큐: 0건 | 번들맵: 4개
[2026-07-14 10:47:12] INFO: [POLLING] 시작 | 큐: 0건 | 처리중: 4건 | 번들: ID:55698(1건), ID:55700(1건), ID:55701(1건), ID:55704(1건)
[2026-07-14 10:47:12] INFO: [POLLING] 종료 | 큐: 0건 | 번들맵: 4개
[2026-07-14 10:47:22] INFO: [POLLING] 시작 | 큐: 0건 | 처리중: 4건 | 번들: ID:55698(1건), ID:55700(1건), ID:55701(1건), ID:55704(1건)
[2026-07-14 10:47:22] INFO: [POLLING] 종료 | 큐: 0건 | 번들맵: 4개
[2026-07-14 10:47:28] INFO: [REQ] contents=check-event | id=undefined
[2026-07-14 10:47:32] INFO: [POLLING] 시작 | 큐: 0건 | 처리중: 4건 | 번들: ID:55698(1건), ID:55700(1건), ID:55701(1건), ID:55704(1건)
[2026-07-14 10:47:32] INFO: [POLLING] 종료 | 큐: 0건 | 번들맵: 4개
[2026-07-14 10:47:42] INFO: [POLLING] 시작 | 큐: 0건 | 처리중: 4건 | 번들: ID:55698(1건), ID:55700(1건), ID:55701(1건), ID:55704(1건)
[2026-07-14 10:47:42] INFO: [POLLING] 종료 | 큐: 0건 | 번들맵: 4개
[2026-07-14 10:47:52] INFO: [POLLING] 시작 | 큐: 0건 | 처리중: 4건 | 번들: ID:55698(1건), ID:55700(1건), ID:55701(1건), ID:55704(1건)
[2026-07-14 10:47:52] INFO: [POLLING] 종료 | 큐: 0건 | 번들맵: 4개
[2026-07-14 10:48:02] INFO: [POLLING] 시작 | 큐: 0건 | 처리중: 4건 | 번들: ID:55698(1건), ID:55700(1건), ID:55701(1건), ID:55704(1건)
[2026-07-14 10:48:02] INFO: [POLLING] 종료 | 큐: 0건 | 번들맵: 4개
[2026-07-14 10:48:05] INFO: [REQ] contents=check-event | id=undefined
[2026-07-14 10:48:12] INFO: [POLLING] 시작 | 큐: 0건 | 처리중: 4건 | 번들: ID:55698(1건), ID:55700(1건), ID:55701(1건), ID:55704(1건)
[2026-07-14 10:48:12] INFO: [POLLING] 종료 | 큐: 0건 | 번들맵: 4개
[2026-07-14 10:48:22] INFO: [POLLING] 시작 | 큐: 0건 | 처리중: 4건 | 번들: ID:55698(1건), ID:55700(1건), ID:55701(1건), ID:55704(1건)
[2026-07-14 10:48:22] INFO: [POLLING] 종료 | 큐: 0건 | 번들맵: 4개
[2026-07-14 10:48:32] INFO: [POLLING] 시작 | 큐: 0건 | 처리중: 4건 | 번들: ID:55698(1건), ID:55700(1건), ID:55701(1건), ID:55704(1건)
[2026-07-14 10:48:32] INFO: [POLLING] 종료 | 큐: 0건 | 번들맵: 4개
[2026-07-14 10:48:42] INFO: [POLLING] 시작 | 큐: 0건 | 처리중: 4건 | 번들: ID:55698(1건), ID:55700(1건), ID:55701(1건), ID:55704(1건)
[2026-07-14 10:48:42] INFO: [POLLING] 종료 | 큐: 0건 | 번들맵: 4개
[2026-07-14 10:48:52] INFO: [POLLING] 시작 | 큐: 0건 | 처리중: 4건 | 번들: ID:55698(1건), ID:55700(1건), ID:55701(1건), ID:55704(1건)
[2026-07-14 10:48:52] INFO: [POLLING] 종료 | 큐: 0건 | 번들맵: 4개
[2026-07-14 10:49:02] INFO: [POLLING] 시작 | 큐: 0건 | 처리중: 4건 | 번들: ID:55698(1건), ID:55700(1건), ID:55701(1건), ID:55704(1건)
[2026-07-14 10:49:02] INFO: [POLLING] 종료 | 큐: 0건 | 번들맵: 4개
[2026-07-14 10:49:08] INFO: [REQ] contents=check-event | id=undefined
[2026-07-14 10:49:12] INFO: [POLLING] 시작 | 큐: 0건 | 처리중: 4건 | 번들: ID:55698(1건), ID:55700(1건), ID:55701(1건), ID:55704(1건)
[2026-07-14 10:49:12] INFO: [POLLING] 종료 | 큐: 0건 | 번들맵: 4개
[2026-07-14 10:49:22] INFO: [POLLING] 시작 | 큐: 0건 | 처리중: 4건 | 번들: ID:55698(1건), ID:55700(1건), ID:55701(1건), ID:55704(1건)
[2026-07-14 10:49:22] INFO: [POLLING] 종료 | 큐: 0건 | 번들맵: 4개
[2026-07-14 10:49:32] INFO: [POLLING] 시작 | 큐: 0건 | 처리중: 4건 | 번들: ID:55698(1건), ID:55700(1건), ID:55701(1건), ID:55704(1건)
[2026-07-14 10:49:32] INFO: [POLLING] 종료 | 큐: 0건 | 번들맵: 4개
[2026-07-14 10:49:35] INFO: [REQ] contents=check-event | id=undefined
[2026-07-14 10:49:42] INFO: [POLLING] 시작 | 큐: 0건 | 처리중: 4건 | 번들: ID:55698(1건), ID:55700(1건), ID:55701(1건), ID:55704(1건)
[2026-07-14 10:49:42] INFO: [POLLING] 종료 | 큐: 0건 | 번들맵: 4개
[2026-07-14 10:49:52] INFO: [POLLING] 시작 | 큐: 0건 | 처리중: 4건 | 번들: ID:55698(1건), ID:55700(1건), ID:55701(1건), ID:55704(1건)
[2026-07-14 10:49:52] INFO: [POLLING] 종료 | 큐: 0건 | 번들맵: 4개
[2026-07-14 10:50:02] INFO: [POLLING] 시작 | 큐: 0건 | 처리중: 4건 | 번들: ID:55698(1건), ID:55700(1건), ID:55701(1건), ID:55704(1건)
[2026-07-14 10:50:02] INFO: [POLLING] 종료 | 큐: 0건 | 번들맵: 4개
[2026-07-14 10:50:12] INFO: [POLLING] 시작 | 큐: 0건 | 처리중: 4건 | 번들: ID:55698(1건), ID:55700(1건), ID:55701(1건), ID:55704(1건)
[2026-07-14 10:50:12] INFO: [POLLING] 종료 | 큐: 0건 | 번들맵: 4개
[2026-07-14 10:50:22] INFO: [POLLING] 시작 | 큐: 0건 | 처리중: 4건 | 번들: ID:55698(1건), ID:55700(1건), ID:55701(1건), ID:55704(1건)
[2026-07-14 10:50:22] INFO: [POLLING] 종료 | 큐: 0건 | 번들맵: 4개
[2026-07-14 10:50:32] INFO: [POLLING] 시작 | 큐: 0건 | 처리중: 4건 | 번들: ID:55698(1건), ID:55700(1건), ID:55701(1건), ID:55704(1건)
[2026-07-14 10:50:32] INFO: [POLLING] 종료 | 큐: 0건 | 번들맵: 4개
[2026-07-14 10:50:38] INFO: [REQ] contents=check-event | id=undefined
[2026-07-14 10:50:42] INFO: [POLLING] 시작 | 큐: 0건 | 처리중: 4건 | 번들: ID:55698(1건), ID:55700(1건), ID:55701(1건), ID:55704(1건)
[2026-07-14 10:50:42] INFO: [POLLING] 종료 | 큐: 0건 | 번들맵: 4개
[2026-07-14 10:50:52] INFO: [POLLING] 시작 | 큐: 0건 | 처리중: 4건 | 번들: ID:55698(1건), ID:55700(1건), ID:55701(1건), ID:55704(1건)
[2026-07-14 10:50:52] INFO: [POLLING] 종료 | 큐: 0건 | 번들맵: 4개
[2026-07-14 10:51:02] INFO: [POLLING] 시작 | 큐: 0건 | 처리중: 4건 | 번들: ID:55698(1건), ID:55700(1건), ID:55701(1건), ID:55704(1건)
[2026-07-14 10:51:02] INFO: [POLLING] 종료 | 큐: 0건 | 번들맵: 4개
[2026-07-14 10:51:12] INFO: [POLLING] 시작 | 큐: 0건 | 처리중: 4건 | 번들: ID:55698(1건), ID:55700(1건), ID:55701(1건), ID:55704(1건)
[2026-07-14 10:51:12] INFO: [POLLING] 종료 | 큐: 0건 | 번들맵: 4개
[2026-07-14 10:51:22] INFO: [POLLING] 시작 | 큐: 0건 | 처리중: 4건 | 번들: ID:55698(1건), ID:55700(1건), ID:55701(1건), ID:55704(1건)
[2026-07-14 10:51:22] INFO: [POLLING] 종료 | 큐: 0건 | 번들맵: 4개
[2026-07-14 10:51:25] INFO: [REQ] contents=check-event | id=undefined
[2026-07-14 10:51:32] INFO: [POLLING] 시작 | 큐: 0건 | 처리중: 4건 | 번들: ID:55698(1건), ID:55700(1건), ID:55701(1건), ID:55704(1건)
[2026-07-14 10:51:32] INFO: [POLLING] 종료 | 큐: 0건 | 번들맵: 4개
[2026-07-14 10:51:42] INFO: [POLLING] 시작 | 큐: 0건 | 처리중: 4건 | 번들: ID:55698(1건), ID:55700(1건), ID:55701(1건), ID:55704(1건)
[2026-07-14 10:51:42] INFO: [POLLING] 종료 | 큐: 0건 | 번들맵: 4개
[2026-07-14 10:51:52] INFO: [POLLING] 시작 | 큐: 0건 | 처리중: 4건 | 번들: ID:55698(1건), ID:55700(1건), ID:55701(1건), ID:55704(1건)
[2026-07-14 10:51:52] INFO: [POLLING] 종료 | 큐: 0건 | 번들맵: 4개
[2026-07-14 10:52:02] INFO: [POLLING] 시작 | 큐: 0건 | 처리중: 4건 | 번들: ID:55698(1건), ID:55700(1건), ID:55701(1건), ID:55704(1건)
[2026-07-14 10:52:02] INFO: [POLLING] 종료 | 큐: 0건 | 번들맵: 4개
[2026-07-14 10:52:12] INFO: [POLLING] 시작 | 큐: 0건 | 처리중: 4건 | 번들: ID:55698(1건), ID:55700(1건), ID:55701(1건), ID:55704(1건)
[2026-07-14 10:52:12] INFO: [POLLING] 종료 | 큐: 0건 | 번들맵: 4개
[2026-07-14 10:52:22] INFO: [POLLING] 시작 | 큐: 0건 | 처리중: 4건 | 번들: ID:55698(1건), ID:55700(1건), ID:55701(1건), ID:55704(1건)
[2026-07-14 10:52:22] INFO: [POLLING] 종료 | 큐: 0건 | 번들맵: 4개
[2026-07-14 10:52:28] INFO: [REQ] contents=check-event | id=undefined
[2026-07-14 10:52:32] INFO: [POLLING] 시작 | 큐: 0건 | 처리중: 4건 | 번들: ID:55698(1건), ID:55700(1건), ID:55701(1건), ID:55704(1건)
[2026-07-14 10:52:32] INFO: [POLLING] 종료 | 큐: 0건 | 번들맵: 4개
[2026-07-14 10:52:42] INFO: [POLLING] 시작 | 큐: 0건 | 처리중: 4건 | 번들: ID:55698(1건), ID:55700(1건), ID:55701(1건), ID:55704(1건)
[2026-07-14 10:52:42] INFO: [POLLING] 종료 | 큐: 0건 | 번들맵: 4개
[2026-07-14 10:52:52] INFO: [POLLING] 시작 | 큐: 0건 | 처리중: 4건 | 번들: ID:55698(1건), ID:55700(1건), ID:55701(1건), ID:55704(1건)
[2026-07-14 10:52:52] INFO: [POLLING] 종료 | 큐: 0건 | 번들맵: 4개
[2026-07-14 10:53:02] INFO: [POLLING] 시작 | 큐: 0건 | 처리중: 4건 | 번들: ID:55698(1건), ID:55700(1건), ID:55701(1건), ID:55704(1건)
[2026-07-14 10:53:02] INFO: [POLLING] 종료 | 큐: 0건 | 번들맵: 4개
[2026-07-14 10:53:05] INFO: [REQ] contents=check-event | id=undefined
[2026-07-14 10:53:12] INFO: [POLLING] 시작 | 큐: 0건 | 처리중: 4건 | 번들: ID:55698(1건), ID:55700(1건), ID:55701(1건), ID:55704(1건)
[2026-07-14 10:53:12] INFO: [POLLING] 종료 | 큐: 0건 | 번들맵: 4개
[2026-07-14 10:53:22] INFO: [POLLING] 시작 | 큐: 0건 | 처리중: 4건 | 번들: ID:55698(1건), ID:55700(1건), ID:55701(1건), ID:55704(1건)
[2026-07-14 10:53:22] INFO: [POLLING] 종료 | 큐: 0건 | 번들맵: 4개
[2026-07-14 10:53:32] INFO: [POLLING] 시작 | 큐: 0건 | 처리중: 4건 | 번들: ID:55698(1건), ID:55700(1건), ID:55701(1건), ID:55704(1건)
[2026-07-14 10:53:32] INFO: [POLLING] 종료 | 큐: 0건 | 번들맵: 4개
[2026-07-14 10:53:42] INFO: [POLLING] 시작 | 큐: 0건 | 처리중: 4건 | 번들: ID:55698(1건), ID:55700(1건), ID:55701(1건), ID:55704(1건)
[2026-07-14 10:53:42] INFO: [POLLING] 종료 | 큐: 0건 | 번들맵: 4개
[2026-07-14 10:53:52] INFO: [POLLING] 시작 | 큐: 0건 | 처리중: 4건 | 번들: ID:55698(1건), ID:55700(1건), ID:55701(1건), ID:55704(1건)
[2026-07-14 10:53:52] INFO: [POLLING] 종료 | 큐: 0건 | 번들맵: 4개
[2026-07-14 10:54:02] INFO: [POLLING] 시작 | 큐: 0건 | 처리중: 4건 | 번들: ID:55698(1건), ID:55700(1건), ID:55701(1건), ID:55704(1건)
[2026-07-14 10:54:02] INFO: [POLLING] 종료 | 큐: 0건 | 번들맵: 4개
[2026-07-14 10:54:09] INFO: [REQ] contents=check-event | id=undefined
[2026-07-14 10:54:12] INFO: [POLLING] 시작 | 큐: 0건 | 처리중: 4건 | 번들: ID:55698(1건), ID:55700(1건), ID:55701(1건), ID:55704(1건)
[2026-07-14 10:54:12] INFO: [POLLING] 종료 | 큐: 0건 | 번들맵: 4개
[2026-07-14 10:54:22] INFO: [POLLING] 시작 | 큐: 0건 | 처리중: 4건 | 번들: ID:55698(1건), ID:55700(1건), ID:55701(1건), ID:55704(1건)
[2026-07-14 10:54:22] INFO: [POLLING] 종료 | 큐: 0건 | 번들맵: 4개
[2026-07-14 10:54:32] INFO: [POLLING] 시작 | 큐: 0건 | 처리중: 4건 | 번들: ID:55698(1건), ID:55700(1건), ID:55701(1건), ID:55704(1건)
[2026-07-14 10:54:32] INFO: [POLLING] 종료 | 큐: 0건 | 번들맵: 4개
[2026-07-14 10:54:35] INFO: [REQ] contents=check-event | id=undefined
[2026-07-14 10:54:42] INFO: [POLLING] 시작 | 큐: 0건 | 처리중: 4건 | 번들: ID:55698(1건), ID:55700(1건), ID:55701(1건), ID:55704(1건)
[2026-07-14 10:54:42] INFO: [POLLING] 종료 | 큐: 0건 | 번들맵: 4개
[2026-07-14 10:54:52] INFO: [POLLING] 시작 | 큐: 0건 | 처리중: 4건 | 번들: ID:55698(1건), ID:55700(1건), ID:55701(1건), ID:55704(1건)
[2026-07-14 10:54:52] INFO: [POLLING] 종료 | 큐: 0건 | 번들맵: 4개
[2026-07-14 10:55:02] INFO: [POLLING] 시작 | 큐: 0건 | 처리중: 4건 | 번들: ID:55698(1건), ID:55700(1건), ID:55701(1건), ID:55704(1건)
[2026-07-14 10:55:02] INFO: [POLLING] 종료 | 큐: 0건 | 번들맵: 4개
[2026-07-14 10:55:12] INFO: [POLLING] 시작 | 큐: 0건 | 처리중: 4건 | 번들: ID:55698(1건), ID:55700(1건), ID:55701(1건), ID:55704(1건)
[2026-07-14 10:55:12] INFO: [POLLING] 종료 | 큐: 0건 | 번들맵: 4개
[2026-07-14 10:55:22] INFO: [POLLING] 시작 | 큐: 0건 | 처리중: 4건 | 번들: ID:55698(1건), ID:55700(1건), ID:55701(1건), ID:55704(1건)
[2026-07-14 10:55:22] INFO: [POLLING] 종료 | 큐: 0건 | 번들맵: 4개
[2026-07-14 10:55:32] INFO: [POLLING] 시작 | 큐: 0건 | 처리중: 4건 | 번들: ID:55698(1건), ID:55700(1건), ID:55701(1건), ID:55704(1건)
[2026-07-14 10:55:32] INFO: [POLLING] 종료 | 큐: 0건 | 번들맵: 4개
[2026-07-14 10:55:39] INFO: [REQ] contents=check-event | id=undefined
[2026-07-14 10:55:42] INFO: [POLLING] 시작 | 큐: 0건 | 처리중: 4건 | 번들: ID:55698(1건), ID:55700(1건), ID:55701(1건), ID:55704(1건)
[2026-07-14 10:55:42] INFO: [POLLING] 종료 | 큐: 0건 | 번들맵: 4개
[2026-07-14 10:55:52] INFO: [POLLING] 시작 | 큐: 0건 | 처리중: 4건 | 번들: ID:55698(1건), ID:55700(1건), ID:55701(1건), ID:55704(1건)
[2026-07-14 10:55:52] INFO: [POLLING] 종료 | 큐: 0건 | 번들맵: 4개
[2026-07-14 10:56:02] INFO: [POLLING] 시작 | 큐: 0건 | 처리중: 4건 | 번들: ID:55698(1건), ID:55700(1건), ID:55701(1건), ID:55704(1건)
[2026-07-14 10:56:02] INFO: [POLLING] 종료 | 큐: 0건 | 번들맵: 4개
[2026-07-14 10:56:12] INFO: [POLLING] 시작 | 큐: 0건 | 처리중: 4건 | 번들: ID:55698(1건), ID:55700(1건), ID:55701(1건), ID:55704(1건)
[2026-07-14 10:56:12] INFO: [POLLING] 종료 | 큐: 0건 | 번들맵: 4개
[2026-07-14 10:56:22] INFO: [POLLING] 시작 | 큐: 0건 | 처리중: 4건 | 번들: ID:55698(1건), ID:55700(1건), ID:55701(1건), ID:55704(1건)
[2026-07-14 10:56:22] INFO: [POLLING] 종료 | 큐: 0건 | 번들맵: 4개
[2026-07-14 10:56:25] INFO: [REQ] contents=check-event | id=undefined
[2026-07-14 10:56:32] INFO: [POLLING] 시작 | 큐: 0건 | 처리중: 4건 | 번들: ID:55698(1건), ID:55700(1건), ID:55701(1건), ID:55704(1건)
[2026-07-14 10:56:32] INFO: [POLLING] 종료 | 큐: 0건 | 번들맵: 4개
[2026-07-14 10:56:42] INFO: [POLLING] 시작 | 큐: 0건 | 처리중: 4건 | 번들: ID:55698(1건), ID:55700(1건), ID:55701(1건), ID:55704(1건)
[2026-07-14 10:56:42] INFO: [POLLING] 종료 | 큐: 0건 | 번들맵: 4개
[2026-07-14 10:56:52] INFO: [POLLING] 시작 | 큐: 0건 | 처리중: 4건 | 번들: ID:55698(1건), ID:55700(1건), ID:55701(1건), ID:55704(1건)
[2026-07-14 10:56:52] INFO: [POLLING] 종료 | 큐: 0건 | 번들맵: 4개
[2026-07-14 10:57:02] INFO: [POLLING] 시작 | 큐: 0건 | 처리중: 4건 | 번들: ID:55698(1건), ID:55700(1건), ID:55701(1건), ID:55704(1건)
[2026-07-14 10:57:02] INFO: [POLLING] 종료 | 큐: 0건 | 번들맵: 4개
[2026-07-14 10:57:12] INFO: [POLLING] 시작 | 큐: 0건 | 처리중: 4건 | 번들: ID:55698(1건), ID:55700(1건), ID:55701(1건), ID:55704(1건)
[2026-07-14 10:57:12] INFO: [POLLING] 종료 | 큐: 0건 | 번들맵: 4개
[2026-07-14 10:57:22] INFO: [POLLING] 시작 | 큐: 0건 | 처리중: 4건 | 번들: ID:55698(1건), ID:55700(1건), ID:55701(1건), ID:55704(1건)
[2026-07-14 10:57:22] INFO: [POLLING] 종료 | 큐: 0건 | 번들맵: 4개
[2026-07-14 10:57:29] INFO: [REQ] contents=check-event | id=undefined
[2026-07-14 10:57:32] INFO: [POLLING] 시작 | 큐: 0건 | 처리중: 4건 | 번들: ID:55698(1건), ID:55700(1건), ID:55701(1건), ID:55704(1건)
[2026-07-14 10:57:32] INFO: [POLLING] 종료 | 큐: 0건 | 번들맵: 4개
[2026-07-14 10:57:42] INFO: [POLLING] 시작 | 큐: 0건 | 처리중: 4건 | 번들: ID:55698(1건), ID:55700(1건), ID:55701(1건), ID:55704(1건)
[2026-07-14 10:57:42] INFO: [POLLING] 종료 | 큐: 0건 | 번들맵: 4개
[2026-07-14 10:57:52] INFO: [POLLING] 시작 | 큐: 0건 | 처리중: 4건 | 번들: ID:55698(1건), ID:55700(1건), ID:55701(1건), ID:55704(1건)
[2026-07-14 10:57:52] INFO: [POLLING] 종료 | 큐: 0건 | 번들맵: 4개
[2026-07-14 10:58:02] INFO: [POLLING] 시작 | 큐: 0건 | 처리중: 4건 | 번들: ID:55698(1건), ID:55700(1건), ID:55701(1건), ID:55704(1건)
[2026-07-14 10:58:02] INFO: [POLLING] 종료 | 큐: 0건 | 번들맵: 4개
[2026-07-14 10:58:06] INFO: [REQ] contents=check-event | id=undefined
[2026-07-14 10:58:12] INFO: [POLLING] 시작 | 큐: 0건 | 처리중: 4건 | 번들: ID:55698(1건), ID:55700(1건), ID:55701(1건), ID:55704(1건)
[2026-07-14 10:58:12] INFO: [POLLING] 종료 | 큐: 0건 | 번들맵: 4개
[2026-07-14 10:58:22] INFO: [POLLING] 시작 | 큐: 0건 | 처리중: 4건 | 번들: ID:55698(1건), ID:55700(1건), ID:55701(1건), ID:55704(1건)
[2026-07-14 10:58:22] INFO: [POLLING] 종료 | 큐: 0건 | 번들맵: 4개
[2026-07-14 10:58:32] INFO: [POLLING] 시작 | 큐: 0건 | 처리중: 4건 | 번들: ID:55698(1건), ID:55700(1건), ID:55701(1건), ID:55704(1건)
[2026-07-14 10:58:32] INFO: [POLLING] 종료 | 큐: 0건 | 번들맵: 4개
[2026-07-14 10:58:42] INFO: [POLLING] 시작 | 큐: 0건 | 처리중: 4건 | 번들: ID:55698(1건), ID:55700(1건), ID:55701(1건), ID:55704(1건)
[2026-07-14 10:58:42] INFO: [POLLING] 종료 | 큐: 0건 | 번들맵: 4개
[2026-07-14 10:58:52] INFO: [POLLING] 시작 | 큐: 0건 | 처리중: 4건 | 번들: ID:55698(1건), ID:55700(1건), ID:55701(1건), ID:55704(1건)
[2026-07-14 10:58:52] INFO: [POLLING] 종료 | 큐: 0건 | 번들맵: 4개
[2026-07-14 10:59:02] INFO: [POLLING] 시작 | 큐: 0건 | 처리중: 4건 | 번들: ID:55698(1건), ID:55700(1건), ID:55701(1건), ID:55704(1건)
[2026-07-14 10:59:02] INFO: [POLLING] 종료 | 큐: 0건 | 번들맵: 4개
[2026-07-14 10:59:09] INFO: [REQ] contents=check-event | id=undefined
[2026-07-14 10:59:12] INFO: [POLLING] 시작 | 큐: 0건 | 처리중: 4건 | 번들: ID:55698(1건), ID:55700(1건), ID:55701(1건), ID:55704(1건)
[2026-07-14 10:59:12] INFO: [POLLING] 종료 | 큐: 0건 | 번들맵: 4개
[2026-07-14 10:59:22] INFO: [POLLING] 시작 | 큐: 0건 | 처리중: 4건 | 번들: ID:55698(1건), ID:55700(1건), ID:55701(1건), ID:55704(1건)
[2026-07-14 10:59:22] INFO: [POLLING] 종료 | 큐: 0건 | 번들맵: 4개
[2026-07-14 10:59:32] INFO: [POLLING] 시작 | 큐: 0건 | 처리중: 4건 | 번들: ID:55698(1건), ID:55700(1건), ID:55701(1건), ID:55704(1건)
[2026-07-14 10:59:32] INFO: [POLLING] 종료 | 큐: 0건 | 번들맵: 4개
[2026-07-14 10:59:36] INFO: [REQ] contents=check-event | id=undefined
[2026-07-14 10:59:42] INFO: [POLLING] 시작 | 큐: 0건 | 처리중: 4건 | 번들: ID:55698(1건), ID:55700(1건), ID:55701(1건), ID:55704(1건)
[2026-07-14 10:59:42] INFO: [POLLING] 종료 | 큐: 0건 | 번들맵: 4개
[2026-07-14 10:59:52] INFO: [POLLING] 시작 | 큐: 0건 | 처리중: 4건 | 번들: ID:55698(1건), ID:55700(1건), ID:55701(1건), ID:55704(1건)
[2026-07-14 10:59:52] INFO: [POLLING] 종료 | 큐: 0건 | 번들맵: 4개
[2026-07-14 11:00:02] INFO: [POLLING] 시작 | 큐: 0건 | 처리중: 4건 | 번들: ID:55698(1건), ID:55700(1건), ID:55701(1건), ID:55704(1건)
[2026-07-14 11:00:02] INFO: [POLLING] 종료 | 큐: 0건 | 번들맵: 4개
[2026-07-14 11:00:12] INFO: [POLLING] 시작 | 큐: 0건 | 처리중: 4건 | 번들: ID:55698(1건), ID:55700(1건), ID:55701(1건), ID:55704(1건)
[2026-07-14 11:00:12] INFO: [POLLING] 종료 | 큐: 0건 | 번들맵: 4개
[2026-07-14 11:00:22] INFO: [POLLING] 시작 | 큐: 0건 | 처리중: 4건 | 번들: ID:55698(1건), ID:55700(1건), ID:55701(1건), ID:55704(1건)
[2026-07-14 11:00:22] INFO: [POLLING] 종료 | 큐: 0건 | 번들맵: 4개
[2026-07-14 11:00:32] INFO: [POLLING] 시작 | 큐: 0건 | 처리중: 4건 | 번들: ID:55698(1건), ID:55700(1건), ID:55701(1건), ID:55704(1건)
[2026-07-14 11:00:32] INFO: [POLLING] 종료 | 큐: 0건 | 번들맵: 4개
[2026-07-14 11:00:39] INFO: [REQ] contents=check-event | id=undefined
[2026-07-14 11:00:42] INFO: [POLLING] 시작 | 큐: 0건 | 처리중: 4건 | 번들: ID:55698(1건), ID:55700(1건), ID:55701(1건), ID:55704(1건)
[2026-07-14 11:00:42] INFO: [POLLING] 종료 | 큐: 0건 | 번들맵: 4개
[2026-07-14 11:00:52] INFO: [POLLING] 시작 | 큐: 0건 | 처리중: 4건 | 번들: ID:55698(1건), ID:55700(1건), ID:55701(1건), ID:55704(1건)
[2026-07-14 11:00:52] INFO: [POLLING] 종료 | 큐: 0건 | 번들맵: 4개
[2026-07-14 11:01:02] INFO: [POLLING] 시작 | 큐: 0건 | 처리중: 4건 | 번들: ID:55698(1건), ID:55700(1건), ID:55701(1건), ID:55704(1건)
[2026-07-14 11:01:02] INFO: [POLLING] 종료 | 큐: 0건 | 번들맵: 4개
[2026-07-14 11:01:12] INFO: [POLLING] 시작 | 큐: 0건 | 처리중: 4건 | 번들: ID:55698(1건), ID:55700(1건), ID:55701(1건), ID:55704(1건)
[2026-07-14 11:01:12] INFO: [POLLING] 종료 | 큐: 0건 | 번들맵: 4개
[2026-07-14 11:01:22] INFO: [POLLING] 시작 | 큐: 0건 | 처리중: 4건 | 번들: ID:55698(1건), ID:55700(1건), ID:55701(1건), ID:55704(1건)
[2026-07-14 11:01:22] INFO: [POLLING] 종료 | 큐: 0건 | 번들맵: 4개
[2026-07-14 11:01:26] INFO: [REQ] contents=check-event | id=undefined
[2026-07-14 11:01:32] INFO: [POLLING] 시작 | 큐: 0건 | 처리중: 4건 | 번들: ID:55698(1건), ID:55700(1건), ID:55701(1건), ID:55704(1건)
[2026-07-14 11:01:32] INFO: [POLLING] 종료 | 큐: 0건 | 번들맵: 4개
[2026-07-14 11:01:42] INFO: [POLLING] 시작 | 큐: 0건 | 처리중: 4건 | 번들: ID:55698(1건), ID:55700(1건), ID:55701(1건), ID:55704(1건)
[2026-07-14 11:01:42] INFO: [POLLING] 종료 | 큐: 0건 | 번들맵: 4개
[2026-07-14 11:01:52] INFO: [POLLING] 시작 | 큐: 0건 | 처리중: 4건 | 번들: ID:55698(1건), ID:55700(1건), ID:55701(1건), ID:55704(1건)
[2026-07-14 11:01:52] INFO: [POLLING] 종료 | 큐: 0건 | 번들맵: 4개
[2026-07-14 11:02:02] INFO: [POLLING] 시작 | 큐: 0건 | 처리중: 4건 | 번들: ID:55698(1건), ID:55700(1건), ID:55701(1건), ID:55704(1건)
[2026-07-14 11:02:02] INFO: [POLLING] 종료 | 큐: 0건 | 번들맵: 4개
[2026-07-14 11:02:12] INFO: [POLLING] 시작 | 큐: 0건 | 처리중: 4건 | 번들: ID:55698(1건), ID:55700(1건), ID:55701(1건), ID:55704(1건)
[2026-07-14 11:02:12] INFO: [POLLING] 종료 | 큐: 0건 | 번들맵: 4개
[2026-07-14 11:02:22] INFO: [POLLING] 시작 | 큐: 0건 | 처리중: 4건 | 번들: ID:55698(1건), ID:55700(1건), ID:55701(1건), ID:55704(1건)
[2026-07-14 11:02:22] INFO: [POLLING] 종료 | 큐: 0건 | 번들맵: 4개
[2026-07-14 11:02:29] INFO: [REQ] contents=check-event | id=undefined
[2026-07-14 11:02:32] INFO: [POLLING] 시작 | 큐: 0건 | 처리중: 4건 | 번들: ID:55698(1건), ID:55700(1건), ID:55701(1건), ID:55704(1건)
[2026-07-14 11:02:33] INFO: [POLLING] 종료 | 큐: 0건 | 번들맵: 4개
[2026-07-14 11:02:42] INFO: [POLLING] 시작 | 큐: 0건 | 처리중: 4건 | 번들: ID:55698(1건), ID:55700(1건), ID:55701(1건), ID:55704(1건)
[2026-07-14 11:02:43] INFO: [POLLING] 종료 | 큐: 0건 | 번들맵: 4개
[2026-07-14 11:02:52] INFO: [POLLING] 시작 | 큐: 0건 | 처리중: 4건 | 번들: ID:55698(1건), ID:55700(1건), ID:55701(1건), ID:55704(1건)
[2026-07-14 11:02:53] INFO: [POLLING] 종료 | 큐: 0건 | 번들맵: 4개
[2026-07-14 11:03:02] INFO: [POLLING] 시작 | 큐: 0건 | 처리중: 4건 | 번들: ID:55698(1건), ID:55700(1건), ID:55701(1건), ID:55704(1건)
[2026-07-14 11:03:03] INFO: [POLLING] 종료 | 큐: 0건 | 번들맵: 4개
[2026-07-14 11:03:06] INFO: [REQ] contents=check-event | id=undefined
[2026-07-14 11:03:12] INFO: [POLLING] 시작 | 큐: 0건 | 처리중: 4건 | 번들: ID:55698(1건), ID:55700(1건), ID:55701(1건), ID:55704(1건)
[2026-07-14 11:03:13] INFO: [POLLING] 종료 | 큐: 0건 | 번들맵: 4개
[2026-07-14 11:03:22] INFO: [POLLING] 시작 | 큐: 0건 | 처리중: 4건 | 번들: ID:55698(1건), ID:55700(1건), ID:55701(1건), ID:55704(1건)
[2026-07-14 11:03:23] INFO: [POLLING] 종료 | 큐: 0건 | 번들맵: 4개
[2026-07-14 11:03:32] INFO: [POLLING] 시작 | 큐: 0건 | 처리중: 4건 | 번들: ID:55698(1건), ID:55700(1건), ID:55701(1건), ID:55704(1건)
[2026-07-14 11:03:33] INFO: [POLLING] 종료 | 큐: 0건 | 번들맵: 4개
[2026-07-14 11:03:42] INFO: [POLLING] 시작 | 큐: 0건 | 처리중: 4건 | 번들: ID:55698(1건), ID:55700(1건), ID:55701(1건), ID:55704(1건)
[2026-07-14 11:03:43] INFO: [POLLING] 종료 | 큐: 0건 | 번들맵: 4개
[2026-07-14 11:03:52] INFO: [POLLING] 시작 | 큐: 0건 | 처리중: 4건 | 번들: ID:55698(1건), ID:55700(1건), ID:55701(1건), ID:55704(1건)
[2026-07-14 11:03:53] INFO: [POLLING] 종료 | 큐: 0건 | 번들맵: 4개
[2026-07-14 11:04:03] INFO: [POLLING] 시작 | 큐: 0건 | 처리중: 4건 | 번들: ID:55698(1건), ID:55700(1건), ID:55701(1건), ID:55704(1건)
[2026-07-14 11:04:03] INFO: [POLLING] 종료 | 큐: 0건 | 번들맵: 4개
[2026-07-14 11:04:10] INFO: [REQ] contents=check-event | id=undefined
[2026-07-14 11:04:13] INFO: [POLLING] 시작 | 큐: 0건 | 처리중: 4건 | 번들: ID:55698(1건), ID:55700(1건), ID:55701(1건), ID:55704(1건)
[2026-07-14 11:04:13] INFO: [POLLING] 종료 | 큐: 0건 | 번들맵: 4개
[2026-07-14 11:04:23] INFO: [POLLING] 시작 | 큐: 0건 | 처리중: 4건 | 번들: ID:55698(1건), ID:55700(1건), ID:55701(1건), ID:55704(1건)
[2026-07-14 11:04:23] INFO: [POLLING] 종료 | 큐: 0건 | 번들맵: 4개
[2026-07-14 11:04:33] INFO: [POLLING] 시작 | 큐: 0건 | 처리중: 4건 | 번들: ID:55698(1건), ID:55700(1건), ID:55701(1건), ID:55704(1건)
[2026-07-14 11:04:33] INFO: [POLLING] 종료 | 큐: 0건 | 번들맵: 4개
[2026-07-14 11:04:36] INFO: [REQ] contents=check-event | id=undefined
[2026-07-14 11:04:43] INFO: [POLLING] 시작 | 큐: 0건 | 처리중: 4건 | 번들: ID:55698(1건), ID:55700(1건), ID:55701(1건), ID:55704(1건)
[2026-07-14 11:04:43] INFO: [POLLING] 종료 | 큐: 0건 | 번들맵: 4개
[2026-07-14 11:04:53] INFO: [POLLING] 시작 | 큐: 0건 | 처리중: 4건 | 번들: ID:55698(1건), ID:55700(1건), ID:55701(1건), ID:55704(1건)
[2026-07-14 11:04:53] INFO: [POLLING] 종료 | 큐: 0건 | 번들맵: 4개
[2026-07-14 11:05:03] INFO: [POLLING] 시작 | 큐: 0건 | 처리중: 4건 | 번들: ID:55698(1건), ID:55700(1건), ID:55701(1건), ID:55704(1건)
[2026-07-14 11:05:03] INFO: [POLLING] 종료 | 큐: 0건 | 번들맵: 4개
[2026-07-14 11:05:13] INFO: [POLLING] 시작 | 큐: 0건 | 처리중: 4건 | 번들: ID:55698(1건), ID:55700(1건), ID:55701(1건), ID:55704(1건)
[2026-07-14 11:05:13] INFO: [POLLING] 종료 | 큐: 0건 | 번들맵: 4개
[2026-07-14 11:05:23] INFO: [POLLING] 시작 | 큐: 0건 | 처리중: 4건 | 번들: ID:55698(1건), ID:55700(1건), ID:55701(1건), ID:55704(1건)
[2026-07-14 11:05:23] INFO: [POLLING] 종료 | 큐: 0건 | 번들맵: 4개
[2026-07-14 11:05:30] INFO: [REQ] contents=check-event | id=undefined
[2026-07-14 11:05:33] INFO: [POLLING] 시작 | 큐: 0건 | 처리중: 4건 | 번들: ID:55698(1건), ID:55700(1건), ID:55701(1건), ID:55704(1건)
[2026-07-14 11:05:33] INFO: [POLLING] 종료 | 큐: 0건 | 번들맵: 4개
[2026-07-14 11:05:43] INFO: [POLLING] 시작 | 큐: 0건 | 처리중: 4건 | 번들: ID:55698(1건), ID:55700(1건), ID:55701(1건), ID:55704(1건)
[2026-07-14 11:05:43] INFO: [POLLING] 종료 | 큐: 0건 | 번들맵: 4개
[2026-07-14 11:05:53] INFO: [POLLING] 시작 | 큐: 0건 | 처리중: 4건 | 번들: ID:55698(1건), ID:55700(1건), ID:55701(1건), ID:55704(1건)
[2026-07-14 11:05:53] INFO: [POLLING] 종료 | 큐: 0건 | 번들맵: 4개
[2026-07-14 11:06:03] INFO: [POLLING] 시작 | 큐: 0건 | 처리중: 4건 | 번들: ID:55698(1건), ID:55700(1건), ID:55701(1건), ID:55704(1건)
[2026-07-14 11:06:03] INFO: [POLLING] 종료 | 큐: 0건 | 번들맵: 4개
[2026-07-14 11:06:13] INFO: [POLLING] 시작 | 큐: 0건 | 처리중: 4건 | 번들: ID:55698(1건), ID:55700(1건), ID:55701(1건), ID:55704(1건)
[2026-07-14 11:06:13] INFO: [POLLING] 종료 | 큐: 0건 | 번들맵: 4개
[2026-07-14 11:06:23] INFO: [POLLING] 시작 | 큐: 0건 | 처리중: 4건 | 번들: ID:55698(1건), ID:55700(1건), ID:55701(1건), ID:55704(1건)
[2026-07-14 11:06:23] INFO: [POLLING] 종료 | 큐: 0건 | 번들맵: 4개
[2026-07-14 11:06:26] INFO: [REQ] contents=check-event | id=undefined
[2026-07-14 11:06:33] INFO: [POLLING] 시작 | 큐: 0건 | 처리중: 4건 | 번들: ID:55698(1건), ID:55700(1건), ID:55701(1건), ID:55704(1건)
[2026-07-14 11:06:33] INFO: [POLLING] 종료 | 큐: 0건 | 번들맵: 4개
[2026-07-14 11:06:43] INFO: [POLLING] 시작 | 큐: 0건 | 처리중: 4건 | 번들: ID:55698(1건), ID:55700(1건), ID:55701(1건), ID:55704(1건)
[2026-07-14 11:06:43] INFO: [POLLING] 종료 | 큐: 0건 | 번들맵: 4개
[2026-07-14 11:06:53] INFO: [POLLING] 시작 | 큐: 0건 | 처리중: 4건 | 번들: ID:55698(1건), ID:55700(1건), ID:55701(1건), ID:55704(1건)
[2026-07-14 11:06:53] INFO: [POLLING] 종료 | 큐: 0건 | 번들맵: 4개
[2026-07-14 11:07:03] INFO: [POLLING] 시작 | 큐: 0건 | 처리중: 4건 | 번들: ID:55698(1건), ID:55700(1건), ID:55701(1건), ID:55704(1건)
[2026-07-14 11:07:03] INFO: [POLLING] 종료 | 큐: 0건 | 번들맵: 4개
[2026-07-14 11:07:13] INFO: [POLLING] 시작 | 큐: 0건 | 처리중: 4건 | 번들: ID:55698(1건), ID:55700(1건), ID:55701(1건), ID:55704(1건)
[2026-07-14 11:07:13] INFO: [POLLING] 종료 | 큐: 0건 | 번들맵: 4개
[2026-07-14 11:07:20] INFO: [REQ] contents=check-event | id=undefined
[2026-07-14 11:07:23] INFO: [POLLING] 시작 | 큐: 0건 | 처리중: 4건 | 번들: ID:55698(1건), ID:55700(1건), ID:55701(1건), ID:55704(1건)
[2026-07-14 11:07:23] INFO: [POLLING] 종료 | 큐: 0건 | 번들맵: 4개
[2026-07-14 11:07:33] INFO: [POLLING] 시작 | 큐: 0건 | 처리중: 4건 | 번들: ID:55698(1건), ID:55700(1건), ID:55701(1건), ID:55704(1건)
[2026-07-14 11:07:33] INFO: [POLLING] 종료 | 큐: 0건 | 번들맵: 4개
[2026-07-14 11:07:43] INFO: [POLLING] 시작 | 큐: 0건 | 처리중: 4건 | 번들: ID:55698(1건), ID:55700(1건), ID:55701(1건), ID:55704(1건)
[2026-07-14 11:07:43] INFO: [POLLING] 종료 | 큐: 0건 | 번들맵: 4개
[2026-07-14 11:07:53] INFO: [POLLING] 시작 | 큐: 0건 | 처리중: 4건 | 번들: ID:55698(1건), ID:55700(1건), ID:55701(1건), ID:55704(1건)
[2026-07-14 11:07:53] INFO: [POLLING] 종료 | 큐: 0건 | 번들맵: 4개
[2026-07-14 11:08:03] INFO: [POLLING] 시작 | 큐: 0건 | 처리중: 4건 | 번들: ID:55698(1건), ID:55700(1건), ID:55701(1건), ID:55704(1건)
[2026-07-14 11:08:03] INFO: [POLLING] 종료 | 큐: 0건 | 번들맵: 4개
[2026-07-14 11:08:07] INFO: [REQ] contents=check-event | id=undefined
[2026-07-14 11:08:13] INFO: [POLLING] 시작 | 큐: 0건 | 처리중: 4건 | 번들: ID:55698(1건), ID:55700(1건), ID:55701(1건), ID:55704(1건)
[2026-07-14 11:08:13] INFO: [POLLING] 종료 | 큐: 0건 | 번들맵: 4개
[2026-07-14 11:08:23] INFO: [POLLING] 시작 | 큐: 0건 | 처리중: 4건 | 번들: ID:55698(1건), ID:55700(1건), ID:55701(1건), ID:55704(1건)
[2026-07-14 11:08:23] INFO: [POLLING] 종료 | 큐: 0건 | 번들맵: 4개
[2026-07-14 11:08:33] INFO: [POLLING] 시작 | 큐: 0건 | 처리중: 4건 | 번들: ID:55698(1건), ID:55700(1건), ID:55701(1건), ID:55704(1건)
[2026-07-14 11:08:33] INFO: [POLLING] 종료 | 큐: 0건 | 번들맵: 4개
[2026-07-14 11:08:43] INFO: [POLLING] 시작 | 큐: 0건 | 처리중: 4건 | 번들: ID:55698(1건), ID:55700(1건), ID:55701(1건), ID:55704(1건)
[2026-07-14 11:08:43] INFO: [POLLING] 종료 | 큐: 0건 | 번들맵: 4개
[2026-07-14 11:08:53] INFO: [POLLING] 시작 | 큐: 0건 | 처리중: 4건 | 번들: ID:55698(1건), ID:55700(1건), ID:55701(1건), ID:55704(1건)
[2026-07-14 11:08:53] INFO: [POLLING] 종료 | 큐: 0건 | 번들맵: 4개
[2026-07-14 11:09:00] INFO: [REQ] contents=check-event | id=undefined
[2026-07-14 11:09:03] INFO: [POLLING] 시작 | 큐: 0건 | 처리중: 4건 | 번들: ID:55698(1건), ID:55700(1건), ID:55701(1건), ID:55704(1건)
[2026-07-14 11:09:03] INFO: [POLLING] 종료 | 큐: 0건 | 번들맵: 4개
[2026-07-14 11:09:13] INFO: [POLLING] 시작 | 큐: 0건 | 처리중: 4건 | 번들: ID:55698(1건), ID:55700(1건), ID:55701(1건), ID:55704(1건)
[2026-07-14 11:09:13] INFO: [POLLING] 종료 | 큐: 0건 | 번들맵: 4개
[2026-07-14 11:09:23] INFO: [POLLING] 시작 | 큐: 0건 | 처리중: 4건 | 번들: ID:55698(1건), ID:55700(1건), ID:55701(1건), ID:55704(1건)
[2026-07-14 11:09:23] INFO: [POLLING] 종료 | 큐: 0건 | 번들맵: 4개
[2026-07-14 11:09:33] INFO: [POLLING] 시작 | 큐: 0건 | 처리중: 4건 | 번들: ID:55698(1건), ID:55700(1건), ID:55701(1건), ID:55704(1건)
[2026-07-14 11:09:33] INFO: [POLLING] 종료 | 큐: 0건 | 번들맵: 4개
[2026-07-14 11:09:37] INFO: [REQ] contents=check-event | id=undefined
[2026-07-14 11:09:43] INFO: [POLLING] 시작 | 큐: 0건 | 처리중: 4건 | 번들: ID:55698(1건), ID:55700(1건), ID:55701(1건), ID:55704(1건)
[2026-07-14 11:09:43] INFO: [POLLING] 종료 | 큐: 0건 | 번들맵: 4개
[2026-07-14 11:09:53] INFO: [POLLING] 시작 | 큐: 0건 | 처리중: 4건 | 번들: ID:55698(1건), ID:55700(1건), ID:55701(1건), ID:55704(1건)
[2026-07-14 11:09:53] INFO: [POLLING] 종료 | 큐: 0건 | 번들맵: 4개
[2026-07-14 11:10:03] INFO: [POLLING] 시작 | 큐: 0건 | 처리중: 4건 | 번들: ID:55698(1건), ID:55700(1건), ID:55701(1건), ID:55704(1건)
[2026-07-14 11:10:03] INFO: [POLLING] 종료 | 큐: 0건 | 번들맵: 4개
[2026-07-14 11:10:13] INFO: [POLLING] 시작 | 큐: 0건 | 처리중: 4건 | 번들: ID:55698(1건), ID:55700(1건), ID:55701(1건), ID:55704(1건)
[2026-07-14 11:10:13] INFO: [POLLING] 종료 | 큐: 0건 | 번들맵: 4개
[2026-07-14 11:10:23] INFO: [POLLING] 시작 | 큐: 0건 | 처리중: 4건 | 번들: ID:55698(1건), ID:55700(1건), ID:55701(1건), ID:55704(1건)
[2026-07-14 11:10:23] INFO: [POLLING] 종료 | 큐: 0건 | 번들맵: 4개
[2026-07-14 11:10:30] INFO: [REQ] contents=check-event | id=undefined
[2026-07-14 11:10:33] INFO: [POLLING] 시작 | 큐: 0건 | 처리중: 4건 | 번들: ID:55698(1건), ID:55700(1건), ID:55701(1건), ID:55704(1건)
[2026-07-14 11:10:33] INFO: [POLLING] 종료 | 큐: 0건 | 번들맵: 4개
[2026-07-14 11:10:43] INFO: [POLLING] 시작 | 큐: 0건 | 처리중: 4건 | 번들: ID:55698(1건), ID:55700(1건), ID:55701(1건), ID:55704(1건)
[2026-07-14 11:10:43] INFO: [POLLING] 종료 | 큐: 0건 | 번들맵: 4개
[2026-07-14 11:10:53] INFO: [POLLING] 시작 | 큐: 0건 | 처리중: 4건 | 번들: ID:55698(1건), ID:55700(1건), ID:55701(1건), ID:55704(1건)
[2026-07-14 11:10:53] INFO: [POLLING] 종료 | 큐: 0건 | 번들맵: 4개
[2026-07-14 11:11:03] INFO: [POLLING] 시작 | 큐: 0건 | 처리중: 4건 | 번들: ID:55698(1건), ID:55700(1건), ID:55701(1건), ID:55704(1건)
[2026-07-14 11:11:03] INFO: [POLLING] 종료 | 큐: 0건 | 번들맵: 4개
[2026-07-14 11:11:13] INFO: [POLLING] 시작 | 큐: 0건 | 처리중: 4건 | 번들: ID:55698(1건), ID:55700(1건), ID:55701(1건), ID:55704(1건)
[2026-07-14 11:11:13] INFO: [POLLING] 종료 | 큐: 0건 | 번들맵: 4개
[2026-07-14 11:11:23] INFO: [POLLING] 시작 | 큐: 0건 | 처리중: 4건 | 번들: ID:55698(1건), ID:55700(1건), ID:55701(1건), ID:55704(1건)
[2026-07-14 11:11:23] INFO: [POLLING] 종료 | 큐: 0건 | 번들맵: 4개
[2026-07-14 11:11:27] INFO: [REQ] contents=check-event | id=undefined
[2026-07-14 11:11:33] INFO: [POLLING] 시작 | 큐: 0건 | 처리중: 4건 | 번들: ID:55698(1건), ID:55700(1건), ID:55701(1건), ID:55704(1건)
[2026-07-14 11:11:33] INFO: [POLLING] 종료 | 큐: 0건 | 번들맵: 4개
[2026-07-14 11:11:43] INFO: [POLLING] 시작 | 큐: 0건 | 처리중: 4건 | 번들: ID:55698(1건), ID:55700(1건), ID:55701(1건), ID:55704(1건)
[2026-07-14 11:11:43] INFO: [POLLING] 종료 | 큐: 0건 | 번들맵: 4개
[2026-07-14 11:11:53] INFO: [POLLING] 시작 | 큐: 0건 | 처리중: 4건 | 번들: ID:55698(1건), ID:55700(1건), ID:55701(1건), ID:55704(1건)
[2026-07-14 11:11:53] INFO: [POLLING] 종료 | 큐: 0건 | 번들맵: 4개
[2026-07-14 11:12:03] INFO: [POLLING] 시작 | 큐: 0건 | 처리중: 4건 | 번들: ID:55698(1건), ID:55700(1건), ID:55701(1건), ID:55704(1건)
[2026-07-14 11:12:03] INFO: [POLLING] 종료 | 큐: 0건 | 번들맵: 4개
[2026-07-14 11:12:13] INFO: [POLLING] 시작 | 큐: 0건 | 처리중: 4건 | 번들: ID:55698(1건), ID:55700(1건), ID:55701(1건), ID:55704(1건)
[2026-07-14 11:12:13] INFO: [POLLING] 종료 | 큐: 0건 | 번들맵: 4개
[2026-07-14 11:12:20] INFO: [REQ] contents=check-event | id=undefined
[2026-07-14 11:12:23] INFO: [POLLING] 시작 | 큐: 0건 | 처리중: 4건 | 번들: ID:55698(1건), ID:55700(1건), ID:55701(1건), ID:55704(1건)
[2026-07-14 11:12:23] INFO: [POLLING] 종료 | 큐: 0건 | 번들맵: 4개
[2026-07-14 11:12:33] INFO: [POLLING] 시작 | 큐: 0건 | 처리중: 4건 | 번들: ID:55698(1건), ID:55700(1건), ID:55701(1건), ID:55704(1건)
[2026-07-14 11:12:33] INFO: [POLLING] 종료 | 큐: 0건 | 번들맵: 4개
[2026-07-14 11:12:43] INFO: [POLLING] 시작 | 큐: 0건 | 처리중: 4건 | 번들: ID:55698(1건), ID:55700(1건), ID:55701(1건), ID:55704(1건)
[2026-07-14 11:12:43] INFO: [POLLING] 종료 | 큐: 0건 | 번들맵: 4개
[2026-07-14 11:12:53] INFO: [POLLING] 시작 | 큐: 0건 | 처리중: 4건 | 번들: ID:55698(1건), ID:55700(1건), ID:55701(1건), ID:55704(1건)
[2026-07-14 11:12:53] INFO: [POLLING] 종료 | 큐: 0건 | 번들맵: 4개
[2026-07-14 11:13:03] INFO: [POLLING] 시작 | 큐: 0건 | 처리중: 4건 | 번들: ID:55698(1건), ID:55700(1건), ID:55701(1건), ID:55704(1건)
[2026-07-14 11:13:03] INFO: [POLLING] 종료 | 큐: 0건 | 번들맵: 4개
[2026-07-14 11:13:07] INFO: [REQ] contents=check-event | id=undefined
[2026-07-14 11:13:13] INFO: [POLLING] 시작 | 큐: 0건 | 처리중: 4건 | 번들: ID:55698(1건), ID:55700(1건), ID:55701(1건), ID:55704(1건)
[2026-07-14 11:13:13] INFO: [POLLING] 종료 | 큐: 0건 | 번들맵: 4개
[2026-07-14 11:13:23] INFO: [POLLING] 시작 | 큐: 0건 | 처리중: 4건 | 번들: ID:55698(1건), ID:55700(1건), ID:55701(1건), ID:55704(1건)
[2026-07-14 11:13:23] INFO: [POLLING] 종료 | 큐: 0건 | 번들맵: 4개
[2026-07-14 11:13:33] INFO: [POLLING] 시작 | 큐: 0건 | 처리중: 4건 | 번들: ID:55698(1건), ID:55700(1건), ID:55701(1건), ID:55704(1건)
[2026-07-14 11:13:33] INFO: [POLLING] 종료 | 큐: 0건 | 번들맵: 4개
[2026-07-14 11:13:43] INFO: [POLLING] 시작 | 큐: 0건 | 처리중: 4건 | 번들: ID:55698(1건), ID:55700(1건), ID:55701(1건), ID:55704(1건)
[2026-07-14 11:13:43] INFO: [POLLING] 종료 | 큐: 0건 | 번들맵: 4개
[2026-07-14 11:13:53] INFO: [POLLING] 시작 | 큐: 0건 | 처리중: 4건 | 번들: ID:55698(1건), ID:55700(1건), ID:55701(1건), ID:55704(1건)
[2026-07-14 11:13:53] INFO: [POLLING] 종료 | 큐: 0건 | 번들맵: 4개
[2026-07-14 11:14:01] INFO: [REQ] contents=check-event | id=undefined
[2026-07-14 11:14:03] INFO: [POLLING] 시작 | 큐: 0건 | 처리중: 4건 | 번들: ID:55698(1건), ID:55700(1건), ID:55701(1건), ID:55704(1건)
[2026-07-14 11:14:03] INFO: [POLLING] 종료 | 큐: 0건 | 번들맵: 4개
[2026-07-14 11:14:13] INFO: [POLLING] 시작 | 큐: 0건 | 처리중: 4건 | 번들: ID:55698(1건), ID:55700(1건), ID:55701(1건), ID:55704(1건)
[2026-07-14 11:14:13] INFO: [POLLING] 종료 | 큐: 0건 | 번들맵: 4개
[2026-07-14 11:14:23] INFO: [POLLING] 시작 | 큐: 0건 | 처리중: 4건 | 번들: ID:55698(1건), ID:55700(1건), ID:55701(1건), ID:55704(1건)
[2026-07-14 11:14:23] INFO: [POLLING] 종료 | 큐: 0건 | 번들맵: 4개
[2026-07-14 11:14:33] INFO: [POLLING] 시작 | 큐: 0건 | 처리중: 4건 | 번들: ID:55698(1건), ID:55700(1건), ID:55701(1건), ID:55704(1건)
[2026-07-14 11:14:33] INFO: [POLLING] 종료 | 큐: 0건 | 번들맵: 4개
[2026-07-14 11:14:37] INFO: [REQ] contents=check-event | id=undefined
[2026-07-14 11:14:43] INFO: [POLLING] 시작 | 큐: 0건 | 처리중: 4건 | 번들: ID:55698(1건), ID:55700(1건), ID:55701(1건), ID:55704(1건)
[2026-07-14 11:14:43] INFO: [POLLING] 종료 | 큐: 0건 | 번들맵: 4개
[2026-07-14 11:14:53] INFO: [POLLING] 시작 | 큐: 0건 | 처리중: 4건 | 번들: ID:55698(1건), ID:55700(1건), ID:55701(1건), ID:55704(1건)
[2026-07-14 11:14:53] INFO: [POLLING] 종료 | 큐: 0건 | 번들맵: 4개
[2026-07-14 11:15:03] INFO: [POLLING] 시작 | 큐: 0건 | 처리중: 4건 | 번들: ID:55698(1건), ID:55700(1건), ID:55701(1건), ID:55704(1건)
[2026-07-14 11:15:03] INFO: [POLLING] 종료 | 큐: 0건 | 번들맵: 4개
[2026-07-14 11:15:13] INFO: [POLLING] 시작 | 큐: 0건 | 처리중: 4건 | 번들: ID:55698(1건), ID:55700(1건), ID:55701(1건), ID:55704(1건)
[2026-07-14 11:15:13] INFO: [POLLING] 종료 | 큐: 0건 | 번들맵: 4개
[2026-07-14 11:15:23] INFO: [POLLING] 시작 | 큐: 0건 | 처리중: 4건 | 번들: ID:55698(1건), ID:55700(1건), ID:55701(1건), ID:55704(1건)
[2026-07-14 11:15:23] INFO: [POLLING] 종료 | 큐: 0건 | 번들맵: 4개
[2026-07-14 11:15:31] INFO: [REQ] contents=check-event | id=undefined
[2026-07-14 11:15:33] INFO: [POLLING] 시작 | 큐: 0건 | 처리중: 4건 | 번들: ID:55698(1건), ID:55700(1건), ID:55701(1건), ID:55704(1건)
[2026-07-14 11:15:33] INFO: [POLLING] 종료 | 큐: 0건 | 번들맵: 4개
[2026-07-14 11:15:43] INFO: [POLLING] 시작 | 큐: 0건 | 처리중: 4건 | 번들: ID:55698(1건), ID:55700(1건), ID:55701(1건), ID:55704(1건)
[2026-07-14 11:15:43] INFO: [POLLING] 종료 | 큐: 0건 | 번들맵: 4개
[2026-07-14 11:15:53] INFO: [POLLING] 시작 | 큐: 0건 | 처리중: 4건 | 번들: ID:55698(1건), ID:55700(1건), ID:55701(1건), ID:55704(1건)
[2026-07-14 11:15:53] INFO: [POLLING] 종료 | 큐: 0건 | 번들맵: 4개
[2026-07-14 11:16:03] INFO: [POLLING] 시작 | 큐: 0건 | 처리중: 4건 | 번들: ID:55698(1건), ID:55700(1건), ID:55701(1건), ID:55704(1건)
[2026-07-14 11:16:03] INFO: [POLLING] 종료 | 큐: 0건 | 번들맵: 4개
[2026-07-14 11:16:13] INFO: [POLLING] 시작 | 큐: 0건 | 처리중: 4건 | 번들: ID:55698(1건), ID:55700(1건), ID:55701(1건), ID:55704(1건)
[2026-07-14 11:16:13] INFO: [POLLING] 종료 | 큐: 0건 | 번들맵: 4개
[2026-07-14 11:16:23] INFO: [POLLING] 시작 | 큐: 0건 | 처리중: 4건 | 번들: ID:55698(1건), ID:55700(1건), ID:55701(1건), ID:55704(1건)
[2026-07-14 11:16:23] INFO: [POLLING] 종료 | 큐: 0건 | 번들맵: 4개
[2026-07-14 11:16:27] INFO: [REQ] contents=check-event | id=undefined
[2026-07-14 11:16:33] INFO: [POLLING] 시작 | 큐: 0건 | 처리중: 4건 | 번들: ID:55698(1건), ID:55700(1건), ID:55701(1건), ID:55704(1건)
[2026-07-14 11:16:33] INFO: [POLLING] 종료 | 큐: 0건 | 번들맵: 4개
[2026-07-14 11:16:43] INFO: [POLLING] 시작 | 큐: 0건 | 처리중: 4건 | 번들: ID:55698(1건), ID:55700(1건), ID:55701(1건), ID:55704(1건)
[2026-07-14 11:16:43] INFO: [POLLING] 종료 | 큐: 0건 | 번들맵: 4개
[2026-07-14 11:16:53] INFO: [POLLING] 시작 | 큐: 0건 | 처리중: 4건 | 번들: ID:55698(1건), ID:55700(1건), ID:55701(1건), ID:55704(1건)
[2026-07-14 11:16:53] INFO: [POLLING] 종료 | 큐: 0건 | 번들맵: 4개
[2026-07-14 11:17:03] INFO: [POLLING] 시작 | 큐: 0건 | 처리중: 4건 | 번들: ID:55698(1건), ID:55700(1건), ID:55701(1건), ID:55704(1건)
[2026-07-14 11:17:03] INFO: [POLLING] 종료 | 큐: 0건 | 번들맵: 4개
[2026-07-14 11:17:13] INFO: [POLLING] 시작 | 큐: 0건 | 처리중: 4건 | 번들: ID:55698(1건), ID:55700(1건), ID:55701(1건), ID:55704(1건)
[2026-07-14 11:17:13] INFO: [POLLING] 종료 | 큐: 0건 | 번들맵: 4개
[2026-07-14 11:17:21] INFO: [REQ] contents=check-event | id=undefined
[2026-07-14 11:17:23] INFO: [POLLING] 시작 | 큐: 0건 | 처리중: 4건 | 번들: ID:55698(1건), ID:55700(1건), ID:55701(1건), ID:55704(1건)
[2026-07-14 11:17:23] INFO: [POLLING] 종료 | 큐: 0건 | 번들맵: 4개
[2026-07-14 11:17:33] INFO: [POLLING] 시작 | 큐: 0건 | 처리중: 4건 | 번들: ID:55698(1건), ID:55700(1건), ID:55701(1건), ID:55704(1건)
[2026-07-14 11:17:33] INFO: [POLLING] 종료 | 큐: 0건 | 번들맵: 4개
[2026-07-14 11:17:43] INFO: [POLLING] 시작 | 큐: 0건 | 처리중: 4건 | 번들: ID:55698(1건), ID:55700(1건), ID:55701(1건), ID:55704(1건)
[2026-07-14 11:17:43] INFO: [POLLING] 종료 | 큐: 0건 | 번들맵: 4개
[2026-07-14 11:17:53] INFO: [POLLING] 시작 | 큐: 0건 | 처리중: 4건 | 번들: ID:55698(1건), ID:55700(1건), ID:55701(1건), ID:55704(1건)
[2026-07-14 11:17:53] INFO: [POLLING] 종료 | 큐: 0건 | 번들맵: 4개
[2026-07-14 11:18:03] INFO: [POLLING] 시작 | 큐: 0건 | 처리중: 4건 | 번들: ID:55698(1건), ID:55700(1건), ID:55701(1건), ID:55704(1건)
[2026-07-14 11:18:03] INFO: [POLLING] 종료 | 큐: 0건 | 번들맵: 4개
[2026-07-14 11:18:08] INFO: [REQ] contents=check-event | id=undefined
[2026-07-14 11:18:13] INFO: [POLLING] 시작 | 큐: 0건 | 처리중: 4건 | 번들: ID:55698(1건), ID:55700(1건), ID:55701(1건), ID:55704(1건)
[2026-07-14 11:18:13] INFO: [POLLING] 종료 | 큐: 0건 | 번들맵: 4개
[2026-07-14 11:18:23] INFO: [POLLING] 시작 | 큐: 0건 | 처리중: 4건 | 번들: ID:55698(1건), ID:55700(1건), ID:55701(1건), ID:55704(1건)
[2026-07-14 11:18:23] INFO: [POLLING] 종료 | 큐: 0건 | 번들맵: 4개
[2026-07-14 11:18:33] INFO: [POLLING] 시작 | 큐: 0건 | 처리중: 4건 | 번들: ID:55698(1건), ID:55700(1건), ID:55701(1건), ID:55704(1건)
[2026-07-14 11:18:33] INFO: [POLLING] 종료 | 큐: 0건 | 번들맵: 4개
[2026-07-14 11:18:43] INFO: [POLLING] 시작 | 큐: 0건 | 처리중: 4건 | 번들: ID:55698(1건), ID:55700(1건), ID:55701(1건), ID:55704(1건)
[2026-07-14 11:18:43] INFO: [POLLING] 종료 | 큐: 0건 | 번들맵: 4개
[2026-07-14 11:18:53] INFO: [POLLING] 시작 | 큐: 0건 | 처리중: 4건 | 번들: ID:55698(1건), ID:55700(1건), ID:55701(1건), ID:55704(1건)
[2026-07-14 11:18:53] INFO: [POLLING] 종료 | 큐: 0건 | 번들맵: 4개
[2026-07-14 11:19:01] INFO: [REQ] contents=check-event | id=undefined
[2026-07-14 11:19:03] INFO: [POLLING] 시작 | 큐: 0건 | 처리중: 4건 | 번들: ID:55698(1건), ID:55700(1건), ID:55701(1건), ID:55704(1건)
[2026-07-14 11:19:03] INFO: [POLLING] 종료 | 큐: 0건 | 번들맵: 4개
[2026-07-14 11:19:13] INFO: [POLLING] 시작 | 큐: 0건 | 처리중: 4건 | 번들: ID:55698(1건), ID:55700(1건), ID:55701(1건), ID:55704(1건)
[2026-07-14 11:19:13] INFO: [POLLING] 종료 | 큐: 0건 | 번들맵: 4개
[2026-07-14 11:19:23] INFO: [POLLING] 시작 | 큐: 0건 | 처리중: 4건 | 번들: ID:55698(1건), ID:55700(1건), ID:55701(1건), ID:55704(1건)
[2026-07-14 11:19:23] INFO: [POLLING] 종료 | 큐: 0건 | 번들맵: 4개
[2026-07-14 11:19:33] INFO: [POLLING] 시작 | 큐: 0건 | 처리중: 4건 | 번들: ID:55698(1건), ID:55700(1건), ID:55701(1건), ID:55704(1건)
[2026-07-14 11:19:33] INFO: [POLLING] 종료 | 큐: 0건 | 번들맵: 4개
[2026-07-14 11:19:38] INFO: [REQ] contents=check-event | id=undefined
[2026-07-14 11:19:43] INFO: [POLLING] 시작 | 큐: 0건 | 처리중: 4건 | 번들: ID:55698(1건), ID:55700(1건), ID:55701(1건), ID:55704(1건)
[2026-07-14 11:19:43] INFO: [POLLING] 종료 | 큐: 0건 | 번들맵: 4개
[2026-07-14 11:19:53] INFO: [POLLING] 시작 | 큐: 0건 | 처리중: 4건 | 번들: ID:55698(1건), ID:55700(1건), ID:55701(1건), ID:55704(1건)
[2026-07-14 11:19:53] INFO: [POLLING] 종료 | 큐: 0건 | 번들맵: 4개
[2026-07-14 11:20:03] INFO: [POLLING] 시작 | 큐: 0건 | 처리중: 4건 | 번들: ID:55698(1건), ID:55700(1건), ID:55701(1건), ID:55704(1건)
[2026-07-14 11:20:03] INFO: [POLLING] 종료 | 큐: 0건 | 번들맵: 4개
[2026-07-14 11:20:13] INFO: [POLLING] 시작 | 큐: 0건 | 처리중: 4건 | 번들: ID:55698(1건), ID:55700(1건), ID:55701(1건), ID:55704(1건)
[2026-07-14 11:20:13] INFO: [POLLING] 종료 | 큐: 0건 | 번들맵: 4개
[2026-07-14 11:20:23] INFO: [POLLING] 시작 | 큐: 0건 | 처리중: 4건 | 번들: ID:55698(1건), ID:55700(1건), ID:55701(1건), ID:55704(1건)
[2026-07-14 11:20:23] INFO: [POLLING] 종료 | 큐: 0건 | 번들맵: 4개
[2026-07-14 11:20:31] INFO: [REQ] contents=check-event | id=undefined
[2026-07-14 11:20:33] INFO: [POLLING] 시작 | 큐: 0건 | 처리중: 4건 | 번들: ID:55698(1건), ID:55700(1건), ID:55701(1건), ID:55704(1건)
[2026-07-14 11:20:34] INFO: [POLLING] 종료 | 큐: 0건 | 번들맵: 4개
[2026-07-14 11:20:43] INFO: [POLLING] 시작 | 큐: 0건 | 처리중: 4건 | 번들: ID:55698(1건), ID:55700(1건), ID:55701(1건), ID:55704(1건)
[2026-07-14 11:20:44] INFO: [POLLING] 종료 | 큐: 0건 | 번들맵: 4개
[2026-07-14 11:20:53] INFO: [POLLING] 시작 | 큐: 0건 | 처리중: 4건 | 번들: ID:55698(1건), ID:55700(1건), ID:55701(1건), ID:55704(1건)
[2026-07-14 11:20:54] INFO: [POLLING] 종료 | 큐: 0건 | 번들맵: 4개
[2026-07-14 11:21:03] INFO: [POLLING] 시작 | 큐: 0건 | 처리중: 4건 | 번들: ID:55698(1건), ID:55700(1건), ID:55701(1건), ID:55704(1건)
[2026-07-14 11:21:04] INFO: [POLLING] 종료 | 큐: 0건 | 번들맵: 4개
[2026-07-14 11:21:13] INFO: [POLLING] 시작 | 큐: 0건 | 처리중: 4건 | 번들: ID:55698(1건), ID:55700(1건), ID:55701(1건), ID:55704(1건)
[2026-07-14 11:21:14] INFO: [POLLING] 종료 | 큐: 0건 | 번들맵: 4개
[2026-07-14 11:21:23] INFO: [POLLING] 시작 | 큐: 0건 | 처리중: 4건 | 번들: ID:55698(1건), ID:55700(1건), ID:55701(1건), ID:55704(1건)
[2026-07-14 11:21:24] INFO: [POLLING] 종료 | 큐: 0건 | 번들맵: 4개
[2026-07-14 11:21:28] INFO: [REQ] contents=check-event | id=undefined
[2026-07-14 11:21:33] INFO: [POLLING] 시작 | 큐: 0건 | 처리중: 4건 | 번들: ID:55698(1건), ID:55700(1건), ID:55701(1건), ID:55704(1건)
[2026-07-14 11:21:34] INFO: [POLLING] 종료 | 큐: 0건 | 번들맵: 4개
[2026-07-14 11:21:43] INFO: [POLLING] 시작 | 큐: 0건 | 처리중: 4건 | 번들: ID:55698(1건), ID:55700(1건), ID:55701(1건), ID:55704(1건)
[2026-07-14 11:21:44] INFO: [POLLING] 종료 | 큐: 0건 | 번들맵: 4개
[2026-07-14 11:21:54] INFO: [POLLING] 시작 | 큐: 0건 | 처리중: 4건 | 번들: ID:55698(1건), ID:55700(1건), ID:55701(1건), ID:55704(1건)
[2026-07-14 11:21:54] INFO: [POLLING] 종료 | 큐: 0건 | 번들맵: 4개
[2026-07-14 11:22:04] INFO: [POLLING] 시작 | 큐: 0건 | 처리중: 4건 | 번들: ID:55698(1건), ID:55700(1건), ID:55701(1건), ID:55704(1건)
[2026-07-14 11:22:04] INFO: [POLLING] 종료 | 큐: 0건 | 번들맵: 4개
[2026-07-14 11:22:14] INFO: [POLLING] 시작 | 큐: 0건 | 처리중: 4건 | 번들: ID:55698(1건), ID:55700(1건), ID:55701(1건), ID:55704(1건)
[2026-07-14 11:22:14] INFO: [POLLING] 종료 | 큐: 0건 | 번들맵: 4개
[2026-07-14 11:22:21] INFO: [REQ] contents=check-event | id=undefined
[2026-07-14 11:22:24] INFO: [POLLING] 시작 | 큐: 0건 | 처리중: 4건 | 번들: ID:55698(1건), ID:55700(1건), ID:55701(1건), ID:55704(1건)
[2026-07-14 11:22:24] INFO: [POLLING] 종료 | 큐: 0건 | 번들맵: 4개
[2026-07-14 11:22:34] INFO: [POLLING] 시작 | 큐: 0건 | 처리중: 4건 | 번들: ID:55698(1건), ID:55700(1건), ID:55701(1건), ID:55704(1건)
[2026-07-14 11:22:34] INFO: [POLLING] 종료 | 큐: 0건 | 번들맵: 4개
[2026-07-14 11:22:44] INFO: [POLLING] 시작 | 큐: 0건 | 처리중: 4건 | 번들: ID:55698(1건), ID:55700(1건), ID:55701(1건), ID:55704(1건)
[2026-07-14 11:22:44] INFO: [POLLING] 종료 | 큐: 0건 | 번들맵: 4개
[2026-07-14 11:22:54] INFO: [POLLING] 시작 | 큐: 0건 | 처리중: 4건 | 번들: ID:55698(1건), ID:55700(1건), ID:55701(1건), ID:55704(1건)
[2026-07-14 11:22:54] INFO: [POLLING] 종료 | 큐: 0건 | 번들맵: 4개
[2026-07-14 11:23:04] INFO: [POLLING] 시작 | 큐: 0건 | 처리중: 4건 | 번들: ID:55698(1건), ID:55700(1건), ID:55701(1건), ID:55704(1건)
[2026-07-14 11:23:04] INFO: [POLLING] 종료 | 큐: 0건 | 번들맵: 4개
[2026-07-14 11:23:08] INFO: [REQ] contents=check-event | id=undefined
[2026-07-14 11:23:14] INFO: [POLLING] 시작 | 큐: 0건 | 처리중: 4건 | 번들: ID:55698(1건), ID:55700(1건), ID:55701(1건), ID:55704(1건)
[2026-07-14 11:23:14] INFO: [POLLING] 종료 | 큐: 0건 | 번들맵: 4개
[2026-07-14 11:23:24] INFO: [POLLING] 시작 | 큐: 0건 | 처리중: 4건 | 번들: ID:55698(1건), ID:55700(1건), ID:55701(1건), ID:55704(1건)
[2026-07-14 11:23:24] INFO: [POLLING] 종료 | 큐: 0건 | 번들맵: 4개
[2026-07-14 11:23:34] INFO: [POLLING] 시작 | 큐: 0건 | 처리중: 4건 | 번들: ID:55698(1건), ID:55700(1건), ID:55701(1건), ID:55704(1건)
[2026-07-14 11:23:34] INFO: [POLLING] 종료 | 큐: 0건 | 번들맵: 4개
[2026-07-14 11:23:44] INFO: [POLLING] 시작 | 큐: 0건 | 처리중: 4건 | 번들: ID:55698(1건), ID:55700(1건), ID:55701(1건), ID:55704(1건)
[2026-07-14 11:23:44] INFO: [POLLING] 종료 | 큐: 0건 | 번들맵: 4개
[2026-07-14 11:23:54] INFO: [POLLING] 시작 | 큐: 0건 | 처리중: 4건 | 번들: ID:55698(1건), ID:55700(1건), ID:55701(1건), ID:55704(1건)
[2026-07-14 11:23:54] INFO: [POLLING] 종료 | 큐: 0건 | 번들맵: 4개
[2026-07-14 11:24:02] INFO: [REQ] contents=check-event | id=undefined
[2026-07-14 11:24:04] INFO: [POLLING] 시작 | 큐: 0건 | 처리중: 4건 | 번들: ID:55698(1건), ID:55700(1건), ID:55701(1건), ID:55704(1건)
[2026-07-14 11:24:04] INFO: [POLLING] 종료 | 큐: 0건 | 번들맵: 4개
[2026-07-14 11:24:14] INFO: [POLLING] 시작 | 큐: 0건 | 처리중: 4건 | 번들: ID:55698(1건), ID:55700(1건), ID:55701(1건), ID:55704(1건)
[2026-07-14 11:24:14] INFO: [POLLING] 종료 | 큐: 0건 | 번들맵: 4개
[2026-07-14 11:24:24] INFO: [POLLING] 시작 | 큐: 0건 | 처리중: 4건 | 번들: ID:55698(1건), ID:55700(1건), ID:55701(1건), ID:55704(1건)
[2026-07-14 11:24:24] INFO: [POLLING] 종료 | 큐: 0건 | 번들맵: 4개
[2026-07-14 11:24:34] INFO: [POLLING] 시작 | 큐: 0건 | 처리중: 4건 | 번들: ID:55698(1건), ID:55700(1건), ID:55701(1건), ID:55704(1건)
[2026-07-14 11:24:34] INFO: [POLLING] 종료 | 큐: 0건 | 번들맵: 4개
[2026-07-14 11:24:38] INFO: [REQ] contents=check-event | id=undefined
[2026-07-14 11:24:44] INFO: [POLLING] 시작 | 큐: 0건 | 처리중: 4건 | 번들: ID:55698(1건), ID:55700(1건), ID:55701(1건), ID:55704(1건)
[2026-07-14 11:24:44] INFO: [POLLING] 종료 | 큐: 0건 | 번들맵: 4개
[2026-07-14 11:24:54] INFO: [POLLING] 시작 | 큐: 0건 | 처리중: 4건 | 번들: ID:55698(1건), ID:55700(1건), ID:55701(1건), ID:55704(1건)
[2026-07-14 11:24:54] INFO: [POLLING] 종료 | 큐: 0건 | 번들맵: 4개
[2026-07-14 11:25:04] INFO: [POLLING] 시작 | 큐: 0건 | 처리중: 4건 | 번들: ID:55698(1건), ID:55700(1건), ID:55701(1건), ID:55704(1건)
[2026-07-14 11:25:04] INFO: [POLLING] 종료 | 큐: 0건 | 번들맵: 4개
[2026-07-14 11:25:14] INFO: [POLLING] 시작 | 큐: 0건 | 처리중: 4건 | 번들: ID:55698(1건), ID:55700(1건), ID:55701(1건), ID:55704(1건)
[2026-07-14 11:25:14] INFO: [POLLING] 종료 | 큐: 0건 | 번들맵: 4개
[2026-07-14 11:25:24] INFO: [POLLING] 시작 | 큐: 0건 | 처리중: 4건 | 번들: ID:55698(1건), ID:55700(1건), ID:55701(1건), ID:55704(1건)
[2026-07-14 11:25:24] INFO: [POLLING] 종료 | 큐: 0건 | 번들맵: 4개
[2026-07-14 11:25:32] INFO: [REQ] contents=check-event | id=undefined
[2026-07-14 11:25:34] INFO: [POLLING] 시작 | 큐: 0건 | 처리중: 4건 | 번들: ID:55698(1건), ID:55700(1건), ID:55701(1건), ID:55704(1건)
[2026-07-14 11:25:34] INFO: [POLLING] 종료 | 큐: 0건 | 번들맵: 4개
[2026-07-14 11:25:44] INFO: [POLLING] 시작 | 큐: 0건 | 처리중: 4건 | 번들: ID:55698(1건), ID:55700(1건), ID:55701(1건), ID:55704(1건)
[2026-07-14 11:25:44] INFO: [POLLING] 종료 | 큐: 0건 | 번들맵: 4개
[2026-07-14 11:25:54] INFO: [POLLING] 시작 | 큐: 0건 | 처리중: 4건 | 번들: ID:55698(1건), ID:55700(1건), ID:55701(1건), ID:55704(1건)
[2026-07-14 11:25:54] INFO: [POLLING] 종료 | 큐: 0건 | 번들맵: 4개
[2026-07-14 11:26:04] INFO: [POLLING] 시작 | 큐: 0건 | 처리중: 4건 | 번들: ID:55698(1건), ID:55700(1건), ID:55701(1건), ID:55704(1건)
[2026-07-14 11:26:04] INFO: [POLLING] 종료 | 큐: 0건 | 번들맵: 4개
[2026-07-14 11:26:14] INFO: [POLLING] 시작 | 큐: 0건 | 처리중: 4건 | 번들: ID:55698(1건), ID:55700(1건), ID:55701(1건), ID:55704(1건)
[2026-07-14 11:26:14] INFO: [POLLING] 종료 | 큐: 0건 | 번들맵: 4개
[2026-07-14 11:26:24] INFO: [POLLING] 시작 | 큐: 0건 | 처리중: 4건 | 번들: ID:55698(1건), ID:55700(1건), ID:55701(1건), ID:55704(1건)
[2026-07-14 11:26:24] INFO: [POLLING] 종료 | 큐: 0건 | 번들맵: 4개
[2026-07-14 11:26:28] INFO: [REQ] contents=check-event | id=undefined
[2026-07-14 11:26:34] INFO: [POLLING] 시작 | 큐: 0건 | 처리중: 4건 | 번들: ID:55698(1건), ID:55700(1건), ID:55701(1건), ID:55704(1건)
[2026-07-14 11:26:34] INFO: [POLLING] 종료 | 큐: 0건 | 번들맵: 4개
[2026-07-14 11:26:44] INFO: [POLLING] 시작 | 큐: 0건 | 처리중: 4건 | 번들: ID:55698(1건), ID:55700(1건), ID:55701(1건), ID:55704(1건)
[2026-07-14 11:26:44] INFO: [POLLING] 종료 | 큐: 0건 | 번들맵: 4개
[2026-07-14 11:26:54] INFO: [POLLING] 시작 | 큐: 0건 | 처리중: 4건 | 번들: ID:55698(1건), ID:55700(1건), ID:55701(1건), ID:55704(1건)
[2026-07-14 11:26:54] INFO: [POLLING] 종료 | 큐: 0건 | 번들맵: 4개
[2026-07-14 11:27:04] INFO: [POLLING] 시작 | 큐: 0건 | 처리중: 4건 | 번들: ID:55698(1건), ID:55700(1건), ID:55701(1건), ID:55704(1건)
[2026-07-14 11:27:04] INFO: [POLLING] 종료 | 큐: 0건 | 번들맵: 4개
[2026-07-14 11:27:14] INFO: [POLLING] 시작 | 큐: 0건 | 처리중: 4건 | 번들: ID:55698(1건), ID:55700(1건), ID:55701(1건), ID:55704(1건)
[2026-07-14 11:27:14] INFO: [POLLING] 종료 | 큐: 0건 | 번들맵: 4개
[2026-07-14 11:27:22] INFO: [REQ] contents=check-event | id=undefined
[2026-07-14 11:27:24] INFO: [POLLING] 시작 | 큐: 0건 | 처리중: 4건 | 번들: ID:55698(1건), ID:55700(1건), ID:55701(1건), ID:55704(1건)
[2026-07-14 11:27:24] INFO: [POLLING] 종료 | 큐: 0건 | 번들맵: 4개
[2026-07-14 11:27:34] INFO: [POLLING] 시작 | 큐: 0건 | 처리중: 4건 | 번들: ID:55698(1건), ID:55700(1건), ID:55701(1건), ID:55704(1건)
[2026-07-14 11:27:34] INFO: [POLLING] 종료 | 큐: 0건 | 번들맵: 4개
[2026-07-14 11:27:44] INFO: [POLLING] 시작 | 큐: 0건 | 처리중: 4건 | 번들: ID:55698(1건), ID:55700(1건), ID:55701(1건), ID:55704(1건)
[2026-07-14 11:27:44] INFO: [POLLING] 종료 | 큐: 0건 | 번들맵: 4개
[2026-07-14 11:27:54] INFO: [POLLING] 시작 | 큐: 0건 | 처리중: 4건 | 번들: ID:55698(1건), ID:55700(1건), ID:55701(1건), ID:55704(1건)
[2026-07-14 11:27:54] INFO: [POLLING] 종료 | 큐: 0건 | 번들맵: 4개
[2026-07-14 11:28:04] INFO: [POLLING] 시작 | 큐: 0건 | 처리중: 4건 | 번들: ID:55698(1건), ID:55700(1건), ID:55701(1건), ID:55704(1건)
[2026-07-14 11:28:04] INFO: [POLLING] 종료 | 큐: 0건 | 번들맵: 4개
[2026-07-14 11:28:08] INFO: [REQ] contents=check-event | id=undefined
[2026-07-14 11:28:14] INFO: [POLLING] 시작 | 큐: 0건 | 처리중: 4건 | 번들: ID:55698(1건), ID:55700(1건), ID:55701(1건), ID:55704(1건)
[2026-07-14 11:28:14] INFO: [POLLING] 종료 | 큐: 0건 | 번들맵: 4개
[2026-07-14 11:28:24] INFO: [POLLING] 시작 | 큐: 0건 | 처리중: 4건 | 번들: ID:55698(1건), ID:55700(1건), ID:55701(1건), ID:55704(1건)
[2026-07-14 11:28:24] INFO: [POLLING] 종료 | 큐: 0건 | 번들맵: 4개
[2026-07-14 11:28:34] INFO: [POLLING] 시작 | 큐: 0건 | 처리중: 4건 | 번들: ID:55698(1건), ID:55700(1건), ID:55701(1건), ID:55704(1건)
[2026-07-14 11:28:34] INFO: [POLLING] 종료 | 큐: 0건 | 번들맵: 4개
[2026-07-14 11:28:44] INFO: [POLLING] 시작 | 큐: 0건 | 처리중: 4건 | 번들: ID:55698(1건), ID:55700(1건), ID:55701(1건), ID:55704(1건)
[2026-07-14 11:28:44] INFO: [POLLING] 종료 | 큐: 0건 | 번들맵: 4개
[2026-07-14 11:28:54] INFO: [POLLING] 시작 | 큐: 0건 | 처리중: 4건 | 번들: ID:55698(1건), ID:55700(1건), ID:55701(1건), ID:55704(1건)
[2026-07-14 11:28:54] INFO: [POLLING] 종료 | 큐: 0건 | 번들맵: 4개
[2026-07-14 11:29:02] INFO: [REQ] contents=check-event | id=undefined
[2026-07-14 11:29:04] INFO: [POLLING] 시작 | 큐: 0건 | 처리중: 4건 | 번들: ID:55698(1건), ID:55700(1건), ID:55701(1건), ID:55704(1건)
[2026-07-14 11:29:04] INFO: [POLLING] 종료 | 큐: 0건 | 번들맵: 4개
[2026-07-14 11:29:14] INFO: [POLLING] 시작 | 큐: 0건 | 처리중: 4건 | 번들: ID:55698(1건), ID:55700(1건), ID:55701(1건), ID:55704(1건)
[2026-07-14 11:29:14] INFO: [POLLING] 종료 | 큐: 0건 | 번들맵: 4개
[2026-07-14 11:29:24] INFO: [POLLING] 시작 | 큐: 0건 | 처리중: 4건 | 번들: ID:55698(1건), ID:55700(1건), ID:55701(1건), ID:55704(1건)
[2026-07-14 11:29:24] INFO: [POLLING] 종료 | 큐: 0건 | 번들맵: 4개
[2026-07-14 11:29:34] INFO: [POLLING] 시작 | 큐: 0건 | 처리중: 4건 | 번들: ID:55698(1건), ID:55700(1건), ID:55701(1건), ID:55704(1건)
[2026-07-14 11:29:34] INFO: [POLLING] 종료 | 큐: 0건 | 번들맵: 4개
[2026-07-14 11:29:39] INFO: [REQ] contents=check-event | id=undefined
[2026-07-14 11:29:44] INFO: [POLLING] 시작 | 큐: 0건 | 처리중: 4건 | 번들: ID:55698(1건), ID:55700(1건), ID:55701(1건), ID:55704(1건)
[2026-07-14 11:29:44] INFO: [POLLING] 종료 | 큐: 0건 | 번들맵: 4개
[2026-07-14 11:29:54] INFO: [POLLING] 시작 | 큐: 0건 | 처리중: 4건 | 번들: ID:55698(1건), ID:55700(1건), ID:55701(1건), ID:55704(1건)
[2026-07-14 11:29:54] INFO: [POLLING] 종료 | 큐: 0건 | 번들맵: 4개
[2026-07-14 11:30:04] INFO: [POLLING] 시작 | 큐: 0건 | 처리중: 4건 | 번들: ID:55698(1건), ID:55700(1건), ID:55701(1건), ID:55704(1건)
[2026-07-14 11:30:04] INFO: [POLLING] 종료 | 큐: 0건 | 번들맵: 4개
[2026-07-14 11:30:14] INFO: [POLLING] 시작 | 큐: 0건 | 처리중: 4건 | 번들: ID:55698(1건), ID:55700(1건), ID:55701(1건), ID:55704(1건)
[2026-07-14 11:30:14] INFO: [POLLING] 종료 | 큐: 0건 | 번들맵: 4개
[2026-07-14 11:30:24] INFO: [POLLING] 시작 | 큐: 0건 | 처리중: 4건 | 번들: ID:55698(1건), ID:55700(1건), ID:55701(1건), ID:55704(1건)
[2026-07-14 11:30:24] INFO: [POLLING] 종료 | 큐: 0건 | 번들맵: 4개
[2026-07-14 11:30:32] INFO: [REQ] contents=check-event | id=undefined
[2026-07-14 11:30:34] INFO: [POLLING] 시작 | 큐: 0건 | 처리중: 4건 | 번들: ID:55698(1건), ID:55700(1건), ID:55701(1건), ID:55704(1건)
[2026-07-14 11:30:34] INFO: [POLLING] 종료 | 큐: 0건 | 번들맵: 4개
[2026-07-14 11:30:44] INFO: [POLLING] 시작 | 큐: 0건 | 처리중: 4건 | 번들: ID:55698(1건), ID:55700(1건), ID:55701(1건), ID:55704(1건)
[2026-07-14 11:30:44] INFO: [POLLING] 종료 | 큐: 0건 | 번들맵: 4개
[2026-07-14 11:30:54] INFO: [POLLING] 시작 | 큐: 0건 | 처리중: 4건 | 번들: ID:55698(1건), ID:55700(1건), ID:55701(1건), ID:55704(1건)
[2026-07-14 11:30:54] INFO: [POLLING] 종료 | 큐: 0건 | 번들맵: 4개
[2026-07-14 11:31:04] INFO: [POLLING] 시작 | 큐: 0건 | 처리중: 4건 | 번들: ID:55698(1건), ID:55700(1건), ID:55701(1건), ID:55704(1건)
[2026-07-14 11:31:04] INFO: [POLLING] 종료 | 큐: 0건 | 번들맵: 4개
[2026-07-14 11:31:14] INFO: [POLLING] 시작 | 큐: 0건 | 처리중: 4건 | 번들: ID:55698(1건), ID:55700(1건), ID:55701(1건), ID:55704(1건)
[2026-07-14 11:31:14] INFO: [POLLING] 종료 | 큐: 0건 | 번들맵: 4개
[2026-07-14 11:31:24] INFO: [POLLING] 시작 | 큐: 0건 | 처리중: 4건 | 번들: ID:55698(1건), ID:55700(1건), ID:55701(1건), ID:55704(1건)
[2026-07-14 11:31:24] INFO: [POLLING] 종료 | 큐: 0건 | 번들맵: 4개
[2026-07-14 11:31:29] INFO: [REQ] contents=check-event | id=undefined
[2026-07-14 11:31:34] INFO: [POLLING] 시작 | 큐: 0건 | 처리중: 4건 | 번들: ID:55698(1건), ID:55700(1건), ID:55701(1건), ID:55704(1건)
[2026-07-14 11:31:34] INFO: [POLLING] 종료 | 큐: 0건 | 번들맵: 4개
[2026-07-14 11:31:44] INFO: [POLLING] 시작 | 큐: 0건 | 처리중: 4건 | 번들: ID:55698(1건), ID:55700(1건), ID:55701(1건), ID:55704(1건)
[2026-07-14 11:31:44] INFO: [POLLING] 종료 | 큐: 0건 | 번들맵: 4개
[2026-07-14 11:31:54] INFO: [POLLING] 시작 | 큐: 0건 | 처리중: 4건 | 번들: ID:55698(1건), ID:55700(1건), ID:55701(1건), ID:55704(1건)
[2026-07-14 11:31:54] INFO: [POLLING] 종료 | 큐: 0건 | 번들맵: 4개
[2026-07-14 11:32:04] INFO: [POLLING] 시작 | 큐: 0건 | 처리중: 4건 | 번들: ID:55698(1건), ID:55700(1건), ID:55701(1건), ID:55704(1건)
[2026-07-14 11:32:04] INFO: [POLLING] 종료 | 큐: 0건 | 번들맵: 4개
[2026-07-14 11:32:14] INFO: [POLLING] 시작 | 큐: 0건 | 처리중: 4건 | 번들: ID:55698(1건), ID:55700(1건), ID:55701(1건), ID:55704(1건)
[2026-07-14 11:32:14] INFO: [POLLING] 종료 | 큐: 0건 | 번들맵: 4개
[2026-07-14 11:32:22] INFO: [REQ] contents=check-event | id=undefined
[2026-07-14 11:32:24] INFO: [POLLING] 시작 | 큐: 0건 | 처리중: 4건 | 번들: ID:55698(1건), ID:55700(1건), ID:55701(1건), ID:55704(1건)
[2026-07-14 11:32:24] INFO: [POLLING] 종료 | 큐: 0건 | 번들맵: 4개
[2026-07-14 11:32:34] INFO: [POLLING] 시작 | 큐: 0건 | 처리중: 4건 | 번들: ID:55698(1건), ID:55700(1건), ID:55701(1건), ID:55704(1건)
[2026-07-14 11:32:34] INFO: [POLLING] 종료 | 큐: 0건 | 번들맵: 4개
[2026-07-14 11:32:44] INFO: [POLLING] 시작 | 큐: 0건 | 처리중: 4건 | 번들: ID:55698(1건), ID:55700(1건), ID:55701(1건), ID:55704(1건)
[2026-07-14 11:32:44] INFO: [POLLING] 종료 | 큐: 0건 | 번들맵: 4개
[2026-07-14 11:32:54] INFO: [POLLING] 시작 | 큐: 0건 | 처리중: 4건 | 번들: ID:55698(1건), ID:55700(1건), ID:55701(1건), ID:55704(1건)
[2026-07-14 11:32:54] INFO: [POLLING] 종료 | 큐: 0건 | 번들맵: 4개
[2026-07-14 11:33:04] INFO: [POLLING] 시작 | 큐: 0건 | 처리중: 4건 | 번들: ID:55698(1건), ID:55700(1건), ID:55701(1건), ID:55704(1건)
[2026-07-14 11:33:04] INFO: [POLLING] 종료 | 큐: 0건 | 번들맵: 4개
[2026-07-14 11:33:09] INFO: [REQ] contents=check-event | id=undefined
[2026-07-14 11:33:14] INFO: [POLLING] 시작 | 큐: 0건 | 처리중: 4건 | 번들: ID:55698(1건), ID:55700(1건), ID:55701(1건), ID:55704(1건)
[2026-07-14 11:33:14] INFO: [POLLING] 종료 | 큐: 0건 | 번들맵: 4개
[2026-07-14 11:33:24] INFO: [POLLING] 시작 | 큐: 0건 | 처리중: 4건 | 번들: ID:55698(1건), ID:55700(1건), ID:55701(1건), ID:55704(1건)
[2026-07-14 11:33:24] INFO: [POLLING] 종료 | 큐: 0건 | 번들맵: 4개
[2026-07-14 11:33:34] INFO: [POLLING] 시작 | 큐: 0건 | 처리중: 4건 | 번들: ID:55698(1건), ID:55700(1건), ID:55701(1건), ID:55704(1건)
[2026-07-14 11:33:34] INFO: [POLLING] 종료 | 큐: 0건 | 번들맵: 4개
[2026-07-14 11:33:44] INFO: [POLLING] 시작 | 큐: 0건 | 처리중: 4건 | 번들: ID:55698(1건), ID:55700(1건), ID:55701(1건), ID:55704(1건)
[2026-07-14 11:33:44] INFO: [POLLING] 종료 | 큐: 0건 | 번들맵: 4개
[2026-07-14 11:33:54] INFO: [POLLING] 시작 | 큐: 0건 | 처리중: 4건 | 번들: ID:55698(1건), ID:55700(1건), ID:55701(1건), ID:55704(1건)
[2026-07-14 11:33:54] INFO: [POLLING] 종료 | 큐: 0건 | 번들맵: 4개
[2026-07-14 11:34:03] INFO: [REQ] contents=check-event | id=undefined
[2026-07-14 11:34:04] INFO: [POLLING] 시작 | 큐: 0건 | 처리중: 4건 | 번들: ID:55698(1건), ID:55700(1건), ID:55701(1건), ID:55704(1건)
[2026-07-14 11:34:04] INFO: [POLLING] 종료 | 큐: 0건 | 번들맵: 4개
[2026-07-14 11:34:14] INFO: [POLLING] 시작 | 큐: 0건 | 처리중: 4건 | 번들: ID:55698(1건), ID:55700(1건), ID:55701(1건), ID:55704(1건)
[2026-07-14 11:34:14] INFO: [POLLING] 종료 | 큐: 0건 | 번들맵: 4개
[2026-07-14 11:34:24] INFO: [POLLING] 시작 | 큐: 0건 | 처리중: 4건 | 번들: ID:55698(1건), ID:55700(1건), ID:55701(1건), ID:55704(1건)
[2026-07-14 11:34:24] INFO: [POLLING] 종료 | 큐: 0건 | 번들맵: 4개
[2026-07-14 11:34:34] INFO: [POLLING] 시작 | 큐: 0건 | 처리중: 4건 | 번들: ID:55698(1건), ID:55700(1건), ID:55701(1건), ID:55704(1건)
[2026-07-14 11:34:34] INFO: [POLLING] 종료 | 큐: 0건 | 번들맵: 4개
[2026-07-14 11:34:39] INFO: [REQ] contents=check-event | id=undefined
[2026-07-14 11:34:44] INFO: [POLLING] 시작 | 큐: 0건 | 처리중: 4건 | 번들: ID:55698(1건), ID:55700(1건), ID:55701(1건), ID:55704(1건)
[2026-07-14 11:34:44] INFO: [POLLING] 종료 | 큐: 0건 | 번들맵: 4개
[2026-07-14 11:34:54] INFO: [POLLING] 시작 | 큐: 0건 | 처리중: 4건 | 번들: ID:55698(1건), ID:55700(1건), ID:55701(1건), ID:55704(1건)
[2026-07-14 11:34:54] INFO: [POLLING] 종료 | 큐: 0건 | 번들맵: 4개
[2026-07-14 11:35:04] INFO: [POLLING] 시작 | 큐: 0건 | 처리중: 4건 | 번들: ID:55698(1건), ID:55700(1건), ID:55701(1건), ID:55704(1건)
[2026-07-14 11:35:04] INFO: [POLLING] 종료 | 큐: 0건 | 번들맵: 4개
[2026-07-14 11:35:14] INFO: [POLLING] 시작 | 큐: 0건 | 처리중: 4건 | 번들: ID:55698(1건), ID:55700(1건), ID:55701(1건), ID:55704(1건)
[2026-07-14 11:35:14] INFO: [POLLING] 종료 | 큐: 0건 | 번들맵: 4개
[2026-07-14 11:35:24] INFO: [POLLING] 시작 | 큐: 0건 | 처리중: 4건 | 번들: ID:55698(1건), ID:55700(1건), ID:55701(1건), ID:55704(1건)
[2026-07-14 11:35:24] INFO: [POLLING] 종료 | 큐: 0건 | 번들맵: 4개
[2026-07-14 11:35:33] INFO: [REQ] contents=check-event | id=undefined
[2026-07-14 11:35:34] INFO: [POLLING] 시작 | 큐: 0건 | 처리중: 4건 | 번들: ID:55698(1건), ID:55700(1건), ID:55701(1건), ID:55704(1건)
[2026-07-14 11:35:34] INFO: [POLLING] 종료 | 큐: 0건 | 번들맵: 4개
[2026-07-14 11:35:44] INFO: [POLLING] 시작 | 큐: 0건 | 처리중: 4건 | 번들: ID:55698(1건), ID:55700(1건), ID:55701(1건), ID:55704(1건)
[2026-07-14 11:35:44] INFO: [POLLING] 종료 | 큐: 0건 | 번들맵: 4개
[2026-07-14 11:35:54] INFO: [POLLING] 시작 | 큐: 0건 | 처리중: 4건 | 번들: ID:55698(1건), ID:55700(1건), ID:55701(1건), ID:55704(1건)
[2026-07-14 11:35:54] INFO: [POLLING] 종료 | 큐: 0건 | 번들맵: 4개
[2026-07-14 11:36:04] INFO: [POLLING] 시작 | 큐: 0건 | 처리중: 4건 | 번들: ID:55698(1건), ID:55700(1건), ID:55701(1건), ID:55704(1건)
[2026-07-14 11:36:04] INFO: [POLLING] 종료 | 큐: 0건 | 번들맵: 4개
[2026-07-14 11:36:14] INFO: [POLLING] 시작 | 큐: 0건 | 처리중: 4건 | 번들: ID:55698(1건), ID:55700(1건), ID:55701(1건), ID:55704(1건)
[2026-07-14 11:36:14] INFO: [POLLING] 종료 | 큐: 0건 | 번들맵: 4개
[2026-07-14 11:36:24] INFO: [POLLING] 시작 | 큐: 0건 | 처리중: 4건 | 번들: ID:55698(1건), ID:55700(1건), ID:55701(1건), ID:55704(1건)
[2026-07-14 11:36:24] INFO: [POLLING] 종료 | 큐: 0건 | 번들맵: 4개
[2026-07-14 11:36:29] INFO: [REQ] contents=check-event | id=undefined
[2026-07-14 11:36:34] INFO: [POLLING] 시작 | 큐: 0건 | 처리중: 4건 | 번들: ID:55698(1건), ID:55700(1건), ID:55701(1건), ID:55704(1건)
[2026-07-14 11:36:34] INFO: [POLLING] 종료 | 큐: 0건 | 번들맵: 4개
[2026-07-14 11:36:44] INFO: [POLLING] 시작 | 큐: 0건 | 처리중: 4건 | 번들: ID:55698(1건), ID:55700(1건), ID:55701(1건), ID:55704(1건)
[2026-07-14 11:36:44] INFO: [POLLING] 종료 | 큐: 0건 | 번들맵: 4개
[2026-07-14 11:36:54] INFO: [POLLING] 시작 | 큐: 0건 | 처리중: 4건 | 번들: ID:55698(1건), ID:55700(1건), ID:55701(1건), ID:55704(1건)
[2026-07-14 11:36:54] INFO: [POLLING] 종료 | 큐: 0건 | 번들맵: 4개
[2026-07-14 11:37:04] INFO: [POLLING] 시작 | 큐: 0건 | 처리중: 4건 | 번들: ID:55698(1건), ID:55700(1건), ID:55701(1건), ID:55704(1건)
[2026-07-14 11:37:04] INFO: [POLLING] 종료 | 큐: 0건 | 번들맵: 4개
[2026-07-14 11:37:14] INFO: [POLLING] 시작 | 큐: 0건 | 처리중: 4건 | 번들: ID:55698(1건), ID:55700(1건), ID:55701(1건), ID:55704(1건)
[2026-07-14 11:37:14] INFO: [POLLING] 종료 | 큐: 0건 | 번들맵: 4개
[2026-07-14 11:37:23] INFO: [REQ] contents=check-event | id=undefined
[2026-07-14 11:37:24] INFO: [POLLING] 시작 | 큐: 0건 | 처리중: 4건 | 번들: ID:55698(1건), ID:55700(1건), ID:55701(1건), ID:55704(1건)
[2026-07-14 11:37:24] INFO: [POLLING] 종료 | 큐: 0건 | 번들맵: 4개
[2026-07-14 11:37:34] INFO: [POLLING] 시작 | 큐: 0건 | 처리중: 4건 | 번들: ID:55698(1건), ID:55700(1건), ID:55701(1건), ID:55704(1건)
[2026-07-14 11:37:34] INFO: [POLLING] 종료 | 큐: 0건 | 번들맵: 4개
[2026-07-14 11:37:44] INFO: [POLLING] 시작 | 큐: 0건 | 처리중: 4건 | 번들: ID:55698(1건), ID:55700(1건), ID:55701(1건), ID:55704(1건)
[2026-07-14 11:37:44] INFO: [POLLING] 종료 | 큐: 0건 | 번들맵: 4개
[2026-07-14 11:37:54] INFO: [POLLING] 시작 | 큐: 0건 | 처리중: 4건 | 번들: ID:55698(1건), ID:55700(1건), ID:55701(1건), ID:55704(1건)
[2026-07-14 11:37:54] INFO: [POLLING] 종료 | 큐: 0건 | 번들맵: 4개
[2026-07-14 11:38:04] INFO: [POLLING] 시작 | 큐: 0건 | 처리중: 4건 | 번들: ID:55698(1건), ID:55700(1건), ID:55701(1건), ID:55704(1건)
[2026-07-14 11:38:04] INFO: [POLLING] 종료 | 큐: 0건 | 번들맵: 4개
[2026-07-14 11:38:09] INFO: [REQ] contents=check-event | id=undefined
[2026-07-14 11:38:14] INFO: [POLLING] 시작 | 큐: 0건 | 처리중: 4건 | 번들: ID:55698(1건), ID:55700(1건), ID:55701(1건), ID:55704(1건)
[2026-07-14 11:38:14] INFO: [POLLING] 종료 | 큐: 0건 | 번들맵: 4개
[2026-07-14 11:38:24] INFO: [POLLING] 시작 | 큐: 0건 | 처리중: 4건 | 번들: ID:55698(1건), ID:55700(1건), ID:55701(1건), ID:55704(1건)
[2026-07-14 11:38:24] INFO: [POLLING] 종료 | 큐: 0건 | 번들맵: 4개
[2026-07-14 11:38:34] INFO: [POLLING] 시작 | 큐: 0건 | 처리중: 4건 | 번들: ID:55698(1건), ID:55700(1건), ID:55701(1건), ID:55704(1건)
[2026-07-14 11:38:34] INFO: [POLLING] 종료 | 큐: 0건 | 번들맵: 4개
[2026-07-14 11:38:44] INFO: [POLLING] 시작 | 큐: 0건 | 처리중: 4건 | 번들: ID:55698(1건), ID:55700(1건), ID:55701(1건), ID:55704(1건)
[2026-07-14 11:38:44] INFO: [POLLING] 종료 | 큐: 0건 | 번들맵: 4개
[2026-07-14 11:38:54] INFO: [POLLING] 시작 | 큐: 0건 | 처리중: 4건 | 번들: ID:55698(1건), ID:55700(1건), ID:55701(1건), ID:55704(1건)
[2026-07-14 11:38:54] INFO: [POLLING] 종료 | 큐: 0건 | 번들맵: 4개
[2026-07-14 11:39:03] INFO: [REQ] contents=check-event | id=undefined
[2026-07-14 11:39:04] INFO: [POLLING] 시작 | 큐: 0건 | 처리중: 4건 | 번들: ID:55698(1건), ID:55700(1건), ID:55701(1건), ID:55704(1건)
[2026-07-14 11:39:05] INFO: [POLLING] 종료 | 큐: 0건 | 번들맵: 4개
[2026-07-14 11:39:14] INFO: [POLLING] 시작 | 큐: 0건 | 처리중: 4건 | 번들: ID:55698(1건), ID:55700(1건), ID:55701(1건), ID:55704(1건)
[2026-07-14 11:39:15] INFO: [POLLING] 종료 | 큐: 0건 | 번들맵: 4개
[2026-07-14 11:39:24] INFO: [POLLING] 시작 | 큐: 0건 | 처리중: 4건 | 번들: ID:55698(1건), ID:55700(1건), ID:55701(1건), ID:55704(1건)
[2026-07-14 11:39:25] INFO: [POLLING] 종료 | 큐: 0건 | 번들맵: 4개
[2026-07-14 11:39:30] INFO: [REQ] contents=check-event | id=undefined
[2026-07-14 11:39:34] INFO: [POLLING] 시작 | 큐: 0건 | 처리중: 4건 | 번들: ID:55698(1건), ID:55700(1건), ID:55701(1건), ID:55704(1건)
[2026-07-14 11:39:35] INFO: [POLLING] 종료 | 큐: 0건 | 번들맵: 4개
[2026-07-14 11:39:44] INFO: [POLLING] 시작 | 큐: 0건 | 처리중: 4건 | 번들: ID:55698(1건), ID:55700(1건), ID:55701(1건), ID:55704(1건)
[2026-07-14 11:39:45] INFO: [POLLING] 종료 | 큐: 0건 | 번들맵: 4개
[2026-07-14 11:39:54] INFO: [POLLING] 시작 | 큐: 0건 | 처리중: 4건 | 번들: ID:55698(1건), ID:55700(1건), ID:55701(1건), ID:55704(1건)
[2026-07-14 11:39:55] INFO: [POLLING] 종료 | 큐: 0건 | 번들맵: 4개
[2026-07-14 11:40:04] INFO: [POLLING] 시작 | 큐: 0건 | 처리중: 4건 | 번들: ID:55698(1건), ID:55700(1건), ID:55701(1건), ID:55704(1건)
[2026-07-14 11:40:05] INFO: [POLLING] 종료 | 큐: 0건 | 번들맵: 4개
[2026-07-14 11:40:15] INFO: [POLLING] 시작 | 큐: 0건 | 처리중: 4건 | 번들: ID:55698(1건), ID:55700(1건), ID:55701(1건), ID:55704(1건)
[2026-07-14 11:40:15] INFO: [POLLING] 종료 | 큐: 0건 | 번들맵: 4개
[2026-07-14 11:40:25] INFO: [POLLING] 시작 | 큐: 0건 | 처리중: 4건 | 번들: ID:55698(1건), ID:55700(1건), ID:55701(1건), ID:55704(1건)
[2026-07-14 11:40:25] INFO: [POLLING] 종료 | 큐: 0건 | 번들맵: 4개
[2026-07-14 11:40:33] INFO: [REQ] contents=check-event | id=undefined
[2026-07-14 11:40:35] INFO: [POLLING] 시작 | 큐: 0건 | 처리중: 4건 | 번들: ID:55698(1건), ID:55700(1건), ID:55701(1건), ID:55704(1건)
[2026-07-14 11:40:35] INFO: [POLLING] 종료 | 큐: 0건 | 번들맵: 4개
[2026-07-14 11:40:45] INFO: [POLLING] 시작 | 큐: 0건 | 처리중: 4건 | 번들: ID:55698(1건), ID:55700(1건), ID:55701(1건), ID:55704(1건)
[2026-07-14 11:40:45] INFO: [POLLING] 종료 | 큐: 0건 | 번들맵: 4개
[2026-07-14 11:40:55] INFO: [POLLING] 시작 | 큐: 0건 | 처리중: 4건 | 번들: ID:55698(1건), ID:55700(1건), ID:55701(1건), ID:55704(1건)
[2026-07-14 11:40:55] INFO: [POLLING] 종료 | 큐: 0건 | 번들맵: 4개
[2026-07-14 11:41:05] INFO: [POLLING] 시작 | 큐: 0건 | 처리중: 4건 | 번들: ID:55698(1건), ID:55700(1건), ID:55701(1건), ID:55704(1건)
[2026-07-14 11:41:05] INFO: [POLLING] 종료 | 큐: 0건 | 번들맵: 4개
[2026-07-14 11:41:15] INFO: [POLLING] 시작 | 큐: 0건 | 처리중: 4건 | 번들: ID:55698(1건), ID:55700(1건), ID:55701(1건), ID:55704(1건)
[2026-07-14 11:41:15] INFO: [POLLING] 종료 | 큐: 0건 | 번들맵: 4개
[2026-07-14 11:41:20] INFO: [REQ] contents=check-event | id=undefined
[2026-07-14 11:41:25] INFO: [POLLING] 시작 | 큐: 0건 | 처리중: 4건 | 번들: ID:55698(1건), ID:55700(1건), ID:55701(1건), ID:55704(1건)
[2026-07-14 11:41:25] INFO: [POLLING] 종료 | 큐: 0건 | 번들맵: 4개
[2026-07-14 11:41:35] INFO: [POLLING] 시작 | 큐: 0건 | 처리중: 4건 | 번들: ID:55698(1건), ID:55700(1건), ID:55701(1건), ID:55704(1건)
[2026-07-14 11:41:35] INFO: [POLLING] 종료 | 큐: 0건 | 번들맵: 4개
[2026-07-14 11:41:45] INFO: [POLLING] 시작 | 큐: 0건 | 처리중: 4건 | 번들: ID:55698(1건), ID:55700(1건), ID:55701(1건), ID:55704(1건)
[2026-07-14 11:41:45] INFO: [POLLING] 종료 | 큐: 0건 | 번들맵: 4개
[2026-07-14 11:41:55] INFO: [POLLING] 시작 | 큐: 0건 | 처리중: 4건 | 번들: ID:55698(1건), ID:55700(1건), ID:55701(1건), ID:55704(1건)
[2026-07-14 11:41:55] INFO: [POLLING] 종료 | 큐: 0건 | 번들맵: 4개
[2026-07-14 11:42:05] INFO: [POLLING] 시작 | 큐: 0건 | 처리중: 4건 | 번들: ID:55698(1건), ID:55700(1건), ID:55701(1건), ID:55704(1건)
[2026-07-14 11:42:05] INFO: [POLLING] 종료 | 큐: 0건 | 번들맵: 4개
[2026-07-14 11:42:15] INFO: [POLLING] 시작 | 큐: 0건 | 처리중: 4건 | 번들: ID:55698(1건), ID:55700(1건), ID:55701(1건), ID:55704(1건)
[2026-07-14 11:42:15] INFO: [POLLING] 종료 | 큐: 0건 | 번들맵: 4개
[2026-07-14 11:42:23] INFO: [REQ] contents=check-event | id=undefined
[2026-07-14 11:42:25] INFO: [POLLING] 시작 | 큐: 0건 | 처리중: 4건 | 번들: ID:55698(1건), ID:55700(1건), ID:55701(1건), ID:55704(1건)
[2026-07-14 11:42:25] INFO: [POLLING] 종료 | 큐: 0건 | 번들맵: 4개
[2026-07-14 11:42:35] INFO: [POLLING] 시작 | 큐: 0건 | 처리중: 4건 | 번들: ID:55698(1건), ID:55700(1건), ID:55701(1건), ID:55704(1건)
[2026-07-14 11:42:35] INFO: [POLLING] 종료 | 큐: 0건 | 번들맵: 4개
[2026-07-14 11:42:45] INFO: [POLLING] 시작 | 큐: 0건 | 처리중: 4건 | 번들: ID:55698(1건), ID:55700(1건), ID:55701(1건), ID:55704(1건)
[2026-07-14 11:42:45] INFO: [POLLING] 종료 | 큐: 0건 | 번들맵: 4개
[2026-07-14 11:42:55] INFO: [POLLING] 시작 | 큐: 0건 | 처리중: 4건 | 번들: ID:55698(1건), ID:55700(1건), ID:55701(1건), ID:55704(1건)
[2026-07-14 11:42:55] INFO: [POLLING] 종료 | 큐: 0건 | 번들맵: 4개
[2026-07-14 11:43:00] INFO: [REQ] contents=check-event | id=undefined
[2026-07-14 11:43:05] INFO: [POLLING] 시작 | 큐: 0건 | 처리중: 4건 | 번들: ID:55698(1건), ID:55700(1건), ID:55701(1건), ID:55704(1건)
[2026-07-14 11:43:05] INFO: [POLLING] 종료 | 큐: 0건 | 번들맵: 4개
[2026-07-14 11:43:15] INFO: [POLLING] 시작 | 큐: 0건 | 처리중: 4건 | 번들: ID:55698(1건), ID:55700(1건), ID:55701(1건), ID:55704(1건)
[2026-07-14 11:43:15] INFO: [POLLING] 종료 | 큐: 0건 | 번들맵: 4개
[2026-07-14 11:43:25] INFO: [POLLING] 시작 | 큐: 0건 | 처리중: 4건 | 번들: ID:55698(1건), ID:55700(1건), ID:55701(1건), ID:55704(1건)
[2026-07-14 11:43:25] INFO: [POLLING] 종료 | 큐: 0건 | 번들맵: 4개
[2026-07-14 11:43:35] INFO: [POLLING] 시작 | 큐: 0건 | 처리중: 4건 | 번들: ID:55698(1건), ID:55700(1건), ID:55701(1건), ID:55704(1건)
[2026-07-14 11:43:35] INFO: [POLLING] 종료 | 큐: 0건 | 번들맵: 4개
[2026-07-14 11:43:45] INFO: [POLLING] 시작 | 큐: 0건 | 처리중: 4건 | 번들: ID:55698(1건), ID:55700(1건), ID:55701(1건), ID:55704(1건)
[2026-07-14 11:43:45] INFO: [POLLING] 종료 | 큐: 0건 | 번들맵: 4개
[2026-07-14 11:43:55] INFO: [POLLING] 시작 | 큐: 0건 | 처리중: 4건 | 번들: ID:55698(1건), ID:55700(1건), ID:55701(1건), ID:55704(1건)
[2026-07-14 11:43:55] INFO: [POLLING] 종료 | 큐: 0건 | 번들맵: 4개
[2026-07-14 11:44:04] INFO: [REQ] contents=check-event | id=undefined
[2026-07-14 11:44:05] INFO: [POLLING] 시작 | 큐: 0건 | 처리중: 4건 | 번들: ID:55698(1건), ID:55700(1건), ID:55701(1건), ID:55704(1건)
[2026-07-14 11:44:05] INFO: [POLLING] 종료 | 큐: 0건 | 번들맵: 4개
[2026-07-14 11:44:15] INFO: [POLLING] 시작 | 큐: 0건 | 처리중: 4건 | 번들: ID:55698(1건), ID:55700(1건), ID:55701(1건), ID:55704(1건)
[2026-07-14 11:44:15] INFO: [POLLING] 종료 | 큐: 0건 | 번들맵: 4개
[2026-07-14 11:44:25] INFO: [POLLING] 시작 | 큐: 0건 | 처리중: 4건 | 번들: ID:55698(1건), ID:55700(1건), ID:55701(1건), ID:55704(1건)
[2026-07-14 11:44:25] INFO: [POLLING] 종료 | 큐: 0건 | 번들맵: 4개
[2026-07-14 11:44:30] INFO: [REQ] contents=check-event | id=undefined
[2026-07-14 11:44:35] INFO: [POLLING] 시작 | 큐: 0건 | 처리중: 4건 | 번들: ID:55698(1건), ID:55700(1건), ID:55701(1건), ID:55704(1건)
[2026-07-14 11:44:35] INFO: [POLLING] 종료 | 큐: 0건 | 번들맵: 4개
[2026-07-14 11:44:45] INFO: [POLLING] 시작 | 큐: 0건 | 처리중: 4건 | 번들: ID:55698(1건), ID:55700(1건), ID:55701(1건), ID:55704(1건)
[2026-07-14 11:44:45] INFO: [POLLING] 종료 | 큐: 0건 | 번들맵: 4개
[2026-07-14 11:44:55] INFO: [POLLING] 시작 | 큐: 0건 | 처리중: 4건 | 번들: ID:55698(1건), ID:55700(1건), ID:55701(1건), ID:55704(1건)
[2026-07-14 11:44:55] INFO: [POLLING] 종료 | 큐: 0건 | 번들맵: 4개
[2026-07-14 11:45:05] INFO: [POLLING] 시작 | 큐: 0건 | 처리중: 4건 | 번들: ID:55698(1건), ID:55700(1건), ID:55701(1건), ID:55704(1건)
[2026-07-14 11:45:05] INFO: [POLLING] 종료 | 큐: 0건 | 번들맵: 4개
[2026-07-14 11:45:15] INFO: [POLLING] 시작 | 큐: 0건 | 처리중: 4건 | 번들: ID:55698(1건), ID:55700(1건), ID:55701(1건), ID:55704(1건)
[2026-07-14 11:45:15] INFO: [POLLING] 종료 | 큐: 0건 | 번들맵: 4개
[2026-07-14 11:45:25] INFO: [POLLING] 시작 | 큐: 0건 | 처리중: 4건 | 번들: ID:55698(1건), ID:55700(1건), ID:55701(1건), ID:55704(1건)
[2026-07-14 11:45:25] INFO: [POLLING] 종료 | 큐: 0건 | 번들맵: 4개
[2026-07-14 11:45:34] INFO: [REQ] contents=check-event | id=undefined
[2026-07-14 11:45:35] INFO: [POLLING] 시작 | 큐: 0건 | 처리중: 4건 | 번들: ID:55698(1건), ID:55700(1건), ID:55701(1건), ID:55704(1건)
[2026-07-14 11:45:35] INFO: [POLLING] 종료 | 큐: 0건 | 번들맵: 4개
[2026-07-14 11:45:45] INFO: [POLLING] 시작 | 큐: 0건 | 처리중: 4건 | 번들: ID:55698(1건), ID:55700(1건), ID:55701(1건), ID:55704(1건)
[2026-07-14 11:45:45] INFO: [POLLING] 종료 | 큐: 0건 | 번들맵: 4개
[2026-07-14 11:45:55] INFO: [POLLING] 시작 | 큐: 0건 | 처리중: 4건 | 번들: ID:55698(1건), ID:55700(1건), ID:55701(1건), ID:55704(1건)
[2026-07-14 11:45:55] INFO: [POLLING] 종료 | 큐: 0건 | 번들맵: 4개
[2026-07-14 11:46:05] INFO: [POLLING] 시작 | 큐: 0건 | 처리중: 4건 | 번들: ID:55698(1건), ID:55700(1건), ID:55701(1건), ID:55704(1건)
[2026-07-14 11:46:05] INFO: [POLLING] 종료 | 큐: 0건 | 번들맵: 4개
[2026-07-14 11:46:15] INFO: [POLLING] 시작 | 큐: 0건 | 처리중: 4건 | 번들: ID:55698(1건), ID:55700(1건), ID:55701(1건), ID:55704(1건)
[2026-07-14 11:46:15] INFO: [POLLING] 종료 | 큐: 0건 | 번들맵: 4개
[2026-07-14 11:46:20] INFO: [REQ] contents=check-event | id=undefined
[2026-07-14 11:46:25] INFO: [POLLING] 시작 | 큐: 0건 | 처리중: 4건 | 번들: ID:55698(1건), ID:55700(1건), ID:55701(1건), ID:55704(1건)
[2026-07-14 11:46:25] INFO: [POLLING] 종료 | 큐: 0건 | 번들맵: 4개
[2026-07-14 11:46:35] INFO: [POLLING] 시작 | 큐: 0건 | 처리중: 4건 | 번들: ID:55698(1건), ID:55700(1건), ID:55701(1건), ID:55704(1건)
[2026-07-14 11:46:35] INFO: [POLLING] 종료 | 큐: 0건 | 번들맵: 4개
[2026-07-14 11:46:45] INFO: [POLLING] 시작 | 큐: 0건 | 처리중: 4건 | 번들: ID:55698(1건), ID:55700(1건), ID:55701(1건), ID:55704(1건)
[2026-07-14 11:46:45] INFO: [POLLING] 종료 | 큐: 0건 | 번들맵: 4개
[2026-07-14 11:46:55] INFO: [POLLING] 시작 | 큐: 0건 | 처리중: 4건 | 번들: ID:55698(1건), ID:55700(1건), ID:55701(1건), ID:55704(1건)
[2026-07-14 11:46:55] INFO: [POLLING] 종료 | 큐: 0건 | 번들맵: 4개
[2026-07-14 11:47:05] INFO: [POLLING] 시작 | 큐: 0건 | 처리중: 4건 | 번들: ID:55698(1건), ID:55700(1건), ID:55701(1건), ID:55704(1건)
[2026-07-14 11:47:05] INFO: [POLLING] 종료 | 큐: 0건 | 번들맵: 4개
[2026-07-14 11:47:15] INFO: [POLLING] 시작 | 큐: 0건 | 처리중: 4건 | 번들: ID:55698(1건), ID:55700(1건), ID:55701(1건), ID:55704(1건)
[2026-07-14 11:47:15] INFO: [POLLING] 종료 | 큐: 0건 | 번들맵: 4개
[2026-07-14 11:47:24] INFO: [REQ] contents=check-event | id=undefined
[2026-07-14 11:47:25] INFO: [POLLING] 시작 | 큐: 0건 | 처리중: 4건 | 번들: ID:55698(1건), ID:55700(1건), ID:55701(1건), ID:55704(1건)
[2026-07-14 11:47:25] INFO: [POLLING] 종료 | 큐: 0건 | 번들맵: 4개
[2026-07-14 11:47:35] INFO: [POLLING] 시작 | 큐: 0건 | 처리중: 4건 | 번들: ID:55698(1건), ID:55700(1건), ID:55701(1건), ID:55704(1건)
[2026-07-14 11:47:35] INFO: [POLLING] 종료 | 큐: 0건 | 번들맵: 4개
[2026-07-14 11:47:45] INFO: [POLLING] 시작 | 큐: 0건 | 처리중: 4건 | 번들: ID:55698(1건), ID:55700(1건), ID:55701(1건), ID:55704(1건)
[2026-07-14 11:47:45] INFO: [POLLING] 종료 | 큐: 0건 | 번들맵: 4개
[2026-07-14 11:47:55] INFO: [POLLING] 시작 | 큐: 0건 | 처리중: 4건 | 번들: ID:55698(1건), ID:55700(1건), ID:55701(1건), ID:55704(1건)
[2026-07-14 11:47:55] INFO: [POLLING] 종료 | 큐: 0건 | 번들맵: 4개
[2026-07-14 11:48:00] INFO: [REQ] contents=check-event | id=undefined
[2026-07-14 11:48:05] INFO: [POLLING] 시작 | 큐: 0건 | 처리중: 4건 | 번들: ID:55698(1건), ID:55700(1건), ID:55701(1건), ID:55704(1건)
[2026-07-14 11:48:05] INFO: [POLLING] 종료 | 큐: 0건 | 번들맵: 4개
[2026-07-14 11:48:15] INFO: [POLLING] 시작 | 큐: 0건 | 처리중: 4건 | 번들: ID:55698(1건), ID:55700(1건), ID:55701(1건), ID:55704(1건)
[2026-07-14 11:48:15] INFO: [POLLING] 종료 | 큐: 0건 | 번들맵: 4개
[2026-07-14 11:48:25] INFO: [POLLING] 시작 | 큐: 0건 | 처리중: 4건 | 번들: ID:55698(1건), ID:55700(1건), ID:55701(1건), ID:55704(1건)
[2026-07-14 11:48:25] INFO: [POLLING] 종료 | 큐: 0건 | 번들맵: 4개
[2026-07-14 11:48:35] INFO: [POLLING] 시작 | 큐: 0건 | 처리중: 4건 | 번들: ID:55698(1건), ID:55700(1건), ID:55701(1건), ID:55704(1건)
[2026-07-14 11:48:35] INFO: [POLLING] 종료 | 큐: 0건 | 번들맵: 4개
[2026-07-14 11:48:45] INFO: [POLLING] 시작 | 큐: 0건 | 처리중: 4건 | 번들: ID:55698(1건), ID:55700(1건), ID:55701(1건), ID:55704(1건)
[2026-07-14 11:48:45] INFO: [POLLING] 종료 | 큐: 0건 | 번들맵: 4개
[2026-07-14 11:48:55] INFO: [POLLING] 시작 | 큐: 0건 | 처리중: 4건 | 번들: ID:55698(1건), ID:55700(1건), ID:55701(1건), ID:55704(1건)
[2026-07-14 11:48:55] INFO: [POLLING] 종료 | 큐: 0건 | 번들맵: 4개
[2026-07-14 11:49:04] INFO: [REQ] contents=check-event | id=undefined
[2026-07-14 11:49:05] INFO: [POLLING] 시작 | 큐: 0건 | 처리중: 4건 | 번들: ID:55698(1건), ID:55700(1건), ID:55701(1건), ID:55704(1건)
[2026-07-14 11:49:05] INFO: [POLLING] 종료 | 큐: 0건 | 번들맵: 4개
[2026-07-14 11:49:15] INFO: [POLLING] 시작 | 큐: 0건 | 처리중: 4건 | 번들: ID:55698(1건), ID:55700(1건), ID:55701(1건), ID:55704(1건)
[2026-07-14 11:49:15] INFO: [POLLING] 종료 | 큐: 0건 | 번들맵: 4개
[2026-07-14 11:49:25] INFO: [POLLING] 시작 | 큐: 0건 | 처리중: 4건 | 번들: ID:55698(1건), ID:55700(1건), ID:55701(1건), ID:55704(1건)
[2026-07-14 11:49:25] INFO: [POLLING] 종료 | 큐: 0건 | 번들맵: 4개
[2026-07-14 11:49:31] INFO: [REQ] contents=check-event | id=undefined
[2026-07-14 11:49:35] INFO: [POLLING] 시작 | 큐: 0건 | 처리중: 4건 | 번들: ID:55698(1건), ID:55700(1건), ID:55701(1건), ID:55704(1건)
[2026-07-14 11:49:35] INFO: [POLLING] 종료 | 큐: 0건 | 번들맵: 4개
[2026-07-14 11:49:45] INFO: [POLLING] 시작 | 큐: 0건 | 처리중: 4건 | 번들: ID:55698(1건), ID:55700(1건), ID:55701(1건), ID:55704(1건)
[2026-07-14 11:49:45] INFO: [POLLING] 종료 | 큐: 0건 | 번들맵: 4개
[2026-07-14 11:49:55] INFO: [POLLING] 시작 | 큐: 0건 | 처리중: 4건 | 번들: ID:55698(1건), ID:55700(1건), ID:55701(1건), ID:55704(1건)
[2026-07-14 11:49:55] INFO: [POLLING] 종료 | 큐: 0건 | 번들맵: 4개
[2026-07-14 11:50:05] INFO: [POLLING] 시작 | 큐: 0건 | 처리중: 4건 | 번들: ID:55698(1건), ID:55700(1건), ID:55701(1건), ID:55704(1건)
[2026-07-14 11:50:05] INFO: [POLLING] 종료 | 큐: 0건 | 번들맵: 4개
[2026-07-14 11:50:15] INFO: [POLLING] 시작 | 큐: 0건 | 처리중: 4건 | 번들: ID:55698(1건), ID:55700(1건), ID:55701(1건), ID:55704(1건)
[2026-07-14 11:50:15] INFO: [POLLING] 종료 | 큐: 0건 | 번들맵: 4개
[2026-07-14 11:50:25] INFO: [POLLING] 시작 | 큐: 0건 | 처리중: 4건 | 번들: ID:55698(1건), ID:55700(1건), ID:55701(1건), ID:55704(1건)
[2026-07-14 11:50:25] INFO: [POLLING] 종료 | 큐: 0건 | 번들맵: 4개
[2026-07-14 11:50:34] INFO: [REQ] contents=check-event | id=undefined
[2026-07-14 11:50:35] INFO: [POLLING] 시작 | 큐: 0건 | 처리중: 4건 | 번들: ID:55698(1건), ID:55700(1건), ID:55701(1건), ID:55704(1건)
[2026-07-14 11:50:35] INFO: [POLLING] 종료 | 큐: 0건 | 번들맵: 4개
[2026-07-14 11:50:45] INFO: [POLLING] 시작 | 큐: 0건 | 처리중: 4건 | 번들: ID:55698(1건), ID:55700(1건), ID:55701(1건), ID:55704(1건)
[2026-07-14 11:50:45] INFO: [POLLING] 종료 | 큐: 0건 | 번들맵: 4개
[2026-07-14 11:50:55] INFO: [POLLING] 시작 | 큐: 0건 | 처리중: 4건 | 번들: ID:55698(1건), ID:55700(1건), ID:55701(1건), ID:55704(1건)
[2026-07-14 11:50:55] INFO: [POLLING] 종료 | 큐: 0건 | 번들맵: 4개
[2026-07-14 11:51:05] INFO: [POLLING] 시작 | 큐: 0건 | 처리중: 4건 | 번들: ID:55698(1건), ID:55700(1건), ID:55701(1건), ID:55704(1건)
[2026-07-14 11:51:05] INFO: [POLLING] 종료 | 큐: 0건 | 번들맵: 4개
[2026-07-14 11:51:15] INFO: [POLLING] 시작 | 큐: 0건 | 처리중: 4건 | 번들: ID:55698(1건), ID:55700(1건), ID:55701(1건), ID:55704(1건)
[2026-07-14 11:51:15] INFO: [POLLING] 종료 | 큐: 0건 | 번들맵: 4개
[2026-07-14 11:51:21] INFO: [REQ] contents=check-event | id=undefined
[2026-07-14 11:51:25] INFO: [POLLING] 시작 | 큐: 0건 | 처리중: 4건 | 번들: ID:55698(1건), ID:55700(1건), ID:55701(1건), ID:55704(1건)
[2026-07-14 11:51:25] INFO: [POLLING] 종료 | 큐: 0건 | 번들맵: 4개
[2026-07-14 11:51:35] INFO: [POLLING] 시작 | 큐: 0건 | 처리중: 4건 | 번들: ID:55698(1건), ID:55700(1건), ID:55701(1건), ID:55704(1건)
[2026-07-14 11:51:35] INFO: [POLLING] 종료 | 큐: 0건 | 번들맵: 4개
[2026-07-14 11:51:45] INFO: [POLLING] 시작 | 큐: 0건 | 처리중: 4건 | 번들: ID:55698(1건), ID:55700(1건), ID:55701(1건), ID:55704(1건)
[2026-07-14 11:51:45] INFO: [POLLING] 종료 | 큐: 0건 | 번들맵: 4개
[2026-07-14 11:51:55] INFO: [POLLING] 시작 | 큐: 0건 | 처리중: 4건 | 번들: ID:55698(1건), ID:55700(1건), ID:55701(1건), ID:55704(1건)
[2026-07-14 11:51:55] INFO: [POLLING] 종료 | 큐: 0건 | 번들맵: 4개
[2026-07-14 11:52:05] INFO: [POLLING] 시작 | 큐: 0건 | 처리중: 4건 | 번들: ID:55698(1건), ID:55700(1건), ID:55701(1건), ID:55704(1건)
[2026-07-14 11:52:05] INFO: [POLLING] 종료 | 큐: 0건 | 번들맵: 4개
[2026-07-14 11:52:15] INFO: [POLLING] 시작 | 큐: 0건 | 처리중: 4건 | 번들: ID:55698(1건), ID:55700(1건), ID:55701(1건), ID:55704(1건)
[2026-07-14 11:52:15] INFO: [POLLING] 종료 | 큐: 0건 | 번들맵: 4개
[2026-07-14 11:52:24] INFO: [REQ] contents=check-event | id=undefined
[2026-07-14 11:52:25] INFO: [POLLING] 시작 | 큐: 0건 | 처리중: 4건 | 번들: ID:55698(1건), ID:55700(1건), ID:55701(1건), ID:55704(1건)
[2026-07-14 11:52:25] INFO: [POLLING] 종료 | 큐: 0건 | 번들맵: 4개
[2026-07-14 11:52:35] INFO: [POLLING] 시작 | 큐: 0건 | 처리중: 4건 | 번들: ID:55698(1건), ID:55700(1건), ID:55701(1건), ID:55704(1건)
[2026-07-14 11:52:35] INFO: [POLLING] 종료 | 큐: 0건 | 번들맵: 4개
[2026-07-14 11:52:45] INFO: [POLLING] 시작 | 큐: 0건 | 처리중: 4건 | 번들: ID:55698(1건), ID:55700(1건), ID:55701(1건), ID:55704(1건)
[2026-07-14 11:52:45] INFO: [POLLING] 종료 | 큐: 0건 | 번들맵: 4개
[2026-07-14 11:52:55] INFO: [POLLING] 시작 | 큐: 0건 | 처리중: 4건 | 번들: ID:55698(1건), ID:55700(1건), ID:55701(1건), ID:55704(1건)
[2026-07-14 11:52:55] INFO: [POLLING] 종료 | 큐: 0건 | 번들맵: 4개
[2026-07-14 11:53:01] INFO: [REQ] contents=check-event | id=undefined
[2026-07-14 11:53:05] INFO: [POLLING] 시작 | 큐: 0건 | 처리중: 4건 | 번들: ID:55698(1건), ID:55700(1건), ID:55701(1건), ID:55704(1건)
[2026-07-14 11:53:05] INFO: [POLLING] 종료 | 큐: 0건 | 번들맵: 4개
[2026-07-14 11:53:15] INFO: [POLLING] 시작 | 큐: 0건 | 처리중: 4건 | 번들: ID:55698(1건), ID:55700(1건), ID:55701(1건), ID:55704(1건)
[2026-07-14 11:53:15] INFO: [POLLING] 종료 | 큐: 0건 | 번들맵: 4개
[2026-07-14 11:53:25] INFO: [POLLING] 시작 | 큐: 0건 | 처리중: 4건 | 번들: ID:55698(1건), ID:55700(1건), ID:55701(1건), ID:55704(1건)
[2026-07-14 11:53:25] INFO: [POLLING] 종료 | 큐: 0건 | 번들맵: 4개
[2026-07-14 11:53:35] INFO: [POLLING] 시작 | 큐: 0건 | 처리중: 4건 | 번들: ID:55698(1건), ID:55700(1건), ID:55701(1건), ID:55704(1건)
[2026-07-14 11:53:35] INFO: [POLLING] 종료 | 큐: 0건 | 번들맵: 4개
[2026-07-14 11:53:45] INFO: [POLLING] 시작 | 큐: 0건 | 처리중: 4건 | 번들: ID:55698(1건), ID:55700(1건), ID:55701(1건), ID:55704(1건)
[2026-07-14 11:53:45] INFO: [POLLING] 종료 | 큐: 0건 | 번들맵: 4개
[2026-07-14 11:53:55] INFO: [POLLING] 시작 | 큐: 0건 | 처리중: 4건 | 번들: ID:55698(1건), ID:55700(1건), ID:55701(1건), ID:55704(1건)
[2026-07-14 11:53:55] INFO: [POLLING] 종료 | 큐: 0건 | 번들맵: 4개
[2026-07-14 11:54:05] INFO: [REQ] contents=check-event | id=undefined
[2026-07-14 11:54:05] INFO: [POLLING] 시작 | 큐: 0건 | 처리중: 4건 | 번들: ID:55698(1건), ID:55700(1건), ID:55701(1건), ID:55704(1건)
[2026-07-14 11:54:05] INFO: [POLLING] 종료 | 큐: 0건 | 번들맵: 4개
[2026-07-14 11:54:15] INFO: [POLLING] 시작 | 큐: 0건 | 처리중: 4건 | 번들: ID:55698(1건), ID:55700(1건), ID:55701(1건), ID:55704(1건)
[2026-07-14 11:54:15] INFO: [POLLING] 종료 | 큐: 0건 | 번들맵: 4개
[2026-07-14 11:54:25] INFO: [POLLING] 시작 | 큐: 0건 | 처리중: 4건 | 번들: ID:55698(1건), ID:55700(1건), ID:55701(1건), ID:55704(1건)
[2026-07-14 11:54:25] INFO: [POLLING] 종료 | 큐: 0건 | 번들맵: 4개
[2026-07-14 11:54:31] INFO: [REQ] contents=check-event | id=undefined
[2026-07-14 11:54:35] INFO: [POLLING] 시작 | 큐: 0건 | 처리중: 4건 | 번들: ID:55698(1건), ID:55700(1건), ID:55701(1건), ID:55704(1건)
[2026-07-14 11:54:35] INFO: [POLLING] 종료 | 큐: 0건 | 번들맵: 4개
[2026-07-14 11:54:45] INFO: [POLLING] 시작 | 큐: 0건 | 처리중: 4건 | 번들: ID:55698(1건), ID:55700(1건), ID:55701(1건), ID:55704(1건)
[2026-07-14 11:54:45] INFO: [POLLING] 종료 | 큐: 0건 | 번들맵: 4개
[2026-07-14 11:54:55] INFO: [POLLING] 시작 | 큐: 0건 | 처리중: 4건 | 번들: ID:55698(1건), ID:55700(1건), ID:55701(1건), ID:55704(1건)
[2026-07-14 11:54:55] INFO: [POLLING] 종료 | 큐: 0건 | 번들맵: 4개
[2026-07-14 11:55:05] INFO: [POLLING] 시작 | 큐: 0건 | 처리중: 4건 | 번들: ID:55698(1건), ID:55700(1건), ID:55701(1건), ID:55704(1건)
[2026-07-14 11:55:05] INFO: [POLLING] 종료 | 큐: 0건 | 번들맵: 4개
[2026-07-14 11:55:15] INFO: [POLLING] 시작 | 큐: 0건 | 처리중: 4건 | 번들: ID:55698(1건), ID:55700(1건), ID:55701(1건), ID:55704(1건)
[2026-07-14 11:55:15] INFO: [POLLING] 종료 | 큐: 0건 | 번들맵: 4개
[2026-07-14 11:55:25] INFO: [POLLING] 시작 | 큐: 0건 | 처리중: 4건 | 번들: ID:55698(1건), ID:55700(1건), ID:55701(1건), ID:55704(1건)
[2026-07-14 11:55:25] INFO: [POLLING] 종료 | 큐: 0건 | 번들맵: 4개
[2026-07-14 11:55:35] INFO: [REQ] contents=check-event | id=undefined
[2026-07-14 11:55:35] INFO: [POLLING] 시작 | 큐: 0건 | 처리중: 4건 | 번들: ID:55698(1건), ID:55700(1건), ID:55701(1건), ID:55704(1건)
[2026-07-14 11:55:35] INFO: [POLLING] 종료 | 큐: 0건 | 번들맵: 4개
[2026-07-14 11:55:45] INFO: [POLLING] 시작 | 큐: 0건 | 처리중: 4건 | 번들: ID:55698(1건), ID:55700(1건), ID:55701(1건), ID:55704(1건)
[2026-07-14 11:55:45] INFO: [POLLING] 종료 | 큐: 0건 | 번들맵: 4개
[2026-07-14 11:55:55] INFO: [POLLING] 시작 | 큐: 0건 | 처리중: 4건 | 번들: ID:55698(1건), ID:55700(1건), ID:55701(1건), ID:55704(1건)
[2026-07-14 11:55:55] INFO: [POLLING] 종료 | 큐: 0건 | 번들맵: 4개
[2026-07-14 11:56:05] INFO: [POLLING] 시작 | 큐: 0건 | 처리중: 4건 | 번들: ID:55698(1건), ID:55700(1건), ID:55701(1건), ID:55704(1건)
[2026-07-14 11:56:05] INFO: [POLLING] 종료 | 큐: 0건 | 번들맵: 4개
[2026-07-14 11:56:15] INFO: [POLLING] 시작 | 큐: 0건 | 처리중: 4건 | 번들: ID:55698(1건), ID:55700(1건), ID:55701(1건), ID:55704(1건)
[2026-07-14 11:56:15] INFO: [POLLING] 종료 | 큐: 0건 | 번들맵: 4개
[2026-07-14 11:56:21] INFO: [REQ] contents=check-event | id=undefined
[2026-07-14 11:56:25] INFO: [POLLING] 시작 | 큐: 0건 | 처리중: 4건 | 번들: ID:55698(1건), ID:55700(1건), ID:55701(1건), ID:55704(1건)
[2026-07-14 11:56:25] INFO: [POLLING] 종료 | 큐: 0건 | 번들맵: 4개
[2026-07-14 11:56:35] INFO: [POLLING] 시작 | 큐: 0건 | 처리중: 4건 | 번들: ID:55698(1건), ID:55700(1건), ID:55701(1건), ID:55704(1건)
[2026-07-14 11:56:35] INFO: [POLLING] 종료 | 큐: 0건 | 번들맵: 4개
[2026-07-14 11:56:45] INFO: [POLLING] 시작 | 큐: 0건 | 처리중: 4건 | 번들: ID:55698(1건), ID:55700(1건), ID:55701(1건), ID:55704(1건)
[2026-07-14 11:56:45] INFO: [POLLING] 종료 | 큐: 0건 | 번들맵: 4개
[2026-07-14 11:56:55] INFO: [POLLING] 시작 | 큐: 0건 | 처리중: 4건 | 번들: ID:55698(1건), ID:55700(1건), ID:55701(1건), ID:55704(1건)
[2026-07-14 11:56:55] INFO: [POLLING] 종료 | 큐: 0건 | 번들맵: 4개
[2026-07-14 11:57:05] INFO: [POLLING] 시작 | 큐: 0건 | 처리중: 4건 | 번들: ID:55698(1건), ID:55700(1건), ID:55701(1건), ID:55704(1건)
[2026-07-14 11:57:05] INFO: [POLLING] 종료 | 큐: 0건 | 번들맵: 4개
[2026-07-14 11:57:15] INFO: [POLLING] 시작 | 큐: 0건 | 처리중: 4건 | 번들: ID:55698(1건), ID:55700(1건), ID:55701(1건), ID:55704(1건)
[2026-07-14 11:57:15] INFO: [POLLING] 종료 | 큐: 0건 | 번들맵: 4개
[2026-07-14 11:57:25] INFO: [REQ] contents=check-event | id=undefined
[2026-07-14 11:57:25] INFO: [POLLING] 시작 | 큐: 0건 | 처리중: 4건 | 번들: ID:55698(1건), ID:55700(1건), ID:55701(1건), ID:55704(1건)
[2026-07-14 11:57:26] INFO: [POLLING] 종료 | 큐: 0건 | 번들맵: 4개
[2026-07-14 11:57:35] INFO: [POLLING] 시작 | 큐: 0건 | 처리중: 4건 | 번들: ID:55698(1건), ID:55700(1건), ID:55701(1건), ID:55704(1건)
[2026-07-14 11:57:36] INFO: [POLLING] 종료 | 큐: 0건 | 번들맵: 4개
[2026-07-14 11:57:45] INFO: [POLLING] 시작 | 큐: 0건 | 처리중: 4건 | 번들: ID:55698(1건), ID:55700(1건), ID:55701(1건), ID:55704(1건)
[2026-07-14 11:57:46] INFO: [POLLING] 종료 | 큐: 0건 | 번들맵: 4개
[2026-07-14 11:57:55] INFO: [POLLING] 시작 | 큐: 0건 | 처리중: 4건 | 번들: ID:55698(1건), ID:55700(1건), ID:55701(1건), ID:55704(1건)
[2026-07-14 11:57:56] INFO: [POLLING] 종료 | 큐: 0건 | 번들맵: 4개
[2026-07-14 11:58:01] INFO: [REQ] contents=check-event | id=undefined
[2026-07-14 11:58:05] INFO: [POLLING] 시작 | 큐: 0건 | 처리중: 4건 | 번들: ID:55698(1건), ID:55700(1건), ID:55701(1건), ID:55704(1건)
[2026-07-14 11:58:06] INFO: [POLLING] 종료 | 큐: 0건 | 번들맵: 4개
[2026-07-14 11:58:15] INFO: [POLLING] 시작 | 큐: 0건 | 처리중: 4건 | 번들: ID:55698(1건), ID:55700(1건), ID:55701(1건), ID:55704(1건)
[2026-07-14 11:58:16] INFO: [POLLING] 종료 | 큐: 0건 | 번들맵: 4개
[2026-07-14 11:58:26] INFO: [POLLING] 시작 | 큐: 0건 | 처리중: 4건 | 번들: ID:55698(1건), ID:55700(1건), ID:55701(1건), ID:55704(1건)
[2026-07-14 11:58:26] INFO: [POLLING] 종료 | 큐: 0건 | 번들맵: 4개
[2026-07-14 11:58:36] INFO: [POLLING] 시작 | 큐: 0건 | 처리중: 4건 | 번들: ID:55698(1건), ID:55700(1건), ID:55701(1건), ID:55704(1건)
[2026-07-14 11:58:36] INFO: [POLLING] 종료 | 큐: 0건 | 번들맵: 4개
[2026-07-14 11:58:46] INFO: [POLLING] 시작 | 큐: 0건 | 처리중: 4건 | 번들: ID:55698(1건), ID:55700(1건), ID:55701(1건), ID:55704(1건)
[2026-07-14 11:58:46] INFO: [POLLING] 종료 | 큐: 0건 | 번들맵: 4개
[2026-07-14 11:58:56] INFO: [POLLING] 시작 | 큐: 0건 | 처리중: 4건 | 번들: ID:55698(1건), ID:55700(1건), ID:55701(1건), ID:55704(1건)
[2026-07-14 11:58:56] INFO: [POLLING] 종료 | 큐: 0건 | 번들맵: 4개
[2026-07-14 11:59:05] INFO: [REQ] contents=check-event | id=undefined
[2026-07-14 11:59:06] INFO: [POLLING] 시작 | 큐: 0건 | 처리중: 4건 | 번들: ID:55698(1건), ID:55700(1건), ID:55701(1건), ID:55704(1건)
[2026-07-14 11:59:06] INFO: [POLLING] 종료 | 큐: 0건 | 번들맵: 4개
[2026-07-14 11:59:16] INFO: [POLLING] 시작 | 큐: 0건 | 처리중: 4건 | 번들: ID:55698(1건), ID:55700(1건), ID:55701(1건), ID:55704(1건)
[2026-07-14 11:59:16] INFO: [POLLING] 종료 | 큐: 0건 | 번들맵: 4개
[2026-07-14 11:59:26] INFO: [POLLING] 시작 | 큐: 0건 | 처리중: 4건 | 번들: ID:55698(1건), ID:55700(1건), ID:55701(1건), ID:55704(1건)
[2026-07-14 11:59:26] INFO: [POLLING] 종료 | 큐: 0건 | 번들맵: 4개
[2026-07-14 11:59:32] INFO: [REQ] contents=check-event | id=undefined
[2026-07-14 11:59:36] INFO: [POLLING] 시작 | 큐: 0건 | 처리중: 4건 | 번들: ID:55698(1건), ID:55700(1건), ID:55701(1건), ID:55704(1건)
[2026-07-14 11:59:36] INFO: [POLLING] 종료 | 큐: 0건 | 번들맵: 4개
[2026-07-14 11:59:46] INFO: [POLLING] 시작 | 큐: 0건 | 처리중: 4건 | 번들: ID:55698(1건), ID:55700(1건), ID:55701(1건), ID:55704(1건)
[2026-07-14 11:59:46] INFO: [POLLING] 종료 | 큐: 0건 | 번들맵: 4개
[2026-07-14 11:59:56] INFO: [POLLING] 시작 | 큐: 0건 | 처리중: 4건 | 번들: ID:55698(1건), ID:55700(1건), ID:55701(1건), ID:55704(1건)
[2026-07-14 11:59:56] INFO: [POLLING] 종료 | 큐: 0건 | 번들맵: 4개
[2026-07-14 12:00:06] INFO: [POLLING] 시작 | 큐: 0건 | 처리중: 4건 | 번들: ID:55698(1건), ID:55700(1건), ID:55701(1건), ID:55704(1건)
[2026-07-14 12:00:06] INFO: [POLLING] 종료 | 큐: 0건 | 번들맵: 4개
[2026-07-14 12:00:16] INFO: [POLLING] 시작 | 큐: 0건 | 처리중: 4건 | 번들: ID:55698(1건), ID:55700(1건), ID:55701(1건), ID:55704(1건)
[2026-07-14 12:00:16] INFO: [POLLING] 종료 | 큐: 0건 | 번들맵: 4개
[2026-07-14 12:00:26] INFO: [POLLING] 시작 | 큐: 0건 | 처리중: 4건 | 번들: ID:55698(1건), ID:55700(1건), ID:55701(1건), ID:55704(1건)
[2026-07-14 12:00:26] INFO: [POLLING] 종료 | 큐: 0건 | 번들맵: 4개
[2026-07-14 12:00:35] INFO: [REQ] contents=check-event | id=undefined
[2026-07-14 12:00:36] INFO: [POLLING] 시작 | 큐: 0건 | 처리중: 4건 | 번들: ID:55698(1건), ID:55700(1건), ID:55701(1건), ID:55704(1건)
[2026-07-14 12:00:36] INFO: [POLLING] 종료 | 큐: 0건 | 번들맵: 4개
[2026-07-14 12:00:46] INFO: [POLLING] 시작 | 큐: 0건 | 처리중: 4건 | 번들: ID:55698(1건), ID:55700(1건), ID:55701(1건), ID:55704(1건)
[2026-07-14 12:00:46] INFO: [POLLING] 종료 | 큐: 0건 | 번들맵: 4개
[2026-07-14 12:00:56] INFO: [POLLING] 시작 | 큐: 0건 | 처리중: 4건 | 번들: ID:55698(1건), ID:55700(1건), ID:55701(1건), ID:55704(1건)
[2026-07-14 12:00:56] INFO: [POLLING] 종료 | 큐: 0건 | 번들맵: 4개
[2026-07-14 12:01:06] INFO: [POLLING] 시작 | 큐: 0건 | 처리중: 4건 | 번들: ID:55698(1건), ID:55700(1건), ID:55701(1건), ID:55704(1건)
[2026-07-14 12:01:06] INFO: [POLLING] 종료 | 큐: 0건 | 번들맵: 4개
[2026-07-14 12:01:16] INFO: [POLLING] 시작 | 큐: 0건 | 처리중: 4건 | 번들: ID:55698(1건), ID:55700(1건), ID:55701(1건), ID:55704(1건)
[2026-07-14 12:01:16] INFO: [POLLING] 종료 | 큐: 0건 | 번들맵: 4개
[2026-07-14 12:01:22] INFO: [REQ] contents=check-event | id=undefined
[2026-07-14 12:01:26] INFO: [POLLING] 시작 | 큐: 0건 | 처리중: 4건 | 번들: ID:55698(1건), ID:55700(1건), ID:55701(1건), ID:55704(1건)
[2026-07-14 12:01:26] INFO: [POLLING] 종료 | 큐: 0건 | 번들맵: 4개
[2026-07-14 12:01:36] INFO: [POLLING] 시작 | 큐: 0건 | 처리중: 4건 | 번들: ID:55698(1건), ID:55700(1건), ID:55701(1건), ID:55704(1건)
[2026-07-14 12:01:36] INFO: [POLLING] 종료 | 큐: 0건 | 번들맵: 4개
[2026-07-14 12:01:46] INFO: [POLLING] 시작 | 큐: 0건 | 처리중: 4건 | 번들: ID:55698(1건), ID:55700(1건), ID:55701(1건), ID:55704(1건)
[2026-07-14 12:01:46] INFO: [POLLING] 종료 | 큐: 0건 | 번들맵: 4개
[2026-07-14 12:01:56] INFO: [POLLING] 시작 | 큐: 0건 | 처리중: 4건 | 번들: ID:55698(1건), ID:55700(1건), ID:55701(1건), ID:55704(1건)
[2026-07-14 12:01:56] INFO: [POLLING] 종료 | 큐: 0건 | 번들맵: 4개
[2026-07-14 12:02:06] INFO: [POLLING] 시작 | 큐: 0건 | 처리중: 4건 | 번들: ID:55698(1건), ID:55700(1건), ID:55701(1건), ID:55704(1건)
[2026-07-14 12:02:06] INFO: [POLLING] 종료 | 큐: 0건 | 번들맵: 4개
[2026-07-14 12:02:16] INFO: [POLLING] 시작 | 큐: 0건 | 처리중: 4건 | 번들: ID:55698(1건), ID:55700(1건), ID:55701(1건), ID:55704(1건)
[2026-07-14 12:02:16] INFO: [POLLING] 종료 | 큐: 0건 | 번들맵: 4개
[2026-07-14 12:02:25] INFO: [REQ] contents=check-event | id=undefined
[2026-07-14 12:02:26] INFO: [POLLING] 시작 | 큐: 0건 | 처리중: 4건 | 번들: ID:55698(1건), ID:55700(1건), ID:55701(1건), ID:55704(1건)
[2026-07-14 12:02:26] INFO: [POLLING] 종료 | 큐: 0건 | 번들맵: 4개
[2026-07-14 12:02:36] INFO: [POLLING] 시작 | 큐: 0건 | 처리중: 4건 | 번들: ID:55698(1건), ID:55700(1건), ID:55701(1건), ID:55704(1건)
[2026-07-14 12:02:36] INFO: [POLLING] 종료 | 큐: 0건 | 번들맵: 4개
[2026-07-14 12:02:46] INFO: [POLLING] 시작 | 큐: 0건 | 처리중: 4건 | 번들: ID:55698(1건), ID:55700(1건), ID:55701(1건), ID:55704(1건)
[2026-07-14 12:02:46] INFO: [POLLING] 종료 | 큐: 0건 | 번들맵: 4개
[2026-07-14 12:02:56] INFO: [POLLING] 시작 | 큐: 0건 | 처리중: 4건 | 번들: ID:55698(1건), ID:55700(1건), ID:55701(1건), ID:55704(1건)
[2026-07-14 12:02:56] INFO: [POLLING] 종료 | 큐: 0건 | 번들맵: 4개
[2026-07-14 12:03:02] INFO: [REQ] contents=check-event | id=undefined
[2026-07-14 12:03:06] INFO: [POLLING] 시작 | 큐: 0건 | 처리중: 4건 | 번들: ID:55698(1건), ID:55700(1건), ID:55701(1건), ID:55704(1건)
[2026-07-14 12:03:06] INFO: [POLLING] 종료 | 큐: 0건 | 번들맵: 4개
[2026-07-14 12:03:16] INFO: [POLLING] 시작 | 큐: 0건 | 처리중: 4건 | 번들: ID:55698(1건), ID:55700(1건), ID:55701(1건), ID:55704(1건)
[2026-07-14 12:03:16] INFO: [POLLING] 종료 | 큐: 0건 | 번들맵: 4개
[2026-07-14 12:03:26] INFO: [POLLING] 시작 | 큐: 0건 | 처리중: 4건 | 번들: ID:55698(1건), ID:55700(1건), ID:55701(1건), ID:55704(1건)
[2026-07-14 12:03:26] INFO: [POLLING] 종료 | 큐: 0건 | 번들맵: 4개
[2026-07-14 12:03:36] INFO: [POLLING] 시작 | 큐: 0건 | 처리중: 4건 | 번들: ID:55698(1건), ID:55700(1건), ID:55701(1건), ID:55704(1건)
[2026-07-14 12:03:36] INFO: [POLLING] 종료 | 큐: 0건 | 번들맵: 4개
[2026-07-14 12:03:46] INFO: [POLLING] 시작 | 큐: 0건 | 처리중: 4건 | 번들: ID:55698(1건), ID:55700(1건), ID:55701(1건), ID:55704(1건)
[2026-07-14 12:03:46] INFO: [POLLING] 종료 | 큐: 0건 | 번들맵: 4개
[2026-07-14 12:03:56] INFO: [POLLING] 시작 | 큐: 0건 | 처리중: 4건 | 번들: ID:55698(1건), ID:55700(1건), ID:55701(1건), ID:55704(1건)
[2026-07-14 12:03:56] INFO: [POLLING] 종료 | 큐: 0건 | 번들맵: 4개
[2026-07-14 12:04:06] INFO: [REQ] contents=check-event | id=undefined
[2026-07-14 12:04:06] INFO: [POLLING] 시작 | 큐: 0건 | 처리중: 4건 | 번들: ID:55698(1건), ID:55700(1건), ID:55701(1건), ID:55704(1건)
[2026-07-14 12:04:06] INFO: [POLLING] 종료 | 큐: 0건 | 번들맵: 4개
[2026-07-14 12:04:16] INFO: [POLLING] 시작 | 큐: 0건 | 처리중: 4건 | 번들: ID:55698(1건), ID:55700(1건), ID:55701(1건), ID:55704(1건)
[2026-07-14 12:04:16] INFO: [POLLING] 종료 | 큐: 0건 | 번들맵: 4개
[2026-07-14 12:04:26] INFO: [POLLING] 시작 | 큐: 0건 | 처리중: 4건 | 번들: ID:55698(1건), ID:55700(1건), ID:55701(1건), ID:55704(1건)
[2026-07-14 12:04:26] INFO: [POLLING] 종료 | 큐: 0건 | 번들맵: 4개
[2026-07-14 12:04:32] INFO: [REQ] contents=check-event | id=undefined
[2026-07-14 12:04:36] INFO: [POLLING] 시작 | 큐: 0건 | 처리중: 4건 | 번들: ID:55698(1건), ID:55700(1건), ID:55701(1건), ID:55704(1건)
[2026-07-14 12:04:36] INFO: [POLLING] 종료 | 큐: 0건 | 번들맵: 4개
[2026-07-14 12:04:46] INFO: [POLLING] 시작 | 큐: 0건 | 처리중: 4건 | 번들: ID:55698(1건), ID:55700(1건), ID:55701(1건), ID:55704(1건)
[2026-07-14 12:04:46] INFO: [POLLING] 종료 | 큐: 0건 | 번들맵: 4개
[2026-07-14 12:04:56] INFO: [POLLING] 시작 | 큐: 0건 | 처리중: 4건 | 번들: ID:55698(1건), ID:55700(1건), ID:55701(1건), ID:55704(1건)
[2026-07-14 12:04:56] INFO: [POLLING] 종료 | 큐: 0건 | 번들맵: 4개
[2026-07-14 12:05:06] INFO: [POLLING] 시작 | 큐: 0건 | 처리중: 4건 | 번들: ID:55698(1건), ID:55700(1건), ID:55701(1건), ID:55704(1건)
[2026-07-14 12:05:06] INFO: [POLLING] 종료 | 큐: 0건 | 번들맵: 4개
[2026-07-14 12:05:16] INFO: [POLLING] 시작 | 큐: 0건 | 처리중: 4건 | 번들: ID:55698(1건), ID:55700(1건), ID:55701(1건), ID:55704(1건)
[2026-07-14 12:05:16] INFO: [POLLING] 종료 | 큐: 0건 | 번들맵: 4개
[2026-07-14 12:05:26] INFO: [POLLING] 시작 | 큐: 0건 | 처리중: 4건 | 번들: ID:55698(1건), ID:55700(1건), ID:55701(1건), ID:55704(1건)
[2026-07-14 12:05:26] INFO: [POLLING] 종료 | 큐: 0건 | 번들맵: 4개
[2026-07-14 12:05:36] INFO: [REQ] contents=check-event | id=undefined
[2026-07-14 12:05:36] INFO: [POLLING] 시작 | 큐: 0건 | 처리중: 4건 | 번들: ID:55698(1건), ID:55700(1건), ID:55701(1건), ID:55704(1건)
[2026-07-14 12:05:36] INFO: [POLLING] 종료 | 큐: 0건 | 번들맵: 4개
[2026-07-14 12:05:46] INFO: [POLLING] 시작 | 큐: 0건 | 처리중: 4건 | 번들: ID:55698(1건), ID:55700(1건), ID:55701(1건), ID:55704(1건)
[2026-07-14 12:05:46] INFO: [POLLING] 종료 | 큐: 0건 | 번들맵: 4개
[2026-07-14 12:05:56] INFO: [POLLING] 시작 | 큐: 0건 | 처리중: 4건 | 번들: ID:55698(1건), ID:55700(1건), ID:55701(1건), ID:55704(1건)
[2026-07-14 12:05:56] INFO: [POLLING] 종료 | 큐: 0건 | 번들맵: 4개
[2026-07-14 12:06:06] INFO: [POLLING] 시작 | 큐: 0건 | 처리중: 4건 | 번들: ID:55698(1건), ID:55700(1건), ID:55701(1건), ID:55704(1건)
[2026-07-14 12:06:06] INFO: [POLLING] 종료 | 큐: 0건 | 번들맵: 4개
[2026-07-14 12:06:16] INFO: [POLLING] 시작 | 큐: 0건 | 처리중: 4건 | 번들: ID:55698(1건), ID:55700(1건), ID:55701(1건), ID:55704(1건)
[2026-07-14 12:06:16] INFO: [POLLING] 종료 | 큐: 0건 | 번들맵: 4개
[2026-07-14 12:06:22] INFO: [REQ] contents=check-event | id=undefined
[2026-07-14 12:06:26] INFO: [POLLING] 시작 | 큐: 0건 | 처리중: 4건 | 번들: ID:55698(1건), ID:55700(1건), ID:55701(1건), ID:55704(1건)
[2026-07-14 12:06:26] INFO: [POLLING] 종료 | 큐: 0건 | 번들맵: 4개
[2026-07-14 12:06:36] INFO: [POLLING] 시작 | 큐: 0건 | 처리중: 4건 | 번들: ID:55698(1건), ID:55700(1건), ID:55701(1건), ID:55704(1건)
[2026-07-14 12:06:36] INFO: [POLLING] 종료 | 큐: 0건 | 번들맵: 4개
[2026-07-14 12:06:46] INFO: [POLLING] 시작 | 큐: 0건 | 처리중: 4건 | 번들: ID:55698(1건), ID:55700(1건), ID:55701(1건), ID:55704(1건)
[2026-07-14 12:06:46] INFO: [POLLING] 종료 | 큐: 0건 | 번들맵: 4개
[2026-07-14 12:06:56] INFO: [POLLING] 시작 | 큐: 0건 | 처리중: 4건 | 번들: ID:55698(1건), ID:55700(1건), ID:55701(1건), ID:55704(1건)
[2026-07-14 12:06:56] INFO: [POLLING] 종료 | 큐: 0건 | 번들맵: 4개
[2026-07-14 12:07:06] INFO: [POLLING] 시작 | 큐: 0건 | 처리중: 4건 | 번들: ID:55698(1건), ID:55700(1건), ID:55701(1건), ID:55704(1건)
[2026-07-14 12:07:06] INFO: [POLLING] 종료 | 큐: 0건 | 번들맵: 4개
[2026-07-14 12:07:16] INFO: [POLLING] 시작 | 큐: 0건 | 처리중: 4건 | 번들: ID:55698(1건), ID:55700(1건), ID:55701(1건), ID:55704(1건)
[2026-07-14 12:07:16] INFO: [POLLING] 종료 | 큐: 0건 | 번들맵: 4개
[2026-07-14 12:07:26] INFO: [REQ] contents=check-event | id=undefined
[2026-07-14 12:07:26] INFO: [POLLING] 시작 | 큐: 0건 | 처리중: 4건 | 번들: ID:55698(1건), ID:55700(1건), ID:55701(1건), ID:55704(1건)
[2026-07-14 12:07:26] INFO: [POLLING] 종료 | 큐: 0건 | 번들맵: 4개
[2026-07-14 12:07:36] INFO: [POLLING] 시작 | 큐: 0건 | 처리중: 4건 | 번들: ID:55698(1건), ID:55700(1건), ID:55701(1건), ID:55704(1건)
[2026-07-14 12:07:36] INFO: [POLLING] 종료 | 큐: 0건 | 번들맵: 4개
[2026-07-14 12:07:46] INFO: [POLLING] 시작 | 큐: 0건 | 처리중: 4건 | 번들: ID:55698(1건), ID:55700(1건), ID:55701(1건), ID:55704(1건)
[2026-07-14 12:07:46] INFO: [POLLING] 종료 | 큐: 0건 | 번들맵: 4개
[2026-07-14 12:07:56] INFO: [POLLING] 시작 | 큐: 0건 | 처리중: 4건 | 번들: ID:55698(1건), ID:55700(1건), ID:55701(1건), ID:55704(1건)
[2026-07-14 12:07:56] INFO: [POLLING] 종료 | 큐: 0건 | 번들맵: 4개
[2026-07-14 12:08:02] INFO: [REQ] contents=check-event | id=undefined
[2026-07-14 12:08:06] INFO: [POLLING] 시작 | 큐: 0건 | 처리중: 4건 | 번들: ID:55698(1건), ID:55700(1건), ID:55701(1건), ID:55704(1건)
[2026-07-14 12:08:06] INFO: [POLLING] 종료 | 큐: 0건 | 번들맵: 4개
[2026-07-14 12:08:16] INFO: [POLLING] 시작 | 큐: 0건 | 처리중: 4건 | 번들: ID:55698(1건), ID:55700(1건), ID:55701(1건), ID:55704(1건)
[2026-07-14 12:08:16] INFO: [POLLING] 종료 | 큐: 0건 | 번들맵: 4개
[2026-07-14 12:08:26] INFO: [POLLING] 시작 | 큐: 0건 | 처리중: 4건 | 번들: ID:55698(1건), ID:55700(1건), ID:55701(1건), ID:55704(1건)
[2026-07-14 12:08:26] INFO: [POLLING] 종료 | 큐: 0건 | 번들맵: 4개
[2026-07-14 12:08:36] INFO: [POLLING] 시작 | 큐: 0건 | 처리중: 4건 | 번들: ID:55698(1건), ID:55700(1건), ID:55701(1건), ID:55704(1건)
[2026-07-14 12:08:36] INFO: [POLLING] 종료 | 큐: 0건 | 번들맵: 4개
[2026-07-14 12:08:46] INFO: [POLLING] 시작 | 큐: 0건 | 처리중: 4건 | 번들: ID:55698(1건), ID:55700(1건), ID:55701(1건), ID:55704(1건)
[2026-07-14 12:08:46] INFO: [POLLING] 종료 | 큐: 0건 | 번들맵: 4개
[2026-07-14 12:08:56] INFO: [POLLING] 시작 | 큐: 0건 | 처리중: 4건 | 번들: ID:55698(1건), ID:55700(1건), ID:55701(1건), ID:55704(1건)
[2026-07-14 12:08:56] INFO: [POLLING] 종료 | 큐: 0건 | 번들맵: 4개
[2026-07-14 12:09:06] INFO: [REQ] contents=check-event | id=undefined
[2026-07-14 12:09:06] INFO: [POLLING] 시작 | 큐: 0건 | 처리중: 4건 | 번들: ID:55698(1건), ID:55700(1건), ID:55701(1건), ID:55704(1건)
[2026-07-14 12:09:06] INFO: [POLLING] 종료 | 큐: 0건 | 번들맵: 4개
[2026-07-14 12:09:16] INFO: [POLLING] 시작 | 큐: 0건 | 처리중: 4건 | 번들: ID:55698(1건), ID:55700(1건), ID:55701(1건), ID:55704(1건)
[2026-07-14 12:09:16] INFO: [POLLING] 종료 | 큐: 0건 | 번들맵: 4개
[2026-07-14 12:09:26] INFO: [POLLING] 시작 | 큐: 0건 | 처리중: 4건 | 번들: ID:55698(1건), ID:55700(1건), ID:55701(1건), ID:55704(1건)
[2026-07-14 12:09:26] INFO: [POLLING] 종료 | 큐: 0건 | 번들맵: 4개
[2026-07-14 12:09:33] INFO: [REQ] contents=check-event | id=undefined
[2026-07-14 12:09:36] INFO: [POLLING] 시작 | 큐: 0건 | 처리중: 4건 | 번들: ID:55698(1건), ID:55700(1건), ID:55701(1건), ID:55704(1건)
[2026-07-14 12:09:36] INFO: [POLLING] 종료 | 큐: 0건 | 번들맵: 4개
[2026-07-14 12:09:46] INFO: [POLLING] 시작 | 큐: 0건 | 처리중: 4건 | 번들: ID:55698(1건), ID:55700(1건), ID:55701(1건), ID:55704(1건)
[2026-07-14 12:09:46] INFO: [POLLING] 종료 | 큐: 0건 | 번들맵: 4개
[2026-07-14 12:09:56] INFO: [POLLING] 시작 | 큐: 0건 | 처리중: 4건 | 번들: ID:55698(1건), ID:55700(1건), ID:55701(1건), ID:55704(1건)
[2026-07-14 12:09:56] INFO: [POLLING] 종료 | 큐: 0건 | 번들맵: 4개
[2026-07-14 12:10:06] INFO: [POLLING] 시작 | 큐: 0건 | 처리중: 4건 | 번들: ID:55698(1건), ID:55700(1건), ID:55701(1건), ID:55704(1건)
[2026-07-14 12:10:06] INFO: [POLLING] 종료 | 큐: 0건 | 번들맵: 4개
[2026-07-14 12:10:16] INFO: [POLLING] 시작 | 큐: 0건 | 처리중: 4건 | 번들: ID:55698(1건), ID:55700(1건), ID:55701(1건), ID:55704(1건)
[2026-07-14 12:10:16] INFO: [POLLING] 종료 | 큐: 0건 | 번들맵: 4개
[2026-07-14 12:10:26] INFO: [POLLING] 시작 | 큐: 0건 | 처리중: 4건 | 번들: ID:55698(1건), ID:55700(1건), ID:55701(1건), ID:55704(1건)
[2026-07-14 12:10:26] INFO: [POLLING] 종료 | 큐: 0건 | 번들맵: 4개
[2026-07-14 12:10:36] INFO: [REQ] contents=check-event | id=undefined
[2026-07-14 12:10:36] INFO: [POLLING] 시작 | 큐: 0건 | 처리중: 4건 | 번들: ID:55698(1건), ID:55700(1건), ID:55701(1건), ID:55704(1건)
[2026-07-14 12:10:36] INFO: [POLLING] 종료 | 큐: 0건 | 번들맵: 4개
[2026-07-14 12:10:46] INFO: [POLLING] 시작 | 큐: 0건 | 처리중: 4건 | 번들: ID:55698(1건), ID:55700(1건), ID:55701(1건), ID:55704(1건)
[2026-07-14 12:10:46] INFO: [POLLING] 종료 | 큐: 0건 | 번들맵: 4개
[2026-07-14 12:10:56] INFO: [POLLING] 시작 | 큐: 0건 | 처리중: 4건 | 번들: ID:55698(1건), ID:55700(1건), ID:55701(1건), ID:55704(1건)
[2026-07-14 12:10:56] INFO: [POLLING] 종료 | 큐: 0건 | 번들맵: 4개
[2026-07-14 12:11:06] INFO: [POLLING] 시작 | 큐: 0건 | 처리중: 4건 | 번들: ID:55698(1건), ID:55700(1건), ID:55701(1건), ID:55704(1건)
[2026-07-14 12:11:06] INFO: [POLLING] 종료 | 큐: 0건 | 번들맵: 4개
[2026-07-14 12:11:16] INFO: [POLLING] 시작 | 큐: 0건 | 처리중: 4건 | 번들: ID:55698(1건), ID:55700(1건), ID:55701(1건), ID:55704(1건)
[2026-07-14 12:11:16] INFO: [POLLING] 종료 | 큐: 0건 | 번들맵: 4개
[2026-07-14 12:11:23] INFO: [REQ] contents=check-event | id=undefined
[2026-07-14 12:11:26] INFO: [POLLING] 시작 | 큐: 0건 | 처리중: 4건 | 번들: ID:55698(1건), ID:55700(1건), ID:55701(1건), ID:55704(1건)
[2026-07-14 12:11:26] INFO: [POLLING] 종료 | 큐: 0건 | 번들맵: 4개
[2026-07-14 12:11:36] INFO: [POLLING] 시작 | 큐: 0건 | 처리중: 4건 | 번들: ID:55698(1건), ID:55700(1건), ID:55701(1건), ID:55704(1건)
[2026-07-14 12:11:36] INFO: [POLLING] 종료 | 큐: 0건 | 번들맵: 4개
[2026-07-14 12:11:46] INFO: [POLLING] 시작 | 큐: 0건 | 처리중: 4건 | 번들: ID:55698(1건), ID:55700(1건), ID:55701(1건), ID:55704(1건)
[2026-07-14 12:11:46] INFO: [POLLING] 종료 | 큐: 0건 | 번들맵: 4개
[2026-07-14 12:11:56] INFO: [POLLING] 시작 | 큐: 0건 | 처리중: 4건 | 번들: ID:55698(1건), ID:55700(1건), ID:55701(1건), ID:55704(1건)
[2026-07-14 12:11:56] INFO: [POLLING] 종료 | 큐: 0건 | 번들맵: 4개
[2026-07-14 12:12:06] INFO: [POLLING] 시작 | 큐: 0건 | 처리중: 4건 | 번들: ID:55698(1건), ID:55700(1건), ID:55701(1건), ID:55704(1건)
[2026-07-14 12:12:07] INFO: [POLLING] 종료 | 큐: 0건 | 번들맵: 4개
[2026-07-14 12:12:16] INFO: [POLLING] 시작 | 큐: 0건 | 처리중: 4건 | 번들: ID:55698(1건), ID:55700(1건), ID:55701(1건), ID:55704(1건)
[2026-07-14 12:12:16] INFO: [POLLING] 종료 | 큐: 0건 | 번들맵: 4개
[2026-07-14 12:12:26] INFO: [REQ] contents=check-event | id=undefined
[2026-07-14 12:12:26] INFO: [POLLING] 시작 | 큐: 0건 | 처리중: 4건 | 번들: ID:55698(1건), ID:55700(1건), ID:55701(1건), ID:55704(1건)
[2026-07-14 12:12:26] INFO: [POLLING] 종료 | 큐: 0건 | 번들맵: 4개
[2026-07-14 12:12:36] INFO: [POLLING] 시작 | 큐: 0건 | 처리중: 4건 | 번들: ID:55698(1건), ID:55700(1건), ID:55701(1건), ID:55704(1건)
[2026-07-14 12:12:36] INFO: [POLLING] 종료 | 큐: 0건 | 번들맵: 4개
[2026-07-14 12:12:46] INFO: [POLLING] 시작 | 큐: 0건 | 처리중: 4건 | 번들: ID:55698(1건), ID:55700(1건), ID:55701(1건), ID:55704(1건)
[2026-07-14 12:12:46] INFO: [POLLING] 종료 | 큐: 0건 | 번들맵: 4개
[2026-07-14 12:12:56] INFO: [POLLING] 시작 | 큐: 0건 | 처리중: 4건 | 번들: ID:55698(1건), ID:55700(1건), ID:55701(1건), ID:55704(1건)
[2026-07-14 12:12:56] INFO: [POLLING] 종료 | 큐: 0건 | 번들맵: 4개
[2026-07-14 12:13:03] INFO: [REQ] contents=check-event | id=undefined
[2026-07-14 12:13:06] INFO: [POLLING] 시작 | 큐: 0건 | 처리중: 4건 | 번들: ID:55698(1건), ID:55700(1건), ID:55701(1건), ID:55704(1건)
[2026-07-14 12:13:06] INFO: [POLLING] 종료 | 큐: 0건 | 번들맵: 4개
[2026-07-14 12:13:16] INFO: [POLLING] 시작 | 큐: 0건 | 처리중: 4건 | 번들: ID:55698(1건), ID:55700(1건), ID:55701(1건), ID:55704(1건)
[2026-07-14 12:13:16] INFO: [POLLING] 종료 | 큐: 0건 | 번들맵: 4개
[2026-07-14 12:13:26] INFO: [POLLING] 시작 | 큐: 0건 | 처리중: 4건 | 번들: ID:55698(1건), ID:55700(1건), ID:55701(1건), ID:55704(1건)
[2026-07-14 12:13:27] INFO: [POLLING] 종료 | 큐: 0건 | 번들맵: 4개
[2026-07-14 12:13:36] INFO: [POLLING] 시작 | 큐: 0건 | 처리중: 4건 | 번들: ID:55698(1건), ID:55700(1건), ID:55701(1건), ID:55704(1건)
[2026-07-14 12:13:37] INFO: [POLLING] 종료 | 큐: 0건 | 번들맵: 4개
[2026-07-14 12:13:46] INFO: [POLLING] 시작 | 큐: 0건 | 처리중: 4건 | 번들: ID:55698(1건), ID:55700(1건), ID:55701(1건), ID:55704(1건)
[2026-07-14 12:13:47] INFO: [POLLING] 종료 | 큐: 0건 | 번들맵: 4개
[2026-07-14 12:13:56] INFO: [POLLING] 시작 | 큐: 0건 | 처리중: 4건 | 번들: ID:55698(1건), ID:55700(1건), ID:55701(1건), ID:55704(1건)
[2026-07-14 12:13:57] INFO: [POLLING] 종료 | 큐: 0건 | 번들맵: 4개
[2026-07-14 12:14:06] INFO: [POLLING] 시작 | 큐: 0건 | 처리중: 4건 | 번들: ID:55698(1건), ID:55700(1건), ID:55701(1건), ID:55704(1건)
[2026-07-14 12:14:07] INFO: [REQ] contents=check-event | id=undefined
[2026-07-14 12:14:07] INFO: [POLLING] 종료 | 큐: 0건 | 번들맵: 4개
[2026-07-14 12:14:16] INFO: [POLLING] 시작 | 큐: 0건 | 처리중: 4건 | 번들: ID:55698(1건), ID:55700(1건), ID:55701(1건), ID:55704(1건)
[2026-07-14 12:14:17] INFO: [POLLING] 종료 | 큐: 0건 | 번들맵: 4개
[2026-07-14 12:14:26] INFO: [POLLING] 시작 | 큐: 0건 | 처리중: 4건 | 번들: ID:55698(1건), ID:55700(1건), ID:55701(1건), ID:55704(1건)
[2026-07-14 12:14:27] INFO: [POLLING] 종료 | 큐: 0건 | 번들맵: 4개
[2026-07-14 12:14:33] INFO: [REQ] contents=check-event | id=undefined
[2026-07-14 12:14:36] INFO: [POLLING] 시작 | 큐: 0건 | 처리중: 4건 | 번들: ID:55698(1건), ID:55700(1건), ID:55701(1건), ID:55704(1건)
[2026-07-14 12:14:37] INFO: [POLLING] 종료 | 큐: 0건 | 번들맵: 4개
[2026-07-14 12:14:47] INFO: [POLLING] 시작 | 큐: 0건 | 처리중: 4건 | 번들: ID:55698(1건), ID:55700(1건), ID:55701(1건), ID:55704(1건)
[2026-07-14 12:14:47] INFO: [POLLING] 종료 | 큐: 0건 | 번들맵: 4개
[2026-07-14 12:14:57] INFO: [POLLING] 시작 | 큐: 0건 | 처리중: 4건 | 번들: ID:55698(1건), ID:55700(1건), ID:55701(1건), ID:55704(1건)
[2026-07-14 12:14:57] INFO: [POLLING] 종료 | 큐: 0건 | 번들맵: 4개
[2026-07-14 12:15:07] INFO: [POLLING] 시작 | 큐: 0건 | 처리중: 4건 | 번들: ID:55698(1건), ID:55700(1건), ID:55701(1건), ID:55704(1건)
[2026-07-14 12:15:07] INFO: [POLLING] 종료 | 큐: 0건 | 번들맵: 4개
[2026-07-14 12:15:17] INFO: [POLLING] 시작 | 큐: 0건 | 처리중: 4건 | 번들: ID:55698(1건), ID:55700(1건), ID:55701(1건), ID:55704(1건)
[2026-07-14 12:15:17] INFO: [POLLING] 종료 | 큐: 0건 | 번들맵: 4개
[2026-07-14 12:15:27] INFO: [POLLING] 시작 | 큐: 0건 | 처리중: 4건 | 번들: ID:55698(1건), ID:55700(1건), ID:55701(1건), ID:55704(1건)
[2026-07-14 12:15:27] INFO: [POLLING] 종료 | 큐: 0건 | 번들맵: 4개
[2026-07-14 12:15:37] INFO: [POLLING] 시작 | 큐: 0건 | 처리중: 4건 | 번들: ID:55698(1건), ID:55700(1건), ID:55701(1건), ID:55704(1건)
[2026-07-14 12:15:37] INFO: [POLLING] 종료 | 큐: 0건 | 번들맵: 4개
[2026-07-14 12:15:37] INFO: [REQ] contents=check-event | id=undefined
[2026-07-14 12:15:47] INFO: [POLLING] 시작 | 큐: 0건 | 처리중: 4건 | 번들: ID:55698(1건), ID:55700(1건), ID:55701(1건), ID:55704(1건)
[2026-07-14 12:15:47] INFO: [POLLING] 종료 | 큐: 0건 | 번들맵: 4개
[2026-07-14 12:15:57] INFO: [POLLING] 시작 | 큐: 0건 | 처리중: 4건 | 번들: ID:55698(1건), ID:55700(1건), ID:55701(1건), ID:55704(1건)
[2026-07-14 12:15:57] INFO: [POLLING] 종료 | 큐: 0건 | 번들맵: 4개
[2026-07-14 12:16:07] INFO: [POLLING] 시작 | 큐: 0건 | 처리중: 4건 | 번들: ID:55698(1건), ID:55700(1건), ID:55701(1건), ID:55704(1건)
[2026-07-14 12:16:07] INFO: [POLLING] 종료 | 큐: 0건 | 번들맵: 4개
[2026-07-14 12:16:17] INFO: [POLLING] 시작 | 큐: 0건 | 처리중: 4건 | 번들: ID:55698(1건), ID:55700(1건), ID:55701(1건), ID:55704(1건)
[2026-07-14 12:16:17] INFO: [POLLING] 종료 | 큐: 0건 | 번들맵: 4개
[2026-07-14 12:16:23] INFO: [REQ] contents=check-event | id=undefined
[2026-07-14 12:16:27] INFO: [POLLING] 시작 | 큐: 0건 | 처리중: 4건 | 번들: ID:55698(1건), ID:55700(1건), ID:55701(1건), ID:55704(1건)
[2026-07-14 12:16:27] INFO: [POLLING] 종료 | 큐: 0건 | 번들맵: 4개
[2026-07-14 12:16:37] INFO: [POLLING] 시작 | 큐: 0건 | 처리중: 4건 | 번들: ID:55698(1건), ID:55700(1건), ID:55701(1건), ID:55704(1건)
[2026-07-14 12:16:37] INFO: [POLLING] 종료 | 큐: 0건 | 번들맵: 4개
[2026-07-14 12:16:47] INFO: [POLLING] 시작 | 큐: 0건 | 처리중: 4건 | 번들: ID:55698(1건), ID:55700(1건), ID:55701(1건), ID:55704(1건)
[2026-07-14 12:16:47] INFO: [POLLING] 종료 | 큐: 0건 | 번들맵: 4개
[2026-07-14 12:16:57] INFO: [POLLING] 시작 | 큐: 0건 | 처리중: 4건 | 번들: ID:55698(1건), ID:55700(1건), ID:55701(1건), ID:55704(1건)
[2026-07-14 12:16:57] INFO: [POLLING] 종료 | 큐: 0건 | 번들맵: 4개
[2026-07-14 12:17:07] INFO: [POLLING] 시작 | 큐: 0건 | 처리중: 4건 | 번들: ID:55698(1건), ID:55700(1건), ID:55701(1건), ID:55704(1건)
[2026-07-14 12:17:07] INFO: [POLLING] 종료 | 큐: 0건 | 번들맵: 4개
[2026-07-14 12:17:17] INFO: [POLLING] 시작 | 큐: 0건 | 처리중: 4건 | 번들: ID:55698(1건), ID:55700(1건), ID:55701(1건), ID:55704(1건)
[2026-07-14 12:17:17] INFO: [POLLING] 종료 | 큐: 0건 | 번들맵: 4개
[2026-07-14 12:17:27] INFO: [POLLING] 시작 | 큐: 0건 | 처리중: 4건 | 번들: ID:55698(1건), ID:55700(1건), ID:55701(1건), ID:55704(1건)
[2026-07-14 12:17:27] INFO: [POLLING] 종료 | 큐: 0건 | 번들맵: 4개
[2026-07-14 12:17:27] INFO: [REQ] contents=check-event | id=undefined
[2026-07-14 12:17:37] INFO: [POLLING] 시작 | 큐: 0건 | 처리중: 4건 | 번들: ID:55698(1건), ID:55700(1건), ID:55701(1건), ID:55704(1건)
[2026-07-14 12:17:37] INFO: [POLLING] 종료 | 큐: 0건 | 번들맵: 4개
[2026-07-14 12:17:47] INFO: [POLLING] 시작 | 큐: 0건 | 처리중: 4건 | 번들: ID:55698(1건), ID:55700(1건), ID:55701(1건), ID:55704(1건)
[2026-07-14 12:17:47] INFO: [POLLING] 종료 | 큐: 0건 | 번들맵: 4개
[2026-07-14 12:17:57] INFO: [POLLING] 시작 | 큐: 0건 | 처리중: 4건 | 번들: ID:55698(1건), ID:55700(1건), ID:55701(1건), ID:55704(1건)
[2026-07-14 12:17:57] INFO: [POLLING] 종료 | 큐: 0건 | 번들맵: 4개
[2026-07-14 12:18:03] INFO: [REQ] contents=check-event | id=undefined
[2026-07-14 12:18:07] INFO: [POLLING] 시작 | 큐: 0건 | 처리중: 4건 | 번들: ID:55698(1건), ID:55700(1건), ID:55701(1건), ID:55704(1건)
[2026-07-14 12:18:07] INFO: [POLLING] 종료 | 큐: 0건 | 번들맵: 4개
[2026-07-14 12:18:17] INFO: [POLLING] 시작 | 큐: 0건 | 처리중: 4건 | 번들: ID:55698(1건), ID:55700(1건), ID:55701(1건), ID:55704(1건)
[2026-07-14 12:18:17] INFO: [POLLING] 종료 | 큐: 0건 | 번들맵: 4개
[2026-07-14 12:18:27] INFO: [POLLING] 시작 | 큐: 0건 | 처리중: 4건 | 번들: ID:55698(1건), ID:55700(1건), ID:55701(1건), ID:55704(1건)
[2026-07-14 12:18:27] INFO: [POLLING] 종료 | 큐: 0건 | 번들맵: 4개
[2026-07-14 12:18:37] INFO: [POLLING] 시작 | 큐: 0건 | 처리중: 4건 | 번들: ID:55698(1건), ID:55700(1건), ID:55701(1건), ID:55704(1건)
[2026-07-14 12:18:37] INFO: [POLLING] 종료 | 큐: 0건 | 번들맵: 4개
[2026-07-14 12:18:47] INFO: [POLLING] 시작 | 큐: 0건 | 처리중: 4건 | 번들: ID:55698(1건), ID:55700(1건), ID:55701(1건), ID:55704(1건)
[2026-07-14 12:18:47] INFO: [POLLING] 종료 | 큐: 0건 | 번들맵: 4개
[2026-07-14 12:18:57] INFO: [POLLING] 시작 | 큐: 0건 | 처리중: 4건 | 번들: ID:55698(1건), ID:55700(1건), ID:55701(1건), ID:55704(1건)
[2026-07-14 12:18:57] INFO: [POLLING] 종료 | 큐: 0건 | 번들맵: 4개
[2026-07-14 12:19:07] INFO: [POLLING] 시작 | 큐: 0건 | 처리중: 4건 | 번들: ID:55698(1건), ID:55700(1건), ID:55701(1건), ID:55704(1건)
[2026-07-14 12:19:07] INFO: [POLLING] 종료 | 큐: 0건 | 번들맵: 4개
[2026-07-14 12:19:07] INFO: [REQ] contents=check-event | id=undefined
[2026-07-14 12:19:17] INFO: [POLLING] 시작 | 큐: 0건 | 처리중: 4건 | 번들: ID:55698(1건), ID:55700(1건), ID:55701(1건), ID:55704(1건)
[2026-07-14 12:19:17] INFO: [POLLING] 종료 | 큐: 0건 | 번들맵: 4개
[2026-07-14 12:19:27] INFO: [POLLING] 시작 | 큐: 0건 | 처리중: 4건 | 번들: ID:55698(1건), ID:55700(1건), ID:55701(1건), ID:55704(1건)
[2026-07-14 12:19:27] INFO: [POLLING] 종료 | 큐: 0건 | 번들맵: 4개
[2026-07-14 12:19:34] INFO: [REQ] contents=check-event | id=undefined
[2026-07-14 12:19:37] INFO: [POLLING] 시작 | 큐: 0건 | 처리중: 4건 | 번들: ID:55698(1건), ID:55700(1건), ID:55701(1건), ID:55704(1건)
[2026-07-14 12:19:37] INFO: [POLLING] 종료 | 큐: 0건 | 번들맵: 4개
[2026-07-14 12:19:47] INFO: [POLLING] 시작 | 큐: 0건 | 처리중: 4건 | 번들: ID:55698(1건), ID:55700(1건), ID:55701(1건), ID:55704(1건)
[2026-07-14 12:19:47] INFO: [POLLING] 종료 | 큐: 0건 | 번들맵: 4개
[2026-07-14 12:19:57] INFO: [POLLING] 시작 | 큐: 0건 | 처리중: 4건 | 번들: ID:55698(1건), ID:55700(1건), ID:55701(1건), ID:55704(1건)
[2026-07-14 12:19:57] INFO: [POLLING] 종료 | 큐: 0건 | 번들맵: 4개
[2026-07-14 12:20:07] INFO: [POLLING] 시작 | 큐: 0건 | 처리중: 4건 | 번들: ID:55698(1건), ID:55700(1건), ID:55701(1건), ID:55704(1건)
[2026-07-14 12:20:07] INFO: [POLLING] 종료 | 큐: 0건 | 번들맵: 4개
[2026-07-14 12:20:17] INFO: [POLLING] 시작 | 큐: 0건 | 처리중: 4건 | 번들: ID:55698(1건), ID:55700(1건), ID:55701(1건), ID:55704(1건)
[2026-07-14 12:20:17] INFO: [POLLING] 종료 | 큐: 0건 | 번들맵: 4개
[2026-07-14 12:20:27] INFO: [POLLING] 시작 | 큐: 0건 | 처리중: 4건 | 번들: ID:55698(1건), ID:55700(1건), ID:55701(1건), ID:55704(1건)
[2026-07-14 12:20:27] INFO: [POLLING] 종료 | 큐: 0건 | 번들맵: 4개
[2026-07-14 12:20:37] INFO: [POLLING] 시작 | 큐: 0건 | 처리중: 4건 | 번들: ID:55698(1건), ID:55700(1건), ID:55701(1건), ID:55704(1건)
[2026-07-14 12:20:37] INFO: [POLLING] 종료 | 큐: 0건 | 번들맵: 4개
[2026-07-14 12:20:37] INFO: [REQ] contents=check-event | id=undefined
[2026-07-14 12:20:47] INFO: [POLLING] 시작 | 큐: 0건 | 처리중: 4건 | 번들: ID:55698(1건), ID:55700(1건), ID:55701(1건), ID:55704(1건)
[2026-07-14 12:20:47] INFO: [POLLING] 종료 | 큐: 0건 | 번들맵: 4개
[2026-07-14 12:20:57] INFO: [POLLING] 시작 | 큐: 0건 | 처리중: 4건 | 번들: ID:55698(1건), ID:55700(1건), ID:55701(1건), ID:55704(1건)
[2026-07-14 12:20:57] INFO: [POLLING] 종료 | 큐: 0건 | 번들맵: 4개
[2026-07-14 12:21:07] INFO: [POLLING] 시작 | 큐: 0건 | 처리중: 4건 | 번들: ID:55698(1건), ID:55700(1건), ID:55701(1건), ID:55704(1건)
[2026-07-14 12:21:07] INFO: [POLLING] 종료 | 큐: 0건 | 번들맵: 4개
[2026-07-14 12:21:17] INFO: [POLLING] 시작 | 큐: 0건 | 처리중: 4건 | 번들: ID:55698(1건), ID:55700(1건), ID:55701(1건), ID:55704(1건)
[2026-07-14 12:21:17] INFO: [POLLING] 종료 | 큐: 0건 | 번들맵: 4개
[2026-07-14 12:21:24] INFO: [REQ] contents=check-event | id=undefined
[2026-07-14 12:21:27] INFO: [POLLING] 시작 | 큐: 0건 | 처리중: 4건 | 번들: ID:55698(1건), ID:55700(1건), ID:55701(1건), ID:55704(1건)
[2026-07-14 12:21:27] INFO: [POLLING] 종료 | 큐: 0건 | 번들맵: 4개
[2026-07-14 12:21:37] INFO: [POLLING] 시작 | 큐: 0건 | 처리중: 4건 | 번들: ID:55698(1건), ID:55700(1건), ID:55701(1건), ID:55704(1건)
[2026-07-14 12:21:37] INFO: [POLLING] 종료 | 큐: 0건 | 번들맵: 4개
[2026-07-14 12:21:47] INFO: [POLLING] 시작 | 큐: 0건 | 처리중: 4건 | 번들: ID:55698(1건), ID:55700(1건), ID:55701(1건), ID:55704(1건)
[2026-07-14 12:21:47] INFO: [POLLING] 종료 | 큐: 0건 | 번들맵: 4개
[2026-07-14 12:21:57] INFO: [POLLING] 시작 | 큐: 0건 | 처리중: 4건 | 번들: ID:55698(1건), ID:55700(1건), ID:55701(1건), ID:55704(1건)
[2026-07-14 12:21:57] INFO: [POLLING] 종료 | 큐: 0건 | 번들맵: 4개
[2026-07-14 12:22:07] INFO: [POLLING] 시작 | 큐: 0건 | 처리중: 4건 | 번들: ID:55698(1건), ID:55700(1건), ID:55701(1건), ID:55704(1건)
[2026-07-14 12:22:07] INFO: [POLLING] 종료 | 큐: 0건 | 번들맵: 4개
[2026-07-14 12:22:17] INFO: [POLLING] 시작 | 큐: 0건 | 처리중: 4건 | 번들: ID:55698(1건), ID:55700(1건), ID:55701(1건), ID:55704(1건)
[2026-07-14 12:22:17] INFO: [POLLING] 종료 | 큐: 0건 | 번들맵: 4개
[2026-07-14 12:22:27] INFO: [POLLING] 시작 | 큐: 0건 | 처리중: 4건 | 번들: ID:55698(1건), ID:55700(1건), ID:55701(1건), ID:55704(1건)
[2026-07-14 12:22:27] INFO: [POLLING] 종료 | 큐: 0건 | 번들맵: 4개
[2026-07-14 12:22:27] INFO: [REQ] contents=check-event | id=undefined
[2026-07-14 12:22:37] INFO: [POLLING] 시작 | 큐: 0건 | 처리중: 4건 | 번들: ID:55698(1건), ID:55700(1건), ID:55701(1건), ID:55704(1건)
[2026-07-14 12:22:37] INFO: [POLLING] 종료 | 큐: 0건 | 번들맵: 4개
[2026-07-14 12:22:47] INFO: [POLLING] 시작 | 큐: 0건 | 처리중: 4건 | 번들: ID:55698(1건), ID:55700(1건), ID:55701(1건), ID:55704(1건)
[2026-07-14 12:22:47] INFO: [POLLING] 종료 | 큐: 0건 | 번들맵: 4개
[2026-07-14 12:22:57] INFO: [POLLING] 시작 | 큐: 0건 | 처리중: 4건 | 번들: ID:55698(1건), ID:55700(1건), ID:55701(1건), ID:55704(1건)
[2026-07-14 12:22:57] INFO: [POLLING] 종료 | 큐: 0건 | 번들맵: 4개
[2026-07-14 12:23:04] INFO: [REQ] contents=check-event | id=undefined
[2026-07-14 12:23:07] INFO: [POLLING] 시작 | 큐: 0건 | 처리중: 4건 | 번들: ID:55698(1건), ID:55700(1건), ID:55701(1건), ID:55704(1건)
[2026-07-14 12:23:07] INFO: [POLLING] 종료 | 큐: 0건 | 번들맵: 4개
[2026-07-14 12:23:17] INFO: [POLLING] 시작 | 큐: 0건 | 처리중: 4건 | 번들: ID:55698(1건), ID:55700(1건), ID:55701(1건), ID:55704(1건)
[2026-07-14 12:23:17] INFO: [POLLING] 종료 | 큐: 0건 | 번들맵: 4개
[2026-07-14 12:23:27] INFO: [POLLING] 시작 | 큐: 0건 | 처리중: 4건 | 번들: ID:55698(1건), ID:55700(1건), ID:55701(1건), ID:55704(1건)
[2026-07-14 12:23:27] INFO: [POLLING] 종료 | 큐: 0건 | 번들맵: 4개
[2026-07-14 12:23:37] INFO: [POLLING] 시작 | 큐: 0건 | 처리중: 4건 | 번들: ID:55698(1건), ID:55700(1건), ID:55701(1건), ID:55704(1건)
[2026-07-14 12:23:37] INFO: [POLLING] 종료 | 큐: 0건 | 번들맵: 4개
[2026-07-14 12:23:47] INFO: [POLLING] 시작 | 큐: 0건 | 처리중: 4건 | 번들: ID:55698(1건), ID:55700(1건), ID:55701(1건), ID:55704(1건)
[2026-07-14 12:23:47] INFO: [POLLING] 종료 | 큐: 0건 | 번들맵: 4개
[2026-07-14 12:23:57] INFO: [POLLING] 시작 | 큐: 0건 | 처리중: 4건 | 번들: ID:55698(1건), ID:55700(1건), ID:55701(1건), ID:55704(1건)
[2026-07-14 12:23:57] INFO: [POLLING] 종료 | 큐: 0건 | 번들맵: 4개
[2026-07-14 12:24:07] INFO: [POLLING] 시작 | 큐: 0건 | 처리중: 4건 | 번들: ID:55698(1건), ID:55700(1건), ID:55701(1건), ID:55704(1건)
[2026-07-14 12:24:07] INFO: [POLLING] 종료 | 큐: 0건 | 번들맵: 4개
[2026-07-14 12:24:07] INFO: [REQ] contents=check-event | id=undefined
[2026-07-14 12:24:17] INFO: [POLLING] 시작 | 큐: 0건 | 처리중: 4건 | 번들: ID:55698(1건), ID:55700(1건), ID:55701(1건), ID:55704(1건)
[2026-07-14 12:24:17] INFO: [POLLING] 종료 | 큐: 0건 | 번들맵: 4개
[2026-07-14 12:24:27] INFO: [POLLING] 시작 | 큐: 0건 | 처리중: 4건 | 번들: ID:55698(1건), ID:55700(1건), ID:55701(1건), ID:55704(1건)
[2026-07-14 12:24:27] INFO: [POLLING] 종료 | 큐: 0건 | 번들맵: 4개
[2026-07-14 12:24:34] INFO: [REQ] contents=check-event | id=undefined
[2026-07-14 12:24:37] INFO: [POLLING] 시작 | 큐: 0건 | 처리중: 4건 | 번들: ID:55698(1건), ID:55700(1건), ID:55701(1건), ID:55704(1건)
[2026-07-14 12:24:37] INFO: [POLLING] 종료 | 큐: 0건 | 번들맵: 4개
[2026-07-14 12:24:47] INFO: [POLLING] 시작 | 큐: 0건 | 처리중: 4건 | 번들: ID:55698(1건), ID:55700(1건), ID:55701(1건), ID:55704(1건)
[2026-07-14 12:24:47] INFO: [POLLING] 종료 | 큐: 0건 | 번들맵: 4개
[2026-07-14 12:24:57] INFO: [POLLING] 시작 | 큐: 0건 | 처리중: 4건 | 번들: ID:55698(1건), ID:55700(1건), ID:55701(1건), ID:55704(1건)
[2026-07-14 12:24:57] INFO: [POLLING] 종료 | 큐: 0건 | 번들맵: 4개
[2026-07-14 12:25:07] INFO: [POLLING] 시작 | 큐: 0건 | 처리중: 4건 | 번들: ID:55698(1건), ID:55700(1건), ID:55701(1건), ID:55704(1건)
[2026-07-14 12:25:07] INFO: [POLLING] 종료 | 큐: 0건 | 번들맵: 4개
[2026-07-14 12:25:17] INFO: [POLLING] 시작 | 큐: 0건 | 처리중: 4건 | 번들: ID:55698(1건), ID:55700(1건), ID:55701(1건), ID:55704(1건)
[2026-07-14 12:25:17] INFO: [POLLING] 종료 | 큐: 0건 | 번들맵: 4개
[2026-07-14 12:25:27] INFO: [POLLING] 시작 | 큐: 0건 | 처리중: 4건 | 번들: ID:55698(1건), ID:55700(1건), ID:55701(1건), ID:55704(1건)
[2026-07-14 12:25:27] INFO: [POLLING] 종료 | 큐: 0건 | 번들맵: 4개
[2026-07-14 12:25:37] INFO: [POLLING] 시작 | 큐: 0건 | 처리중: 4건 | 번들: ID:55698(1건), ID:55700(1건), ID:55701(1건), ID:55704(1건)
[2026-07-14 12:25:37] INFO: [POLLING] 종료 | 큐: 0건 | 번들맵: 4개
[2026-07-14 12:25:38] INFO: [REQ] contents=check-event | id=undefined
[2026-07-14 12:25:47] INFO: [POLLING] 시작 | 큐: 0건 | 처리중: 4건 | 번들: ID:55698(1건), ID:55700(1건), ID:55701(1건), ID:55704(1건)
[2026-07-14 12:25:47] INFO: [POLLING] 종료 | 큐: 0건 | 번들맵: 4개
[2026-07-14 12:25:57] INFO: [POLLING] 시작 | 큐: 0건 | 처리중: 4건 | 번들: ID:55698(1건), ID:55700(1건), ID:55701(1건), ID:55704(1건)
[2026-07-14 12:25:57] INFO: [POLLING] 종료 | 큐: 0건 | 번들맵: 4개
[2026-07-14 12:26:07] INFO: [POLLING] 시작 | 큐: 0건 | 처리중: 4건 | 번들: ID:55698(1건), ID:55700(1건), ID:55701(1건), ID:55704(1건)
[2026-07-14 12:26:07] INFO: [POLLING] 종료 | 큐: 0건 | 번들맵: 4개
[2026-07-14 12:26:17] INFO: [POLLING] 시작 | 큐: 0건 | 처리중: 4건 | 번들: ID:55698(1건), ID:55700(1건), ID:55701(1건), ID:55704(1건)
[2026-07-14 12:26:17] INFO: [POLLING] 종료 | 큐: 0건 | 번들맵: 4개
[2026-07-14 12:26:24] INFO: [REQ] contents=check-event | id=undefined
[2026-07-14 12:26:27] INFO: [POLLING] 시작 | 큐: 0건 | 처리중: 4건 | 번들: ID:55698(1건), ID:55700(1건), ID:55701(1건), ID:55704(1건)
[2026-07-14 12:26:27] INFO: [POLLING] 종료 | 큐: 0건 | 번들맵: 4개
[2026-07-14 12:26:37] INFO: [POLLING] 시작 | 큐: 0건 | 처리중: 4건 | 번들: ID:55698(1건), ID:55700(1건), ID:55701(1건), ID:55704(1건)
[2026-07-14 12:26:37] INFO: [POLLING] 종료 | 큐: 0건 | 번들맵: 4개
[2026-07-14 12:26:47] INFO: [POLLING] 시작 | 큐: 0건 | 처리중: 4건 | 번들: ID:55698(1건), ID:55700(1건), ID:55701(1건), ID:55704(1건)
[2026-07-14 12:26:47] INFO: [POLLING] 종료 | 큐: 0건 | 번들맵: 4개
[2026-07-14 12:26:57] INFO: [POLLING] 시작 | 큐: 0건 | 처리중: 4건 | 번들: ID:55698(1건), ID:55700(1건), ID:55701(1건), ID:55704(1건)
[2026-07-14 12:26:57] INFO: [POLLING] 종료 | 큐: 0건 | 번들맵: 4개
[2026-07-14 12:27:07] INFO: [POLLING] 시작 | 큐: 0건 | 처리중: 4건 | 번들: ID:55698(1건), ID:55700(1건), ID:55701(1건), ID:55704(1건)
[2026-07-14 12:27:07] INFO: [POLLING] 종료 | 큐: 0건 | 번들맵: 4개
[2026-07-14 12:27:17] INFO: [POLLING] 시작 | 큐: 0건 | 처리중: 4건 | 번들: ID:55698(1건), ID:55700(1건), ID:55701(1건), ID:55704(1건)
[2026-07-14 12:27:17] INFO: [POLLING] 종료 | 큐: 0건 | 번들맵: 4개
[2026-07-14 12:27:27] INFO: [POLLING] 시작 | 큐: 0건 | 처리중: 4건 | 번들: ID:55698(1건), ID:55700(1건), ID:55701(1건), ID:55704(1건)
[2026-07-14 12:27:27] INFO: [POLLING] 종료 | 큐: 0건 | 번들맵: 4개
[2026-07-14 12:27:28] INFO: [REQ] contents=check-event | id=undefined
[2026-07-14 12:27:37] INFO: [POLLING] 시작 | 큐: 0건 | 처리중: 4건 | 번들: ID:55698(1건), ID:55700(1건), ID:55701(1건), ID:55704(1건)
[2026-07-14 12:27:37] INFO: [POLLING] 종료 | 큐: 0건 | 번들맵: 4개
[2026-07-14 12:27:47] INFO: [POLLING] 시작 | 큐: 0건 | 처리중: 4건 | 번들: ID:55698(1건), ID:55700(1건), ID:55701(1건), ID:55704(1건)
[2026-07-14 12:27:47] INFO: [POLLING] 종료 | 큐: 0건 | 번들맵: 4개
[2026-07-14 12:27:57] INFO: [POLLING] 시작 | 큐: 0건 | 처리중: 4건 | 번들: ID:55698(1건), ID:55700(1건), ID:55701(1건), ID:55704(1건)
[2026-07-14 12:27:57] INFO: [POLLING] 종료 | 큐: 0건 | 번들맵: 4개
[2026-07-14 12:28:04] INFO: [REQ] contents=check-event | id=undefined
[2026-07-14 12:28:07] INFO: [POLLING] 시작 | 큐: 0건 | 처리중: 4건 | 번들: ID:55698(1건), ID:55700(1건), ID:55701(1건), ID:55704(1건)
[2026-07-14 12:28:07] INFO: [POLLING] 종료 | 큐: 0건 | 번들맵: 4개
[2026-07-14 12:28:17] INFO: [POLLING] 시작 | 큐: 0건 | 처리중: 4건 | 번들: ID:55698(1건), ID:55700(1건), ID:55701(1건), ID:55704(1건)
[2026-07-14 12:28:17] INFO: [POLLING] 종료 | 큐: 0건 | 번들맵: 4개
[2026-07-14 12:28:27] INFO: [POLLING] 시작 | 큐: 0건 | 처리중: 4건 | 번들: ID:55698(1건), ID:55700(1건), ID:55701(1건), ID:55704(1건)
[2026-07-14 12:28:27] INFO: [POLLING] 종료 | 큐: 0건 | 번들맵: 4개
[2026-07-14 12:28:37] INFO: [POLLING] 시작 | 큐: 0건 | 처리중: 4건 | 번들: ID:55698(1건), ID:55700(1건), ID:55701(1건), ID:55704(1건)
[2026-07-14 12:28:37] INFO: [POLLING] 종료 | 큐: 0건 | 번들맵: 4개
[2026-07-14 12:28:47] INFO: [POLLING] 시작 | 큐: 0건 | 처리중: 4건 | 번들: ID:55698(1건), ID:55700(1건), ID:55701(1건), ID:55704(1건)
[2026-07-14 12:28:47] INFO: [POLLING] 종료 | 큐: 0건 | 번들맵: 4개
[2026-07-14 12:28:57] INFO: [POLLING] 시작 | 큐: 0건 | 처리중: 4건 | 번들: ID:55698(1건), ID:55700(1건), ID:55701(1건), ID:55704(1건)
[2026-07-14 12:28:57] INFO: [POLLING] 종료 | 큐: 0건 | 번들맵: 4개
[2026-07-14 12:29:07] INFO: [POLLING] 시작 | 큐: 0건 | 처리중: 4건 | 번들: ID:55698(1건), ID:55700(1건), ID:55701(1건), ID:55704(1건)
[2026-07-14 12:29:07] INFO: [POLLING] 종료 | 큐: 0건 | 번들맵: 4개
[2026-07-14 12:29:08] INFO: [REQ] contents=check-event | id=undefined
[2026-07-14 12:29:17] INFO: [POLLING] 시작 | 큐: 0건 | 처리중: 4건 | 번들: ID:55698(1건), ID:55700(1건), ID:55701(1건), ID:55704(1건)
[2026-07-14 12:29:17] INFO: [POLLING] 종료 | 큐: 0건 | 번들맵: 4개
[2026-07-14 12:29:27] INFO: [POLLING] 시작 | 큐: 0건 | 처리중: 4건 | 번들: ID:55698(1건), ID:55700(1건), ID:55701(1건), ID:55704(1건)
[2026-07-14 12:29:27] INFO: [POLLING] 종료 | 큐: 0건 | 번들맵: 4개
[2026-07-14 12:29:34] INFO: [REQ] contents=check-event | id=undefined
[2026-07-14 12:29:37] INFO: [POLLING] 시작 | 큐: 0건 | 처리중: 4건 | 번들: ID:55698(1건), ID:55700(1건), ID:55701(1건), ID:55704(1건)
[2026-07-14 12:29:37] INFO: [POLLING] 종료 | 큐: 0건 | 번들맵: 4개
[2026-07-14 12:29:47] INFO: [POLLING] 시작 | 큐: 0건 | 처리중: 4건 | 번들: ID:55698(1건), ID:55700(1건), ID:55701(1건), ID:55704(1건)
[2026-07-14 12:29:47] INFO: [POLLING] 종료 | 큐: 0건 | 번들맵: 4개
[2026-07-14 12:29:57] INFO: [POLLING] 시작 | 큐: 0건 | 처리중: 4건 | 번들: ID:55698(1건), ID:55700(1건), ID:55701(1건), ID:55704(1건)
[2026-07-14 12:29:57] INFO: [POLLING] 종료 | 큐: 0건 | 번들맵: 4개
[2026-07-14 12:30:07] INFO: [POLLING] 시작 | 큐: 0건 | 처리중: 4건 | 번들: ID:55698(1건), ID:55700(1건), ID:55701(1건), ID:55704(1건)
[2026-07-14 12:30:07] INFO: [POLLING] 종료 | 큐: 0건 | 번들맵: 4개
[2026-07-14 12:30:17] INFO: [POLLING] 시작 | 큐: 0건 | 처리중: 4건 | 번들: ID:55698(1건), ID:55700(1건), ID:55701(1건), ID:55704(1건)
[2026-07-14 12:30:17] INFO: [POLLING] 종료 | 큐: 0건 | 번들맵: 4개
[2026-07-14 12:30:27] INFO: [POLLING] 시작 | 큐: 0건 | 처리중: 4건 | 번들: ID:55698(1건), ID:55700(1건), ID:55701(1건), ID:55704(1건)
[2026-07-14 12:30:27] INFO: [POLLING] 종료 | 큐: 0건 | 번들맵: 4개
[2026-07-14 12:30:37] INFO: [POLLING] 시작 | 큐: 0건 | 처리중: 4건 | 번들: ID:55698(1건), ID:55700(1건), ID:55701(1건), ID:55704(1건)
[2026-07-14 12:30:37] INFO: [POLLING] 종료 | 큐: 0건 | 번들맵: 4개
[2026-07-14 12:30:38] INFO: [REQ] contents=check-event | id=undefined
[2026-07-14 12:30:47] INFO: [POLLING] 시작 | 큐: 0건 | 처리중: 4건 | 번들: ID:55698(1건), ID:55700(1건), ID:55701(1건), ID:55704(1건)
[2026-07-14 12:30:47] INFO: [POLLING] 종료 | 큐: 0건 | 번들맵: 4개
[2026-07-14 12:30:57] INFO: [POLLING] 시작 | 큐: 0건 | 처리중: 4건 | 번들: ID:55698(1건), ID:55700(1건), ID:55701(1건), ID:55704(1건)
[2026-07-14 12:30:57] INFO: [POLLING] 종료 | 큐: 0건 | 번들맵: 4개
[2026-07-14 12:31:07] INFO: [POLLING] 시작 | 큐: 0건 | 처리중: 4건 | 번들: ID:55698(1건), ID:55700(1건), ID:55701(1건), ID:55704(1건)
[2026-07-14 12:31:07] INFO: [POLLING] 종료 | 큐: 0건 | 번들맵: 4개
[2026-07-14 12:31:17] INFO: [POLLING] 시작 | 큐: 0건 | 처리중: 4건 | 번들: ID:55698(1건), ID:55700(1건), ID:55701(1건), ID:55704(1건)
[2026-07-14 12:31:17] INFO: [POLLING] 종료 | 큐: 0건 | 번들맵: 4개
[2026-07-14 12:31:25] INFO: [REQ] contents=check-event | id=undefined
[2026-07-14 12:31:27] INFO: [POLLING] 시작 | 큐: 0건 | 처리중: 4건 | 번들: ID:55698(1건), ID:55700(1건), ID:55701(1건), ID:55704(1건)
[2026-07-14 12:31:27] INFO: [POLLING] 종료 | 큐: 0건 | 번들맵: 4개
[2026-07-14 12:31:37] INFO: [POLLING] 시작 | 큐: 0건 | 처리중: 4건 | 번들: ID:55698(1건), ID:55700(1건), ID:55701(1건), ID:55704(1건)
[2026-07-14 12:31:37] INFO: [POLLING] 종료 | 큐: 0건 | 번들맵: 4개
[2026-07-14 12:31:47] INFO: [POLLING] 시작 | 큐: 0건 | 처리중: 4건 | 번들: ID:55698(1건), ID:55700(1건), ID:55701(1건), ID:55704(1건)
[2026-07-14 12:31:47] INFO: [POLLING] 종료 | 큐: 0건 | 번들맵: 4개
[2026-07-14 12:31:57] INFO: [POLLING] 시작 | 큐: 0건 | 처리중: 4건 | 번들: ID:55698(1건), ID:55700(1건), ID:55701(1건), ID:55704(1건)
[2026-07-14 12:31:58] INFO: [POLLING] 종료 | 큐: 0건 | 번들맵: 4개
[2026-07-14 12:32:07] INFO: [POLLING] 시작 | 큐: 0건 | 처리중: 4건 | 번들: ID:55698(1건), ID:55700(1건), ID:55701(1건), ID:55704(1건)
[2026-07-14 12:32:08] INFO: [POLLING] 종료 | 큐: 0건 | 번들맵: 4개
[2026-07-14 12:32:17] INFO: [POLLING] 시작 | 큐: 0건 | 처리중: 4건 | 번들: ID:55698(1건), ID:55700(1건), ID:55701(1건), ID:55704(1건)
[2026-07-14 12:32:18] INFO: [POLLING] 종료 | 큐: 0건 | 번들맵: 4개
[2026-07-14 12:32:27] INFO: [POLLING] 시작 | 큐: 0건 | 처리중: 4건 | 번들: ID:55698(1건), ID:55700(1건), ID:55701(1건), ID:55704(1건)
[2026-07-14 12:32:28] INFO: [POLLING] 종료 | 큐: 0건 | 번들맵: 4개
[2026-07-14 12:32:28] INFO: [REQ] contents=check-event | id=undefined
[2026-07-14 12:32:37] INFO: [POLLING] 시작 | 큐: 0건 | 처리중: 4건 | 번들: ID:55698(1건), ID:55700(1건), ID:55701(1건), ID:55704(1건)
[2026-07-14 12:32:38] INFO: [POLLING] 종료 | 큐: 0건 | 번들맵: 4개
[2026-07-14 12:32:47] INFO: [POLLING] 시작 | 큐: 0건 | 처리중: 4건 | 번들: ID:55698(1건), ID:55700(1건), ID:55701(1건), ID:55704(1건)
[2026-07-14 12:32:48] INFO: [POLLING] 종료 | 큐: 0건 | 번들맵: 4개
[2026-07-14 12:32:57] INFO: [POLLING] 시작 | 큐: 0건 | 처리중: 4건 | 번들: ID:55698(1건), ID:55700(1건), ID:55701(1건), ID:55704(1건)
[2026-07-14 12:32:58] INFO: [POLLING] 종료 | 큐: 0건 | 번들맵: 4개
[2026-07-14 12:33:05] INFO: [REQ] contents=check-event | id=undefined
[2026-07-14 12:33:07] INFO: [POLLING] 시작 | 큐: 0건 | 처리중: 4건 | 번들: ID:55698(1건), ID:55700(1건), ID:55701(1건), ID:55704(1건)
[2026-07-14 12:33:08] INFO: [POLLING] 종료 | 큐: 0건 | 번들맵: 4개
[2026-07-14 12:33:18] INFO: [POLLING] 시작 | 큐: 0건 | 처리중: 4건 | 번들: ID:55698(1건), ID:55700(1건), ID:55701(1건), ID:55704(1건)
[2026-07-14 12:33:18] INFO: [POLLING] 종료 | 큐: 0건 | 번들맵: 4개
[2026-07-14 12:33:28] INFO: [POLLING] 시작 | 큐: 0건 | 처리중: 4건 | 번들: ID:55698(1건), ID:55700(1건), ID:55701(1건), ID:55704(1건)
[2026-07-14 12:33:28] INFO: [POLLING] 종료 | 큐: 0건 | 번들맵: 4개
[2026-07-14 12:33:38] INFO: [POLLING] 시작 | 큐: 0건 | 처리중: 4건 | 번들: ID:55698(1건), ID:55700(1건), ID:55701(1건), ID:55704(1건)
[2026-07-14 12:33:38] INFO: [POLLING] 종료 | 큐: 0건 | 번들맵: 4개
[2026-07-14 12:33:48] INFO: [POLLING] 시작 | 큐: 0건 | 처리중: 4건 | 번들: ID:55698(1건), ID:55700(1건), ID:55701(1건), ID:55704(1건)
[2026-07-14 12:33:48] INFO: [POLLING] 종료 | 큐: 0건 | 번들맵: 4개
[2026-07-14 12:33:58] INFO: [POLLING] 시작 | 큐: 0건 | 처리중: 4건 | 번들: ID:55698(1건), ID:55700(1건), ID:55701(1건), ID:55704(1건)
[2026-07-14 12:33:58] INFO: [POLLING] 종료 | 큐: 0건 | 번들맵: 4개
[2026-07-14 12:34:08] INFO: [POLLING] 시작 | 큐: 0건 | 처리중: 4건 | 번들: ID:55698(1건), ID:55700(1건), ID:55701(1건), ID:55704(1건)
[2026-07-14 12:34:08] INFO: [POLLING] 종료 | 큐: 0건 | 번들맵: 4개
[2026-07-14 12:34:08] INFO: [REQ] contents=check-event | id=undefined
[2026-07-14 12:34:18] INFO: [POLLING] 시작 | 큐: 0건 | 처리중: 4건 | 번들: ID:55698(1건), ID:55700(1건), ID:55701(1건), ID:55704(1건)
[2026-07-14 12:34:18] INFO: [POLLING] 종료 | 큐: 0건 | 번들맵: 4개
[2026-07-14 12:34:28] INFO: [POLLING] 시작 | 큐: 0건 | 처리중: 4건 | 번들: ID:55698(1건), ID:55700(1건), ID:55701(1건), ID:55704(1건)
[2026-07-14 12:34:28] INFO: [POLLING] 종료 | 큐: 0건 | 번들맵: 4개
[2026-07-14 12:34:35] INFO: [REQ] contents=check-event | id=undefined
[2026-07-14 12:34:38] INFO: [POLLING] 시작 | 큐: 0건 | 처리중: 4건 | 번들: ID:55698(1건), ID:55700(1건), ID:55701(1건), ID:55704(1건)
[2026-07-14 12:34:38] INFO: [POLLING] 종료 | 큐: 0건 | 번들맵: 4개
[2026-07-14 12:34:48] INFO: [POLLING] 시작 | 큐: 0건 | 처리중: 4건 | 번들: ID:55698(1건), ID:55700(1건), ID:55701(1건), ID:55704(1건)
[2026-07-14 12:34:48] INFO: [POLLING] 종료 | 큐: 0건 | 번들맵: 4개
[2026-07-14 12:34:58] INFO: [POLLING] 시작 | 큐: 0건 | 처리중: 4건 | 번들: ID:55698(1건), ID:55700(1건), ID:55701(1건), ID:55704(1건)
[2026-07-14 12:34:58] INFO: [POLLING] 종료 | 큐: 0건 | 번들맵: 4개
[2026-07-14 12:35:08] INFO: [POLLING] 시작 | 큐: 0건 | 처리중: 4건 | 번들: ID:55698(1건), ID:55700(1건), ID:55701(1건), ID:55704(1건)
[2026-07-14 12:35:08] INFO: [POLLING] 종료 | 큐: 0건 | 번들맵: 4개
[2026-07-14 12:35:18] INFO: [POLLING] 시작 | 큐: 0건 | 처리중: 4건 | 번들: ID:55698(1건), ID:55700(1건), ID:55701(1건), ID:55704(1건)
[2026-07-14 12:35:18] INFO: [POLLING] 종료 | 큐: 0건 | 번들맵: 4개
[2026-07-14 12:35:28] INFO: [POLLING] 시작 | 큐: 0건 | 처리중: 4건 | 번들: ID:55698(1건), ID:55700(1건), ID:55701(1건), ID:55704(1건)
[2026-07-14 12:35:28] INFO: [POLLING] 종료 | 큐: 0건 | 번들맵: 4개
[2026-07-14 12:35:38] INFO: [POLLING] 시작 | 큐: 0건 | 처리중: 4건 | 번들: ID:55698(1건), ID:55700(1건), ID:55701(1건), ID:55704(1건)
[2026-07-14 12:35:38] INFO: [POLLING] 종료 | 큐: 0건 | 번들맵: 4개
[2026-07-14 12:35:39] INFO: [REQ] contents=check-event | id=undefined
[2026-07-14 12:35:48] INFO: [POLLING] 시작 | 큐: 0건 | 처리중: 4건 | 번들: ID:55698(1건), ID:55700(1건), ID:55701(1건), ID:55704(1건)
[2026-07-14 12:35:48] INFO: [POLLING] 종료 | 큐: 0건 | 번들맵: 4개
[2026-07-14 12:35:58] INFO: [POLLING] 시작 | 큐: 0건 | 처리중: 4건 | 번들: ID:55698(1건), ID:55700(1건), ID:55701(1건), ID:55704(1건)
[2026-07-14 12:35:58] INFO: [POLLING] 종료 | 큐: 0건 | 번들맵: 4개
[2026-07-14 12:36:08] INFO: [POLLING] 시작 | 큐: 0건 | 처리중: 4건 | 번들: ID:55698(1건), ID:55700(1건), ID:55701(1건), ID:55704(1건)
[2026-07-14 12:36:08] INFO: [POLLING] 종료 | 큐: 0건 | 번들맵: 4개
[2026-07-14 12:36:18] INFO: [POLLING] 시작 | 큐: 0건 | 처리중: 4건 | 번들: ID:55698(1건), ID:55700(1건), ID:55701(1건), ID:55704(1건)
[2026-07-14 12:36:18] INFO: [POLLING] 종료 | 큐: 0건 | 번들맵: 4개
[2026-07-14 12:36:25] INFO: [REQ] contents=check-event | id=undefined
[2026-07-14 12:36:28] INFO: [POLLING] 시작 | 큐: 0건 | 처리중: 4건 | 번들: ID:55698(1건), ID:55700(1건), ID:55701(1건), ID:55704(1건)
[2026-07-14 12:36:28] INFO: [POLLING] 종료 | 큐: 0건 | 번들맵: 4개
[2026-07-14 12:36:38] INFO: [POLLING] 시작 | 큐: 0건 | 처리중: 4건 | 번들: ID:55698(1건), ID:55700(1건), ID:55701(1건), ID:55704(1건)
[2026-07-14 12:36:38] INFO: [POLLING] 종료 | 큐: 0건 | 번들맵: 4개
[2026-07-14 12:36:48] INFO: [POLLING] 시작 | 큐: 0건 | 처리중: 4건 | 번들: ID:55698(1건), ID:55700(1건), ID:55701(1건), ID:55704(1건)
[2026-07-14 12:36:48] INFO: [POLLING] 종료 | 큐: 0건 | 번들맵: 4개
[2026-07-14 12:36:58] INFO: [POLLING] 시작 | 큐: 0건 | 처리중: 4건 | 번들: ID:55698(1건), ID:55700(1건), ID:55701(1건), ID:55704(1건)
[2026-07-14 12:36:58] INFO: [POLLING] 종료 | 큐: 0건 | 번들맵: 4개
[2026-07-14 12:37:08] INFO: [POLLING] 시작 | 큐: 0건 | 처리중: 4건 | 번들: ID:55698(1건), ID:55700(1건), ID:55701(1건), ID:55704(1건)
[2026-07-14 12:37:08] INFO: [POLLING] 종료 | 큐: 0건 | 번들맵: 4개
[2026-07-14 12:37:18] INFO: [POLLING] 시작 | 큐: 0건 | 처리중: 4건 | 번들: ID:55698(1건), ID:55700(1건), ID:55701(1건), ID:55704(1건)
[2026-07-14 12:37:18] INFO: [POLLING] 종료 | 큐: 0건 | 번들맵: 4개
[2026-07-14 12:37:28] INFO: [POLLING] 시작 | 큐: 0건 | 처리중: 4건 | 번들: ID:55698(1건), ID:55700(1건), ID:55701(1건), ID:55704(1건)
[2026-07-14 12:37:28] INFO: [POLLING] 종료 | 큐: 0건 | 번들맵: 4개
[2026-07-14 12:37:29] INFO: [REQ] contents=check-event | id=undefined
[2026-07-14 12:37:38] INFO: [POLLING] 시작 | 큐: 0건 | 처리중: 4건 | 번들: ID:55698(1건), ID:55700(1건), ID:55701(1건), ID:55704(1건)
[2026-07-14 12:37:38] INFO: [POLLING] 종료 | 큐: 0건 | 번들맵: 4개
[2026-07-14 12:37:48] INFO: [POLLING] 시작 | 큐: 0건 | 처리중: 4건 | 번들: ID:55698(1건), ID:55700(1건), ID:55701(1건), ID:55704(1건)
[2026-07-14 12:37:48] INFO: [POLLING] 종료 | 큐: 0건 | 번들맵: 4개
[2026-07-14 12:37:58] INFO: [POLLING] 시작 | 큐: 0건 | 처리중: 4건 | 번들: ID:55698(1건), ID:55700(1건), ID:55701(1건), ID:55704(1건)
[2026-07-14 12:37:58] INFO: [POLLING] 종료 | 큐: 0건 | 번들맵: 4개
[2026-07-14 12:38:05] INFO: [REQ] contents=check-event | id=undefined
[2026-07-14 12:38:08] INFO: [POLLING] 시작 | 큐: 0건 | 처리중: 4건 | 번들: ID:55698(1건), ID:55700(1건), ID:55701(1건), ID:55704(1건)
[2026-07-14 12:38:08] INFO: [POLLING] 종료 | 큐: 0건 | 번들맵: 4개
[2026-07-14 12:38:18] INFO: [POLLING] 시작 | 큐: 0건 | 처리중: 4건 | 번들: ID:55698(1건), ID:55700(1건), ID:55701(1건), ID:55704(1건)
[2026-07-14 12:38:18] INFO: [POLLING] 종료 | 큐: 0건 | 번들맵: 4개
[2026-07-14 12:38:28] INFO: [POLLING] 시작 | 큐: 0건 | 처리중: 4건 | 번들: ID:55698(1건), ID:55700(1건), ID:55701(1건), ID:55704(1건)
[2026-07-14 12:38:28] INFO: [POLLING] 종료 | 큐: 0건 | 번들맵: 4개
[2026-07-14 12:38:38] INFO: [POLLING] 시작 | 큐: 0건 | 처리중: 4건 | 번들: ID:55698(1건), ID:55700(1건), ID:55701(1건), ID:55704(1건)
[2026-07-14 12:38:38] INFO: [POLLING] 종료 | 큐: 0건 | 번들맵: 4개
[2026-07-14 12:38:48] INFO: [POLLING] 시작 | 큐: 0건 | 처리중: 4건 | 번들: ID:55698(1건), ID:55700(1건), ID:55701(1건), ID:55704(1건)
[2026-07-14 12:38:48] INFO: [POLLING] 종료 | 큐: 0건 | 번들맵: 4개
[2026-07-14 12:38:58] INFO: [POLLING] 시작 | 큐: 0건 | 처리중: 4건 | 번들: ID:55698(1건), ID:55700(1건), ID:55701(1건), ID:55704(1건)
[2026-07-14 12:38:58] INFO: [POLLING] 종료 | 큐: 0건 | 번들맵: 4개
[2026-07-14 12:39:08] INFO: [POLLING] 시작 | 큐: 0건 | 처리중: 4건 | 번들: ID:55698(1건), ID:55700(1건), ID:55701(1건), ID:55704(1건)
[2026-07-14 12:39:08] INFO: [POLLING] 종료 | 큐: 0건 | 번들맵: 4개
[2026-07-14 12:39:09] INFO: [REQ] contents=check-event | id=undefined
[2026-07-14 12:39:18] INFO: [POLLING] 시작 | 큐: 0건 | 처리중: 4건 | 번들: ID:55698(1건), ID:55700(1건), ID:55701(1건), ID:55704(1건)
[2026-07-14 12:39:18] INFO: [POLLING] 종료 | 큐: 0건 | 번들맵: 4개
[2026-07-14 12:39:28] INFO: [POLLING] 시작 | 큐: 0건 | 처리중: 4건 | 번들: ID:55698(1건), ID:55700(1건), ID:55701(1건), ID:55704(1건)
[2026-07-14 12:39:28] INFO: [POLLING] 종료 | 큐: 0건 | 번들맵: 4개
[2026-07-14 12:39:35] INFO: [REQ] contents=check-event | id=undefined
[2026-07-14 12:39:38] INFO: [POLLING] 시작 | 큐: 0건 | 처리중: 4건 | 번들: ID:55698(1건), ID:55700(1건), ID:55701(1건), ID:55704(1건)
[2026-07-14 12:39:38] INFO: [POLLING] 종료 | 큐: 0건 | 번들맵: 4개
[2026-07-14 12:39:48] INFO: [POLLING] 시작 | 큐: 0건 | 처리중: 4건 | 번들: ID:55698(1건), ID:55700(1건), ID:55701(1건), ID:55704(1건)
[2026-07-14 12:39:48] INFO: [POLLING] 종료 | 큐: 0건 | 번들맵: 4개
[2026-07-14 12:39:58] INFO: [POLLING] 시작 | 큐: 0건 | 처리중: 4건 | 번들: ID:55698(1건), ID:55700(1건), ID:55701(1건), ID:55704(1건)
[2026-07-14 12:39:58] INFO: [POLLING] 종료 | 큐: 0건 | 번들맵: 4개
[2026-07-14 12:40:08] INFO: [POLLING] 시작 | 큐: 0건 | 처리중: 4건 | 번들: ID:55698(1건), ID:55700(1건), ID:55701(1건), ID:55704(1건)
[2026-07-14 12:40:08] INFO: [POLLING] 종료 | 큐: 0건 | 번들맵: 4개
[2026-07-14 12:40:18] INFO: [POLLING] 시작 | 큐: 0건 | 처리중: 4건 | 번들: ID:55698(1건), ID:55700(1건), ID:55701(1건), ID:55704(1건)
[2026-07-14 12:40:18] INFO: [POLLING] 종료 | 큐: 0건 | 번들맵: 4개
[2026-07-14 12:40:28] INFO: [POLLING] 시작 | 큐: 0건 | 처리중: 4건 | 번들: ID:55698(1건), ID:55700(1건), ID:55701(1건), ID:55704(1건)
[2026-07-14 12:40:28] INFO: [POLLING] 종료 | 큐: 0건 | 번들맵: 4개
[2026-07-14 12:40:38] INFO: [POLLING] 시작 | 큐: 0건 | 처리중: 4건 | 번들: ID:55698(1건), ID:55700(1건), ID:55701(1건), ID:55704(1건)
[2026-07-14 12:40:38] INFO: [POLLING] 종료 | 큐: 0건 | 번들맵: 4개
[2026-07-14 12:40:39] INFO: [REQ] contents=check-event | id=undefined
[2026-07-14 12:40:48] INFO: [POLLING] 시작 | 큐: 0건 | 처리중: 4건 | 번들: ID:55698(1건), ID:55700(1건), ID:55701(1건), ID:55704(1건)
[2026-07-14 12:40:48] INFO: [POLLING] 종료 | 큐: 0건 | 번들맵: 4개
[2026-07-14 12:40:58] INFO: [POLLING] 시작 | 큐: 0건 | 처리중: 4건 | 번들: ID:55698(1건), ID:55700(1건), ID:55701(1건), ID:55704(1건)
[2026-07-14 12:40:58] INFO: [POLLING] 종료 | 큐: 0건 | 번들맵: 4개
[2026-07-14 12:41:08] INFO: [POLLING] 시작 | 큐: 0건 | 처리중: 4건 | 번들: ID:55698(1건), ID:55700(1건), ID:55701(1건), ID:55704(1건)
[2026-07-14 12:41:08] INFO: [POLLING] 종료 | 큐: 0건 | 번들맵: 4개
[2026-07-14 12:41:18] INFO: [POLLING] 시작 | 큐: 0건 | 처리중: 4건 | 번들: ID:55698(1건), ID:55700(1건), ID:55701(1건), ID:55704(1건)
[2026-07-14 12:41:18] INFO: [POLLING] 종료 | 큐: 0건 | 번들맵: 4개
[2026-07-14 12:41:26] INFO: [REQ] contents=check-event | id=undefined
[2026-07-14 12:41:28] INFO: [POLLING] 시작 | 큐: 0건 | 처리중: 4건 | 번들: ID:55698(1건), ID:55700(1건), ID:55701(1건), ID:55704(1건)
[2026-07-14 12:41:28] INFO: [POLLING] 종료 | 큐: 0건 | 번들맵: 4개
[2026-07-14 12:41:38] INFO: [POLLING] 시작 | 큐: 0건 | 처리중: 4건 | 번들: ID:55698(1건), ID:55700(1건), ID:55701(1건), ID:55704(1건)
[2026-07-14 12:41:38] INFO: [POLLING] 종료 | 큐: 0건 | 번들맵: 4개
[2026-07-14 12:41:48] INFO: [POLLING] 시작 | 큐: 0건 | 처리중: 4건 | 번들: ID:55698(1건), ID:55700(1건), ID:55701(1건), ID:55704(1건)
[2026-07-14 12:41:48] INFO: [POLLING] 종료 | 큐: 0건 | 번들맵: 4개
[2026-07-14 12:41:58] INFO: [POLLING] 시작 | 큐: 0건 | 처리중: 4건 | 번들: ID:55698(1건), ID:55700(1건), ID:55701(1건), ID:55704(1건)
[2026-07-14 12:41:58] INFO: [POLLING] 종료 | 큐: 0건 | 번들맵: 4개
[2026-07-14 12:42:08] INFO: [POLLING] 시작 | 큐: 0건 | 처리중: 4건 | 번들: ID:55698(1건), ID:55700(1건), ID:55701(1건), ID:55704(1건)
[2026-07-14 12:42:08] INFO: [POLLING] 종료 | 큐: 0건 | 번들맵: 4개
[2026-07-14 12:42:18] INFO: [POLLING] 시작 | 큐: 0건 | 처리중: 4건 | 번들: ID:55698(1건), ID:55700(1건), ID:55701(1건), ID:55704(1건)
[2026-07-14 12:42:18] INFO: [POLLING] 종료 | 큐: 0건 | 번들맵: 4개
[2026-07-14 12:42:28] INFO: [POLLING] 시작 | 큐: 0건 | 처리중: 4건 | 번들: ID:55698(1건), ID:55700(1건), ID:55701(1건), ID:55704(1건)
[2026-07-14 12:42:28] INFO: [POLLING] 종료 | 큐: 0건 | 번들맵: 4개
[2026-07-14 12:42:29] INFO: [REQ] contents=check-event | id=undefined
[2026-07-14 12:42:38] INFO: [POLLING] 시작 | 큐: 0건 | 처리중: 4건 | 번들: ID:55698(1건), ID:55700(1건), ID:55701(1건), ID:55704(1건)
[2026-07-14 12:42:38] INFO: [POLLING] 종료 | 큐: 0건 | 번들맵: 4개
[2026-07-14 12:42:48] INFO: [POLLING] 시작 | 큐: 0건 | 처리중: 4건 | 번들: ID:55698(1건), ID:55700(1건), ID:55701(1건), ID:55704(1건)
[2026-07-14 12:42:48] INFO: [POLLING] 종료 | 큐: 0건 | 번들맵: 4개
[2026-07-14 12:42:58] INFO: [POLLING] 시작 | 큐: 0건 | 처리중: 4건 | 번들: ID:55698(1건), ID:55700(1건), ID:55701(1건), ID:55704(1건)
[2026-07-14 12:42:58] INFO: [POLLING] 종료 | 큐: 0건 | 번들맵: 4개
[2026-07-14 12:43:06] INFO: [REQ] contents=check-event | id=undefined
[2026-07-14 12:43:08] INFO: [POLLING] 시작 | 큐: 0건 | 처리중: 4건 | 번들: ID:55698(1건), ID:55700(1건), ID:55701(1건), ID:55704(1건)
[2026-07-14 12:43:08] INFO: [POLLING] 종료 | 큐: 0건 | 번들맵: 4개
[2026-07-14 12:43:18] INFO: [POLLING] 시작 | 큐: 0건 | 처리중: 4건 | 번들: ID:55698(1건), ID:55700(1건), ID:55701(1건), ID:55704(1건)
[2026-07-14 12:43:18] INFO: [POLLING] 종료 | 큐: 0건 | 번들맵: 4개
[2026-07-14 12:43:28] INFO: [POLLING] 시작 | 큐: 0건 | 처리중: 4건 | 번들: ID:55698(1건), ID:55700(1건), ID:55701(1건), ID:55704(1건)
[2026-07-14 12:43:28] INFO: [POLLING] 종료 | 큐: 0건 | 번들맵: 4개
[2026-07-14 12:43:38] INFO: [POLLING] 시작 | 큐: 0건 | 처리중: 4건 | 번들: ID:55698(1건), ID:55700(1건), ID:55701(1건), ID:55704(1건)
[2026-07-14 12:43:38] INFO: [POLLING] 종료 | 큐: 0건 | 번들맵: 4개
[2026-07-14 12:43:48] INFO: [POLLING] 시작 | 큐: 0건 | 처리중: 4건 | 번들: ID:55698(1건), ID:55700(1건), ID:55701(1건), ID:55704(1건)
[2026-07-14 12:43:48] INFO: [POLLING] 종료 | 큐: 0건 | 번들맵: 4개
[2026-07-14 12:43:58] INFO: [POLLING] 시작 | 큐: 0건 | 처리중: 4건 | 번들: ID:55698(1건), ID:55700(1건), ID:55701(1건), ID:55704(1건)
[2026-07-14 12:43:58] INFO: [POLLING] 종료 | 큐: 0건 | 번들맵: 4개
[2026-07-14 12:44:08] INFO: [POLLING] 시작 | 큐: 0건 | 처리중: 4건 | 번들: ID:55698(1건), ID:55700(1건), ID:55701(1건), ID:55704(1건)
[2026-07-14 12:44:08] INFO: [POLLING] 종료 | 큐: 0건 | 번들맵: 4개
[2026-07-14 12:44:09] INFO: [REQ] contents=check-event | id=undefined
[2026-07-14 12:44:18] INFO: [POLLING] 시작 | 큐: 0건 | 처리중: 4건 | 번들: ID:55698(1건), ID:55700(1건), ID:55701(1건), ID:55704(1건)
[2026-07-14 12:44:18] INFO: [POLLING] 종료 | 큐: 0건 | 번들맵: 4개
[2026-07-14 12:44:28] INFO: [POLLING] 시작 | 큐: 0건 | 처리중: 4건 | 번들: ID:55698(1건), ID:55700(1건), ID:55701(1건), ID:55704(1건)
[2026-07-14 12:44:28] INFO: [POLLING] 종료 | 큐: 0건 | 번들맵: 4개
[2026-07-14 12:44:36] INFO: [REQ] contents=check-event | id=undefined
[2026-07-14 12:44:38] INFO: [POLLING] 시작 | 큐: 0건 | 처리중: 4건 | 번들: ID:55698(1건), ID:55700(1건), ID:55701(1건), ID:55704(1건)
[2026-07-14 12:44:38] INFO: [POLLING] 종료 | 큐: 0건 | 번들맵: 4개
[2026-07-14 12:44:48] INFO: [POLLING] 시작 | 큐: 0건 | 처리중: 4건 | 번들: ID:55698(1건), ID:55700(1건), ID:55701(1건), ID:55704(1건)
[2026-07-14 12:44:48] INFO: [POLLING] 종료 | 큐: 0건 | 번들맵: 4개
[2026-07-14 12:44:58] INFO: [POLLING] 시작 | 큐: 0건 | 처리중: 4건 | 번들: ID:55698(1건), ID:55700(1건), ID:55701(1건), ID:55704(1건)
[2026-07-14 12:44:58] INFO: [POLLING] 종료 | 큐: 0건 | 번들맵: 4개
[2026-07-14 12:45:08] INFO: [POLLING] 시작 | 큐: 0건 | 처리중: 4건 | 번들: ID:55698(1건), ID:55700(1건), ID:55701(1건), ID:55704(1건)
[2026-07-14 12:45:08] INFO: [POLLING] 종료 | 큐: 0건 | 번들맵: 4개
[2026-07-14 12:45:18] INFO: [POLLING] 시작 | 큐: 0건 | 처리중: 4건 | 번들: ID:55698(1건), ID:55700(1건), ID:55701(1건), ID:55704(1건)
[2026-07-14 12:45:18] INFO: [POLLING] 종료 | 큐: 0건 | 번들맵: 4개
[2026-07-14 12:45:28] INFO: [POLLING] 시작 | 큐: 0건 | 처리중: 4건 | 번들: ID:55698(1건), ID:55700(1건), ID:55701(1건), ID:55704(1건)
[2026-07-14 12:45:28] INFO: [POLLING] 종료 | 큐: 0건 | 번들맵: 4개
[2026-07-14 12:45:38] INFO: [POLLING] 시작 | 큐: 0건 | 처리중: 4건 | 번들: ID:55698(1건), ID:55700(1건), ID:55701(1건), ID:55704(1건)
[2026-07-14 12:45:38] INFO: [POLLING] 종료 | 큐: 0건 | 번들맵: 4개
[2026-07-14 12:45:40] INFO: [REQ] contents=check-event | id=undefined
[2026-07-14 12:45:48] INFO: [POLLING] 시작 | 큐: 0건 | 처리중: 4건 | 번들: ID:55698(1건), ID:55700(1건), ID:55701(1건), ID:55704(1건)
[2026-07-14 12:45:48] INFO: [POLLING] 종료 | 큐: 0건 | 번들맵: 4개
[2026-07-14 12:45:58] INFO: [POLLING] 시작 | 큐: 0건 | 처리중: 4건 | 번들: ID:55698(1건), ID:55700(1건), ID:55701(1건), ID:55704(1건)
[2026-07-14 12:45:58] INFO: [POLLING] 종료 | 큐: 0건 | 번들맵: 4개
[2026-07-14 12:46:08] INFO: [POLLING] 시작 | 큐: 0건 | 처리중: 4건 | 번들: ID:55698(1건), ID:55700(1건), ID:55701(1건), ID:55704(1건)
[2026-07-14 12:46:08] INFO: [POLLING] 종료 | 큐: 0건 | 번들맵: 4개
[2026-07-14 12:46:18] INFO: [POLLING] 시작 | 큐: 0건 | 처리중: 4건 | 번들: ID:55698(1건), ID:55700(1건), ID:55701(1건), ID:55704(1건)
[2026-07-14 12:46:18] INFO: [POLLING] 종료 | 큐: 0건 | 번들맵: 4개
[2026-07-14 12:46:26] INFO: [REQ] contents=check-event | id=undefined
[2026-07-14 12:46:28] INFO: [POLLING] 시작 | 큐: 0건 | 처리중: 4건 | 번들: ID:55698(1건), ID:55700(1건), ID:55701(1건), ID:55704(1건)
[2026-07-14 12:46:28] INFO: [POLLING] 종료 | 큐: 0건 | 번들맵: 4개
[2026-07-14 12:46:38] INFO: [POLLING] 시작 | 큐: 0건 | 처리중: 4건 | 번들: ID:55698(1건), ID:55700(1건), ID:55701(1건), ID:55704(1건)
[2026-07-14 12:46:38] INFO: [POLLING] 종료 | 큐: 0건 | 번들맵: 4개
[2026-07-14 12:46:48] INFO: [POLLING] 시작 | 큐: 0건 | 처리중: 4건 | 번들: ID:55698(1건), ID:55700(1건), ID:55701(1건), ID:55704(1건)
[2026-07-14 12:46:48] INFO: [POLLING] 종료 | 큐: 0건 | 번들맵: 4개
[2026-07-14 12:46:58] INFO: [POLLING] 시작 | 큐: 0건 | 처리중: 4건 | 번들: ID:55698(1건), ID:55700(1건), ID:55701(1건), ID:55704(1건)
[2026-07-14 12:46:58] INFO: [POLLING] 종료 | 큐: 0건 | 번들맵: 4개
[2026-07-14 12:47:08] INFO: [POLLING] 시작 | 큐: 0건 | 처리중: 4건 | 번들: ID:55698(1건), ID:55700(1건), ID:55701(1건), ID:55704(1건)
[2026-07-14 12:47:08] INFO: [POLLING] 종료 | 큐: 0건 | 번들맵: 4개
[2026-07-14 12:47:18] INFO: [POLLING] 시작 | 큐: 0건 | 처리중: 4건 | 번들: ID:55698(1건), ID:55700(1건), ID:55701(1건), ID:55704(1건)
[2026-07-14 12:47:18] INFO: [POLLING] 종료 | 큐: 0건 | 번들맵: 4개
[2026-07-14 12:47:28] INFO: [POLLING] 시작 | 큐: 0건 | 처리중: 4건 | 번들: ID:55698(1건), ID:55700(1건), ID:55701(1건), ID:55704(1건)
[2026-07-14 12:47:28] INFO: [POLLING] 종료 | 큐: 0건 | 번들맵: 4개
[2026-07-14 12:47:30] INFO: [REQ] contents=check-event | id=undefined
[2026-07-14 12:47:38] INFO: [POLLING] 시작 | 큐: 0건 | 처리중: 4건 | 번들: ID:55698(1건), ID:55700(1건), ID:55701(1건), ID:55704(1건)
[2026-07-14 12:47:38] INFO: [POLLING] 종료 | 큐: 0건 | 번들맵: 4개
[2026-07-14 12:47:48] INFO: [POLLING] 시작 | 큐: 0건 | 처리중: 4건 | 번들: ID:55698(1건), ID:55700(1건), ID:55701(1건), ID:55704(1건)
[2026-07-14 12:47:48] INFO: [POLLING] 종료 | 큐: 0건 | 번들맵: 4개
[2026-07-14 12:47:58] INFO: [POLLING] 시작 | 큐: 0건 | 처리중: 4건 | 번들: ID:55698(1건), ID:55700(1건), ID:55701(1건), ID:55704(1건)
[2026-07-14 12:47:58] INFO: [POLLING] 종료 | 큐: 0건 | 번들맵: 4개
[2026-07-14 12:48:06] INFO: [REQ] contents=check-event | id=undefined
[2026-07-14 12:48:08] INFO: [POLLING] 시작 | 큐: 0건 | 처리중: 4건 | 번들: ID:55698(1건), ID:55700(1건), ID:55701(1건), ID:55704(1건)
[2026-07-14 12:48:08] INFO: [POLLING] 종료 | 큐: 0건 | 번들맵: 4개
[2026-07-14 12:48:18] INFO: [POLLING] 시작 | 큐: 0건 | 처리중: 4건 | 번들: ID:55698(1건), ID:55700(1건), ID:55701(1건), ID:55704(1건)
[2026-07-14 12:48:18] INFO: [POLLING] 종료 | 큐: 0건 | 번들맵: 4개
[2026-07-14 12:48:28] INFO: [POLLING] 시작 | 큐: 0건 | 처리중: 4건 | 번들: ID:55698(1건), ID:55700(1건), ID:55701(1건), ID:55704(1건)
[2026-07-14 12:48:28] INFO: [POLLING] 종료 | 큐: 0건 | 번들맵: 4개
[2026-07-14 12:48:38] INFO: [POLLING] 시작 | 큐: 0건 | 처리중: 4건 | 번들: ID:55698(1건), ID:55700(1건), ID:55701(1건), ID:55704(1건)
[2026-07-14 12:48:38] INFO: [POLLING] 종료 | 큐: 0건 | 번들맵: 4개
[2026-07-14 12:48:48] INFO: [POLLING] 시작 | 큐: 0건 | 처리중: 4건 | 번들: ID:55698(1건), ID:55700(1건), ID:55701(1건), ID:55704(1건)
[2026-07-14 12:48:48] INFO: [POLLING] 종료 | 큐: 0건 | 번들맵: 4개
[2026-07-14 12:48:58] INFO: [POLLING] 시작 | 큐: 0건 | 처리중: 4건 | 번들: ID:55698(1건), ID:55700(1건), ID:55701(1건), ID:55704(1건)
[2026-07-14 12:48:58] INFO: [POLLING] 종료 | 큐: 0건 | 번들맵: 4개
[2026-07-14 12:49:08] INFO: [POLLING] 시작 | 큐: 0건 | 처리중: 4건 | 번들: ID:55698(1건), ID:55700(1건), ID:55701(1건), ID:55704(1건)
[2026-07-14 12:49:09] INFO: [POLLING] 종료 | 큐: 0건 | 번들맵: 4개
[2026-07-14 12:49:10] INFO: [REQ] contents=check-event | id=undefined
[2026-07-14 12:49:18] INFO: [POLLING] 시작 | 큐: 0건 | 처리중: 4건 | 번들: ID:55698(1건), ID:55700(1건), ID:55701(1건), ID:55704(1건)
[2026-07-14 12:49:19] INFO: [POLLING] 종료 | 큐: 0건 | 번들맵: 4개
[2026-07-14 12:49:28] INFO: [POLLING] 시작 | 큐: 0건 | 처리중: 4건 | 번들: ID:55698(1건), ID:55700(1건), ID:55701(1건), ID:55704(1건)
[2026-07-14 12:49:29] INFO: [POLLING] 종료 | 큐: 0건 | 번들맵: 4개
[2026-07-14 12:49:36] INFO: [REQ] contents=check-event | id=undefined
[2026-07-14 12:49:38] INFO: [POLLING] 시작 | 큐: 0건 | 처리중: 4건 | 번들: ID:55698(1건), ID:55700(1건), ID:55701(1건), ID:55704(1건)
[2026-07-14 12:49:39] INFO: [POLLING] 종료 | 큐: 0건 | 번들맵: 4개
[2026-07-14 12:49:48] INFO: [POLLING] 시작 | 큐: 0건 | 처리중: 4건 | 번들: ID:55698(1건), ID:55700(1건), ID:55701(1건), ID:55704(1건)
[2026-07-14 12:49:49] INFO: [POLLING] 종료 | 큐: 0건 | 번들맵: 4개
[2026-07-14 12:49:58] INFO: [POLLING] 시작 | 큐: 0건 | 처리중: 4건 | 번들: ID:55698(1건), ID:55700(1건), ID:55701(1건), ID:55704(1건)
[2026-07-14 12:49:59] INFO: [POLLING] 종료 | 큐: 0건 | 번들맵: 4개
[2026-07-14 12:50:08] INFO: [POLLING] 시작 | 큐: 0건 | 처리중: 4건 | 번들: ID:55698(1건), ID:55700(1건), ID:55701(1건), ID:55704(1건)
[2026-07-14 12:50:09] INFO: [POLLING] 종료 | 큐: 0건 | 번들맵: 4개
[2026-07-14 12:50:18] INFO: [POLLING] 시작 | 큐: 0건 | 처리중: 4건 | 번들: ID:55698(1건), ID:55700(1건), ID:55701(1건), ID:55704(1건)
[2026-07-14 12:50:19] INFO: [POLLING] 종료 | 큐: 0건 | 번들맵: 4개
[2026-07-14 12:50:29] INFO: [POLLING] 시작 | 큐: 0건 | 처리중: 4건 | 번들: ID:55698(1건), ID:55700(1건), ID:55701(1건), ID:55704(1건)
[2026-07-14 12:50:29] INFO: [POLLING] 종료 | 큐: 0건 | 번들맵: 4개
[2026-07-14 12:50:30] INFO: [REQ] contents=check-event | id=undefined
[2026-07-14 12:50:39] INFO: [POLLING] 시작 | 큐: 0건 | 처리중: 4건 | 번들: ID:55698(1건), ID:55700(1건), ID:55701(1건), ID:55704(1건)
[2026-07-14 12:50:39] INFO: [POLLING] 종료 | 큐: 0건 | 번들맵: 4개
[2026-07-14 12:50:49] INFO: [POLLING] 시작 | 큐: 0건 | 처리중: 4건 | 번들: ID:55698(1건), ID:55700(1건), ID:55701(1건), ID:55704(1건)
[2026-07-14 12:50:49] INFO: [POLLING] 종료 | 큐: 0건 | 번들맵: 4개
[2026-07-14 12:50:59] INFO: [POLLING] 시작 | 큐: 0건 | 처리중: 4건 | 번들: ID:55698(1건), ID:55700(1건), ID:55701(1건), ID:55704(1건)
[2026-07-14 12:50:59] INFO: [POLLING] 종료 | 큐: 0건 | 번들맵: 4개
[2026-07-14 12:51:09] INFO: [POLLING] 시작 | 큐: 0건 | 처리중: 4건 | 번들: ID:55698(1건), ID:55700(1건), ID:55701(1건), ID:55704(1건)
[2026-07-14 12:51:09] INFO: [POLLING] 종료 | 큐: 0건 | 번들맵: 4개
[2026-07-14 12:51:19] INFO: [POLLING] 시작 | 큐: 0건 | 처리중: 4건 | 번들: ID:55698(1건), ID:55700(1건), ID:55701(1건), ID:55704(1건)
[2026-07-14 12:51:19] INFO: [POLLING] 종료 | 큐: 0건 | 번들맵: 4개
[2026-07-14 12:51:27] INFO: [REQ] contents=check-event | id=undefined
[2026-07-14 12:51:29] INFO: [POLLING] 시작 | 큐: 0건 | 처리중: 4건 | 번들: ID:55698(1건), ID:55700(1건), ID:55701(1건), ID:55704(1건)
[2026-07-14 12:51:29] INFO: [POLLING] 종료 | 큐: 0건 | 번들맵: 4개
[2026-07-14 12:51:39] INFO: [POLLING] 시작 | 큐: 0건 | 처리중: 4건 | 번들: ID:55698(1건), ID:55700(1건), ID:55701(1건), ID:55704(1건)
[2026-07-14 12:51:39] INFO: [POLLING] 종료 | 큐: 0건 | 번들맵: 4개
[2026-07-14 12:51:49] INFO: [POLLING] 시작 | 큐: 0건 | 처리중: 4건 | 번들: ID:55698(1건), ID:55700(1건), ID:55701(1건), ID:55704(1건)
[2026-07-14 12:51:49] INFO: [POLLING] 종료 | 큐: 0건 | 번들맵: 4개
[2026-07-14 12:51:59] INFO: [POLLING] 시작 | 큐: 0건 | 처리중: 4건 | 번들: ID:55698(1건), ID:55700(1건), ID:55701(1건), ID:55704(1건)
[2026-07-14 12:51:59] INFO: [POLLING] 종료 | 큐: 0건 | 번들맵: 4개
[2026-07-14 12:52:09] INFO: [POLLING] 시작 | 큐: 0건 | 처리중: 4건 | 번들: ID:55698(1건), ID:55700(1건), ID:55701(1건), ID:55704(1건)
[2026-07-14 12:52:09] INFO: [POLLING] 종료 | 큐: 0건 | 번들맵: 4개
[2026-07-14 12:52:19] INFO: [POLLING] 시작 | 큐: 0건 | 처리중: 4건 | 번들: ID:55698(1건), ID:55700(1건), ID:55701(1건), ID:55704(1건)
[2026-07-14 12:52:19] INFO: [POLLING] 종료 | 큐: 0건 | 번들맵: 4개
[2026-07-14 12:52:20] INFO: [REQ] contents=check-event | id=undefined
[2026-07-14 12:52:29] INFO: [POLLING] 시작 | 큐: 0건 | 처리중: 4건 | 번들: ID:55698(1건), ID:55700(1건), ID:55701(1건), ID:55704(1건)
[2026-07-14 12:52:29] INFO: [POLLING] 종료 | 큐: 0건 | 번들맵: 4개
[2026-07-14 12:52:39] INFO: [POLLING] 시작 | 큐: 0건 | 처리중: 4건 | 번들: ID:55698(1건), ID:55700(1건), ID:55701(1건), ID:55704(1건)
[2026-07-14 12:52:39] INFO: [POLLING] 종료 | 큐: 0건 | 번들맵: 4개
[2026-07-14 12:52:49] INFO: [POLLING] 시작 | 큐: 0건 | 처리중: 4건 | 번들: ID:55698(1건), ID:55700(1건), ID:55701(1건), ID:55704(1건)
[2026-07-14 12:52:49] INFO: [POLLING] 종료 | 큐: 0건 | 번들맵: 4개
[2026-07-14 12:52:59] INFO: [POLLING] 시작 | 큐: 0건 | 처리중: 4건 | 번들: ID:55698(1건), ID:55700(1건), ID:55701(1건), ID:55704(1건)
[2026-07-14 12:52:59] INFO: [POLLING] 종료 | 큐: 0건 | 번들맵: 4개
[2026-07-14 12:53:07] INFO: [REQ] contents=check-event | id=undefined
[2026-07-14 12:53:09] INFO: [POLLING] 시작 | 큐: 0건 | 처리중: 4건 | 번들: ID:55698(1건), ID:55700(1건), ID:55701(1건), ID:55704(1건)
[2026-07-14 12:53:09] INFO: [POLLING] 종료 | 큐: 0건 | 번들맵: 4개
[2026-07-14 12:53:19] INFO: [POLLING] 시작 | 큐: 0건 | 처리중: 4건 | 번들: ID:55698(1건), ID:55700(1건), ID:55701(1건), ID:55704(1건)
[2026-07-14 12:53:19] INFO: [POLLING] 종료 | 큐: 0건 | 번들맵: 4개
[2026-07-14 12:53:29] INFO: [POLLING] 시작 | 큐: 0건 | 처리중: 4건 | 번들: ID:55698(1건), ID:55700(1건), ID:55701(1건), ID:55704(1건)
[2026-07-14 12:53:29] INFO: [POLLING] 종료 | 큐: 0건 | 번들맵: 4개
[2026-07-14 12:53:39] INFO: [POLLING] 시작 | 큐: 0건 | 처리중: 4건 | 번들: ID:55698(1건), ID:55700(1건), ID:55701(1건), ID:55704(1건)
[2026-07-14 12:53:39] INFO: [POLLING] 종료 | 큐: 0건 | 번들맵: 4개
[2026-07-14 12:53:49] INFO: [POLLING] 시작 | 큐: 0건 | 처리중: 4건 | 번들: ID:55698(1건), ID:55700(1건), ID:55701(1건), ID:55704(1건)
[2026-07-14 12:53:49] INFO: [POLLING] 종료 | 큐: 0건 | 번들맵: 4개
[2026-07-14 12:53:59] INFO: [POLLING] 시작 | 큐: 0건 | 처리중: 4건 | 번들: ID:55698(1건), ID:55700(1건), ID:55701(1건), ID:55704(1건)
[2026-07-14 12:53:59] INFO: [POLLING] 종료 | 큐: 0건 | 번들맵: 4개
[2026-07-14 12:54:00] INFO: [REQ] contents=check-event | id=undefined
[2026-07-14 12:54:09] INFO: [POLLING] 시작 | 큐: 0건 | 처리중: 4건 | 번들: ID:55698(1건), ID:55700(1건), ID:55701(1건), ID:55704(1건)
[2026-07-14 12:54:09] INFO: [POLLING] 종료 | 큐: 0건 | 번들맵: 4개
[2026-07-14 12:54:19] INFO: [POLLING] 시작 | 큐: 0건 | 처리중: 4건 | 번들: ID:55698(1건), ID:55700(1건), ID:55701(1건), ID:55704(1건)
[2026-07-14 12:54:19] INFO: [POLLING] 종료 | 큐: 0건 | 번들맵: 4개
[2026-07-14 12:54:29] INFO: [POLLING] 시작 | 큐: 0건 | 처리중: 4건 | 번들: ID:55698(1건), ID:55700(1건), ID:55701(1건), ID:55704(1건)
[2026-07-14 12:54:29] INFO: [POLLING] 종료 | 큐: 0건 | 번들맵: 4개
[2026-07-14 12:54:37] INFO: [REQ] contents=check-event | id=undefined
[2026-07-14 12:54:39] INFO: [POLLING] 시작 | 큐: 0건 | 처리중: 4건 | 번들: ID:55698(1건), ID:55700(1건), ID:55701(1건), ID:55704(1건)
[2026-07-14 12:54:39] INFO: [POLLING] 종료 | 큐: 0건 | 번들맵: 4개
[2026-07-14 12:54:49] INFO: [POLLING] 시작 | 큐: 0건 | 처리중: 4건 | 번들: ID:55698(1건), ID:55700(1건), ID:55701(1건), ID:55704(1건)
[2026-07-14 12:54:49] INFO: [POLLING] 종료 | 큐: 0건 | 번들맵: 4개
[2026-07-14 12:54:59] INFO: [POLLING] 시작 | 큐: 0건 | 처리중: 4건 | 번들: ID:55698(1건), ID:55700(1건), ID:55701(1건), ID:55704(1건)
[2026-07-14 12:54:59] INFO: [POLLING] 종료 | 큐: 0건 | 번들맵: 4개
[2026-07-14 12:55:09] INFO: [POLLING] 시작 | 큐: 0건 | 처리중: 4건 | 번들: ID:55698(1건), ID:55700(1건), ID:55701(1건), ID:55704(1건)
[2026-07-14 12:55:09] INFO: [POLLING] 종료 | 큐: 0건 | 번들맵: 4개
[2026-07-14 12:55:19] INFO: [POLLING] 시작 | 큐: 0건 | 처리중: 4건 | 번들: ID:55698(1건), ID:55700(1건), ID:55701(1건), ID:55704(1건)
[2026-07-14 12:55:19] INFO: [POLLING] 종료 | 큐: 0건 | 번들맵: 4개
[2026-07-14 12:55:29] INFO: [POLLING] 시작 | 큐: 0건 | 처리중: 4건 | 번들: ID:55698(1건), ID:55700(1건), ID:55701(1건), ID:55704(1건)
[2026-07-14 12:55:29] INFO: [POLLING] 종료 | 큐: 0건 | 번들맵: 4개
[2026-07-14 12:55:31] INFO: [REQ] contents=check-event | id=undefined
[2026-07-14 12:55:39] INFO: [POLLING] 시작 | 큐: 0건 | 처리중: 4건 | 번들: ID:55698(1건), ID:55700(1건), ID:55701(1건), ID:55704(1건)
[2026-07-14 12:55:39] INFO: [POLLING] 종료 | 큐: 0건 | 번들맵: 4개
[2026-07-14 12:55:49] INFO: [POLLING] 시작 | 큐: 0건 | 처리중: 4건 | 번들: ID:55698(1건), ID:55700(1건), ID:55701(1건), ID:55704(1건)
[2026-07-14 12:55:49] INFO: [POLLING] 종료 | 큐: 0건 | 번들맵: 4개
[2026-07-14 12:55:59] INFO: [POLLING] 시작 | 큐: 0건 | 처리중: 4건 | 번들: ID:55698(1건), ID:55700(1건), ID:55701(1건), ID:55704(1건)
[2026-07-14 12:55:59] INFO: [POLLING] 종료 | 큐: 0건 | 번들맵: 4개
[2026-07-14 12:56:09] INFO: [POLLING] 시작 | 큐: 0건 | 처리중: 4건 | 번들: ID:55698(1건), ID:55700(1건), ID:55701(1건), ID:55704(1건)
[2026-07-14 12:56:09] INFO: [POLLING] 종료 | 큐: 0건 | 번들맵: 4개
[2026-07-14 12:56:19] INFO: [POLLING] 시작 | 큐: 0건 | 처리중: 4건 | 번들: ID:55698(1건), ID:55700(1건), ID:55701(1건), ID:55704(1건)
[2026-07-14 12:56:19] INFO: [POLLING] 종료 | 큐: 0건 | 번들맵: 4개
[2026-07-14 12:56:27] INFO: [REQ] contents=check-event | id=undefined
[2026-07-14 12:56:29] INFO: [POLLING] 시작 | 큐: 0건 | 처리중: 4건 | 번들: ID:55698(1건), ID:55700(1건), ID:55701(1건), ID:55704(1건)
[2026-07-14 12:56:29] INFO: [POLLING] 종료 | 큐: 0건 | 번들맵: 4개
[2026-07-14 12:56:39] INFO: [POLLING] 시작 | 큐: 0건 | 처리중: 4건 | 번들: ID:55698(1건), ID:55700(1건), ID:55701(1건), ID:55704(1건)
[2026-07-14 12:56:39] INFO: [POLLING] 종료 | 큐: 0건 | 번들맵: 4개
[2026-07-14 12:56:49] INFO: [POLLING] 시작 | 큐: 0건 | 처리중: 4건 | 번들: ID:55698(1건), ID:55700(1건), ID:55701(1건), ID:55704(1건)
[2026-07-14 12:56:49] INFO: [POLLING] 종료 | 큐: 0건 | 번들맵: 4개
[2026-07-14 12:56:59] INFO: [POLLING] 시작 | 큐: 0건 | 처리중: 4건 | 번들: ID:55698(1건), ID:55700(1건), ID:55701(1건), ID:55704(1건)
[2026-07-14 12:56:59] INFO: [POLLING] 종료 | 큐: 0건 | 번들맵: 4개
[2026-07-14 12:57:09] INFO: [POLLING] 시작 | 큐: 0건 | 처리중: 4건 | 번들: ID:55698(1건), ID:55700(1건), ID:55701(1건), ID:55704(1건)
[2026-07-14 12:57:09] INFO: [POLLING] 종료 | 큐: 0건 | 번들맵: 4개
[2026-07-14 12:57:19] INFO: [POLLING] 시작 | 큐: 0건 | 처리중: 4건 | 번들: ID:55698(1건), ID:55700(1건), ID:55701(1건), ID:55704(1건)
[2026-07-14 12:57:19] INFO: [POLLING] 종료 | 큐: 0건 | 번들맵: 4개
[2026-07-14 12:57:21] INFO: [REQ] contents=check-event | id=undefined
[2026-07-14 12:57:29] INFO: [POLLING] 시작 | 큐: 0건 | 처리중: 4건 | 번들: ID:55698(1건), ID:55700(1건), ID:55701(1건), ID:55704(1건)
[2026-07-14 12:57:29] INFO: [POLLING] 종료 | 큐: 0건 | 번들맵: 4개
[2026-07-14 12:57:39] INFO: [POLLING] 시작 | 큐: 0건 | 처리중: 4건 | 번들: ID:55698(1건), ID:55700(1건), ID:55701(1건), ID:55704(1건)
[2026-07-14 12:57:39] INFO: [POLLING] 종료 | 큐: 0건 | 번들맵: 4개
[2026-07-14 12:57:49] INFO: [POLLING] 시작 | 큐: 0건 | 처리중: 4건 | 번들: ID:55698(1건), ID:55700(1건), ID:55701(1건), ID:55704(1건)
[2026-07-14 12:57:49] INFO: [POLLING] 종료 | 큐: 0건 | 번들맵: 4개
[2026-07-14 12:57:59] INFO: [POLLING] 시작 | 큐: 0건 | 처리중: 4건 | 번들: ID:55698(1건), ID:55700(1건), ID:55701(1건), ID:55704(1건)
[2026-07-14 12:57:59] INFO: [POLLING] 종료 | 큐: 0건 | 번들맵: 4개
[2026-07-14 12:58:07] INFO: [REQ] contents=check-event | id=undefined
[2026-07-14 12:58:09] INFO: [POLLING] 시작 | 큐: 0건 | 처리중: 4건 | 번들: ID:55698(1건), ID:55700(1건), ID:55701(1건), ID:55704(1건)
[2026-07-14 12:58:09] INFO: [POLLING] 종료 | 큐: 0건 | 번들맵: 4개
[2026-07-14 12:58:19] INFO: [POLLING] 시작 | 큐: 0건 | 처리중: 4건 | 번들: ID:55698(1건), ID:55700(1건), ID:55701(1건), ID:55704(1건)
[2026-07-14 12:58:19] INFO: [POLLING] 종료 | 큐: 0건 | 번들맵: 4개
[2026-07-14 12:58:29] INFO: [POLLING] 시작 | 큐: 0건 | 처리중: 4건 | 번들: ID:55698(1건), ID:55700(1건), ID:55701(1건), ID:55704(1건)
[2026-07-14 12:58:29] INFO: [POLLING] 종료 | 큐: 0건 | 번들맵: 4개
[2026-07-14 12:58:39] INFO: [POLLING] 시작 | 큐: 0건 | 처리중: 4건 | 번들: ID:55698(1건), ID:55700(1건), ID:55701(1건), ID:55704(1건)
[2026-07-14 12:58:39] INFO: [POLLING] 종료 | 큐: 0건 | 번들맵: 4개
[2026-07-14 12:58:49] INFO: [POLLING] 시작 | 큐: 0건 | 처리중: 4건 | 번들: ID:55698(1건), ID:55700(1건), ID:55701(1건), ID:55704(1건)
[2026-07-14 12:58:49] INFO: [POLLING] 종료 | 큐: 0건 | 번들맵: 4개
[2026-07-14 12:58:59] INFO: [POLLING] 시작 | 큐: 0건 | 처리중: 4건 | 번들: ID:55698(1건), ID:55700(1건), ID:55701(1건), ID:55704(1건)
[2026-07-14 12:58:59] INFO: [POLLING] 종료 | 큐: 0건 | 번들맵: 4개
[2026-07-14 12:59:01] INFO: [REQ] contents=check-event | id=undefined
[2026-07-14 12:59:09] INFO: [POLLING] 시작 | 큐: 0건 | 처리중: 4건 | 번들: ID:55698(1건), ID:55700(1건), ID:55701(1건), ID:55704(1건)
[2026-07-14 12:59:09] INFO: [POLLING] 종료 | 큐: 0건 | 번들맵: 4개
[2026-07-14 12:59:19] INFO: [POLLING] 시작 | 큐: 0건 | 처리중: 4건 | 번들: ID:55698(1건), ID:55700(1건), ID:55701(1건), ID:55704(1건)
[2026-07-14 12:59:19] INFO: [POLLING] 종료 | 큐: 0건 | 번들맵: 4개
[2026-07-14 12:59:29] INFO: [POLLING] 시작 | 큐: 0건 | 처리중: 4건 | 번들: ID:55698(1건), ID:55700(1건), ID:55701(1건), ID:55704(1건)
[2026-07-14 12:59:29] INFO: [POLLING] 종료 | 큐: 0건 | 번들맵: 4개
[2026-07-14 12:59:37] INFO: [REQ] contents=check-event | id=undefined
[2026-07-14 12:59:39] INFO: [POLLING] 시작 | 큐: 0건 | 처리중: 4건 | 번들: ID:55698(1건), ID:55700(1건), ID:55701(1건), ID:55704(1건)
[2026-07-14 12:59:39] INFO: [POLLING] 종료 | 큐: 0건 | 번들맵: 4개
[2026-07-14 12:59:49] INFO: [POLLING] 시작 | 큐: 0건 | 처리중: 4건 | 번들: ID:55698(1건), ID:55700(1건), ID:55701(1건), ID:55704(1건)
[2026-07-14 12:59:49] INFO: [POLLING] 종료 | 큐: 0건 | 번들맵: 4개
[2026-07-14 12:59:59] INFO: [POLLING] 시작 | 큐: 0건 | 처리중: 4건 | 번들: ID:55698(1건), ID:55700(1건), ID:55701(1건), ID:55704(1건)
[2026-07-14 12:59:59] INFO: [POLLING] 종료 | 큐: 0건 | 번들맵: 4개
[2026-07-14 13:00:09] INFO: [POLLING] 시작 | 큐: 0건 | 처리중: 4건 | 번들: ID:55698(1건), ID:55700(1건), ID:55701(1건), ID:55704(1건)
[2026-07-14 13:00:09] INFO: [POLLING] 종료 | 큐: 0건 | 번들맵: 4개
[2026-07-14 13:00:19] INFO: [POLLING] 시작 | 큐: 0건 | 처리중: 4건 | 번들: ID:55698(1건), ID:55700(1건), ID:55701(1건), ID:55704(1건)
[2026-07-14 13:00:19] INFO: [POLLING] 종료 | 큐: 0건 | 번들맵: 4개
[2026-07-14 13:00:29] INFO: [POLLING] 시작 | 큐: 0건 | 처리중: 4건 | 번들: ID:55698(1건), ID:55700(1건), ID:55701(1건), ID:55704(1건)
[2026-07-14 13:00:29] INFO: [POLLING] 종료 | 큐: 0건 | 번들맵: 4개
[2026-07-14 13:00:31] INFO: [REQ] contents=check-event | id=undefined
[2026-07-14 13:00:39] INFO: [POLLING] 시작 | 큐: 0건 | 처리중: 4건 | 번들: ID:55698(1건), ID:55700(1건), ID:55701(1건), ID:55704(1건)
[2026-07-14 13:00:39] INFO: [POLLING] 종료 | 큐: 0건 | 번들맵: 4개
[2026-07-14 13:00:49] INFO: [POLLING] 시작 | 큐: 0건 | 처리중: 4건 | 번들: ID:55698(1건), ID:55700(1건), ID:55701(1건), ID:55704(1건)
[2026-07-14 13:00:49] INFO: [POLLING] 종료 | 큐: 0건 | 번들맵: 4개
[2026-07-14 13:00:59] INFO: [POLLING] 시작 | 큐: 0건 | 처리중: 4건 | 번들: ID:55698(1건), ID:55700(1건), ID:55701(1건), ID:55704(1건)
[2026-07-14 13:00:59] INFO: [POLLING] 종료 | 큐: 0건 | 번들맵: 4개
[2026-07-14 13:01:09] INFO: [POLLING] 시작 | 큐: 0건 | 처리중: 4건 | 번들: ID:55698(1건), ID:55700(1건), ID:55701(1건), ID:55704(1건)
[2026-07-14 13:01:09] INFO: [POLLING] 종료 | 큐: 0건 | 번들맵: 4개
[2026-07-14 13:01:19] INFO: [POLLING] 시작 | 큐: 0건 | 처리중: 4건 | 번들: ID:55698(1건), ID:55700(1건), ID:55701(1건), ID:55704(1건)
[2026-07-14 13:01:19] INFO: [POLLING] 종료 | 큐: 0건 | 번들맵: 4개
[2026-07-14 13:01:28] INFO: [REQ] contents=check-event | id=undefined
[2026-07-14 13:01:29] INFO: [POLLING] 시작 | 큐: 0건 | 처리중: 4건 | 번들: ID:55698(1건), ID:55700(1건), ID:55701(1건), ID:55704(1건)
[2026-07-14 13:01:29] INFO: [POLLING] 종료 | 큐: 0건 | 번들맵: 4개
[2026-07-14 13:01:39] INFO: [POLLING] 시작 | 큐: 0건 | 처리중: 4건 | 번들: ID:55698(1건), ID:55700(1건), ID:55701(1건), ID:55704(1건)
[2026-07-14 13:01:39] INFO: [POLLING] 종료 | 큐: 0건 | 번들맵: 4개
[2026-07-14 13:01:49] INFO: [POLLING] 시작 | 큐: 0건 | 처리중: 4건 | 번들: ID:55698(1건), ID:55700(1건), ID:55701(1건), ID:55704(1건)
[2026-07-14 13:01:49] INFO: [POLLING] 종료 | 큐: 0건 | 번들맵: 4개
[2026-07-14 13:01:59] INFO: [POLLING] 시작 | 큐: 0건 | 처리중: 4건 | 번들: ID:55698(1건), ID:55700(1건), ID:55701(1건), ID:55704(1건)
[2026-07-14 13:01:59] INFO: [POLLING] 종료 | 큐: 0건 | 번들맵: 4개
[2026-07-14 13:02:09] INFO: [POLLING] 시작 | 큐: 0건 | 처리중: 4건 | 번들: ID:55698(1건), ID:55700(1건), ID:55701(1건), ID:55704(1건)
[2026-07-14 13:02:09] INFO: [POLLING] 종료 | 큐: 0건 | 번들맵: 4개
[2026-07-14 13:02:19] INFO: [POLLING] 시작 | 큐: 0건 | 처리중: 4건 | 번들: ID:55698(1건), ID:55700(1건), ID:55701(1건), ID:55704(1건)
[2026-07-14 13:02:19] INFO: [POLLING] 종료 | 큐: 0건 | 번들맵: 4개
[2026-07-14 13:02:21] INFO: [REQ] contents=check-event | id=undefined
[2026-07-14 13:02:29] INFO: [POLLING] 시작 | 큐: 0건 | 처리중: 4건 | 번들: ID:55698(1건), ID:55700(1건), ID:55701(1건), ID:55704(1건)
[2026-07-14 13:02:29] INFO: [POLLING] 종료 | 큐: 0건 | 번들맵: 4개
[2026-07-14 13:02:39] INFO: [POLLING] 시작 | 큐: 0건 | 처리중: 4건 | 번들: ID:55698(1건), ID:55700(1건), ID:55701(1건), ID:55704(1건)
[2026-07-14 13:02:39] INFO: [POLLING] 종료 | 큐: 0건 | 번들맵: 4개
[2026-07-14 13:02:49] INFO: [POLLING] 시작 | 큐: 0건 | 처리중: 4건 | 번들: ID:55698(1건), ID:55700(1건), ID:55701(1건), ID:55704(1건)
[2026-07-14 13:02:49] INFO: [POLLING] 종료 | 큐: 0건 | 번들맵: 4개
[2026-07-14 13:02:59] INFO: [POLLING] 시작 | 큐: 0건 | 처리중: 4건 | 번들: ID:55698(1건), ID:55700(1건), ID:55701(1건), ID:55704(1건)
[2026-07-14 13:02:59] INFO: [POLLING] 종료 | 큐: 0건 | 번들맵: 4개
[2026-07-14 13:03:08] INFO: [REQ] contents=check-event | id=undefined
[2026-07-14 13:03:09] INFO: [POLLING] 시작 | 큐: 0건 | 처리중: 4건 | 번들: ID:55698(1건), ID:55700(1건), ID:55701(1건), ID:55704(1건)
[2026-07-14 13:03:09] INFO: [POLLING] 종료 | 큐: 0건 | 번들맵: 4개
[2026-07-14 13:03:19] INFO: [POLLING] 시작 | 큐: 0건 | 처리중: 4건 | 번들: ID:55698(1건), ID:55700(1건), ID:55701(1건), ID:55704(1건)
[2026-07-14 13:03:19] INFO: [POLLING] 종료 | 큐: 0건 | 번들맵: 4개
[2026-07-14 13:03:29] INFO: [POLLING] 시작 | 큐: 0건 | 처리중: 4건 | 번들: ID:55698(1건), ID:55700(1건), ID:55701(1건), ID:55704(1건)
[2026-07-14 13:03:29] INFO: [POLLING] 종료 | 큐: 0건 | 번들맵: 4개
[2026-07-14 13:03:39] INFO: [POLLING] 시작 | 큐: 0건 | 처리중: 4건 | 번들: ID:55698(1건), ID:55700(1건), ID:55701(1건), ID:55704(1건)
[2026-07-14 13:03:39] INFO: [POLLING] 종료 | 큐: 0건 | 번들맵: 4개
[2026-07-14 13:03:49] INFO: [POLLING] 시작 | 큐: 0건 | 처리중: 4건 | 번들: ID:55698(1건), ID:55700(1건), ID:55701(1건), ID:55704(1건)
[2026-07-14 13:03:49] INFO: [POLLING] 종료 | 큐: 0건 | 번들맵: 4개
[2026-07-14 13:03:59] INFO: [POLLING] 시작 | 큐: 0건 | 처리중: 4건 | 번들: ID:55698(1건), ID:55700(1건), ID:55701(1건), ID:55704(1건)
[2026-07-14 13:03:59] INFO: [POLLING] 종료 | 큐: 0건 | 번들맵: 4개
[2026-07-14 13:04:01] INFO: [REQ] contents=check-event | id=undefined
[2026-07-14 13:04:09] INFO: [POLLING] 시작 | 큐: 0건 | 처리중: 4건 | 번들: ID:55698(1건), ID:55700(1건), ID:55701(1건), ID:55704(1건)
[2026-07-14 13:04:09] INFO: [POLLING] 종료 | 큐: 0건 | 번들맵: 4개
[2026-07-14 13:04:19] INFO: [POLLING] 시작 | 큐: 0건 | 처리중: 4건 | 번들: ID:55698(1건), ID:55700(1건), ID:55701(1건), ID:55704(1건)
[2026-07-14 13:04:19] INFO: [POLLING] 종료 | 큐: 0건 | 번들맵: 4개
[2026-07-14 13:04:29] INFO: [POLLING] 시작 | 큐: 0건 | 처리중: 4건 | 번들: ID:55698(1건), ID:55700(1건), ID:55701(1건), ID:55704(1건)
[2026-07-14 13:04:29] INFO: [POLLING] 종료 | 큐: 0건 | 번들맵: 4개
[2026-07-14 13:04:38] INFO: [REQ] contents=check-event | id=undefined
[2026-07-14 13:04:39] INFO: [POLLING] 시작 | 큐: 0건 | 처리중: 4건 | 번들: ID:55698(1건), ID:55700(1건), ID:55701(1건), ID:55704(1건)
[2026-07-14 13:04:39] INFO: [POLLING] 종료 | 큐: 0건 | 번들맵: 4개
[2026-07-14 13:04:49] INFO: [POLLING] 시작 | 큐: 0건 | 처리중: 4건 | 번들: ID:55698(1건), ID:55700(1건), ID:55701(1건), ID:55704(1건)
[2026-07-14 13:04:49] INFO: [POLLING] 종료 | 큐: 0건 | 번들맵: 4개
[2026-07-14 13:04:59] INFO: [POLLING] 시작 | 큐: 0건 | 처리중: 4건 | 번들: ID:55698(1건), ID:55700(1건), ID:55701(1건), ID:55704(1건)
[2026-07-14 13:04:59] INFO: [POLLING] 종료 | 큐: 0건 | 번들맵: 4개
[2026-07-14 13:05:09] INFO: [POLLING] 시작 | 큐: 0건 | 처리중: 4건 | 번들: ID:55698(1건), ID:55700(1건), ID:55701(1건), ID:55704(1건)
[2026-07-14 13:05:09] INFO: [POLLING] 종료 | 큐: 0건 | 번들맵: 4개
[2026-07-14 13:05:19] INFO: [POLLING] 시작 | 큐: 0건 | 처리중: 4건 | 번들: ID:55698(1건), ID:55700(1건), ID:55701(1건), ID:55704(1건)
[2026-07-14 13:05:19] INFO: [POLLING] 종료 | 큐: 0건 | 번들맵: 4개
[2026-07-14 13:05:29] INFO: [POLLING] 시작 | 큐: 0건 | 처리중: 4건 | 번들: ID:55698(1건), ID:55700(1건), ID:55701(1건), ID:55704(1건)
[2026-07-14 13:05:29] INFO: [POLLING] 종료 | 큐: 0건 | 번들맵: 4개
[2026-07-14 13:05:32] INFO: [REQ] contents=check-event | id=undefined
[2026-07-14 13:05:39] INFO: [POLLING] 시작 | 큐: 0건 | 처리중: 4건 | 번들: ID:55698(1건), ID:55700(1건), ID:55701(1건), ID:55704(1건)
[2026-07-14 13:05:39] INFO: [POLLING] 종료 | 큐: 0건 | 번들맵: 4개
[2026-07-14 13:05:49] INFO: [POLLING] 시작 | 큐: 0건 | 처리중: 4건 | 번들: ID:55698(1건), ID:55700(1건), ID:55701(1건), ID:55704(1건)
[2026-07-14 13:05:49] INFO: [POLLING] 종료 | 큐: 0건 | 번들맵: 4개
[2026-07-14 13:05:59] INFO: [POLLING] 시작 | 큐: 0건 | 처리중: 4건 | 번들: ID:55698(1건), ID:55700(1건), ID:55701(1건), ID:55704(1건)
[2026-07-14 13:06:00] INFO: [POLLING] 종료 | 큐: 0건 | 번들맵: 4개
[2026-07-14 13:06:09] INFO: [POLLING] 시작 | 큐: 0건 | 처리중: 4건 | 번들: ID:55698(1건), ID:55700(1건), ID:55701(1건), ID:55704(1건)
[2026-07-14 13:06:10] INFO: [POLLING] 종료 | 큐: 0건 | 번들맵: 4개
[2026-07-14 13:06:19] INFO: [POLLING] 시작 | 큐: 0건 | 처리중: 4건 | 번들: ID:55698(1건), ID:55700(1건), ID:55701(1건), ID:55704(1건)
[2026-07-14 13:06:20] INFO: [POLLING] 종료 | 큐: 0건 | 번들맵: 4개
[2026-07-14 13:06:28] INFO: [REQ] contents=check-event | id=undefined
[2026-07-14 13:06:29] INFO: [POLLING] 시작 | 큐: 0건 | 처리중: 4건 | 번들: ID:55698(1건), ID:55700(1건), ID:55701(1건), ID:55704(1건)
[2026-07-14 13:06:30] INFO: [POLLING] 종료 | 큐: 0건 | 번들맵: 4개
[2026-07-14 13:06:39] INFO: [POLLING] 시작 | 큐: 0건 | 처리중: 4건 | 번들: ID:55698(1건), ID:55700(1건), ID:55701(1건), ID:55704(1건)
[2026-07-14 13:06:40] INFO: [POLLING] 종료 | 큐: 0건 | 번들맵: 4개
[2026-07-14 13:06:49] INFO: [POLLING] 시작 | 큐: 0건 | 처리중: 4건 | 번들: ID:55698(1건), ID:55700(1건), ID:55701(1건), ID:55704(1건)
[2026-07-14 13:06:50] INFO: [POLLING] 종료 | 큐: 0건 | 번들맵: 4개
[2026-07-14 13:07:00] INFO: [POLLING] 시작 | 큐: 0건 | 처리중: 4건 | 번들: ID:55698(1건), ID:55700(1건), ID:55701(1건), ID:55704(1건)
[2026-07-14 13:07:00] INFO: [POLLING] 종료 | 큐: 0건 | 번들맵: 4개
[2026-07-14 13:07:10] INFO: [POLLING] 시작 | 큐: 0건 | 처리중: 4건 | 번들: ID:55698(1건), ID:55700(1건), ID:55701(1건), ID:55704(1건)
[2026-07-14 13:07:10] INFO: [POLLING] 종료 | 큐: 0건 | 번들맵: 4개
[2026-07-14 13:07:20] INFO: [POLLING] 시작 | 큐: 0건 | 처리중: 4건 | 번들: ID:55698(1건), ID:55700(1건), ID:55701(1건), ID:55704(1건)
[2026-07-14 13:07:20] INFO: [POLLING] 종료 | 큐: 0건 | 번들맵: 4개
[2026-07-14 13:07:22] INFO: [REQ] contents=check-event | id=undefined
[2026-07-14 13:07:30] INFO: [POLLING] 시작 | 큐: 0건 | 처리중: 4건 | 번들: ID:55698(1건), ID:55700(1건), ID:55701(1건), ID:55704(1건)
[2026-07-14 13:07:30] INFO: [POLLING] 종료 | 큐: 0건 | 번들맵: 4개
[2026-07-14 13:07:40] INFO: [POLLING] 시작 | 큐: 0건 | 처리중: 4건 | 번들: ID:55698(1건), ID:55700(1건), ID:55701(1건), ID:55704(1건)
[2026-07-14 13:07:40] INFO: [POLLING] 종료 | 큐: 0건 | 번들맵: 4개
[2026-07-14 13:07:50] INFO: [POLLING] 시작 | 큐: 0건 | 처리중: 4건 | 번들: ID:55698(1건), ID:55700(1건), ID:55701(1건), ID:55704(1건)
[2026-07-14 13:07:50] INFO: [POLLING] 종료 | 큐: 0건 | 번들맵: 4개
[2026-07-14 13:08:00] INFO: [POLLING] 시작 | 큐: 0건 | 처리중: 4건 | 번들: ID:55698(1건), ID:55700(1건), ID:55701(1건), ID:55704(1건)
[2026-07-14 13:08:00] INFO: [POLLING] 종료 | 큐: 0건 | 번들맵: 4개
[2026-07-14 13:08:08] INFO: [REQ] contents=check-event | id=undefined
[2026-07-14 13:08:10] INFO: [POLLING] 시작 | 큐: 0건 | 처리중: 4건 | 번들: ID:55698(1건), ID:55700(1건), ID:55701(1건), ID:55704(1건)
[2026-07-14 13:08:10] INFO: [POLLING] 종료 | 큐: 0건 | 번들맵: 4개
[2026-07-14 13:08:20] INFO: [POLLING] 시작 | 큐: 0건 | 처리중: 4건 | 번들: ID:55698(1건), ID:55700(1건), ID:55701(1건), ID:55704(1건)
[2026-07-14 13:08:20] INFO: [POLLING] 종료 | 큐: 0건 | 번들맵: 4개
[2026-07-14 13:08:30] INFO: [POLLING] 시작 | 큐: 0건 | 처리중: 4건 | 번들: ID:55698(1건), ID:55700(1건), ID:55701(1건), ID:55704(1건)
[2026-07-14 13:08:30] INFO: [POLLING] 종료 | 큐: 0건 | 번들맵: 4개
[2026-07-14 13:08:40] INFO: [POLLING] 시작 | 큐: 0건 | 처리중: 4건 | 번들: ID:55698(1건), ID:55700(1건), ID:55701(1건), ID:55704(1건)
[2026-07-14 13:08:40] INFO: [POLLING] 종료 | 큐: 0건 | 번들맵: 4개
[2026-07-14 13:08:50] INFO: [POLLING] 시작 | 큐: 0건 | 처리중: 4건 | 번들: ID:55698(1건), ID:55700(1건), ID:55701(1건), ID:55704(1건)
[2026-07-14 13:08:50] INFO: [POLLING] 종료 | 큐: 0건 | 번들맵: 4개
[2026-07-14 13:09:00] INFO: [POLLING] 시작 | 큐: 0건 | 처리중: 4건 | 번들: ID:55698(1건), ID:55700(1건), ID:55701(1건), ID:55704(1건)
[2026-07-14 13:09:00] INFO: [POLLING] 종료 | 큐: 0건 | 번들맵: 4개
[2026-07-14 13:09:02] INFO: [REQ] contents=check-event | id=undefined
[2026-07-14 13:09:10] INFO: [POLLING] 시작 | 큐: 0건 | 처리중: 4건 | 번들: ID:55698(1건), ID:55700(1건), ID:55701(1건), ID:55704(1건)
[2026-07-14 13:09:10] INFO: [POLLING] 종료 | 큐: 0건 | 번들맵: 4개
[2026-07-14 13:09:20] INFO: [POLLING] 시작 | 큐: 0건 | 처리중: 4건 | 번들: ID:55698(1건), ID:55700(1건), ID:55701(1건), ID:55704(1건)
[2026-07-14 13:09:20] INFO: [POLLING] 종료 | 큐: 0건 | 번들맵: 4개
[2026-07-14 13:09:30] INFO: [POLLING] 시작 | 큐: 0건 | 처리중: 4건 | 번들: ID:55698(1건), ID:55700(1건), ID:55701(1건), ID:55704(1건)
[2026-07-14 13:09:30] INFO: [POLLING] 종료 | 큐: 0건 | 번들맵: 4개
[2026-07-14 13:09:38] INFO: [REQ] contents=check-event | id=undefined
[2026-07-14 13:09:40] INFO: [POLLING] 시작 | 큐: 0건 | 처리중: 4건 | 번들: ID:55698(1건), ID:55700(1건), ID:55701(1건), ID:55704(1건)
[2026-07-14 13:09:40] INFO: [POLLING] 종료 | 큐: 0건 | 번들맵: 4개
[2026-07-14 13:09:50] INFO: [POLLING] 시작 | 큐: 0건 | 처리중: 4건 | 번들: ID:55698(1건), ID:55700(1건), ID:55701(1건), ID:55704(1건)
[2026-07-14 13:09:50] INFO: [POLLING] 종료 | 큐: 0건 | 번들맵: 4개
[2026-07-14 13:10:00] INFO: [POLLING] 시작 | 큐: 0건 | 처리중: 4건 | 번들: ID:55698(1건), ID:55700(1건), ID:55701(1건), ID:55704(1건)
[2026-07-14 13:10:00] INFO: [POLLING] 종료 | 큐: 0건 | 번들맵: 4개
[2026-07-14 13:10:10] INFO: [POLLING] 시작 | 큐: 0건 | 처리중: 4건 | 번들: ID:55698(1건), ID:55700(1건), ID:55701(1건), ID:55704(1건)
[2026-07-14 13:10:10] INFO: [POLLING] 종료 | 큐: 0건 | 번들맵: 4개
[2026-07-14 13:10:20] INFO: [POLLING] 시작 | 큐: 0건 | 처리중: 4건 | 번들: ID:55698(1건), ID:55700(1건), ID:55701(1건), ID:55704(1건)
[2026-07-14 13:10:20] INFO: [POLLING] 종료 | 큐: 0건 | 번들맵: 4개
[2026-07-14 13:10:30] INFO: [POLLING] 시작 | 큐: 0건 | 처리중: 4건 | 번들: ID:55698(1건), ID:55700(1건), ID:55701(1건), ID:55704(1건)
[2026-07-14 13:10:30] INFO: [POLLING] 종료 | 큐: 0건 | 번들맵: 4개
[2026-07-14 13:10:32] INFO: [REQ] contents=check-event | id=undefined
[2026-07-14 13:10:40] INFO: [POLLING] 시작 | 큐: 0건 | 처리중: 4건 | 번들: ID:55698(1건), ID:55700(1건), ID:55701(1건), ID:55704(1건)
[2026-07-14 13:10:40] INFO: [POLLING] 종료 | 큐: 0건 | 번들맵: 4개
[2026-07-14 13:10:50] INFO: [POLLING] 시작 | 큐: 0건 | 처리중: 4건 | 번들: ID:55698(1건), ID:55700(1건), ID:55701(1건), ID:55704(1건)
[2026-07-14 13:10:50] INFO: [POLLING] 종료 | 큐: 0건 | 번들맵: 4개
[2026-07-14 13:11:00] INFO: [POLLING] 시작 | 큐: 0건 | 처리중: 4건 | 번들: ID:55698(1건), ID:55700(1건), ID:55701(1건), ID:55704(1건)
[2026-07-14 13:11:00] INFO: [POLLING] 종료 | 큐: 0건 | 번들맵: 4개
[2026-07-14 13:11:10] INFO: [POLLING] 시작 | 큐: 0건 | 처리중: 4건 | 번들: ID:55698(1건), ID:55700(1건), ID:55701(1건), ID:55704(1건)
[2026-07-14 13:11:10] INFO: [POLLING] 종료 | 큐: 0건 | 번들맵: 4개
[2026-07-14 13:11:20] INFO: [POLLING] 시작 | 큐: 0건 | 처리중: 4건 | 번들: ID:55698(1건), ID:55700(1건), ID:55701(1건), ID:55704(1건)
[2026-07-14 13:11:20] INFO: [POLLING] 종료 | 큐: 0건 | 번들맵: 4개
[2026-07-14 13:11:29] INFO: [REQ] contents=check-event | id=undefined
[2026-07-14 13:11:30] INFO: [POLLING] 시작 | 큐: 0건 | 처리중: 4건 | 번들: ID:55698(1건), ID:55700(1건), ID:55701(1건), ID:55704(1건)
[2026-07-14 13:11:30] INFO: [POLLING] 종료 | 큐: 0건 | 번들맵: 4개
[2026-07-14 13:11:40] INFO: [POLLING] 시작 | 큐: 0건 | 처리중: 4건 | 번들: ID:55698(1건), ID:55700(1건), ID:55701(1건), ID:55704(1건)
[2026-07-14 13:11:40] INFO: [POLLING] 종료 | 큐: 0건 | 번들맵: 4개
[2026-07-14 13:11:50] INFO: [POLLING] 시작 | 큐: 0건 | 처리중: 4건 | 번들: ID:55698(1건), ID:55700(1건), ID:55701(1건), ID:55704(1건)
[2026-07-14 13:11:50] INFO: [POLLING] 종료 | 큐: 0건 | 번들맵: 4개
[2026-07-14 13:12:00] INFO: [POLLING] 시작 | 큐: 0건 | 처리중: 4건 | 번들: ID:55698(1건), ID:55700(1건), ID:55701(1건), ID:55704(1건)
[2026-07-14 13:12:00] INFO: [POLLING] 종료 | 큐: 0건 | 번들맵: 4개
[2026-07-14 13:12:10] INFO: [POLLING] 시작 | 큐: 0건 | 처리중: 4건 | 번들: ID:55698(1건), ID:55700(1건), ID:55701(1건), ID:55704(1건)
[2026-07-14 13:12:10] INFO: [POLLING] 종료 | 큐: 0건 | 번들맵: 4개
[2026-07-14 13:12:20] INFO: [POLLING] 시작 | 큐: 0건 | 처리중: 4건 | 번들: ID:55698(1건), ID:55700(1건), ID:55701(1건), ID:55704(1건)
[2026-07-14 13:12:20] INFO: [POLLING] 종료 | 큐: 0건 | 번들맵: 4개
[2026-07-14 13:12:22] INFO: [REQ] contents=check-event | id=undefined
[2026-07-14 13:12:30] INFO: [POLLING] 시작 | 큐: 0건 | 처리중: 4건 | 번들: ID:55698(1건), ID:55700(1건), ID:55701(1건), ID:55704(1건)
[2026-07-14 13:12:30] INFO: [POLLING] 종료 | 큐: 0건 | 번들맵: 4개
[2026-07-14 13:12:40] INFO: [POLLING] 시작 | 큐: 0건 | 처리중: 4건 | 번들: ID:55698(1건), ID:55700(1건), ID:55701(1건), ID:55704(1건)
[2026-07-14 13:12:40] INFO: [POLLING] 종료 | 큐: 0건 | 번들맵: 4개
[2026-07-14 13:12:50] INFO: [POLLING] 시작 | 큐: 0건 | 처리중: 4건 | 번들: ID:55698(1건), ID:55700(1건), ID:55701(1건), ID:55704(1건)
[2026-07-14 13:12:50] INFO: [POLLING] 종료 | 큐: 0건 | 번들맵: 4개
[2026-07-14 13:13:00] INFO: [POLLING] 시작 | 큐: 0건 | 처리중: 4건 | 번들: ID:55698(1건), ID:55700(1건), ID:55701(1건), ID:55704(1건)
[2026-07-14 13:13:00] INFO: [POLLING] 종료 | 큐: 0건 | 번들맵: 4개
[2026-07-14 13:13:09] INFO: [REQ] contents=check-event | id=undefined
[2026-07-14 13:13:10] INFO: [POLLING] 시작 | 큐: 0건 | 처리중: 4건 | 번들: ID:55698(1건), ID:55700(1건), ID:55701(1건), ID:55704(1건)
[2026-07-14 13:13:10] INFO: [POLLING] 종료 | 큐: 0건 | 번들맵: 4개
[2026-07-14 13:13:20] INFO: [POLLING] 시작 | 큐: 0건 | 처리중: 4건 | 번들: ID:55698(1건), ID:55700(1건), ID:55701(1건), ID:55704(1건)
[2026-07-14 13:13:20] INFO: [POLLING] 종료 | 큐: 0건 | 번들맵: 4개
[2026-07-14 13:13:30] INFO: [POLLING] 시작 | 큐: 0건 | 처리중: 4건 | 번들: ID:55698(1건), ID:55700(1건), ID:55701(1건), ID:55704(1건)
[2026-07-14 13:13:30] INFO: [POLLING] 종료 | 큐: 0건 | 번들맵: 4개
[2026-07-14 13:13:40] INFO: [POLLING] 시작 | 큐: 0건 | 처리중: 4건 | 번들: ID:55698(1건), ID:55700(1건), ID:55701(1건), ID:55704(1건)
[2026-07-14 13:13:40] INFO: [POLLING] 종료 | 큐: 0건 | 번들맵: 4개
[2026-07-14 13:13:50] INFO: [POLLING] 시작 | 큐: 0건 | 처리중: 4건 | 번들: ID:55698(1건), ID:55700(1건), ID:55701(1건), ID:55704(1건)
[2026-07-14 13:13:50] INFO: [POLLING] 종료 | 큐: 0건 | 번들맵: 4개
[2026-07-14 13:14:00] INFO: [POLLING] 시작 | 큐: 0건 | 처리중: 4건 | 번들: ID:55698(1건), ID:55700(1건), ID:55701(1건), ID:55704(1건)
[2026-07-14 13:14:00] INFO: [POLLING] 종료 | 큐: 0건 | 번들맵: 4개
[2026-07-14 13:14:02] INFO: [REQ] contents=check-event | id=undefined
[2026-07-14 13:14:10] INFO: [POLLING] 시작 | 큐: 0건 | 처리중: 4건 | 번들: ID:55698(1건), ID:55700(1건), ID:55701(1건), ID:55704(1건)
[2026-07-14 13:14:10] INFO: [POLLING] 종료 | 큐: 0건 | 번들맵: 4개
[2026-07-14 13:14:20] INFO: [POLLING] 시작 | 큐: 0건 | 처리중: 4건 | 번들: ID:55698(1건), ID:55700(1건), ID:55701(1건), ID:55704(1건)
[2026-07-14 13:14:20] INFO: [POLLING] 종료 | 큐: 0건 | 번들맵: 4개
[2026-07-14 13:14:30] INFO: [POLLING] 시작 | 큐: 0건 | 처리중: 4건 | 번들: ID:55698(1건), ID:55700(1건), ID:55701(1건), ID:55704(1건)
[2026-07-14 13:14:30] INFO: [POLLING] 종료 | 큐: 0건 | 번들맵: 4개
[2026-07-14 13:14:39] INFO: [REQ] contents=check-event | id=undefined
[2026-07-14 13:14:40] INFO: [POLLING] 시작 | 큐: 0건 | 처리중: 4건 | 번들: ID:55698(1건), ID:55700(1건), ID:55701(1건), ID:55704(1건)
[2026-07-14 13:14:40] INFO: [POLLING] 종료 | 큐: 0건 | 번들맵: 4개
[2026-07-14 13:14:50] INFO: [POLLING] 시작 | 큐: 0건 | 처리중: 4건 | 번들: ID:55698(1건), ID:55700(1건), ID:55701(1건), ID:55704(1건)
[2026-07-14 13:14:50] INFO: [POLLING] 종료 | 큐: 0건 | 번들맵: 4개
[2026-07-14 13:15:00] INFO: [POLLING] 시작 | 큐: 0건 | 처리중: 4건 | 번들: ID:55698(1건), ID:55700(1건), ID:55701(1건), ID:55704(1건)
[2026-07-14 13:15:00] INFO: [POLLING] 종료 | 큐: 0건 | 번들맵: 4개
[2026-07-14 13:15:10] INFO: [POLLING] 시작 | 큐: 0건 | 처리중: 4건 | 번들: ID:55698(1건), ID:55700(1건), ID:55701(1건), ID:55704(1건)
[2026-07-14 13:15:10] INFO: [POLLING] 종료 | 큐: 0건 | 번들맵: 4개
[2026-07-14 13:15:20] INFO: [POLLING] 시작 | 큐: 0건 | 처리중: 4건 | 번들: ID:55698(1건), ID:55700(1건), ID:55701(1건), ID:55704(1건)
[2026-07-14 13:15:20] INFO: [POLLING] 종료 | 큐: 0건 | 번들맵: 4개
[2026-07-14 13:15:30] INFO: [POLLING] 시작 | 큐: 0건 | 처리중: 4건 | 번들: ID:55698(1건), ID:55700(1건), ID:55701(1건), ID:55704(1건)
[2026-07-14 13:15:30] INFO: [POLLING] 종료 | 큐: 0건 | 번들맵: 4개
[2026-07-14 13:15:33] INFO: [REQ] contents=check-event | id=undefined
[2026-07-14 13:15:40] INFO: [POLLING] 시작 | 큐: 0건 | 처리중: 4건 | 번들: ID:55698(1건), ID:55700(1건), ID:55701(1건), ID:55704(1건)
[2026-07-14 13:15:40] INFO: [POLLING] 종료 | 큐: 0건 | 번들맵: 4개
[2026-07-14 13:15:50] INFO: [POLLING] 시작 | 큐: 0건 | 처리중: 4건 | 번들: ID:55698(1건), ID:55700(1건), ID:55701(1건), ID:55704(1건)
[2026-07-14 13:15:50] INFO: [POLLING] 종료 | 큐: 0건 | 번들맵: 4개
[2026-07-14 13:16:00] INFO: [POLLING] 시작 | 큐: 0건 | 처리중: 4건 | 번들: ID:55698(1건), ID:55700(1건), ID:55701(1건), ID:55704(1건)
[2026-07-14 13:16:00] INFO: [POLLING] 종료 | 큐: 0건 | 번들맵: 4개
[2026-07-14 13:16:10] INFO: [POLLING] 시작 | 큐: 0건 | 처리중: 4건 | 번들: ID:55698(1건), ID:55700(1건), ID:55701(1건), ID:55704(1건)
[2026-07-14 13:16:10] INFO: [POLLING] 종료 | 큐: 0건 | 번들맵: 4개
[2026-07-14 13:16:20] INFO: [POLLING] 시작 | 큐: 0건 | 처리중: 4건 | 번들: ID:55698(1건), ID:55700(1건), ID:55701(1건), ID:55704(1건)
[2026-07-14 13:16:20] INFO: [POLLING] 종료 | 큐: 0건 | 번들맵: 4개
[2026-07-14 13:16:29] INFO: [REQ] contents=check-event | id=undefined
[2026-07-14 13:16:30] INFO: [POLLING] 시작 | 큐: 0건 | 처리중: 4건 | 번들: ID:55698(1건), ID:55700(1건), ID:55701(1건), ID:55704(1건)
[2026-07-14 13:16:30] INFO: [POLLING] 종료 | 큐: 0건 | 번들맵: 4개
[2026-07-14 13:16:40] INFO: [POLLING] 시작 | 큐: 0건 | 처리중: 4건 | 번들: ID:55698(1건), ID:55700(1건), ID:55701(1건), ID:55704(1건)
[2026-07-14 13:16:40] INFO: [POLLING] 종료 | 큐: 0건 | 번들맵: 4개
[2026-07-14 13:16:50] INFO: [POLLING] 시작 | 큐: 0건 | 처리중: 4건 | 번들: ID:55698(1건), ID:55700(1건), ID:55701(1건), ID:55704(1건)
[2026-07-14 13:16:50] INFO: [POLLING] 종료 | 큐: 0건 | 번들맵: 4개
[2026-07-14 13:17:00] INFO: [POLLING] 시작 | 큐: 0건 | 처리중: 4건 | 번들: ID:55698(1건), ID:55700(1건), ID:55701(1건), ID:55704(1건)
[2026-07-14 13:17:00] INFO: [POLLING] 종료 | 큐: 0건 | 번들맵: 4개
[2026-07-14 13:17:10] INFO: [POLLING] 시작 | 큐: 0건 | 처리중: 4건 | 번들: ID:55698(1건), ID:55700(1건), ID:55701(1건), ID:55704(1건)
[2026-07-14 13:17:10] INFO: [POLLING] 종료 | 큐: 0건 | 번들맵: 4개
[2026-07-14 13:17:20] INFO: [POLLING] 시작 | 큐: 0건 | 처리중: 4건 | 번들: ID:55698(1건), ID:55700(1건), ID:55701(1건), ID:55704(1건)
[2026-07-14 13:17:20] INFO: [POLLING] 종료 | 큐: 0건 | 번들맵: 4개
[2026-07-14 13:17:23] INFO: [REQ] contents=check-event | id=undefined
[2026-07-14 13:17:30] INFO: [POLLING] 시작 | 큐: 0건 | 처리중: 4건 | 번들: ID:55698(1건), ID:55700(1건), ID:55701(1건), ID:55704(1건)
[2026-07-14 13:17:30] INFO: [POLLING] 종료 | 큐: 0건 | 번들맵: 4개
[2026-07-14 13:17:40] INFO: [POLLING] 시작 | 큐: 0건 | 처리중: 4건 | 번들: ID:55698(1건), ID:55700(1건), ID:55701(1건), ID:55704(1건)
[2026-07-14 13:17:40] INFO: [POLLING] 종료 | 큐: 0건 | 번들맵: 4개
[2026-07-14 13:17:50] INFO: [POLLING] 시작 | 큐: 0건 | 처리중: 4건 | 번들: ID:55698(1건), ID:55700(1건), ID:55701(1건), ID:55704(1건)
[2026-07-14 13:17:50] INFO: [POLLING] 종료 | 큐: 0건 | 번들맵: 4개
[2026-07-14 13:18:00] INFO: [POLLING] 시작 | 큐: 0건 | 처리중: 4건 | 번들: ID:55698(1건), ID:55700(1건), ID:55701(1건), ID:55704(1건)
[2026-07-14 13:18:00] INFO: [POLLING] 종료 | 큐: 0건 | 번들맵: 4개
[2026-07-14 13:18:09] INFO: [REQ] contents=check-event | id=undefined
[2026-07-14 13:18:10] INFO: [POLLING] 시작 | 큐: 0건 | 처리중: 4건 | 번들: ID:55698(1건), ID:55700(1건), ID:55701(1건), ID:55704(1건)
[2026-07-14 13:18:10] INFO: [POLLING] 종료 | 큐: 0건 | 번들맵: 4개
[2026-07-14 13:18:20] INFO: [POLLING] 시작 | 큐: 0건 | 처리중: 4건 | 번들: ID:55698(1건), ID:55700(1건), ID:55701(1건), ID:55704(1건)
[2026-07-14 13:18:20] INFO: [POLLING] 종료 | 큐: 0건 | 번들맵: 4개
[2026-07-14 13:18:30] INFO: [POLLING] 시작 | 큐: 0건 | 처리중: 4건 | 번들: ID:55698(1건), ID:55700(1건), ID:55701(1건), ID:55704(1건)
[2026-07-14 13:18:30] INFO: [POLLING] 종료 | 큐: 0건 | 번들맵: 4개
[2026-07-14 13:18:40] INFO: [POLLING] 시작 | 큐: 0건 | 처리중: 4건 | 번들: ID:55698(1건), ID:55700(1건), ID:55701(1건), ID:55704(1건)
[2026-07-14 13:18:40] INFO: [POLLING] 종료 | 큐: 0건 | 번들맵: 4개
[2026-07-14 13:18:50] INFO: [POLLING] 시작 | 큐: 0건 | 처리중: 4건 | 번들: ID:55698(1건), ID:55700(1건), ID:55701(1건), ID:55704(1건)
[2026-07-14 13:18:50] INFO: [POLLING] 종료 | 큐: 0건 | 번들맵: 4개
[2026-07-14 13:19:00] INFO: [POLLING] 시작 | 큐: 0건 | 처리중: 4건 | 번들: ID:55698(1건), ID:55700(1건), ID:55701(1건), ID:55704(1건)
[2026-07-14 13:19:00] INFO: [POLLING] 종료 | 큐: 0건 | 번들맵: 4개
[2026-07-14 13:19:03] INFO: [REQ] contents=check-event | id=undefined
[2026-07-14 13:19:10] INFO: [POLLING] 시작 | 큐: 0건 | 처리중: 4건 | 번들: ID:55698(1건), ID:55700(1건), ID:55701(1건), ID:55704(1건)
[2026-07-14 13:19:10] INFO: [POLLING] 종료 | 큐: 0건 | 번들맵: 4개
[2026-07-14 13:19:20] INFO: [POLLING] 시작 | 큐: 0건 | 처리중: 4건 | 번들: ID:55698(1건), ID:55700(1건), ID:55701(1건), ID:55704(1건)
[2026-07-14 13:19:20] INFO: [POLLING] 종료 | 큐: 0건 | 번들맵: 4개
[2026-07-14 13:19:30] INFO: [POLLING] 시작 | 큐: 0건 | 처리중: 4건 | 번들: ID:55698(1건), ID:55700(1건), ID:55701(1건), ID:55704(1건)
[2026-07-14 13:19:30] INFO: [POLLING] 종료 | 큐: 0건 | 번들맵: 4개
[2026-07-14 13:19:39] INFO: [REQ] contents=check-event | id=undefined
[2026-07-14 13:19:40] INFO: [POLLING] 시작 | 큐: 0건 | 처리중: 4건 | 번들: ID:55698(1건), ID:55700(1건), ID:55701(1건), ID:55704(1건)
[2026-07-14 13:19:40] INFO: [POLLING] 종료 | 큐: 0건 | 번들맵: 4개
[2026-07-14 13:19:50] INFO: [POLLING] 시작 | 큐: 0건 | 처리중: 4건 | 번들: ID:55698(1건), ID:55700(1건), ID:55701(1건), ID:55704(1건)
[2026-07-14 13:19:50] INFO: [POLLING] 종료 | 큐: 0건 | 번들맵: 4개
[2026-07-14 13:20:00] INFO: [POLLING] 시작 | 큐: 0건 | 처리중: 4건 | 번들: ID:55698(1건), ID:55700(1건), ID:55701(1건), ID:55704(1건)
[2026-07-14 13:20:00] INFO: [POLLING] 종료 | 큐: 0건 | 번들맵: 4개
[2026-07-14 13:20:10] INFO: [POLLING] 시작 | 큐: 0건 | 처리중: 4건 | 번들: ID:55698(1건), ID:55700(1건), ID:55701(1건), ID:55704(1건)
[2026-07-14 13:20:10] INFO: [POLLING] 종료 | 큐: 0건 | 번들맵: 4개
[2026-07-14 13:20:20] INFO: [POLLING] 시작 | 큐: 0건 | 처리중: 4건 | 번들: ID:55698(1건), ID:55700(1건), ID:55701(1건), ID:55704(1건)
[2026-07-14 13:20:20] INFO: [POLLING] 종료 | 큐: 0건 | 번들맵: 4개
[2026-07-14 13:20:30] INFO: [POLLING] 시작 | 큐: 0건 | 처리중: 4건 | 번들: ID:55698(1건), ID:55700(1건), ID:55701(1건), ID:55704(1건)
[2026-07-14 13:20:30] INFO: [POLLING] 종료 | 큐: 0건 | 번들맵: 4개
[2026-07-14 13:20:33] INFO: [REQ] contents=check-event | id=undefined
[2026-07-14 13:20:40] INFO: [POLLING] 시작 | 큐: 0건 | 처리중: 4건 | 번들: ID:55698(1건), ID:55700(1건), ID:55701(1건), ID:55704(1건)
[2026-07-14 13:20:40] INFO: [POLLING] 종료 | 큐: 0건 | 번들맵: 4개
[2026-07-14 13:20:50] INFO: [POLLING] 시작 | 큐: 0건 | 처리중: 4건 | 번들: ID:55698(1건), ID:55700(1건), ID:55701(1건), ID:55704(1건)
[2026-07-14 13:20:50] INFO: [POLLING] 종료 | 큐: 0건 | 번들맵: 4개
[2026-07-14 13:21:00] INFO: [POLLING] 시작 | 큐: 0건 | 처리중: 4건 | 번들: ID:55698(1건), ID:55700(1건), ID:55701(1건), ID:55704(1건)
[2026-07-14 13:21:00] INFO: [POLLING] 종료 | 큐: 0건 | 번들맵: 4개
[2026-07-14 13:21:10] INFO: [POLLING] 시작 | 큐: 0건 | 처리중: 4건 | 번들: ID:55698(1건), ID:55700(1건), ID:55701(1건), ID:55704(1건)
[2026-07-14 13:21:10] INFO: [POLLING] 종료 | 큐: 0건 | 번들맵: 4개
[2026-07-14 13:21:20] INFO: [POLLING] 시작 | 큐: 0건 | 처리중: 4건 | 번들: ID:55698(1건), ID:55700(1건), ID:55701(1건), ID:55704(1건)
[2026-07-14 13:21:20] INFO: [POLLING] 종료 | 큐: 0건 | 번들맵: 4개
[2026-07-14 13:21:30] INFO: [REQ] contents=check-event | id=undefined
[2026-07-14 13:21:30] INFO: [POLLING] 시작 | 큐: 0건 | 처리중: 4건 | 번들: ID:55698(1건), ID:55700(1건), ID:55701(1건), ID:55704(1건)
[2026-07-14 13:21:30] INFO: [POLLING] 종료 | 큐: 0건 | 번들맵: 4개
[2026-07-14 13:21:40] INFO: [POLLING] 시작 | 큐: 0건 | 처리중: 4건 | 번들: ID:55698(1건), ID:55700(1건), ID:55701(1건), ID:55704(1건)
[2026-07-14 13:21:40] INFO: [POLLING] 종료 | 큐: 0건 | 번들맵: 4개
[2026-07-14 13:21:50] INFO: [POLLING] 시작 | 큐: 0건 | 처리중: 4건 | 번들: ID:55698(1건), ID:55700(1건), ID:55701(1건), ID:55704(1건)
[2026-07-14 13:21:50] INFO: [POLLING] 종료 | 큐: 0건 | 번들맵: 4개
[2026-07-14 13:22:00] INFO: [POLLING] 시작 | 큐: 0건 | 처리중: 4건 | 번들: ID:55698(1건), ID:55700(1건), ID:55701(1건), ID:55704(1건)
[2026-07-14 13:22:00] INFO: [POLLING] 종료 | 큐: 0건 | 번들맵: 4개
[2026-07-14 13:22:10] INFO: [POLLING] 시작 | 큐: 0건 | 처리중: 4건 | 번들: ID:55698(1건), ID:55700(1건), ID:55701(1건), ID:55704(1건)
[2026-07-14 13:22:10] INFO: [POLLING] 종료 | 큐: 0건 | 번들맵: 4개
[2026-07-14 13:22:20] INFO: [POLLING] 시작 | 큐: 0건 | 처리중: 4건 | 번들: ID:55698(1건), ID:55700(1건), ID:55701(1건), ID:55704(1건)
[2026-07-14 13:22:20] INFO: [POLLING] 종료 | 큐: 0건 | 번들맵: 4개
[2026-07-14 13:22:23] INFO: [REQ] contents=check-event | id=undefined
[2026-07-14 13:22:30] INFO: [POLLING] 시작 | 큐: 0건 | 처리중: 4건 | 번들: ID:55698(1건), ID:55700(1건), ID:55701(1건), ID:55704(1건)
[2026-07-14 13:22:30] INFO: [POLLING] 종료 | 큐: 0건 | 번들맵: 4개
[2026-07-14 13:22:40] INFO: [POLLING] 시작 | 큐: 0건 | 처리중: 4건 | 번들: ID:55698(1건), ID:55700(1건), ID:55701(1건), ID:55704(1건)
[2026-07-14 13:22:40] INFO: [POLLING] 종료 | 큐: 0건 | 번들맵: 4개
[2026-07-14 13:22:50] INFO: [POLLING] 시작 | 큐: 0건 | 처리중: 4건 | 번들: ID:55698(1건), ID:55700(1건), ID:55701(1건), ID:55704(1건)
[2026-07-14 13:22:50] INFO: [POLLING] 종료 | 큐: 0건 | 번들맵: 4개
[2026-07-14 13:23:00] INFO: [POLLING] 시작 | 큐: 0건 | 처리중: 4건 | 번들: ID:55698(1건), ID:55700(1건), ID:55701(1건), ID:55704(1건)
[2026-07-14 13:23:00] INFO: [POLLING] 종료 | 큐: 0건 | 번들맵: 4개
[2026-07-14 13:23:10] INFO: [REQ] contents=check-event | id=undefined
[2026-07-14 13:23:10] INFO: [POLLING] 시작 | 큐: 0건 | 처리중: 4건 | 번들: ID:55698(1건), ID:55700(1건), ID:55701(1건), ID:55704(1건)
[2026-07-14 13:23:10] INFO: [POLLING] 종료 | 큐: 0건 | 번들맵: 4개
[2026-07-14 13:23:20] INFO: [POLLING] 시작 | 큐: 0건 | 처리중: 4건 | 번들: ID:55698(1건), ID:55700(1건), ID:55701(1건), ID:55704(1건)
[2026-07-14 13:23:20] INFO: [POLLING] 종료 | 큐: 0건 | 번들맵: 4개
[2026-07-14 13:23:30] INFO: [POLLING] 시작 | 큐: 0건 | 처리중: 4건 | 번들: ID:55698(1건), ID:55700(1건), ID:55701(1건), ID:55704(1건)
[2026-07-14 13:23:30] INFO: [POLLING] 종료 | 큐: 0건 | 번들맵: 4개
[2026-07-14 13:23:40] INFO: [POLLING] 시작 | 큐: 0건 | 처리중: 4건 | 번들: ID:55698(1건), ID:55700(1건), ID:55701(1건), ID:55704(1건)
[2026-07-14 13:23:40] INFO: [POLLING] 종료 | 큐: 0건 | 번들맵: 4개
[2026-07-14 13:23:50] INFO: [POLLING] 시작 | 큐: 0건 | 처리중: 4건 | 번들: ID:55698(1건), ID:55700(1건), ID:55701(1건), ID:55704(1건)
[2026-07-14 13:23:50] INFO: [POLLING] 종료 | 큐: 0건 | 번들맵: 4개
[2026-07-14 13:24:00] INFO: [POLLING] 시작 | 큐: 0건 | 처리중: 4건 | 번들: ID:55698(1건), ID:55700(1건), ID:55701(1건), ID:55704(1건)
[2026-07-14 13:24:01] INFO: [POLLING] 종료 | 큐: 0건 | 번들맵: 4개
[2026-07-14 13:24:03] INFO: [REQ] contents=check-event | id=undefined
[2026-07-14 13:24:10] INFO: [POLLING] 시작 | 큐: 0건 | 처리중: 4건 | 번들: ID:55698(1건), ID:55700(1건), ID:55701(1건), ID:55704(1건)
[2026-07-14 13:24:11] INFO: [POLLING] 종료 | 큐: 0건 | 번들맵: 4개
[2026-07-14 13:24:20] INFO: [POLLING] 시작 | 큐: 0건 | 처리중: 4건 | 번들: ID:55698(1건), ID:55700(1건), ID:55701(1건), ID:55704(1건)
[2026-07-14 13:24:21] INFO: [POLLING] 종료 | 큐: 0건 | 번들맵: 4개
[2026-07-14 13:24:30] INFO: [REQ] contents=check-event | id=undefined
[2026-07-14 13:24:30] INFO: [POLLING] 시작 | 큐: 0건 | 처리중: 4건 | 번들: ID:55698(1건), ID:55700(1건), ID:55701(1건), ID:55704(1건)
[2026-07-14 13:24:31] INFO: [POLLING] 종료 | 큐: 0건 | 번들맵: 4개
[2026-07-14 13:24:40] INFO: [POLLING] 시작 | 큐: 0건 | 처리중: 4건 | 번들: ID:55698(1건), ID:55700(1건), ID:55701(1건), ID:55704(1건)
[2026-07-14 13:24:41] INFO: [POLLING] 종료 | 큐: 0건 | 번들맵: 4개
[2026-07-14 13:24:51] INFO: [POLLING] 시작 | 큐: 0건 | 처리중: 4건 | 번들: ID:55698(1건), ID:55700(1건), ID:55701(1건), ID:55704(1건)
[2026-07-14 13:24:51] INFO: [POLLING] 종료 | 큐: 0건 | 번들맵: 4개
[2026-07-14 13:25:01] INFO: [POLLING] 시작 | 큐: 0건 | 처리중: 4건 | 번들: ID:55698(1건), ID:55700(1건), ID:55701(1건), ID:55704(1건)
[2026-07-14 13:25:01] INFO: [POLLING] 종료 | 큐: 0건 | 번들맵: 4개
[2026-07-14 13:25:11] INFO: [POLLING] 시작 | 큐: 0건 | 처리중: 4건 | 번들: ID:55698(1건), ID:55700(1건), ID:55701(1건), ID:55704(1건)
[2026-07-14 13:25:11] INFO: [POLLING] 종료 | 큐: 0건 | 번들맵: 4개
[2026-07-14 13:25:21] INFO: [POLLING] 시작 | 큐: 0건 | 처리중: 4건 | 번들: ID:55698(1건), ID:55700(1건), ID:55701(1건), ID:55704(1건)
[2026-07-14 13:25:21] INFO: [POLLING] 종료 | 큐: 0건 | 번들맵: 4개
[2026-07-14 13:25:31] INFO: [POLLING] 시작 | 큐: 0건 | 처리중: 4건 | 번들: ID:55698(1건), ID:55700(1건), ID:55701(1건), ID:55704(1건)
[2026-07-14 13:25:31] INFO: [POLLING] 종료 | 큐: 0건 | 번들맵: 4개
[2026-07-14 13:25:33] INFO: [REQ] contents=check-event | id=undefined
[2026-07-14 13:25:41] INFO: [POLLING] 시작 | 큐: 0건 | 처리중: 4건 | 번들: ID:55698(1건), ID:55700(1건), ID:55701(1건), ID:55704(1건)
[2026-07-14 13:25:41] INFO: [POLLING] 종료 | 큐: 0건 | 번들맵: 4개
[2026-07-14 13:25:51] INFO: [POLLING] 시작 | 큐: 0건 | 처리중: 4건 | 번들: ID:55698(1건), ID:55700(1건), ID:55701(1건), ID:55704(1건)
[2026-07-14 13:25:51] INFO: [POLLING] 종료 | 큐: 0건 | 번들맵: 4개
[2026-07-14 13:26:01] INFO: [POLLING] 시작 | 큐: 0건 | 처리중: 4건 | 번들: ID:55698(1건), ID:55700(1건), ID:55701(1건), ID:55704(1건)
[2026-07-14 13:26:01] INFO: [POLLING] 종료 | 큐: 0건 | 번들맵: 4개
[2026-07-14 13:26:11] INFO: [POLLING] 시작 | 큐: 0건 | 처리중: 4건 | 번들: ID:55698(1건), ID:55700(1건), ID:55701(1건), ID:55704(1건)
[2026-07-14 13:26:11] INFO: [POLLING] 종료 | 큐: 0건 | 번들맵: 4개
[2026-07-14 13:26:20] INFO: [REQ] contents=check-event | id=undefined
[2026-07-14 13:26:21] INFO: [POLLING] 시작 | 큐: 0건 | 처리중: 4건 | 번들: ID:55698(1건), ID:55700(1건), ID:55701(1건), ID:55704(1건)
[2026-07-14 13:26:21] INFO: [POLLING] 종료 | 큐: 0건 | 번들맵: 4개
[2026-07-14 13:26:31] INFO: [POLLING] 시작 | 큐: 0건 | 처리중: 4건 | 번들: ID:55698(1건), ID:55700(1건), ID:55701(1건), ID:55704(1건)
[2026-07-14 13:26:31] INFO: [POLLING] 종료 | 큐: 0건 | 번들맵: 4개
[2026-07-14 13:26:41] INFO: [POLLING] 시작 | 큐: 0건 | 처리중: 4건 | 번들: ID:55698(1건), ID:55700(1건), ID:55701(1건), ID:55704(1건)
[2026-07-14 13:26:41] INFO: [POLLING] 종료 | 큐: 0건 | 번들맵: 4개
[2026-07-14 13:26:51] INFO: [POLLING] 시작 | 큐: 0건 | 처리중: 4건 | 번들: ID:55698(1건), ID:55700(1건), ID:55701(1건), ID:55704(1건)
[2026-07-14 13:26:51] INFO: [POLLING] 종료 | 큐: 0건 | 번들맵: 4개
[2026-07-14 13:27:01] INFO: [POLLING] 시작 | 큐: 0건 | 처리중: 4건 | 번들: ID:55698(1건), ID:55700(1건), ID:55701(1건), ID:55704(1건)
[2026-07-14 13:27:01] INFO: [POLLING] 종료 | 큐: 0건 | 번들맵: 4개
[2026-07-14 13:27:11] INFO: [POLLING] 시작 | 큐: 0건 | 처리중: 4건 | 번들: ID:55698(1건), ID:55700(1건), ID:55701(1건), ID:55704(1건)
[2026-07-14 13:27:11] INFO: [POLLING] 종료 | 큐: 0건 | 번들맵: 4개
[2026-07-14 13:27:21] INFO: [POLLING] 시작 | 큐: 0건 | 처리중: 4건 | 번들: ID:55698(1건), ID:55700(1건), ID:55701(1건), ID:55704(1건)
[2026-07-14 13:27:21] INFO: [POLLING] 종료 | 큐: 0건 | 번들맵: 4개
[2026-07-14 13:27:24] INFO: [REQ] contents=check-event | id=undefined
[2026-07-14 13:27:31] INFO: [POLLING] 시작 | 큐: 0건 | 처리중: 4건 | 번들: ID:55698(1건), ID:55700(1건), ID:55701(1건), ID:55704(1건)
[2026-07-14 13:27:31] INFO: [POLLING] 종료 | 큐: 0건 | 번들맵: 4개
[2026-07-14 13:27:41] INFO: [POLLING] 시작 | 큐: 0건 | 처리중: 4건 | 번들: ID:55698(1건), ID:55700(1건), ID:55701(1건), ID:55704(1건)
[2026-07-14 13:27:41] INFO: [POLLING] 종료 | 큐: 0건 | 번들맵: 4개
[2026-07-14 13:27:51] INFO: [POLLING] 시작 | 큐: 0건 | 처리중: 4건 | 번들: ID:55698(1건), ID:55700(1건), ID:55701(1건), ID:55704(1건)
[2026-07-14 13:27:51] INFO: [POLLING] 종료 | 큐: 0건 | 번들맵: 4개
[2026-07-14 13:28:00] INFO: [REQ] contents=check-event | id=undefined
[2026-07-14 13:28:01] INFO: [POLLING] 시작 | 큐: 0건 | 처리중: 4건 | 번들: ID:55698(1건), ID:55700(1건), ID:55701(1건), ID:55704(1건)
[2026-07-14 13:28:01] INFO: [POLLING] 종료 | 큐: 0건 | 번들맵: 4개
[2026-07-14 13:28:11] INFO: [POLLING] 시작 | 큐: 0건 | 처리중: 4건 | 번들: ID:55698(1건), ID:55700(1건), ID:55701(1건), ID:55704(1건)
[2026-07-14 13:28:11] INFO: [POLLING] 종료 | 큐: 0건 | 번들맵: 4개
[2026-07-14 13:28:21] INFO: [POLLING] 시작 | 큐: 0건 | 처리중: 4건 | 번들: ID:55698(1건), ID:55700(1건), ID:55701(1건), ID:55704(1건)
[2026-07-14 13:28:21] INFO: [POLLING] 종료 | 큐: 0건 | 번들맵: 4개
[2026-07-14 13:28:31] INFO: [POLLING] 시작 | 큐: 0건 | 처리중: 4건 | 번들: ID:55698(1건), ID:55700(1건), ID:55701(1건), ID:55704(1건)
[2026-07-14 13:28:31] INFO: [POLLING] 종료 | 큐: 0건 | 번들맵: 4개
[2026-07-14 13:28:41] INFO: [POLLING] 시작 | 큐: 0건 | 처리중: 4건 | 번들: ID:55698(1건), ID:55700(1건), ID:55701(1건), ID:55704(1건)
[2026-07-14 13:28:41] INFO: [POLLING] 종료 | 큐: 0건 | 번들맵: 4개
[2026-07-14 13:28:51] INFO: [POLLING] 시작 | 큐: 0건 | 처리중: 4건 | 번들: ID:55698(1건), ID:55700(1건), ID:55701(1건), ID:55704(1건)
[2026-07-14 13:28:51] INFO: [POLLING] 종료 | 큐: 0건 | 번들맵: 4개
[2026-07-14 13:29:01] INFO: [POLLING] 시작 | 큐: 0건 | 처리중: 4건 | 번들: ID:55698(1건), ID:55700(1건), ID:55701(1건), ID:55704(1건)
[2026-07-14 13:29:01] INFO: [POLLING] 종료 | 큐: 0건 | 번들맵: 4개
[2026-07-14 13:29:04] INFO: [REQ] contents=check-event | id=undefined
[2026-07-14 13:29:11] INFO: [POLLING] 시작 | 큐: 0건 | 처리중: 4건 | 번들: ID:55698(1건), ID:55700(1건), ID:55701(1건), ID:55704(1건)
[2026-07-14 13:29:11] INFO: [POLLING] 종료 | 큐: 0건 | 번들맵: 4개
[2026-07-14 13:29:21] INFO: [POLLING] 시작 | 큐: 0건 | 처리중: 4건 | 번들: ID:55698(1건), ID:55700(1건), ID:55701(1건), ID:55704(1건)
[2026-07-14 13:29:21] INFO: [POLLING] 종료 | 큐: 0건 | 번들맵: 4개
[2026-07-14 13:29:30] INFO: [REQ] contents=check-event | id=undefined
[2026-07-14 13:29:31] INFO: [POLLING] 시작 | 큐: 0건 | 처리중: 4건 | 번들: ID:55698(1건), ID:55700(1건), ID:55701(1건), ID:55704(1건)
[2026-07-14 13:29:31] INFO: [POLLING] 종료 | 큐: 0건 | 번들맵: 4개
[2026-07-14 13:29:41] INFO: [POLLING] 시작 | 큐: 0건 | 처리중: 4건 | 번들: ID:55698(1건), ID:55700(1건), ID:55701(1건), ID:55704(1건)
[2026-07-14 13:29:41] INFO: [POLLING] 종료 | 큐: 0건 | 번들맵: 4개
[2026-07-14 13:29:51] INFO: [POLLING] 시작 | 큐: 0건 | 처리중: 4건 | 번들: ID:55698(1건), ID:55700(1건), ID:55701(1건), ID:55704(1건)
[2026-07-14 13:29:51] INFO: [POLLING] 종료 | 큐: 0건 | 번들맵: 4개
[2026-07-14 13:30:01] INFO: [POLLING] 시작 | 큐: 0건 | 처리중: 4건 | 번들: ID:55698(1건), ID:55700(1건), ID:55701(1건), ID:55704(1건)
[2026-07-14 13:30:01] INFO: [POLLING] 종료 | 큐: 0건 | 번들맵: 4개
[2026-07-14 13:30:11] INFO: [POLLING] 시작 | 큐: 0건 | 처리중: 4건 | 번들: ID:55698(1건), ID:55700(1건), ID:55701(1건), ID:55704(1건)
[2026-07-14 13:30:11] INFO: [POLLING] 종료 | 큐: 0건 | 번들맵: 4개
[2026-07-14 13:30:21] INFO: [POLLING] 시작 | 큐: 0건 | 처리중: 4건 | 번들: ID:55698(1건), ID:55700(1건), ID:55701(1건), ID:55704(1건)
[2026-07-14 13:30:21] INFO: [POLLING] 종료 | 큐: 0건 | 번들맵: 4개
[2026-07-14 13:30:31] INFO: [POLLING] 시작 | 큐: 0건 | 처리중: 4건 | 번들: ID:55698(1건), ID:55700(1건), ID:55701(1건), ID:55704(1건)
[2026-07-14 13:30:31] INFO: [POLLING] 종료 | 큐: 0건 | 번들맵: 4개
[2026-07-14 13:30:34] INFO: [REQ] contents=check-event | id=undefined
[2026-07-14 13:30:41] INFO: [POLLING] 시작 | 큐: 0건 | 처리중: 4건 | 번들: ID:55698(1건), ID:55700(1건), ID:55701(1건), ID:55704(1건)
[2026-07-14 13:30:41] INFO: [POLLING] 종료 | 큐: 0건 | 번들맵: 4개
[2026-07-14 13:30:51] INFO: [POLLING] 시작 | 큐: 0건 | 처리중: 4건 | 번들: ID:55698(1건), ID:55700(1건), ID:55701(1건), ID:55704(1건)
[2026-07-14 13:30:51] INFO: [POLLING] 종료 | 큐: 0건 | 번들맵: 4개
[2026-07-14 13:31:01] INFO: [POLLING] 시작 | 큐: 0건 | 처리중: 4건 | 번들: ID:55698(1건), ID:55700(1건), ID:55701(1건), ID:55704(1건)
[2026-07-14 13:31:01] INFO: [POLLING] 종료 | 큐: 0건 | 번들맵: 4개
[2026-07-14 13:31:11] INFO: [POLLING] 시작 | 큐: 0건 | 처리중: 4건 | 번들: ID:55698(1건), ID:55700(1건), ID:55701(1건), ID:55704(1건)
[2026-07-14 13:31:11] INFO: [POLLING] 종료 | 큐: 0건 | 번들맵: 4개
[2026-07-14 13:31:20] INFO: [REQ] contents=check-event | id=undefined
[2026-07-14 13:31:21] INFO: [POLLING] 시작 | 큐: 0건 | 처리중: 4건 | 번들: ID:55698(1건), ID:55700(1건), ID:55701(1건), ID:55704(1건)
[2026-07-14 13:31:21] INFO: [POLLING] 종료 | 큐: 0건 | 번들맵: 4개
[2026-07-14 13:31:31] INFO: [POLLING] 시작 | 큐: 0건 | 처리중: 4건 | 번들: ID:55698(1건), ID:55700(1건), ID:55701(1건), ID:55704(1건)
[2026-07-14 13:31:31] INFO: [POLLING] 종료 | 큐: 0건 | 번들맵: 4개
[2026-07-14 13:31:41] INFO: [POLLING] 시작 | 큐: 0건 | 처리중: 4건 | 번들: ID:55698(1건), ID:55700(1건), ID:55701(1건), ID:55704(1건)
[2026-07-14 13:31:41] INFO: [POLLING] 종료 | 큐: 0건 | 번들맵: 4개
[2026-07-14 13:31:51] INFO: [POLLING] 시작 | 큐: 0건 | 처리중: 4건 | 번들: ID:55698(1건), ID:55700(1건), ID:55701(1건), ID:55704(1건)
[2026-07-14 13:31:51] INFO: [POLLING] 종료 | 큐: 0건 | 번들맵: 4개
[2026-07-14 13:32:01] INFO: [POLLING] 시작 | 큐: 0건 | 처리중: 4건 | 번들: ID:55698(1건), ID:55700(1건), ID:55701(1건), ID:55704(1건)
[2026-07-14 13:32:01] INFO: [POLLING] 종료 | 큐: 0건 | 번들맵: 4개
[2026-07-14 13:32:11] INFO: [POLLING] 시작 | 큐: 0건 | 처리중: 4건 | 번들: ID:55698(1건), ID:55700(1건), ID:55701(1건), ID:55704(1건)
[2026-07-14 13:32:11] INFO: [POLLING] 종료 | 큐: 0건 | 번들맵: 4개
[2026-07-14 13:32:21] INFO: [POLLING] 시작 | 큐: 0건 | 처리중: 4건 | 번들: ID:55698(1건), ID:55700(1건), ID:55701(1건), ID:55704(1건)
[2026-07-14 13:32:21] INFO: [POLLING] 종료 | 큐: 0건 | 번들맵: 4개
[2026-07-14 13:32:24] INFO: [REQ] contents=check-event | id=undefined
[2026-07-14 13:32:31] INFO: [POLLING] 시작 | 큐: 0건 | 처리중: 4건 | 번들: ID:55698(1건), ID:55700(1건), ID:55701(1건), ID:55704(1건)
[2026-07-14 13:32:31] INFO: [POLLING] 종료 | 큐: 0건 | 번들맵: 4개
[2026-07-14 13:32:41] INFO: [POLLING] 시작 | 큐: 0건 | 처리중: 4건 | 번들: ID:55698(1건), ID:55700(1건), ID:55701(1건), ID:55704(1건)
[2026-07-14 13:32:41] INFO: [POLLING] 종료 | 큐: 0건 | 번들맵: 4개
[2026-07-14 13:32:51] INFO: [POLLING] 시작 | 큐: 0건 | 처리중: 4건 | 번들: ID:55698(1건), ID:55700(1건), ID:55701(1건), ID:55704(1건)
[2026-07-14 13:32:51] INFO: [POLLING] 종료 | 큐: 0건 | 번들맵: 4개
[2026-07-14 13:33:01] INFO: [REQ] contents=check-event | id=undefined
[2026-07-14 13:33:01] INFO: [POLLING] 시작 | 큐: 0건 | 처리중: 4건 | 번들: ID:55698(1건), ID:55700(1건), ID:55701(1건), ID:55704(1건)
[2026-07-14 13:33:01] INFO: [POLLING] 종료 | 큐: 0건 | 번들맵: 4개
[2026-07-14 13:33:11] INFO: [POLLING] 시작 | 큐: 0건 | 처리중: 4건 | 번들: ID:55698(1건), ID:55700(1건), ID:55701(1건), ID:55704(1건)
[2026-07-14 13:33:11] INFO: [POLLING] 종료 | 큐: 0건 | 번들맵: 4개
[2026-07-14 13:33:21] INFO: [POLLING] 시작 | 큐: 0건 | 처리중: 4건 | 번들: ID:55698(1건), ID:55700(1건), ID:55701(1건), ID:55704(1건)
[2026-07-14 13:33:21] INFO: [POLLING] 종료 | 큐: 0건 | 번들맵: 4개
[2026-07-14 13:33:31] INFO: [POLLING] 시작 | 큐: 0건 | 처리중: 4건 | 번들: ID:55698(1건), ID:55700(1건), ID:55701(1건), ID:55704(1건)
[2026-07-14 13:33:31] INFO: [POLLING] 종료 | 큐: 0건 | 번들맵: 4개
[2026-07-14 13:33:41] INFO: [POLLING] 시작 | 큐: 0건 | 처리중: 4건 | 번들: ID:55698(1건), ID:55700(1건), ID:55701(1건), ID:55704(1건)
[2026-07-14 13:33:41] INFO: [POLLING] 종료 | 큐: 0건 | 번들맵: 4개
[2026-07-14 13:33:51] INFO: [POLLING] 시작 | 큐: 0건 | 처리중: 4건 | 번들: ID:55698(1건), ID:55700(1건), ID:55701(1건), ID:55704(1건)
[2026-07-14 13:33:51] INFO: [POLLING] 종료 | 큐: 0건 | 번들맵: 4개
[2026-07-14 13:34:01] INFO: [POLLING] 시작 | 큐: 0건 | 처리중: 4건 | 번들: ID:55698(1건), ID:55700(1건), ID:55701(1건), ID:55704(1건)
[2026-07-14 13:34:01] INFO: [POLLING] 종료 | 큐: 0건 | 번들맵: 4개
[2026-07-14 13:34:04] INFO: [REQ] contents=check-event | id=undefined
[2026-07-14 13:34:11] INFO: [POLLING] 시작 | 큐: 0건 | 처리중: 4건 | 번들: ID:55698(1건), ID:55700(1건), ID:55701(1건), ID:55704(1건)
[2026-07-14 13:34:11] INFO: [POLLING] 종료 | 큐: 0건 | 번들맵: 4개
[2026-07-14 13:34:21] INFO: [POLLING] 시작 | 큐: 0건 | 처리중: 4건 | 번들: ID:55698(1건), ID:55700(1건), ID:55701(1건), ID:55704(1건)
[2026-07-14 13:34:21] INFO: [POLLING] 종료 | 큐: 0건 | 번들맵: 4개
[2026-07-14 13:34:31] INFO: [REQ] contents=check-event | id=undefined
[2026-07-14 13:34:31] INFO: [POLLING] 시작 | 큐: 0건 | 처리중: 4건 | 번들: ID:55698(1건), ID:55700(1건), ID:55701(1건), ID:55704(1건)
[2026-07-14 13:34:31] INFO: [POLLING] 종료 | 큐: 0건 | 번들맵: 4개
[2026-07-14 13:34:41] INFO: [POLLING] 시작 | 큐: 0건 | 처리중: 4건 | 번들: ID:55698(1건), ID:55700(1건), ID:55701(1건), ID:55704(1건)
[2026-07-14 13:34:41] INFO: [POLLING] 종료 | 큐: 0건 | 번들맵: 4개
[2026-07-14 13:34:51] INFO: [POLLING] 시작 | 큐: 0건 | 처리중: 4건 | 번들: ID:55698(1건), ID:55700(1건), ID:55701(1건), ID:55704(1건)
[2026-07-14 13:34:51] INFO: [POLLING] 종료 | 큐: 0건 | 번들맵: 4개
[2026-07-14 13:35:01] INFO: [POLLING] 시작 | 큐: 0건 | 처리중: 4건 | 번들: ID:55698(1건), ID:55700(1건), ID:55701(1건), ID:55704(1건)
[2026-07-14 13:35:01] INFO: [POLLING] 종료 | 큐: 0건 | 번들맵: 4개
[2026-07-14 13:35:11] INFO: [POLLING] 시작 | 큐: 0건 | 처리중: 4건 | 번들: ID:55698(1건), ID:55700(1건), ID:55701(1건), ID:55704(1건)
[2026-07-14 13:35:11] INFO: [POLLING] 종료 | 큐: 0건 | 번들맵: 4개
[2026-07-14 13:35:21] INFO: [POLLING] 시작 | 큐: 0건 | 처리중: 4건 | 번들: ID:55698(1건), ID:55700(1건), ID:55701(1건), ID:55704(1건)
[2026-07-14 13:35:21] INFO: [POLLING] 종료 | 큐: 0건 | 번들맵: 4개
[2026-07-14 13:35:31] INFO: [POLLING] 시작 | 큐: 0건 | 처리중: 4건 | 번들: ID:55698(1건), ID:55700(1건), ID:55701(1건), ID:55704(1건)
[2026-07-14 13:35:31] INFO: [POLLING] 종료 | 큐: 0건 | 번들맵: 4개
[2026-07-14 13:35:34] INFO: [REQ] contents=check-event | id=undefined
[2026-07-14 13:35:41] INFO: [POLLING] 시작 | 큐: 0건 | 처리중: 4건 | 번들: ID:55698(1건), ID:55700(1건), ID:55701(1건), ID:55704(1건)
[2026-07-14 13:35:41] INFO: [POLLING] 종료 | 큐: 0건 | 번들맵: 4개
[2026-07-14 13:35:51] INFO: [POLLING] 시작 | 큐: 0건 | 처리중: 4건 | 번들: ID:55698(1건), ID:55700(1건), ID:55701(1건), ID:55704(1건)
[2026-07-14 13:35:51] INFO: [POLLING] 종료 | 큐: 0건 | 번들맵: 4개
[2026-07-14 13:36:01] INFO: [POLLING] 시작 | 큐: 0건 | 처리중: 4건 | 번들: ID:55698(1건), ID:55700(1건), ID:55701(1건), ID:55704(1건)
[2026-07-14 13:36:01] INFO: [POLLING] 종료 | 큐: 0건 | 번들맵: 4개
[2026-07-14 13:36:11] INFO: [POLLING] 시작 | 큐: 0건 | 처리중: 4건 | 번들: ID:55698(1건), ID:55700(1건), ID:55701(1건), ID:55704(1건)
[2026-07-14 13:36:11] INFO: [POLLING] 종료 | 큐: 0건 | 번들맵: 4개
[2026-07-14 13:36:21] INFO: [REQ] contents=check-event | id=undefined
[2026-07-14 13:36:21] INFO: [POLLING] 시작 | 큐: 0건 | 처리중: 4건 | 번들: ID:55698(1건), ID:55700(1건), ID:55701(1건), ID:55704(1건)
[2026-07-14 13:36:21] INFO: [POLLING] 종료 | 큐: 0건 | 번들맵: 4개
[2026-07-14 13:36:31] INFO: [POLLING] 시작 | 큐: 0건 | 처리중: 4건 | 번들: ID:55698(1건), ID:55700(1건), ID:55701(1건), ID:55704(1건)
[2026-07-14 13:36:31] INFO: [POLLING] 종료 | 큐: 0건 | 번들맵: 4개
[2026-07-14 13:36:41] INFO: [POLLING] 시작 | 큐: 0건 | 처리중: 4건 | 번들: ID:55698(1건), ID:55700(1건), ID:55701(1건), ID:55704(1건)
[2026-07-14 13:36:41] INFO: [POLLING] 종료 | 큐: 0건 | 번들맵: 4개
[2026-07-14 13:36:51] INFO: [POLLING] 시작 | 큐: 0건 | 처리중: 4건 | 번들: ID:55698(1건), ID:55700(1건), ID:55701(1건), ID:55704(1건)
[2026-07-14 13:36:51] INFO: [POLLING] 종료 | 큐: 0건 | 번들맵: 4개
[2026-07-14 13:37:01] INFO: [POLLING] 시작 | 큐: 0건 | 처리중: 4건 | 번들: ID:55698(1건), ID:55700(1건), ID:55701(1건), ID:55704(1건)
[2026-07-14 13:37:01] INFO: [POLLING] 종료 | 큐: 0건 | 번들맵: 4개
[2026-07-14 13:37:11] INFO: [POLLING] 시작 | 큐: 0건 | 처리중: 4건 | 번들: ID:55698(1건), ID:55700(1건), ID:55701(1건), ID:55704(1건)
[2026-07-14 13:37:11] INFO: [POLLING] 종료 | 큐: 0건 | 번들맵: 4개
[2026-07-14 13:37:21] INFO: [POLLING] 시작 | 큐: 0건 | 처리중: 4건 | 번들: ID:55698(1건), ID:55700(1건), ID:55701(1건), ID:55704(1건)
[2026-07-14 13:37:21] INFO: [POLLING] 종료 | 큐: 0건 | 번들맵: 4개
[2026-07-14 13:37:25] INFO: [REQ] contents=check-event | id=undefined
[2026-07-14 13:37:31] INFO: [POLLING] 시작 | 큐: 0건 | 처리중: 4건 | 번들: ID:55698(1건), ID:55700(1건), ID:55701(1건), ID:55704(1건)
[2026-07-14 13:37:31] INFO: [POLLING] 종료 | 큐: 0건 | 번들맵: 4개
[2026-07-14 13:37:41] INFO: [POLLING] 시작 | 큐: 0건 | 처리중: 4건 | 번들: ID:55698(1건), ID:55700(1건), ID:55701(1건), ID:55704(1건)
[2026-07-14 13:37:41] INFO: [POLLING] 종료 | 큐: 0건 | 번들맵: 4개
[2026-07-14 13:37:51] INFO: [POLLING] 시작 | 큐: 0건 | 처리중: 4건 | 번들: ID:55698(1건), ID:55700(1건), ID:55701(1건), ID:55704(1건)
[2026-07-14 13:37:51] INFO: [POLLING] 종료 | 큐: 0건 | 번들맵: 4개
[2026-07-14 13:38:01] INFO: [REQ] contents=check-event | id=undefined
[2026-07-14 13:38:01] INFO: [POLLING] 시작 | 큐: 0건 | 처리중: 4건 | 번들: ID:55698(1건), ID:55700(1건), ID:55701(1건), ID:55704(1건)
[2026-07-14 13:38:01] INFO: [POLLING] 종료 | 큐: 0건 | 번들맵: 4개
[2026-07-14 13:38:11] INFO: [POLLING] 시작 | 큐: 0건 | 처리중: 4건 | 번들: ID:55698(1건), ID:55700(1건), ID:55701(1건), ID:55704(1건)
[2026-07-14 13:38:11] INFO: [POLLING] 종료 | 큐: 0건 | 번들맵: 4개
[2026-07-14 13:38:21] INFO: [POLLING] 시작 | 큐: 0건 | 처리중: 4건 | 번들: ID:55698(1건), ID:55700(1건), ID:55701(1건), ID:55704(1건)
[2026-07-14 13:38:21] INFO: [POLLING] 종료 | 큐: 0건 | 번들맵: 4개
[2026-07-14 13:38:31] INFO: [POLLING] 시작 | 큐: 0건 | 처리중: 4건 | 번들: ID:55698(1건), ID:55700(1건), ID:55701(1건), ID:55704(1건)
[2026-07-14 13:38:31] INFO: [POLLING] 종료 | 큐: 0건 | 번들맵: 4개
[2026-07-14 13:38:41] INFO: [POLLING] 시작 | 큐: 0건 | 처리중: 4건 | 번들: ID:55698(1건), ID:55700(1건), ID:55701(1건), ID:55704(1건)
[2026-07-14 13:38:41] INFO: [POLLING] 종료 | 큐: 0건 | 번들맵: 4개
[2026-07-14 13:38:51] INFO: [POLLING] 시작 | 큐: 0건 | 처리중: 4건 | 번들: ID:55698(1건), ID:55700(1건), ID:55701(1건), ID:55704(1건)
[2026-07-14 13:38:51] INFO: [POLLING] 종료 | 큐: 0건 | 번들맵: 4개
[2026-07-14 13:39:01] INFO: [POLLING] 시작 | 큐: 0건 | 처리중: 4건 | 번들: ID:55698(1건), ID:55700(1건), ID:55701(1건), ID:55704(1건)
[2026-07-14 13:39:01] INFO: [POLLING] 종료 | 큐: 0건 | 번들맵: 4개
[2026-07-14 13:39:05] INFO: [REQ] contents=check-event | id=undefined
[2026-07-14 13:39:11] INFO: [POLLING] 시작 | 큐: 0건 | 처리중: 4건 | 번들: ID:55698(1건), ID:55700(1건), ID:55701(1건), ID:55704(1건)
[2026-07-14 13:39:11] INFO: [POLLING] 종료 | 큐: 0건 | 번들맵: 4개
[2026-07-14 13:39:21] INFO: [POLLING] 시작 | 큐: 0건 | 처리중: 4건 | 번들: ID:55698(1건), ID:55700(1건), ID:55701(1건), ID:55704(1건)
[2026-07-14 13:39:21] INFO: [POLLING] 종료 | 큐: 0건 | 번들맵: 4개
[2026-07-14 13:39:31] INFO: [POLLING] 시작 | 큐: 0건 | 처리중: 4건 | 번들: ID:55698(1건), ID:55700(1건), ID:55701(1건), ID:55704(1건)
[2026-07-14 13:39:31] INFO: [REQ] contents=check-event | id=undefined
[2026-07-14 13:39:31] INFO: [POLLING] 종료 | 큐: 0건 | 번들맵: 4개
[2026-07-14 13:39:41] INFO: [POLLING] 시작 | 큐: 0건 | 처리중: 4건 | 번들: ID:55698(1건), ID:55700(1건), ID:55701(1건), ID:55704(1건)
[2026-07-14 13:39:41] INFO: [POLLING] 종료 | 큐: 0건 | 번들맵: 4개
[2026-07-14 13:39:51] INFO: [POLLING] 시작 | 큐: 0건 | 처리중: 4건 | 번들: ID:55698(1건), ID:55700(1건), ID:55701(1건), ID:55704(1건)
[2026-07-14 13:39:51] INFO: [POLLING] 종료 | 큐: 0건 | 번들맵: 4개
[2026-07-14 13:40:01] INFO: [POLLING] 시작 | 큐: 0건 | 처리중: 4건 | 번들: ID:55698(1건), ID:55700(1건), ID:55701(1건), ID:55704(1건)
[2026-07-14 13:40:01] INFO: [POLLING] 종료 | 큐: 0건 | 번들맵: 4개
[2026-07-14 13:40:11] INFO: [POLLING] 시작 | 큐: 0건 | 처리중: 4건 | 번들: ID:55698(1건), ID:55700(1건), ID:55701(1건), ID:55704(1건)
[2026-07-14 13:40:11] INFO: [POLLING] 종료 | 큐: 0건 | 번들맵: 4개
[2026-07-14 13:40:21] INFO: [POLLING] 시작 | 큐: 0건 | 처리중: 4건 | 번들: ID:55698(1건), ID:55700(1건), ID:55701(1건), ID:55704(1건)
[2026-07-14 13:40:21] INFO: [POLLING] 종료 | 큐: 0건 | 번들맵: 4개
[2026-07-14 13:40:31] INFO: [POLLING] 시작 | 큐: 0건 | 처리중: 4건 | 번들: ID:55698(1건), ID:55700(1건), ID:55701(1건), ID:55704(1건)
[2026-07-14 13:40:31] INFO: [POLLING] 종료 | 큐: 0건 | 번들맵: 4개
[2026-07-14 13:40:35] INFO: [REQ] contents=check-event | id=undefined
[2026-07-14 13:40:41] INFO: [POLLING] 시작 | 큐: 0건 | 처리중: 4건 | 번들: ID:55698(1건), ID:55700(1건), ID:55701(1건), ID:55704(1건)
[2026-07-14 13:40:41] INFO: [POLLING] 종료 | 큐: 0건 | 번들맵: 4개
[2026-07-14 13:40:51] INFO: [POLLING] 시작 | 큐: 0건 | 처리중: 4건 | 번들: ID:55698(1건), ID:55700(1건), ID:55701(1건), ID:55704(1건)
[2026-07-14 13:40:51] INFO: [POLLING] 종료 | 큐: 0건 | 번들맵: 4개
[2026-07-14 13:41:01] INFO: [POLLING] 시작 | 큐: 0건 | 처리중: 4건 | 번들: ID:55698(1건), ID:55700(1건), ID:55701(1건), ID:55704(1건)
[2026-07-14 13:41:01] INFO: [POLLING] 종료 | 큐: 0건 | 번들맵: 4개
[2026-07-14 13:41:11] INFO: [POLLING] 시작 | 큐: 0건 | 처리중: 4건 | 번들: ID:55698(1건), ID:55700(1건), ID:55701(1건), ID:55704(1건)
[2026-07-14 13:41:11] INFO: [POLLING] 종료 | 큐: 0건 | 번들맵: 4개
[2026-07-14 13:41:21] INFO: [POLLING] 시작 | 큐: 0건 | 처리중: 4건 | 번들: ID:55698(1건), ID:55700(1건), ID:55701(1건), ID:55704(1건)
[2026-07-14 13:41:21] INFO: [POLLING] 종료 | 큐: 0건 | 번들맵: 4개
[2026-07-14 13:41:22] INFO: [REQ] contents=check-event | id=undefined
[2026-07-14 13:41:31] INFO: [POLLING] 시작 | 큐: 0건 | 처리중: 4건 | 번들: ID:55698(1건), ID:55700(1건), ID:55701(1건), ID:55704(1건)
[2026-07-14 13:41:31] INFO: [POLLING] 종료 | 큐: 0건 | 번들맵: 4개
[2026-07-14 13:41:41] INFO: [POLLING] 시작 | 큐: 0건 | 처리중: 4건 | 번들: ID:55698(1건), ID:55700(1건), ID:55701(1건), ID:55704(1건)
[2026-07-14 13:41:41] INFO: [POLLING] 종료 | 큐: 0건 | 번들맵: 4개
[2026-07-14 13:41:51] INFO: [POLLING] 시작 | 큐: 0건 | 처리중: 4건 | 번들: ID:55698(1건), ID:55700(1건), ID:55701(1건), ID:55704(1건)
[2026-07-14 13:41:52] INFO: [POLLING] 종료 | 큐: 0건 | 번들맵: 4개
[2026-07-14 13:42:01] INFO: [POLLING] 시작 | 큐: 0건 | 처리중: 4건 | 번들: ID:55698(1건), ID:55700(1건), ID:55701(1건), ID:55704(1건)
[2026-07-14 13:42:02] INFO: [POLLING] 종료 | 큐: 0건 | 번들맵: 4개
[2026-07-14 13:42:11] INFO: [POLLING] 시작 | 큐: 0건 | 처리중: 4건 | 번들: ID:55698(1건), ID:55700(1건), ID:55701(1건), ID:55704(1건)
[2026-07-14 13:42:12] INFO: [POLLING] 종료 | 큐: 0건 | 번들맵: 4개
[2026-07-14 13:42:21] INFO: [POLLING] 시작 | 큐: 0건 | 처리중: 4건 | 번들: ID:55698(1건), ID:55700(1건), ID:55701(1건), ID:55704(1건)
[2026-07-14 13:42:22] INFO: [POLLING] 종료 | 큐: 0건 | 번들맵: 4개
[2026-07-14 13:42:25] INFO: [REQ] contents=check-event | id=undefined
[2026-07-14 13:42:31] INFO: [POLLING] 시작 | 큐: 0건 | 처리중: 4건 | 번들: ID:55698(1건), ID:55700(1건), ID:55701(1건), ID:55704(1건)
[2026-07-14 13:42:32] INFO: [POLLING] 종료 | 큐: 0건 | 번들맵: 4개
[2026-07-14 13:42:41] INFO: [POLLING] 시작 | 큐: 0건 | 처리중: 4건 | 번들: ID:55698(1건), ID:55700(1건), ID:55701(1건), ID:55704(1건)
[2026-07-14 13:42:42] INFO: [POLLING] 종료 | 큐: 0건 | 번들맵: 4개
[2026-07-14 13:42:52] INFO: [POLLING] 시작 | 큐: 0건 | 처리중: 4건 | 번들: ID:55698(1건), ID:55700(1건), ID:55701(1건), ID:55704(1건)
[2026-07-14 13:42:52] INFO: [POLLING] 종료 | 큐: 0건 | 번들맵: 4개
[2026-07-14 13:43:02] INFO: [POLLING] 시작 | 큐: 0건 | 처리중: 4건 | 번들: ID:55698(1건), ID:55700(1건), ID:55701(1건), ID:55704(1건)
[2026-07-14 13:43:02] INFO: [POLLING] 종료 | 큐: 0건 | 번들맵: 4개
[2026-07-14 13:43:02] INFO: [REQ] contents=check-event | id=undefined
[2026-07-14 13:43:12] INFO: [POLLING] 시작 | 큐: 0건 | 처리중: 4건 | 번들: ID:55698(1건), ID:55700(1건), ID:55701(1건), ID:55704(1건)
[2026-07-14 13:43:12] INFO: [POLLING] 종료 | 큐: 0건 | 번들맵: 4개
[2026-07-14 13:43:22] INFO: [POLLING] 시작 | 큐: 0건 | 처리중: 4건 | 번들: ID:55698(1건), ID:55700(1건), ID:55701(1건), ID:55704(1건)
[2026-07-14 13:43:22] INFO: [POLLING] 종료 | 큐: 0건 | 번들맵: 4개
[2026-07-14 13:43:32] INFO: [POLLING] 시작 | 큐: 0건 | 처리중: 4건 | 번들: ID:55698(1건), ID:55700(1건), ID:55701(1건), ID:55704(1건)
[2026-07-14 13:43:32] INFO: [POLLING] 종료 | 큐: 0건 | 번들맵: 4개
[2026-07-14 13:43:42] INFO: [POLLING] 시작 | 큐: 0건 | 처리중: 4건 | 번들: ID:55698(1건), ID:55700(1건), ID:55701(1건), ID:55704(1건)
[2026-07-14 13:43:42] INFO: [POLLING] 종료 | 큐: 0건 | 번들맵: 4개
[2026-07-14 13:43:52] INFO: [POLLING] 시작 | 큐: 0건 | 처리중: 4건 | 번들: ID:55698(1건), ID:55700(1건), ID:55701(1건), ID:55704(1건)
[2026-07-14 13:43:52] INFO: [POLLING] 종료 | 큐: 0건 | 번들맵: 4개
[2026-07-14 13:44:02] INFO: [POLLING] 시작 | 큐: 0건 | 처리중: 4건 | 번들: ID:55698(1건), ID:55700(1건), ID:55701(1건), ID:55704(1건)
[2026-07-14 13:44:02] INFO: [POLLING] 종료 | 큐: 0건 | 번들맵: 4개
[2026-07-14 13:44:05] INFO: [REQ] contents=check-event | id=undefined
[2026-07-14 13:44:12] INFO: [POLLING] 시작 | 큐: 0건 | 처리중: 4건 | 번들: ID:55698(1건), ID:55700(1건), ID:55701(1건), ID:55704(1건)
[2026-07-14 13:44:12] INFO: [POLLING] 종료 | 큐: 0건 | 번들맵: 4개
[2026-07-14 13:44:22] INFO: [POLLING] 시작 | 큐: 0건 | 처리중: 4건 | 번들: ID:55698(1건), ID:55700(1건), ID:55701(1건), ID:55704(1건)
[2026-07-14 13:44:22] INFO: [POLLING] 종료 | 큐: 0건 | 번들맵: 4개
[2026-07-14 13:44:32] INFO: [POLLING] 시작 | 큐: 0건 | 처리중: 4건 | 번들: ID:55698(1건), ID:55700(1건), ID:55701(1건), ID:55704(1건)
[2026-07-14 13:44:32] INFO: [POLLING] 종료 | 큐: 0건 | 번들맵: 4개
[2026-07-14 13:44:32] INFO: [REQ] contents=check-event | id=undefined
[2026-07-14 13:44:42] INFO: [POLLING] 시작 | 큐: 0건 | 처리중: 4건 | 번들: ID:55698(1건), ID:55700(1건), ID:55701(1건), ID:55704(1건)
[2026-07-14 13:44:42] INFO: [POLLING] 종료 | 큐: 0건 | 번들맵: 4개
[2026-07-14 13:44:52] INFO: [POLLING] 시작 | 큐: 0건 | 처리중: 4건 | 번들: ID:55698(1건), ID:55700(1건), ID:55701(1건), ID:55704(1건)
[2026-07-14 13:44:52] INFO: [POLLING] 종료 | 큐: 0건 | 번들맵: 4개
[2026-07-14 13:45:02] INFO: [POLLING] 시작 | 큐: 0건 | 처리중: 4건 | 번들: ID:55698(1건), ID:55700(1건), ID:55701(1건), ID:55704(1건)
[2026-07-14 13:45:02] INFO: [POLLING] 종료 | 큐: 0건 | 번들맵: 4개
[2026-07-14 13:45:12] INFO: [POLLING] 시작 | 큐: 0건 | 처리중: 4건 | 번들: ID:55698(1건), ID:55700(1건), ID:55701(1건), ID:55704(1건)
[2026-07-14 13:45:12] INFO: [POLLING] 종료 | 큐: 0건 | 번들맵: 4개
[2026-07-14 13:45:22] INFO: [POLLING] 시작 | 큐: 0건 | 처리중: 4건 | 번들: ID:55698(1건), ID:55700(1건), ID:55701(1건), ID:55704(1건)
[2026-07-14 13:45:22] INFO: [POLLING] 종료 | 큐: 0건 | 번들맵: 4개
[2026-07-14 13:45:32] INFO: [POLLING] 시작 | 큐: 0건 | 처리중: 4건 | 번들: ID:55698(1건), ID:55700(1건), ID:55701(1건), ID:55704(1건)
[2026-07-14 13:45:32] INFO: [POLLING] 종료 | 큐: 0건 | 번들맵: 4개
[2026-07-14 13:45:35] INFO: [REQ] contents=check-event | id=undefined
[2026-07-14 13:45:42] INFO: [POLLING] 시작 | 큐: 0건 | 처리중: 4건 | 번들: ID:55698(1건), ID:55700(1건), ID:55701(1건), ID:55704(1건)
[2026-07-14 13:45:42] INFO: [POLLING] 종료 | 큐: 0건 | 번들맵: 4개
[2026-07-14 13:45:52] INFO: [POLLING] 시작 | 큐: 0건 | 처리중: 4건 | 번들: ID:55698(1건), ID:55700(1건), ID:55701(1건), ID:55704(1건)
[2026-07-14 13:45:52] INFO: [POLLING] 종료 | 큐: 0건 | 번들맵: 4개
[2026-07-14 13:46:02] INFO: [POLLING] 시작 | 큐: 0건 | 처리중: 4건 | 번들: ID:55698(1건), ID:55700(1건), ID:55701(1건), ID:55704(1건)
[2026-07-14 13:46:02] INFO: [POLLING] 종료 | 큐: 0건 | 번들맵: 4개
[2026-07-14 13:46:12] INFO: [POLLING] 시작 | 큐: 0건 | 처리중: 4건 | 번들: ID:55698(1건), ID:55700(1건), ID:55701(1건), ID:55704(1건)
[2026-07-14 13:46:12] INFO: [POLLING] 종료 | 큐: 0건 | 번들맵: 4개
[2026-07-14 13:46:22] INFO: [POLLING] 시작 | 큐: 0건 | 처리중: 4건 | 번들: ID:55698(1건), ID:55700(1건), ID:55701(1건), ID:55704(1건)
[2026-07-14 13:46:22] INFO: [POLLING] 종료 | 큐: 0건 | 번들맵: 4개
[2026-07-14 13:46:22] INFO: [REQ] contents=check-event | id=undefined
[2026-07-14 13:46:32] INFO: [POLLING] 시작 | 큐: 0건 | 처리중: 4건 | 번들: ID:55698(1건), ID:55700(1건), ID:55701(1건), ID:55704(1건)
[2026-07-14 13:46:32] INFO: [POLLING] 종료 | 큐: 0건 | 번들맵: 4개
[2026-07-14 13:46:42] INFO: [POLLING] 시작 | 큐: 0건 | 처리중: 4건 | 번들: ID:55698(1건), ID:55700(1건), ID:55701(1건), ID:55704(1건)
[2026-07-14 13:46:42] INFO: [POLLING] 종료 | 큐: 0건 | 번들맵: 4개
[2026-07-14 13:46:52] INFO: [POLLING] 시작 | 큐: 0건 | 처리중: 4건 | 번들: ID:55698(1건), ID:55700(1건), ID:55701(1건), ID:55704(1건)
[2026-07-14 13:46:52] INFO: [POLLING] 종료 | 큐: 0건 | 번들맵: 4개
[2026-07-14 13:47:02] INFO: [POLLING] 시작 | 큐: 0건 | 처리중: 4건 | 번들: ID:55698(1건), ID:55700(1건), ID:55701(1건), ID:55704(1건)
[2026-07-14 13:47:02] INFO: [POLLING] 종료 | 큐: 0건 | 번들맵: 4개
[2026-07-14 13:47:12] INFO: [POLLING] 시작 | 큐: 0건 | 처리중: 4건 | 번들: ID:55698(1건), ID:55700(1건), ID:55701(1건), ID:55704(1건)
[2026-07-14 13:47:12] INFO: [POLLING] 종료 | 큐: 0건 | 번들맵: 4개
[2026-07-14 13:47:22] INFO: [POLLING] 시작 | 큐: 0건 | 처리중: 4건 | 번들: ID:55698(1건), ID:55700(1건), ID:55701(1건), ID:55704(1건)
[2026-07-14 13:47:22] INFO: [POLLING] 종료 | 큐: 0건 | 번들맵: 4개
[2026-07-14 13:47:26] INFO: [REQ] contents=check-event | id=undefined
[2026-07-14 13:47:32] INFO: [POLLING] 시작 | 큐: 0건 | 처리중: 4건 | 번들: ID:55698(1건), ID:55700(1건), ID:55701(1건), ID:55704(1건)
[2026-07-14 13:47:32] INFO: [POLLING] 종료 | 큐: 0건 | 번들맵: 4개
[2026-07-14 13:47:42] INFO: [POLLING] 시작 | 큐: 0건 | 처리중: 4건 | 번들: ID:55698(1건), ID:55700(1건), ID:55701(1건), ID:55704(1건)
[2026-07-14 13:47:42] INFO: [POLLING] 종료 | 큐: 0건 | 번들맵: 4개
[2026-07-14 13:47:52] INFO: [POLLING] 시작 | 큐: 0건 | 처리중: 4건 | 번들: ID:55698(1건), ID:55700(1건), ID:55701(1건), ID:55704(1건)
[2026-07-14 13:47:52] INFO: [POLLING] 종료 | 큐: 0건 | 번들맵: 4개
[2026-07-14 13:48:02] INFO: [POLLING] 시작 | 큐: 0건 | 처리중: 4건 | 번들: ID:55698(1건), ID:55700(1건), ID:55701(1건), ID:55704(1건)
[2026-07-14 13:48:02] INFO: [POLLING] 종료 | 큐: 0건 | 번들맵: 4개
[2026-07-14 13:48:02] INFO: [REQ] contents=check-event | id=undefined
[2026-07-14 13:48:12] INFO: [POLLING] 시작 | 큐: 0건 | 처리중: 4건 | 번들: ID:55698(1건), ID:55700(1건), ID:55701(1건), ID:55704(1건)
[2026-07-14 13:48:12] INFO: [POLLING] 종료 | 큐: 0건 | 번들맵: 4개
[2026-07-14 13:48:22] INFO: [POLLING] 시작 | 큐: 0건 | 처리중: 4건 | 번들: ID:55698(1건), ID:55700(1건), ID:55701(1건), ID:55704(1건)
[2026-07-14 13:48:22] INFO: [POLLING] 종료 | 큐: 0건 | 번들맵: 4개
[2026-07-14 13:48:32] INFO: [POLLING] 시작 | 큐: 0건 | 처리중: 4건 | 번들: ID:55698(1건), ID:55700(1건), ID:55701(1건), ID:55704(1건)
[2026-07-14 13:48:32] INFO: [POLLING] 종료 | 큐: 0건 | 번들맵: 4개
[2026-07-14 13:48:42] INFO: [POLLING] 시작 | 큐: 0건 | 처리중: 4건 | 번들: ID:55698(1건), ID:55700(1건), ID:55701(1건), ID:55704(1건)
[2026-07-14 13:48:42] INFO: [POLLING] 종료 | 큐: 0건 | 번들맵: 4개
[2026-07-14 13:48:52] INFO: [POLLING] 시작 | 큐: 0건 | 처리중: 4건 | 번들: ID:55698(1건), ID:55700(1건), ID:55701(1건), ID:55704(1건)
[2026-07-14 13:48:52] INFO: [POLLING] 종료 | 큐: 0건 | 번들맵: 4개
[2026-07-14 13:49:02] INFO: [POLLING] 시작 | 큐: 0건 | 처리중: 4건 | 번들: ID:55698(1건), ID:55700(1건), ID:55701(1건), ID:55704(1건)
[2026-07-14 13:49:02] INFO: [POLLING] 종료 | 큐: 0건 | 번들맵: 4개
[2026-07-14 13:49:06] INFO: [REQ] contents=check-event | id=undefined
[2026-07-14 13:49:12] INFO: [POLLING] 시작 | 큐: 0건 | 처리중: 4건 | 번들: ID:55698(1건), ID:55700(1건), ID:55701(1건), ID:55704(1건)
[2026-07-14 13:49:12] INFO: [POLLING] 종료 | 큐: 0건 | 번들맵: 4개
[2026-07-14 13:49:22] INFO: [POLLING] 시작 | 큐: 0건 | 처리중: 4건 | 번들: ID:55698(1건), ID:55700(1건), ID:55701(1건), ID:55704(1건)
[2026-07-14 13:49:22] INFO: [POLLING] 종료 | 큐: 0건 | 번들맵: 4개
[2026-07-14 13:49:32] INFO: [POLLING] 시작 | 큐: 0건 | 처리중: 4건 | 번들: ID:55698(1건), ID:55700(1건), ID:55701(1건), ID:55704(1건)
[2026-07-14 13:49:32] INFO: [POLLING] 종료 | 큐: 0건 | 번들맵: 4개
[2026-07-14 13:49:32] INFO: [REQ] contents=check-event | id=undefined
[2026-07-14 13:49:42] INFO: [POLLING] 시작 | 큐: 0건 | 처리중: 4건 | 번들: ID:55698(1건), ID:55700(1건), ID:55701(1건), ID:55704(1건)
[2026-07-14 13:49:42] INFO: [POLLING] 종료 | 큐: 0건 | 번들맵: 4개
[2026-07-14 13:49:52] INFO: [POLLING] 시작 | 큐: 0건 | 처리중: 4건 | 번들: ID:55698(1건), ID:55700(1건), ID:55701(1건), ID:55704(1건)
[2026-07-14 13:49:52] INFO: [POLLING] 종료 | 큐: 0건 | 번들맵: 4개
[2026-07-14 13:50:02] INFO: [POLLING] 시작 | 큐: 0건 | 처리중: 4건 | 번들: ID:55698(1건), ID:55700(1건), ID:55701(1건), ID:55704(1건)
[2026-07-14 13:50:02] INFO: [POLLING] 종료 | 큐: 0건 | 번들맵: 4개
[2026-07-14 13:50:12] INFO: [POLLING] 시작 | 큐: 0건 | 처리중: 4건 | 번들: ID:55698(1건), ID:55700(1건), ID:55701(1건), ID:55704(1건)
[2026-07-14 13:50:12] INFO: [POLLING] 종료 | 큐: 0건 | 번들맵: 4개
[2026-07-14 13:50:22] INFO: [POLLING] 시작 | 큐: 0건 | 처리중: 4건 | 번들: ID:55698(1건), ID:55700(1건), ID:55701(1건), ID:55704(1건)
[2026-07-14 13:50:22] INFO: [POLLING] 종료 | 큐: 0건 | 번들맵: 4개
[2026-07-14 13:50:32] INFO: [POLLING] 시작 | 큐: 0건 | 처리중: 4건 | 번들: ID:55698(1건), ID:55700(1건), ID:55701(1건), ID:55704(1건)
[2026-07-14 13:50:32] INFO: [POLLING] 종료 | 큐: 0건 | 번들맵: 4개
[2026-07-14 13:50:36] INFO: [REQ] contents=check-event | id=undefined
[2026-07-14 13:50:42] INFO: [POLLING] 시작 | 큐: 0건 | 처리중: 4건 | 번들: ID:55698(1건), ID:55700(1건), ID:55701(1건), ID:55704(1건)
[2026-07-14 13:50:42] INFO: [POLLING] 종료 | 큐: 0건 | 번들맵: 4개
[2026-07-14 13:50:52] INFO: [POLLING] 시작 | 큐: 0건 | 처리중: 4건 | 번들: ID:55698(1건), ID:55700(1건), ID:55701(1건), ID:55704(1건)
[2026-07-14 13:50:52] INFO: [POLLING] 종료 | 큐: 0건 | 번들맵: 4개
[2026-07-14 13:51:02] INFO: [POLLING] 시작 | 큐: 0건 | 처리중: 4건 | 번들: ID:55698(1건), ID:55700(1건), ID:55701(1건), ID:55704(1건)
[2026-07-14 13:51:02] INFO: [POLLING] 종료 | 큐: 0건 | 번들맵: 4개
[2026-07-14 13:51:12] INFO: [POLLING] 시작 | 큐: 0건 | 처리중: 4건 | 번들: ID:55698(1건), ID:55700(1건), ID:55701(1건), ID:55704(1건)
[2026-07-14 13:51:12] INFO: [POLLING] 종료 | 큐: 0건 | 번들맵: 4개
[2026-07-14 13:51:22] INFO: [POLLING] 시작 | 큐: 0건 | 처리중: 4건 | 번들: ID:55698(1건), ID:55700(1건), ID:55701(1건), ID:55704(1건)
[2026-07-14 13:51:22] INFO: [POLLING] 종료 | 큐: 0건 | 번들맵: 4개
[2026-07-14 13:51:23] INFO: [REQ] contents=check-event | id=undefined
[2026-07-14 13:51:32] INFO: [POLLING] 시작 | 큐: 0건 | 처리중: 4건 | 번들: ID:55698(1건), ID:55700(1건), ID:55701(1건), ID:55704(1건)
[2026-07-14 13:51:32] INFO: [POLLING] 종료 | 큐: 0건 | 번들맵: 4개
[2026-07-14 13:51:42] INFO: [POLLING] 시작 | 큐: 0건 | 처리중: 4건 | 번들: ID:55698(1건), ID:55700(1건), ID:55701(1건), ID:55704(1건)
[2026-07-14 13:51:42] INFO: [POLLING] 종료 | 큐: 0건 | 번들맵: 4개
[2026-07-14 13:51:52] INFO: [POLLING] 시작 | 큐: 0건 | 처리중: 4건 | 번들: ID:55698(1건), ID:55700(1건), ID:55701(1건), ID:55704(1건)
[2026-07-14 13:51:52] INFO: [POLLING] 종료 | 큐: 0건 | 번들맵: 4개
[2026-07-14 13:52:02] INFO: [POLLING] 시작 | 큐: 0건 | 처리중: 4건 | 번들: ID:55698(1건), ID:55700(1건), ID:55701(1건), ID:55704(1건)
[2026-07-14 13:52:02] INFO: [POLLING] 종료 | 큐: 0건 | 번들맵: 4개
[2026-07-14 13:52:12] INFO: [POLLING] 시작 | 큐: 0건 | 처리중: 4건 | 번들: ID:55698(1건), ID:55700(1건), ID:55701(1건), ID:55704(1건)
[2026-07-14 13:52:12] INFO: [POLLING] 종료 | 큐: 0건 | 번들맵: 4개
[2026-07-14 13:52:22] INFO: [POLLING] 시작 | 큐: 0건 | 처리중: 4건 | 번들: ID:55698(1건), ID:55700(1건), ID:55701(1건), ID:55704(1건)
[2026-07-14 13:52:22] INFO: [POLLING] 종료 | 큐: 0건 | 번들맵: 4개
[2026-07-14 13:52:26] INFO: [REQ] contents=check-event | id=undefined
[2026-07-14 13:52:32] INFO: [POLLING] 시작 | 큐: 0건 | 처리중: 4건 | 번들: ID:55698(1건), ID:55700(1건), ID:55701(1건), ID:55704(1건)
[2026-07-14 13:52:32] INFO: [POLLING] 종료 | 큐: 0건 | 번들맵: 4개
[2026-07-14 13:52:42] INFO: [POLLING] 시작 | 큐: 0건 | 처리중: 4건 | 번들: ID:55698(1건), ID:55700(1건), ID:55701(1건), ID:55704(1건)
[2026-07-14 13:52:42] INFO: [POLLING] 종료 | 큐: 0건 | 번들맵: 4개
[2026-07-14 13:52:52] INFO: [POLLING] 시작 | 큐: 0건 | 처리중: 4건 | 번들: ID:55698(1건), ID:55700(1건), ID:55701(1건), ID:55704(1건)
[2026-07-14 13:52:52] INFO: [POLLING] 종료 | 큐: 0건 | 번들맵: 4개
[2026-07-14 13:53:02] INFO: [POLLING] 시작 | 큐: 0건 | 처리중: 4건 | 번들: ID:55698(1건), ID:55700(1건), ID:55701(1건), ID:55704(1건)
[2026-07-14 13:53:02] INFO: [POLLING] 종료 | 큐: 0건 | 번들맵: 4개
[2026-07-14 13:53:03] INFO: [REQ] contents=check-event | id=undefined
[2026-07-14 13:53:12] INFO: [POLLING] 시작 | 큐: 0건 | 처리중: 4건 | 번들: ID:55698(1건), ID:55700(1건), ID:55701(1건), ID:55704(1건)
[2026-07-14 13:53:12] INFO: [POLLING] 종료 | 큐: 0건 | 번들맵: 4개
[2026-07-14 13:53:22] INFO: [POLLING] 시작 | 큐: 0건 | 처리중: 4건 | 번들: ID:55698(1건), ID:55700(1건), ID:55701(1건), ID:55704(1건)
[2026-07-14 13:53:22] INFO: [POLLING] 종료 | 큐: 0건 | 번들맵: 4개
[2026-07-14 13:53:32] INFO: [POLLING] 시작 | 큐: 0건 | 처리중: 4건 | 번들: ID:55698(1건), ID:55700(1건), ID:55701(1건), ID:55704(1건)
[2026-07-14 13:53:32] INFO: [POLLING] 종료 | 큐: 0건 | 번들맵: 4개
[2026-07-14 13:53:42] INFO: [POLLING] 시작 | 큐: 0건 | 처리중: 4건 | 번들: ID:55698(1건), ID:55700(1건), ID:55701(1건), ID:55704(1건)
[2026-07-14 13:53:42] INFO: [POLLING] 종료 | 큐: 0건 | 번들맵: 4개
[2026-07-14 13:53:52] INFO: [POLLING] 시작 | 큐: 0건 | 처리중: 4건 | 번들: ID:55698(1건), ID:55700(1건), ID:55701(1건), ID:55704(1건)
[2026-07-14 13:53:52] INFO: [POLLING] 종료 | 큐: 0건 | 번들맵: 4개
[2026-07-14 13:54:02] INFO: [POLLING] 시작 | 큐: 0건 | 처리중: 4건 | 번들: ID:55698(1건), ID:55700(1건), ID:55701(1건), ID:55704(1건)
[2026-07-14 13:54:02] INFO: [POLLING] 종료 | 큐: 0건 | 번들맵: 4개
[2026-07-14 13:54:06] INFO: [REQ] contents=check-event | id=undefined
[2026-07-14 13:54:12] INFO: [POLLING] 시작 | 큐: 0건 | 처리중: 4건 | 번들: ID:55698(1건), ID:55700(1건), ID:55701(1건), ID:55704(1건)
[2026-07-14 13:54:12] INFO: [POLLING] 종료 | 큐: 0건 | 번들맵: 4개
[2026-07-14 13:54:22] INFO: [POLLING] 시작 | 큐: 0건 | 처리중: 4건 | 번들: ID:55698(1건), ID:55700(1건), ID:55701(1건), ID:55704(1건)
[2026-07-14 13:54:22] INFO: [POLLING] 종료 | 큐: 0건 | 번들맵: 4개
[2026-07-14 13:54:32] INFO: [POLLING] 시작 | 큐: 0건 | 처리중: 4건 | 번들: ID:55698(1건), ID:55700(1건), ID:55701(1건), ID:55704(1건)
[2026-07-14 13:54:32] INFO: [POLLING] 종료 | 큐: 0건 | 번들맵: 4개
[2026-07-14 13:54:33] INFO: [REQ] contents=check-event | id=undefined
[2026-07-14 13:54:42] INFO: [POLLING] 시작 | 큐: 0건 | 처리중: 4건 | 번들: ID:55698(1건), ID:55700(1건), ID:55701(1건), ID:55704(1건)
[2026-07-14 13:54:42] INFO: [POLLING] 종료 | 큐: 0건 | 번들맵: 4개
[2026-07-14 13:54:52] INFO: [POLLING] 시작 | 큐: 0건 | 처리중: 4건 | 번들: ID:55698(1건), ID:55700(1건), ID:55701(1건), ID:55704(1건)
[2026-07-14 13:54:52] INFO: [POLLING] 종료 | 큐: 0건 | 번들맵: 4개
[2026-07-14 13:55:02] INFO: [POLLING] 시작 | 큐: 0건 | 처리중: 4건 | 번들: ID:55698(1건), ID:55700(1건), ID:55701(1건), ID:55704(1건)
[2026-07-14 13:55:02] INFO: [POLLING] 종료 | 큐: 0건 | 번들맵: 4개
[2026-07-14 13:55:12] INFO: [POLLING] 시작 | 큐: 0건 | 처리중: 4건 | 번들: ID:55698(1건), ID:55700(1건), ID:55701(1건), ID:55704(1건)
[2026-07-14 13:55:12] INFO: [POLLING] 종료 | 큐: 0건 | 번들맵: 4개
[2026-07-14 13:55:22] INFO: [POLLING] 시작 | 큐: 0건 | 처리중: 4건 | 번들: ID:55698(1건), ID:55700(1건), ID:55701(1건), ID:55704(1건)
[2026-07-14 13:55:22] INFO: [POLLING] 종료 | 큐: 0건 | 번들맵: 4개
[2026-07-14 13:55:32] INFO: [POLLING] 시작 | 큐: 0건 | 처리중: 4건 | 번들: ID:55698(1건), ID:55700(1건), ID:55701(1건), ID:55704(1건)
[2026-07-14 13:55:32] INFO: [POLLING] 종료 | 큐: 0건 | 번들맵: 4개
[2026-07-14 13:55:36] INFO: [REQ] contents=check-event | id=undefined
[2026-07-14 13:55:42] INFO: [POLLING] 시작 | 큐: 0건 | 처리중: 4건 | 번들: ID:55698(1건), ID:55700(1건), ID:55701(1건), ID:55704(1건)
[2026-07-14 13:55:42] INFO: [POLLING] 종료 | 큐: 0건 | 번들맵: 4개
[2026-07-14 13:55:52] INFO: [POLLING] 시작 | 큐: 0건 | 처리중: 4건 | 번들: ID:55698(1건), ID:55700(1건), ID:55701(1건), ID:55704(1건)
[2026-07-14 13:55:52] INFO: [POLLING] 종료 | 큐: 0건 | 번들맵: 4개
[2026-07-14 13:56:02] INFO: [POLLING] 시작 | 큐: 0건 | 처리중: 4건 | 번들: ID:55698(1건), ID:55700(1건), ID:55701(1건), ID:55704(1건)
[2026-07-14 13:56:02] INFO: [POLLING] 종료 | 큐: 0건 | 번들맵: 4개
[2026-07-14 13:56:12] INFO: [POLLING] 시작 | 큐: 0건 | 처리중: 4건 | 번들: ID:55698(1건), ID:55700(1건), ID:55701(1건), ID:55704(1건)
[2026-07-14 13:56:12] INFO: [POLLING] 종료 | 큐: 0건 | 번들맵: 4개
[2026-07-14 13:56:22] INFO: [POLLING] 시작 | 큐: 0건 | 처리중: 4건 | 번들: ID:55698(1건), ID:55700(1건), ID:55701(1건), ID:55704(1건)
[2026-07-14 13:56:22] INFO: [POLLING] 종료 | 큐: 0건 | 번들맵: 4개
[2026-07-14 13:56:23] INFO: [REQ] contents=check-event | id=undefined
[2026-07-14 13:56:32] INFO: [POLLING] 시작 | 큐: 0건 | 처리중: 4건 | 번들: ID:55698(1건), ID:55700(1건), ID:55701(1건), ID:55704(1건)
[2026-07-14 13:56:32] INFO: [POLLING] 종료 | 큐: 0건 | 번들맵: 4개
[2026-07-14 13:56:42] INFO: [POLLING] 시작 | 큐: 0건 | 처리중: 4건 | 번들: ID:55698(1건), ID:55700(1건), ID:55701(1건), ID:55704(1건)
[2026-07-14 13:56:42] INFO: [POLLING] 종료 | 큐: 0건 | 번들맵: 4개
[2026-07-14 13:56:52] INFO: [POLLING] 시작 | 큐: 0건 | 처리중: 4건 | 번들: ID:55698(1건), ID:55700(1건), ID:55701(1건), ID:55704(1건)
[2026-07-14 13:56:52] INFO: [POLLING] 종료 | 큐: 0건 | 번들맵: 4개
[2026-07-14 13:57:02] INFO: [POLLING] 시작 | 큐: 0건 | 처리중: 4건 | 번들: ID:55698(1건), ID:55700(1건), ID:55701(1건), ID:55704(1건)
[2026-07-14 13:57:02] INFO: [POLLING] 종료 | 큐: 0건 | 번들맵: 4개
[2026-07-14 13:57:12] INFO: [POLLING] 시작 | 큐: 0건 | 처리중: 4건 | 번들: ID:55698(1건), ID:55700(1건), ID:55701(1건), ID:55704(1건)
[2026-07-14 13:57:12] INFO: [POLLING] 종료 | 큐: 0건 | 번들맵: 4개
[2026-07-14 13:57:22] INFO: [POLLING] 시작 | 큐: 0건 | 처리중: 4건 | 번들: ID:55698(1건), ID:55700(1건), ID:55701(1건), ID:55704(1건)
[2026-07-14 13:57:22] INFO: [POLLING] 종료 | 큐: 0건 | 번들맵: 4개
[2026-07-14 13:57:27] INFO: [REQ] contents=check-event | id=undefined
[2026-07-14 13:57:32] INFO: [POLLING] 시작 | 큐: 0건 | 처리중: 4건 | 번들: ID:55698(1건), ID:55700(1건), ID:55701(1건), ID:55704(1건)
[2026-07-14 13:57:32] INFO: [POLLING] 종료 | 큐: 0건 | 번들맵: 4개
[2026-07-14 13:57:42] INFO: [POLLING] 시작 | 큐: 0건 | 처리중: 4건 | 번들: ID:55698(1건), ID:55700(1건), ID:55701(1건), ID:55704(1건)
[2026-07-14 13:57:42] INFO: [POLLING] 종료 | 큐: 0건 | 번들맵: 4개
[2026-07-14 13:57:52] INFO: [POLLING] 시작 | 큐: 0건 | 처리중: 4건 | 번들: ID:55698(1건), ID:55700(1건), ID:55701(1건), ID:55704(1건)
[2026-07-14 13:57:52] INFO: [POLLING] 종료 | 큐: 0건 | 번들맵: 4개
[2026-07-14 13:58:02] INFO: [POLLING] 시작 | 큐: 0건 | 처리중: 4건 | 번들: ID:55698(1건), ID:55700(1건), ID:55701(1건), ID:55704(1건)
[2026-07-14 13:58:02] INFO: [POLLING] 종료 | 큐: 0건 | 번들맵: 4개
[2026-07-14 13:58:03] INFO: [REQ] contents=check-event | id=undefined
[2026-07-14 13:58:12] INFO: [POLLING] 시작 | 큐: 0건 | 처리중: 4건 | 번들: ID:55698(1건), ID:55700(1건), ID:55701(1건), ID:55704(1건)
[2026-07-14 13:58:12] INFO: [POLLING] 종료 | 큐: 0건 | 번들맵: 4개
[2026-07-14 13:58:22] INFO: [POLLING] 시작 | 큐: 0건 | 처리중: 4건 | 번들: ID:55698(1건), ID:55700(1건), ID:55701(1건), ID:55704(1건)
[2026-07-14 13:58:22] INFO: [POLLING] 종료 | 큐: 0건 | 번들맵: 4개
[2026-07-14 13:58:32] INFO: [POLLING] 시작 | 큐: 0건 | 처리중: 4건 | 번들: ID:55698(1건), ID:55700(1건), ID:55701(1건), ID:55704(1건)
[2026-07-14 13:58:32] INFO: [POLLING] 종료 | 큐: 0건 | 번들맵: 4개
[2026-07-14 13:58:42] INFO: [POLLING] 시작 | 큐: 0건 | 처리중: 4건 | 번들: ID:55698(1건), ID:55700(1건), ID:55701(1건), ID:55704(1건)
[2026-07-14 13:58:42] INFO: [POLLING] 종료 | 큐: 0건 | 번들맵: 4개
[2026-07-14 13:58:52] INFO: [POLLING] 시작 | 큐: 0건 | 처리중: 4건 | 번들: ID:55698(1건), ID:55700(1건), ID:55701(1건), ID:55704(1건)
[2026-07-14 13:58:53] INFO: [POLLING] 종료 | 큐: 0건 | 번들맵: 4개
[2026-07-14 13:59:02] INFO: [POLLING] 시작 | 큐: 0건 | 처리중: 4건 | 번들: ID:55698(1건), ID:55700(1건), ID:55701(1건), ID:55704(1건)
[2026-07-14 13:59:03] INFO: [POLLING] 종료 | 큐: 0건 | 번들맵: 4개
[2026-07-14 13:59:07] INFO: [REQ] contents=check-event | id=undefined
[2026-07-14 13:59:12] INFO: [POLLING] 시작 | 큐: 0건 | 처리중: 4건 | 번들: ID:55698(1건), ID:55700(1건), ID:55701(1건), ID:55704(1건)
[2026-07-14 13:59:13] INFO: [POLLING] 종료 | 큐: 0건 | 번들맵: 4개
[2026-07-14 13:59:22] INFO: [POLLING] 시작 | 큐: 0건 | 처리중: 4건 | 번들: ID:55698(1건), ID:55700(1건), ID:55701(1건), ID:55704(1건)
[2026-07-14 13:59:23] INFO: [POLLING] 종료 | 큐: 0건 | 번들맵: 4개
[2026-07-14 13:59:32] INFO: [POLLING] 시작 | 큐: 0건 | 처리중: 4건 | 번들: ID:55698(1건), ID:55700(1건), ID:55701(1건), ID:55704(1건)
[2026-07-14 13:59:33] INFO: [POLLING] 종료 | 큐: 0건 | 번들맵: 4개
[2026-07-14 13:59:33] INFO: [REQ] contents=check-event | id=undefined
[2026-07-14 13:59:42] INFO: [POLLING] 시작 | 큐: 0건 | 처리중: 4건 | 번들: ID:55698(1건), ID:55700(1건), ID:55701(1건), ID:55704(1건)
[2026-07-14 13:59:43] INFO: [POLLING] 종료 | 큐: 0건 | 번들맵: 4개
[2026-07-14 13:59:52] INFO: [POLLING] 시작 | 큐: 0건 | 처리중: 4건 | 번들: ID:55698(1건), ID:55700(1건), ID:55701(1건), ID:55704(1건)
[2026-07-14 13:59:53] INFO: [POLLING] 종료 | 큐: 0건 | 번들맵: 4개
[2026-07-14 14:00:02] INFO: [POLLING] 시작 | 큐: 0건 | 처리중: 4건 | 번들: ID:55698(1건), ID:55700(1건), ID:55701(1건), ID:55704(1건)
[2026-07-14 14:00:03] INFO: [POLLING] 종료 | 큐: 0건 | 번들맵: 4개
[2026-07-14 14:00:13] INFO: [POLLING] 시작 | 큐: 0건 | 처리중: 4건 | 번들: ID:55698(1건), ID:55700(1건), ID:55701(1건), ID:55704(1건)
[2026-07-14 14:00:13] INFO: [POLLING] 종료 | 큐: 0건 | 번들맵: 4개
[2026-07-14 14:00:23] INFO: [POLLING] 시작 | 큐: 0건 | 처리중: 4건 | 번들: ID:55698(1건), ID:55700(1건), ID:55701(1건), ID:55704(1건)
[2026-07-14 14:00:23] INFO: [POLLING] 종료 | 큐: 0건 | 번들맵: 4개
[2026-07-14 14:00:33] INFO: [POLLING] 시작 | 큐: 0건 | 처리중: 4건 | 번들: ID:55698(1건), ID:55700(1건), ID:55701(1건), ID:55704(1건)
[2026-07-14 14:00:33] INFO: [POLLING] 종료 | 큐: 0건 | 번들맵: 4개
[2026-07-14 14:00:37] INFO: [REQ] contents=check-event | id=undefined
[2026-07-14 14:00:43] INFO: [POLLING] 시작 | 큐: 0건 | 처리중: 4건 | 번들: ID:55698(1건), ID:55700(1건), ID:55701(1건), ID:55704(1건)
[2026-07-14 14:00:43] INFO: [POLLING] 종료 | 큐: 0건 | 번들맵: 4개
[2026-07-14 14:00:53] INFO: [POLLING] 시작 | 큐: 0건 | 처리중: 4건 | 번들: ID:55698(1건), ID:55700(1건), ID:55701(1건), ID:55704(1건)
[2026-07-14 14:00:53] INFO: [POLLING] 종료 | 큐: 0건 | 번들맵: 4개
[2026-07-14 14:01:03] INFO: [POLLING] 시작 | 큐: 0건 | 처리중: 4건 | 번들: ID:55698(1건), ID:55700(1건), ID:55701(1건), ID:55704(1건)
[2026-07-14 14:01:03] INFO: [POLLING] 종료 | 큐: 0건 | 번들맵: 4개
[2026-07-14 14:01:13] INFO: [POLLING] 시작 | 큐: 0건 | 처리중: 4건 | 번들: ID:55698(1건), ID:55700(1건), ID:55701(1건), ID:55704(1건)
[2026-07-14 14:01:13] INFO: [POLLING] 종료 | 큐: 0건 | 번들맵: 4개
[2026-07-14 14:01:23] INFO: [POLLING] 시작 | 큐: 0건 | 처리중: 4건 | 번들: ID:55698(1건), ID:55700(1건), ID:55701(1건), ID:55704(1건)
[2026-07-14 14:01:23] INFO: [POLLING] 종료 | 큐: 0건 | 번들맵: 4개
[2026-07-14 14:01:23] INFO: [REQ] contents=check-event | id=undefined
[2026-07-14 14:01:33] INFO: [POLLING] 시작 | 큐: 0건 | 처리중: 4건 | 번들: ID:55698(1건), ID:55700(1건), ID:55701(1건), ID:55704(1건)
[2026-07-14 14:01:33] INFO: [POLLING] 종료 | 큐: 0건 | 번들맵: 4개
[2026-07-14 14:01:43] INFO: [POLLING] 시작 | 큐: 0건 | 처리중: 4건 | 번들: ID:55698(1건), ID:55700(1건), ID:55701(1건), ID:55704(1건)
[2026-07-14 14:01:43] INFO: [POLLING] 종료 | 큐: 0건 | 번들맵: 4개
[2026-07-14 14:01:53] INFO: [POLLING] 시작 | 큐: 0건 | 처리중: 4건 | 번들: ID:55698(1건), ID:55700(1건), ID:55701(1건), ID:55704(1건)
[2026-07-14 14:01:53] INFO: [POLLING] 종료 | 큐: 0건 | 번들맵: 4개
[2026-07-14 14:02:03] INFO: [POLLING] 시작 | 큐: 0건 | 처리중: 4건 | 번들: ID:55698(1건), ID:55700(1건), ID:55701(1건), ID:55704(1건)
[2026-07-14 14:02:03] INFO: [POLLING] 종료 | 큐: 0건 | 번들맵: 4개
[2026-07-14 14:02:13] INFO: [POLLING] 시작 | 큐: 0건 | 처리중: 4건 | 번들: ID:55698(1건), ID:55700(1건), ID:55701(1건), ID:55704(1건)
[2026-07-14 14:02:13] INFO: [POLLING] 종료 | 큐: 0건 | 번들맵: 4개
[2026-07-14 14:02:23] INFO: [POLLING] 시작 | 큐: 0건 | 처리중: 4건 | 번들: ID:55698(1건), ID:55700(1건), ID:55701(1건), ID:55704(1건)
[2026-07-14 14:02:23] INFO: [POLLING] 종료 | 큐: 0건 | 번들맵: 4개
[2026-07-14 14:02:27] INFO: [REQ] contents=check-event | id=undefined
[2026-07-14 14:02:33] INFO: [POLLING] 시작 | 큐: 0건 | 처리중: 4건 | 번들: ID:55698(1건), ID:55700(1건), ID:55701(1건), ID:55704(1건)
[2026-07-14 14:02:33] INFO: [POLLING] 종료 | 큐: 0건 | 번들맵: 4개
[2026-07-14 14:02:43] INFO: [POLLING] 시작 | 큐: 0건 | 처리중: 4건 | 번들: ID:55698(1건), ID:55700(1건), ID:55701(1건), ID:55704(1건)
[2026-07-14 14:02:43] INFO: [POLLING] 종료 | 큐: 0건 | 번들맵: 4개
[2026-07-14 14:02:53] INFO: [POLLING] 시작 | 큐: 0건 | 처리중: 4건 | 번들: ID:55698(1건), ID:55700(1건), ID:55701(1건), ID:55704(1건)
[2026-07-14 14:02:53] INFO: [POLLING] 종료 | 큐: 0건 | 번들맵: 4개
[2026-07-14 14:03:03] INFO: [POLLING] 시작 | 큐: 0건 | 처리중: 4건 | 번들: ID:55698(1건), ID:55700(1건), ID:55701(1건), ID:55704(1건)
[2026-07-14 14:03:03] INFO: [POLLING] 종료 | 큐: 0건 | 번들맵: 4개
[2026-07-14 14:03:04] INFO: [REQ] contents=check-event | id=undefined
[2026-07-14 14:03:13] INFO: [POLLING] 시작 | 큐: 0건 | 처리중: 4건 | 번들: ID:55698(1건), ID:55700(1건), ID:55701(1건), ID:55704(1건)
[2026-07-14 14:03:13] INFO: [POLLING] 종료 | 큐: 0건 | 번들맵: 4개
[2026-07-14 14:03:23] INFO: [POLLING] 시작 | 큐: 0건 | 처리중: 4건 | 번들: ID:55698(1건), ID:55700(1건), ID:55701(1건), ID:55704(1건)
[2026-07-14 14:03:23] INFO: [POLLING] 종료 | 큐: 0건 | 번들맵: 4개
[2026-07-14 14:03:33] INFO: [POLLING] 시작 | 큐: 0건 | 처리중: 4건 | 번들: ID:55698(1건), ID:55700(1건), ID:55701(1건), ID:55704(1건)
[2026-07-14 14:03:33] INFO: [POLLING] 종료 | 큐: 0건 | 번들맵: 4개
[2026-07-14 14:03:43] INFO: [POLLING] 시작 | 큐: 0건 | 처리중: 4건 | 번들: ID:55698(1건), ID:55700(1건), ID:55701(1건), ID:55704(1건)
[2026-07-14 14:03:43] INFO: [POLLING] 종료 | 큐: 0건 | 번들맵: 4개
[2026-07-14 14:03:53] INFO: [POLLING] 시작 | 큐: 0건 | 처리중: 4건 | 번들: ID:55698(1건), ID:55700(1건), ID:55701(1건), ID:55704(1건)
[2026-07-14 14:03:53] INFO: [POLLING] 종료 | 큐: 0건 | 번들맵: 4개
[2026-07-14 14:04:03] INFO: [POLLING] 시작 | 큐: 0건 | 처리중: 4건 | 번들: ID:55698(1건), ID:55700(1건), ID:55701(1건), ID:55704(1건)
[2026-07-14 14:04:03] INFO: [POLLING] 종료 | 큐: 0건 | 번들맵: 4개
[2026-07-14 14:04:07] INFO: [REQ] contents=check-event | id=undefined
[2026-07-14 14:04:13] INFO: [POLLING] 시작 | 큐: 0건 | 처리중: 4건 | 번들: ID:55698(1건), ID:55700(1건), ID:55701(1건), ID:55704(1건)
[2026-07-14 14:04:13] INFO: [POLLING] 종료 | 큐: 0건 | 번들맵: 4개
[2026-07-14 14:04:23] INFO: [POLLING] 시작 | 큐: 0건 | 처리중: 4건 | 번들: ID:55698(1건), ID:55700(1건), ID:55701(1건), ID:55704(1건)
[2026-07-14 14:04:23] INFO: [POLLING] 종료 | 큐: 0건 | 번들맵: 4개
[2026-07-14 14:04:33] INFO: [POLLING] 시작 | 큐: 0건 | 처리중: 4건 | 번들: ID:55698(1건), ID:55700(1건), ID:55701(1건), ID:55704(1건)
[2026-07-14 14:04:33] INFO: [POLLING] 종료 | 큐: 0건 | 번들맵: 4개
[2026-07-14 14:04:34] INFO: [REQ] contents=check-event | id=undefined
[2026-07-14 14:04:43] INFO: [POLLING] 시작 | 큐: 0건 | 처리중: 4건 | 번들: ID:55698(1건), ID:55700(1건), ID:55701(1건), ID:55704(1건)
[2026-07-14 14:04:43] INFO: [POLLING] 종료 | 큐: 0건 | 번들맵: 4개
[2026-07-14 14:04:53] INFO: [POLLING] 시작 | 큐: 0건 | 처리중: 4건 | 번들: ID:55698(1건), ID:55700(1건), ID:55701(1건), ID:55704(1건)
[2026-07-14 14:04:53] INFO: [POLLING] 종료 | 큐: 0건 | 번들맵: 4개
[2026-07-14 14:05:03] INFO: [POLLING] 시작 | 큐: 0건 | 처리중: 4건 | 번들: ID:55698(1건), ID:55700(1건), ID:55701(1건), ID:55704(1건)
[2026-07-14 14:05:03] INFO: [POLLING] 종료 | 큐: 0건 | 번들맵: 4개
[2026-07-14 14:05:13] INFO: [POLLING] 시작 | 큐: 0건 | 처리중: 4건 | 번들: ID:55698(1건), ID:55700(1건), ID:55701(1건), ID:55704(1건)
[2026-07-14 14:05:13] INFO: [POLLING] 종료 | 큐: 0건 | 번들맵: 4개
[2026-07-14 14:05:23] INFO: [POLLING] 시작 | 큐: 0건 | 처리중: 4건 | 번들: ID:55698(1건), ID:55700(1건), ID:55701(1건), ID:55704(1건)
[2026-07-14 14:05:23] INFO: [POLLING] 종료 | 큐: 0건 | 번들맵: 4개
[2026-07-14 14:05:33] INFO: [POLLING] 시작 | 큐: 0건 | 처리중: 4건 | 번들: ID:55698(1건), ID:55700(1건), ID:55701(1건), ID:55704(1건)
[2026-07-14 14:05:33] INFO: [POLLING] 종료 | 큐: 0건 | 번들맵: 4개
[2026-07-14 14:05:37] INFO: [REQ] contents=check-event | id=undefined
[2026-07-14 14:05:43] INFO: [POLLING] 시작 | 큐: 0건 | 처리중: 4건 | 번들: ID:55698(1건), ID:55700(1건), ID:55701(1건), ID:55704(1건)
[2026-07-14 14:05:43] INFO: [POLLING] 종료 | 큐: 0건 | 번들맵: 4개
[2026-07-14 14:05:53] INFO: [POLLING] 시작 | 큐: 0건 | 처리중: 4건 | 번들: ID:55698(1건), ID:55700(1건), ID:55701(1건), ID:55704(1건)
[2026-07-14 14:05:53] INFO: [POLLING] 종료 | 큐: 0건 | 번들맵: 4개
[2026-07-14 14:06:03] INFO: [POLLING] 시작 | 큐: 0건 | 처리중: 4건 | 번들: ID:55698(1건), ID:55700(1건), ID:55701(1건), ID:55704(1건)
[2026-07-14 14:06:03] INFO: [POLLING] 종료 | 큐: 0건 | 번들맵: 4개
[2026-07-14 14:06:13] INFO: [POLLING] 시작 | 큐: 0건 | 처리중: 4건 | 번들: ID:55698(1건), ID:55700(1건), ID:55701(1건), ID:55704(1건)
[2026-07-14 14:06:13] INFO: [POLLING] 종료 | 큐: 0건 | 번들맵: 4개
[2026-07-14 14:06:23] INFO: [POLLING] 시작 | 큐: 0건 | 처리중: 4건 | 번들: ID:55698(1건), ID:55700(1건), ID:55701(1건), ID:55704(1건)
[2026-07-14 14:06:23] INFO: [POLLING] 종료 | 큐: 0건 | 번들맵: 4개
[2026-07-14 14:06:24] INFO: [REQ] contents=check-event | id=undefined
[2026-07-14 14:06:33] INFO: [POLLING] 시작 | 큐: 0건 | 처리중: 4건 | 번들: ID:55698(1건), ID:55700(1건), ID:55701(1건), ID:55704(1건)
[2026-07-14 14:06:33] INFO: [POLLING] 종료 | 큐: 0건 | 번들맵: 4개
[2026-07-14 14:06:43] INFO: [POLLING] 시작 | 큐: 0건 | 처리중: 4건 | 번들: ID:55698(1건), ID:55700(1건), ID:55701(1건), ID:55704(1건)
[2026-07-14 14:06:43] INFO: [POLLING] 종료 | 큐: 0건 | 번들맵: 4개
[2026-07-14 14:06:53] INFO: [POLLING] 시작 | 큐: 0건 | 처리중: 4건 | 번들: ID:55698(1건), ID:55700(1건), ID:55701(1건), ID:55704(1건)
[2026-07-14 14:06:53] INFO: [POLLING] 종료 | 큐: 0건 | 번들맵: 4개
[2026-07-14 14:07:03] INFO: [POLLING] 시작 | 큐: 0건 | 처리중: 4건 | 번들: ID:55698(1건), ID:55700(1건), ID:55701(1건), ID:55704(1건)
[2026-07-14 14:07:03] INFO: [POLLING] 종료 | 큐: 0건 | 번들맵: 4개
[2026-07-14 14:07:13] INFO: [POLLING] 시작 | 큐: 0건 | 처리중: 4건 | 번들: ID:55698(1건), ID:55700(1건), ID:55701(1건), ID:55704(1건)
[2026-07-14 14:07:13] INFO: [POLLING] 종료 | 큐: 0건 | 번들맵: 4개
[2026-07-14 14:07:23] INFO: [POLLING] 시작 | 큐: 0건 | 처리중: 4건 | 번들: ID:55698(1건), ID:55700(1건), ID:55701(1건), ID:55704(1건)
[2026-07-14 14:07:23] INFO: [POLLING] 종료 | 큐: 0건 | 번들맵: 4개
[2026-07-14 14:07:28] INFO: [REQ] contents=check-event | id=undefined
[2026-07-14 14:07:33] INFO: [POLLING] 시작 | 큐: 0건 | 처리중: 4건 | 번들: ID:55698(1건), ID:55700(1건), ID:55701(1건), ID:55704(1건)
[2026-07-14 14:07:33] INFO: [POLLING] 종료 | 큐: 0건 | 번들맵: 4개
[2026-07-14 14:07:43] INFO: [POLLING] 시작 | 큐: 0건 | 처리중: 4건 | 번들: ID:55698(1건), ID:55700(1건), ID:55701(1건), ID:55704(1건)
[2026-07-14 14:07:43] INFO: [POLLING] 종료 | 큐: 0건 | 번들맵: 4개
[2026-07-14 14:07:53] INFO: [POLLING] 시작 | 큐: 0건 | 처리중: 4건 | 번들: ID:55698(1건), ID:55700(1건), ID:55701(1건), ID:55704(1건)
[2026-07-14 14:07:53] INFO: [POLLING] 종료 | 큐: 0건 | 번들맵: 4개
[2026-07-14 14:08:03] INFO: [POLLING] 시작 | 큐: 0건 | 처리중: 4건 | 번들: ID:55698(1건), ID:55700(1건), ID:55701(1건), ID:55704(1건)
[2026-07-14 14:08:03] INFO: [POLLING] 종료 | 큐: 0건 | 번들맵: 4개
[2026-07-14 14:08:04] INFO: [REQ] contents=check-event | id=undefined
[2026-07-14 14:08:13] INFO: [POLLING] 시작 | 큐: 0건 | 처리중: 4건 | 번들: ID:55698(1건), ID:55700(1건), ID:55701(1건), ID:55704(1건)
[2026-07-14 14:08:13] INFO: [POLLING] 종료 | 큐: 0건 | 번들맵: 4개
[2026-07-14 14:08:23] INFO: [POLLING] 시작 | 큐: 0건 | 처리중: 4건 | 번들: ID:55698(1건), ID:55700(1건), ID:55701(1건), ID:55704(1건)
[2026-07-14 14:08:23] INFO: [POLLING] 종료 | 큐: 0건 | 번들맵: 4개
[2026-07-14 14:08:33] INFO: [POLLING] 시작 | 큐: 0건 | 처리중: 4건 | 번들: ID:55698(1건), ID:55700(1건), ID:55701(1건), ID:55704(1건)
[2026-07-14 14:08:33] INFO: [POLLING] 종료 | 큐: 0건 | 번들맵: 4개
[2026-07-14 14:08:43] INFO: [POLLING] 시작 | 큐: 0건 | 처리중: 4건 | 번들: ID:55698(1건), ID:55700(1건), ID:55701(1건), ID:55704(1건)
[2026-07-14 14:08:43] INFO: [POLLING] 종료 | 큐: 0건 | 번들맵: 4개
[2026-07-14 14:08:53] INFO: [POLLING] 시작 | 큐: 0건 | 처리중: 4건 | 번들: ID:55698(1건), ID:55700(1건), ID:55701(1건), ID:55704(1건)
[2026-07-14 14:08:53] INFO: [POLLING] 종료 | 큐: 0건 | 번들맵: 4개
[2026-07-14 14:09:03] INFO: [POLLING] 시작 | 큐: 0건 | 처리중: 4건 | 번들: ID:55698(1건), ID:55700(1건), ID:55701(1건), ID:55704(1건)
[2026-07-14 14:09:03] INFO: [POLLING] 종료 | 큐: 0건 | 번들맵: 4개
[2026-07-14 14:09:08] INFO: [REQ] contents=check-event | id=undefined
[2026-07-14 14:09:13] INFO: [POLLING] 시작 | 큐: 0건 | 처리중: 4건 | 번들: ID:55698(1건), ID:55700(1건), ID:55701(1건), ID:55704(1건)
[2026-07-14 14:09:13] INFO: [POLLING] 종료 | 큐: 0건 | 번들맵: 4개
[2026-07-14 14:09:23] INFO: [POLLING] 시작 | 큐: 0건 | 처리중: 4건 | 번들: ID:55698(1건), ID:55700(1건), ID:55701(1건), ID:55704(1건)
[2026-07-14 14:09:23] INFO: [POLLING] 종료 | 큐: 0건 | 번들맵: 4개
[2026-07-14 14:09:33] INFO: [POLLING] 시작 | 큐: 0건 | 처리중: 4건 | 번들: ID:55698(1건), ID:55700(1건), ID:55701(1건), ID:55704(1건)
[2026-07-14 14:09:33] INFO: [POLLING] 종료 | 큐: 0건 | 번들맵: 4개
[2026-07-14 14:09:34] INFO: [REQ] contents=check-event | id=undefined
[2026-07-14 14:09:43] INFO: [POLLING] 시작 | 큐: 0건 | 처리중: 4건 | 번들: ID:55698(1건), ID:55700(1건), ID:55701(1건), ID:55704(1건)
[2026-07-14 14:09:43] INFO: [POLLING] 종료 | 큐: 0건 | 번들맵: 4개
[2026-07-14 14:09:53] INFO: [POLLING] 시작 | 큐: 0건 | 처리중: 4건 | 번들: ID:55698(1건), ID:55700(1건), ID:55701(1건), ID:55704(1건)
[2026-07-14 14:09:53] INFO: [POLLING] 종료 | 큐: 0건 | 번들맵: 4개
[2026-07-14 14:10:03] INFO: [POLLING] 시작 | 큐: 0건 | 처리중: 4건 | 번들: ID:55698(1건), ID:55700(1건), ID:55701(1건), ID:55704(1건)
[2026-07-14 14:10:03] INFO: [POLLING] 종료 | 큐: 0건 | 번들맵: 4개
[2026-07-14 14:10:13] INFO: [POLLING] 시작 | 큐: 0건 | 처리중: 4건 | 번들: ID:55698(1건), ID:55700(1건), ID:55701(1건), ID:55704(1건)
[2026-07-14 14:10:13] INFO: [POLLING] 종료 | 큐: 0건 | 번들맵: 4개
[2026-07-14 14:10:23] INFO: [POLLING] 시작 | 큐: 0건 | 처리중: 4건 | 번들: ID:55698(1건), ID:55700(1건), ID:55701(1건), ID:55704(1건)
[2026-07-14 14:10:23] INFO: [POLLING] 종료 | 큐: 0건 | 번들맵: 4개
[2026-07-14 14:10:33] INFO: [POLLING] 시작 | 큐: 0건 | 처리중: 4건 | 번들: ID:55698(1건), ID:55700(1건), ID:55701(1건), ID:55704(1건)
[2026-07-14 14:10:33] INFO: [POLLING] 종료 | 큐: 0건 | 번들맵: 4개
[2026-07-14 14:10:38] INFO: [REQ] contents=check-event | id=undefined
[2026-07-14 14:10:43] INFO: [POLLING] 시작 | 큐: 0건 | 처리중: 4건 | 번들: ID:55698(1건), ID:55700(1건), ID:55701(1건), ID:55704(1건)
[2026-07-14 14:10:43] INFO: [POLLING] 종료 | 큐: 0건 | 번들맵: 4개
[2026-07-14 14:10:53] INFO: [POLLING] 시작 | 큐: 0건 | 처리중: 4건 | 번들: ID:55698(1건), ID:55700(1건), ID:55701(1건), ID:55704(1건)
[2026-07-14 14:10:53] INFO: [POLLING] 종료 | 큐: 0건 | 번들맵: 4개
[2026-07-14 14:11:03] INFO: [POLLING] 시작 | 큐: 0건 | 처리중: 4건 | 번들: ID:55698(1건), ID:55700(1건), ID:55701(1건), ID:55704(1건)
[2026-07-14 14:11:03] INFO: [POLLING] 종료 | 큐: 0건 | 번들맵: 4개
[2026-07-14 14:11:13] INFO: [POLLING] 시작 | 큐: 0건 | 처리중: 4건 | 번들: ID:55698(1건), ID:55700(1건), ID:55701(1건), ID:55704(1건)
[2026-07-14 14:11:13] INFO: [POLLING] 종료 | 큐: 0건 | 번들맵: 4개
[2026-07-14 14:11:23] INFO: [POLLING] 시작 | 큐: 0건 | 처리중: 4건 | 번들: ID:55698(1건), ID:55700(1건), ID:55701(1건), ID:55704(1건)
[2026-07-14 14:11:23] INFO: [POLLING] 종료 | 큐: 0건 | 번들맵: 4개
[2026-07-14 14:11:24] INFO: [REQ] contents=check-event | id=undefined
[2026-07-14 14:11:33] INFO: [POLLING] 시작 | 큐: 0건 | 처리중: 4건 | 번들: ID:55698(1건), ID:55700(1건), ID:55701(1건), ID:55704(1건)
[2026-07-14 14:11:33] INFO: [POLLING] 종료 | 큐: 0건 | 번들맵: 4개
[2026-07-14 14:11:43] INFO: [POLLING] 시작 | 큐: 0건 | 처리중: 4건 | 번들: ID:55698(1건), ID:55700(1건), ID:55701(1건), ID:55704(1건)
[2026-07-14 14:11:43] INFO: [POLLING] 종료 | 큐: 0건 | 번들맵: 4개
[2026-07-14 14:11:53] INFO: [POLLING] 시작 | 큐: 0건 | 처리중: 4건 | 번들: ID:55698(1건), ID:55700(1건), ID:55701(1건), ID:55704(1건)
[2026-07-14 14:11:53] INFO: [POLLING] 종료 | 큐: 0건 | 번들맵: 4개
[2026-07-14 14:12:03] INFO: [POLLING] 시작 | 큐: 0건 | 처리중: 4건 | 번들: ID:55698(1건), ID:55700(1건), ID:55701(1건), ID:55704(1건)
[2026-07-14 14:12:03] INFO: [POLLING] 종료 | 큐: 0건 | 번들맵: 4개
[2026-07-14 14:12:13] INFO: [POLLING] 시작 | 큐: 0건 | 처리중: 4건 | 번들: ID:55698(1건), ID:55700(1건), ID:55701(1건), ID:55704(1건)
[2026-07-14 14:12:13] INFO: [POLLING] 종료 | 큐: 0건 | 번들맵: 4개
[2026-07-14 14:12:23] INFO: [POLLING] 시작 | 큐: 0건 | 처리중: 4건 | 번들: ID:55698(1건), ID:55700(1건), ID:55701(1건), ID:55704(1건)
[2026-07-14 14:12:23] INFO: [POLLING] 종료 | 큐: 0건 | 번들맵: 4개
[2026-07-14 14:12:28] INFO: [REQ] contents=check-event | id=undefined
[2026-07-14 14:12:33] INFO: [POLLING] 시작 | 큐: 0건 | 처리중: 4건 | 번들: ID:55698(1건), ID:55700(1건), ID:55701(1건), ID:55704(1건)
[2026-07-14 14:12:33] INFO: [POLLING] 종료 | 큐: 0건 | 번들맵: 4개
[2026-07-14 14:12:43] INFO: [POLLING] 시작 | 큐: 0건 | 처리중: 4건 | 번들: ID:55698(1건), ID:55700(1건), ID:55701(1건), ID:55704(1건)
[2026-07-14 14:12:43] INFO: [POLLING] 종료 | 큐: 0건 | 번들맵: 4개
[2026-07-14 14:12:53] INFO: [POLLING] 시작 | 큐: 0건 | 처리중: 4건 | 번들: ID:55698(1건), ID:55700(1건), ID:55701(1건), ID:55704(1건)
[2026-07-14 14:12:53] INFO: [POLLING] 종료 | 큐: 0건 | 번들맵: 4개
[2026-07-14 14:13:03] INFO: [POLLING] 시작 | 큐: 0건 | 처리중: 4건 | 번들: ID:55698(1건), ID:55700(1건), ID:55701(1건), ID:55704(1건)
[2026-07-14 14:13:03] INFO: [POLLING] 종료 | 큐: 0건 | 번들맵: 4개
[2026-07-14 14:13:05] INFO: [REQ] contents=check-event | id=undefined
[2026-07-14 14:13:13] INFO: [POLLING] 시작 | 큐: 0건 | 처리중: 4건 | 번들: ID:55698(1건), ID:55700(1건), ID:55701(1건), ID:55704(1건)
[2026-07-14 14:13:13] INFO: [POLLING] 종료 | 큐: 0건 | 번들맵: 4개
[2026-07-14 14:13:23] INFO: [POLLING] 시작 | 큐: 0건 | 처리중: 4건 | 번들: ID:55698(1건), ID:55700(1건), ID:55701(1건), ID:55704(1건)
[2026-07-14 14:13:23] INFO: [POLLING] 종료 | 큐: 0건 | 번들맵: 4개
[2026-07-14 14:13:33] INFO: [POLLING] 시작 | 큐: 0건 | 처리중: 4건 | 번들: ID:55698(1건), ID:55700(1건), ID:55701(1건), ID:55704(1건)
[2026-07-14 14:13:33] INFO: [POLLING] 종료 | 큐: 0건 | 번들맵: 4개
[2026-07-14 14:13:43] INFO: [POLLING] 시작 | 큐: 0건 | 처리중: 4건 | 번들: ID:55698(1건), ID:55700(1건), ID:55701(1건), ID:55704(1건)
[2026-07-14 14:13:43] INFO: [POLLING] 종료 | 큐: 0건 | 번들맵: 4개
[2026-07-14 14:13:53] INFO: [POLLING] 시작 | 큐: 0건 | 처리중: 4건 | 번들: ID:55698(1건), ID:55700(1건), ID:55701(1건), ID:55704(1건)
[2026-07-14 14:13:53] INFO: [POLLING] 종료 | 큐: 0건 | 번들맵: 4개
[2026-07-14 14:14:03] INFO: [POLLING] 시작 | 큐: 0건 | 처리중: 4건 | 번들: ID:55698(1건), ID:55700(1건), ID:55701(1건), ID:55704(1건)
[2026-07-14 14:14:03] INFO: [POLLING] 종료 | 큐: 0건 | 번들맵: 4개
[2026-07-14 14:14:08] INFO: [REQ] contents=check-event | id=undefined
[2026-07-14 14:14:13] INFO: [POLLING] 시작 | 큐: 0건 | 처리중: 4건 | 번들: ID:55698(1건), ID:55700(1건), ID:55701(1건), ID:55704(1건)
[2026-07-14 14:14:13] INFO: [POLLING] 종료 | 큐: 0건 | 번들맵: 4개
[2026-07-14 14:14:23] INFO: [POLLING] 시작 | 큐: 0건 | 처리중: 4건 | 번들: ID:55698(1건), ID:55700(1건), ID:55701(1건), ID:55704(1건)
[2026-07-14 14:14:23] INFO: [POLLING] 종료 | 큐: 0건 | 번들맵: 4개
[2026-07-14 14:14:33] INFO: [POLLING] 시작 | 큐: 0건 | 처리중: 4건 | 번들: ID:55698(1건), ID:55700(1건), ID:55701(1건), ID:55704(1건)
[2026-07-14 14:14:33] INFO: [POLLING] 종료 | 큐: 0건 | 번들맵: 4개
[2026-07-14 14:14:35] INFO: [REQ] contents=check-event | id=undefined
[2026-07-14 14:14:43] INFO: [POLLING] 시작 | 큐: 0건 | 처리중: 4건 | 번들: ID:55698(1건), ID:55700(1건), ID:55701(1건), ID:55704(1건)
[2026-07-14 14:14:43] INFO: [POLLING] 종료 | 큐: 0건 | 번들맵: 4개
[2026-07-14 14:14:53] INFO: [POLLING] 시작 | 큐: 0건 | 처리중: 4건 | 번들: ID:55698(1건), ID:55700(1건), ID:55701(1건), ID:55704(1건)
[2026-07-14 14:14:53] INFO: [POLLING] 종료 | 큐: 0건 | 번들맵: 4개
[2026-07-14 14:15:03] INFO: [POLLING] 시작 | 큐: 0건 | 처리중: 4건 | 번들: ID:55698(1건), ID:55700(1건), ID:55701(1건), ID:55704(1건)
[2026-07-14 14:15:04] INFO: [POLLING] 종료 | 큐: 0건 | 번들맵: 4개
[2026-07-14 14:15:13] INFO: [POLLING] 시작 | 큐: 0건 | 처리중: 4건 | 번들: ID:55698(1건), ID:55700(1건), ID:55701(1건), ID:55704(1건)
[2026-07-14 14:15:14] INFO: [POLLING] 종료 | 큐: 0건 | 번들맵: 4개
[2026-07-14 14:15:23] INFO: [POLLING] 시작 | 큐: 0건 | 처리중: 4건 | 번들: ID:55698(1건), ID:55700(1건), ID:55701(1건), ID:55704(1건)
[2026-07-14 14:15:24] INFO: [POLLING] 종료 | 큐: 0건 | 번들맵: 4개
[2026-07-14 14:15:33] INFO: [POLLING] 시작 | 큐: 0건 | 처리중: 4건 | 번들: ID:55698(1건), ID:55700(1건), ID:55701(1건), ID:55704(1건)
[2026-07-14 14:15:34] INFO: [POLLING] 종료 | 큐: 0건 | 번들맵: 4개
[2026-07-14 14:15:38] INFO: [REQ] contents=check-event | id=undefined
[2026-07-14 14:15:43] INFO: [POLLING] 시작 | 큐: 0건 | 처리중: 4건 | 번들: ID:55698(1건), ID:55700(1건), ID:55701(1건), ID:55704(1건)
[2026-07-14 14:15:44] INFO: [POLLING] 종료 | 큐: 0건 | 번들맵: 4개
[2026-07-14 14:15:53] INFO: [POLLING] 시작 | 큐: 0건 | 처리중: 4건 | 번들: ID:55698(1건), ID:55700(1건), ID:55701(1건), ID:55704(1건)
[2026-07-14 14:15:54] INFO: [POLLING] 종료 | 큐: 0건 | 번들맵: 4개
[2026-07-14 14:16:03] INFO: [POLLING] 시작 | 큐: 0건 | 처리중: 4건 | 번들: ID:55698(1건), ID:55700(1건), ID:55701(1건), ID:55704(1건)
[2026-07-14 14:16:04] INFO: [POLLING] 종료 | 큐: 0건 | 번들맵: 4개
[2026-07-14 14:16:14] INFO: [POLLING] 시작 | 큐: 0건 | 처리중: 4건 | 번들: ID:55698(1건), ID:55700(1건), ID:55701(1건), ID:55704(1건)
[2026-07-14 14:16:14] INFO: [POLLING] 종료 | 큐: 0건 | 번들맵: 4개
[2026-07-14 14:16:24] INFO: [POLLING] 시작 | 큐: 0건 | 처리중: 4건 | 번들: ID:55698(1건), ID:55700(1건), ID:55701(1건), ID:55704(1건)
[2026-07-14 14:16:24] INFO: [POLLING] 종료 | 큐: 0건 | 번들맵: 4개
[2026-07-14 14:16:25] INFO: [REQ] contents=check-event | id=undefined
[2026-07-14 14:16:34] INFO: [POLLING] 시작 | 큐: 0건 | 처리중: 4건 | 번들: ID:55698(1건), ID:55700(1건), ID:55701(1건), ID:55704(1건)
[2026-07-14 14:16:34] INFO: [POLLING] 종료 | 큐: 0건 | 번들맵: 4개
[2026-07-14 14:16:44] INFO: [POLLING] 시작 | 큐: 0건 | 처리중: 4건 | 번들: ID:55698(1건), ID:55700(1건), ID:55701(1건), ID:55704(1건)
[2026-07-14 14:16:44] INFO: [POLLING] 종료 | 큐: 0건 | 번들맵: 4개
[2026-07-14 14:16:54] INFO: [POLLING] 시작 | 큐: 0건 | 처리중: 4건 | 번들: ID:55698(1건), ID:55700(1건), ID:55701(1건), ID:55704(1건)
[2026-07-14 14:16:54] INFO: [POLLING] 종료 | 큐: 0건 | 번들맵: 4개
[2026-07-14 14:17:04] INFO: [POLLING] 시작 | 큐: 0건 | 처리중: 4건 | 번들: ID:55698(1건), ID:55700(1건), ID:55701(1건), ID:55704(1건)
[2026-07-14 14:17:04] INFO: [POLLING] 종료 | 큐: 0건 | 번들맵: 4개
[2026-07-14 14:17:14] INFO: [POLLING] 시작 | 큐: 0건 | 처리중: 4건 | 번들: ID:55698(1건), ID:55700(1건), ID:55701(1건), ID:55704(1건)
[2026-07-14 14:17:14] INFO: [POLLING] 종료 | 큐: 0건 | 번들맵: 4개
[2026-07-14 14:17:24] INFO: [POLLING] 시작 | 큐: 0건 | 처리중: 4건 | 번들: ID:55698(1건), ID:55700(1건), ID:55701(1건), ID:55704(1건)
[2026-07-14 14:17:24] INFO: [POLLING] 종료 | 큐: 0건 | 번들맵: 4개
[2026-07-14 14:17:29] INFO: [REQ] contents=check-event | id=undefined
[2026-07-14 14:17:34] INFO: [POLLING] 시작 | 큐: 0건 | 처리중: 4건 | 번들: ID:55698(1건), ID:55700(1건), ID:55701(1건), ID:55704(1건)
[2026-07-14 14:17:34] INFO: [POLLING] 종료 | 큐: 0건 | 번들맵: 4개
[2026-07-14 14:17:44] INFO: [POLLING] 시작 | 큐: 0건 | 처리중: 4건 | 번들: ID:55698(1건), ID:55700(1건), ID:55701(1건), ID:55704(1건)
[2026-07-14 14:17:44] INFO: [POLLING] 종료 | 큐: 0건 | 번들맵: 4개
[2026-07-14 14:17:54] INFO: [POLLING] 시작 | 큐: 0건 | 처리중: 4건 | 번들: ID:55698(1건), ID:55700(1건), ID:55701(1건), ID:55704(1건)
[2026-07-14 14:17:54] INFO: [POLLING] 종료 | 큐: 0건 | 번들맵: 4개
[2026-07-14 14:18:04] INFO: [POLLING] 시작 | 큐: 0건 | 처리중: 4건 | 번들: ID:55698(1건), ID:55700(1건), ID:55701(1건), ID:55704(1건)
[2026-07-14 14:18:04] INFO: [POLLING] 종료 | 큐: 0건 | 번들맵: 4개
[2026-07-14 14:18:05] INFO: [REQ] contents=check-event | id=undefined
[2026-07-14 14:18:14] INFO: [POLLING] 시작 | 큐: 0건 | 처리중: 4건 | 번들: ID:55698(1건), ID:55700(1건), ID:55701(1건), ID:55704(1건)
[2026-07-14 14:18:14] INFO: [POLLING] 종료 | 큐: 0건 | 번들맵: 4개
[2026-07-14 14:18:24] INFO: [POLLING] 시작 | 큐: 0건 | 처리중: 4건 | 번들: ID:55698(1건), ID:55700(1건), ID:55701(1건), ID:55704(1건)
[2026-07-14 14:18:24] INFO: [POLLING] 종료 | 큐: 0건 | 번들맵: 4개
[2026-07-14 14:18:34] INFO: [POLLING] 시작 | 큐: 0건 | 처리중: 4건 | 번들: ID:55698(1건), ID:55700(1건), ID:55701(1건), ID:55704(1건)
[2026-07-14 14:18:34] INFO: [POLLING] 종료 | 큐: 0건 | 번들맵: 4개
[2026-07-14 14:18:44] INFO: [POLLING] 시작 | 큐: 0건 | 처리중: 4건 | 번들: ID:55698(1건), ID:55700(1건), ID:55701(1건), ID:55704(1건)
[2026-07-14 14:18:44] INFO: [POLLING] 종료 | 큐: 0건 | 번들맵: 4개
[2026-07-14 14:18:54] INFO: [POLLING] 시작 | 큐: 0건 | 처리중: 4건 | 번들: ID:55698(1건), ID:55700(1건), ID:55701(1건), ID:55704(1건)
[2026-07-14 14:18:54] INFO: [POLLING] 종료 | 큐: 0건 | 번들맵: 4개
[2026-07-14 14:19:04] INFO: [POLLING] 시작 | 큐: 0건 | 처리중: 4건 | 번들: ID:55698(1건), ID:55700(1건), ID:55701(1건), ID:55704(1건)
[2026-07-14 14:19:04] INFO: [POLLING] 종료 | 큐: 0건 | 번들맵: 4개
[2026-07-14 14:19:09] INFO: [REQ] contents=check-event | id=undefined
[2026-07-14 14:19:14] INFO: [POLLING] 시작 | 큐: 0건 | 처리중: 4건 | 번들: ID:55698(1건), ID:55700(1건), ID:55701(1건), ID:55704(1건)
[2026-07-14 14:19:14] INFO: [POLLING] 종료 | 큐: 0건 | 번들맵: 4개
[2026-07-14 14:19:24] INFO: [POLLING] 시작 | 큐: 0건 | 처리중: 4건 | 번들: ID:55698(1건), ID:55700(1건), ID:55701(1건), ID:55704(1건)
[2026-07-14 14:19:24] INFO: [POLLING] 종료 | 큐: 0건 | 번들맵: 4개
[2026-07-14 14:19:34] INFO: [POLLING] 시작 | 큐: 0건 | 처리중: 4건 | 번들: ID:55698(1건), ID:55700(1건), ID:55701(1건), ID:55704(1건)
[2026-07-14 14:19:34] INFO: [POLLING] 종료 | 큐: 0건 | 번들맵: 4개
[2026-07-14 14:19:35] INFO: [REQ] contents=check-event | id=undefined
[2026-07-14 14:19:44] INFO: [POLLING] 시작 | 큐: 0건 | 처리중: 4건 | 번들: ID:55698(1건), ID:55700(1건), ID:55701(1건), ID:55704(1건)
[2026-07-14 14:19:44] INFO: [POLLING] 종료 | 큐: 0건 | 번들맵: 4개
[2026-07-14 14:19:54] INFO: [POLLING] 시작 | 큐: 0건 | 처리중: 4건 | 번들: ID:55698(1건), ID:55700(1건), ID:55701(1건), ID:55704(1건)
[2026-07-14 14:19:54] INFO: [POLLING] 종료 | 큐: 0건 | 번들맵: 4개
[2026-07-14 14:20:04] INFO: [POLLING] 시작 | 큐: 0건 | 처리중: 4건 | 번들: ID:55698(1건), ID:55700(1건), ID:55701(1건), ID:55704(1건)
[2026-07-14 14:20:04] INFO: [POLLING] 종료 | 큐: 0건 | 번들맵: 4개
[2026-07-14 14:20:14] INFO: [POLLING] 시작 | 큐: 0건 | 처리중: 4건 | 번들: ID:55698(1건), ID:55700(1건), ID:55701(1건), ID:55704(1건)
[2026-07-14 14:20:14] INFO: [POLLING] 종료 | 큐: 0건 | 번들맵: 4개
[2026-07-14 14:20:24] INFO: [POLLING] 시작 | 큐: 0건 | 처리중: 4건 | 번들: ID:55698(1건), ID:55700(1건), ID:55701(1건), ID:55704(1건)
[2026-07-14 14:20:24] INFO: [POLLING] 종료 | 큐: 0건 | 번들맵: 4개
[2026-07-14 14:20:34] INFO: [POLLING] 시작 | 큐: 0건 | 처리중: 4건 | 번들: ID:55698(1건), ID:55700(1건), ID:55701(1건), ID:55704(1건)
[2026-07-14 14:20:34] INFO: [POLLING] 종료 | 큐: 0건 | 번들맵: 4개
[2026-07-14 14:20:39] INFO: [REQ] contents=check-event | id=undefined
[2026-07-14 14:20:44] INFO: [POLLING] 시작 | 큐: 0건 | 처리중: 4건 | 번들: ID:55698(1건), ID:55700(1건), ID:55701(1건), ID:55704(1건)
[2026-07-14 14:20:44] INFO: [POLLING] 종료 | 큐: 0건 | 번들맵: 4개
[2026-07-14 14:20:54] INFO: [POLLING] 시작 | 큐: 0건 | 처리중: 4건 | 번들: ID:55698(1건), ID:55700(1건), ID:55701(1건), ID:55704(1건)
[2026-07-14 14:20:54] INFO: [POLLING] 종료 | 큐: 0건 | 번들맵: 4개
[2026-07-14 14:21:04] INFO: [POLLING] 시작 | 큐: 0건 | 처리중: 4건 | 번들: ID:55698(1건), ID:55700(1건), ID:55701(1건), ID:55704(1건)
[2026-07-14 14:21:04] INFO: [POLLING] 종료 | 큐: 0건 | 번들맵: 4개
[2026-07-14 14:21:14] INFO: [POLLING] 시작 | 큐: 0건 | 처리중: 4건 | 번들: ID:55698(1건), ID:55700(1건), ID:55701(1건), ID:55704(1건)
[2026-07-14 14:21:14] INFO: [POLLING] 종료 | 큐: 0건 | 번들맵: 4개
[2026-07-14 14:21:24] INFO: [POLLING] 시작 | 큐: 0건 | 처리중: 4건 | 번들: ID:55698(1건), ID:55700(1건), ID:55701(1건), ID:55704(1건)
[2026-07-14 14:21:24] INFO: [POLLING] 종료 | 큐: 0건 | 번들맵: 4개
[2026-07-14 14:21:25] INFO: [REQ] contents=check-event | id=undefined
[2026-07-14 14:21:34] INFO: [POLLING] 시작 | 큐: 0건 | 처리중: 4건 | 번들: ID:55698(1건), ID:55700(1건), ID:55701(1건), ID:55704(1건)
[2026-07-14 14:21:34] INFO: [POLLING] 종료 | 큐: 0건 | 번들맵: 4개
[2026-07-14 14:21:44] INFO: [POLLING] 시작 | 큐: 0건 | 처리중: 4건 | 번들: ID:55698(1건), ID:55700(1건), ID:55701(1건), ID:55704(1건)
[2026-07-14 14:21:44] INFO: [POLLING] 종료 | 큐: 0건 | 번들맵: 4개
[2026-07-14 14:21:54] INFO: [POLLING] 시작 | 큐: 0건 | 처리중: 4건 | 번들: ID:55698(1건), ID:55700(1건), ID:55701(1건), ID:55704(1건)
[2026-07-14 14:21:54] INFO: [POLLING] 종료 | 큐: 0건 | 번들맵: 4개
[2026-07-14 14:22:04] INFO: [POLLING] 시작 | 큐: 0건 | 처리중: 4건 | 번들: ID:55698(1건), ID:55700(1건), ID:55701(1건), ID:55704(1건)
[2026-07-14 14:22:04] INFO: [POLLING] 종료 | 큐: 0건 | 번들맵: 4개
[2026-07-14 14:22:14] INFO: [POLLING] 시작 | 큐: 0건 | 처리중: 4건 | 번들: ID:55698(1건), ID:55700(1건), ID:55701(1건), ID:55704(1건)
[2026-07-14 14:22:14] INFO: [POLLING] 종료 | 큐: 0건 | 번들맵: 4개
[2026-07-14 14:22:24] INFO: [POLLING] 시작 | 큐: 0건 | 처리중: 4건 | 번들: ID:55698(1건), ID:55700(1건), ID:55701(1건), ID:55704(1건)
[2026-07-14 14:22:24] INFO: [POLLING] 종료 | 큐: 0건 | 번들맵: 4개
[2026-07-14 14:22:29] INFO: [REQ] contents=check-event | id=undefined
[2026-07-14 14:22:34] INFO: [POLLING] 시작 | 큐: 0건 | 처리중: 4건 | 번들: ID:55698(1건), ID:55700(1건), ID:55701(1건), ID:55704(1건)
[2026-07-14 14:22:34] INFO: [POLLING] 종료 | 큐: 0건 | 번들맵: 4개
[2026-07-14 14:22:44] INFO: [POLLING] 시작 | 큐: 0건 | 처리중: 4건 | 번들: ID:55698(1건), ID:55700(1건), ID:55701(1건), ID:55704(1건)
[2026-07-14 14:22:44] INFO: [POLLING] 종료 | 큐: 0건 | 번들맵: 4개
[2026-07-14 14:22:54] INFO: [POLLING] 시작 | 큐: 0건 | 처리중: 4건 | 번들: ID:55698(1건), ID:55700(1건), ID:55701(1건), ID:55704(1건)
[2026-07-14 14:22:54] INFO: [POLLING] 종료 | 큐: 0건 | 번들맵: 4개
[2026-07-14 14:23:04] INFO: [POLLING] 시작 | 큐: 0건 | 처리중: 4건 | 번들: ID:55698(1건), ID:55700(1건), ID:55701(1건), ID:55704(1건)
[2026-07-14 14:23:04] INFO: [POLLING] 종료 | 큐: 0건 | 번들맵: 4개
[2026-07-14 14:23:06] INFO: [REQ] contents=check-event | id=undefined
[2026-07-14 14:23:14] INFO: [POLLING] 시작 | 큐: 0건 | 처리중: 4건 | 번들: ID:55698(1건), ID:55700(1건), ID:55701(1건), ID:55704(1건)
[2026-07-14 14:23:14] INFO: [POLLING] 종료 | 큐: 0건 | 번들맵: 4개
[2026-07-14 14:23:24] INFO: [POLLING] 시작 | 큐: 0건 | 처리중: 4건 | 번들: ID:55698(1건), ID:55700(1건), ID:55701(1건), ID:55704(1건)
[2026-07-14 14:23:24] INFO: [POLLING] 종료 | 큐: 0건 | 번들맵: 4개
[2026-07-14 14:23:34] INFO: [POLLING] 시작 | 큐: 0건 | 처리중: 4건 | 번들: ID:55698(1건), ID:55700(1건), ID:55701(1건), ID:55704(1건)
[2026-07-14 14:23:34] INFO: [POLLING] 종료 | 큐: 0건 | 번들맵: 4개
[2026-07-14 14:23:44] INFO: [POLLING] 시작 | 큐: 0건 | 처리중: 4건 | 번들: ID:55698(1건), ID:55700(1건), ID:55701(1건), ID:55704(1건)
[2026-07-14 14:23:44] INFO: [POLLING] 종료 | 큐: 0건 | 번들맵: 4개
[2026-07-14 14:23:54] INFO: [POLLING] 시작 | 큐: 0건 | 처리중: 4건 | 번들: ID:55698(1건), ID:55700(1건), ID:55701(1건), ID:55704(1건)
[2026-07-14 14:23:54] INFO: [POLLING] 종료 | 큐: 0건 | 번들맵: 4개
[2026-07-14 14:24:04] INFO: [POLLING] 시작 | 큐: 0건 | 처리중: 4건 | 번들: ID:55698(1건), ID:55700(1건), ID:55701(1건), ID:55704(1건)
[2026-07-14 14:24:04] INFO: [POLLING] 종료 | 큐: 0건 | 번들맵: 4개
[2026-07-14 14:24:09] INFO: [REQ] contents=check-event | id=undefined
[2026-07-14 14:24:14] INFO: [POLLING] 시작 | 큐: 0건 | 처리중: 4건 | 번들: ID:55698(1건), ID:55700(1건), ID:55701(1건), ID:55704(1건)
[2026-07-14 14:24:14] INFO: [POLLING] 종료 | 큐: 0건 | 번들맵: 4개
[2026-07-14 14:24:24] INFO: [POLLING] 시작 | 큐: 0건 | 처리중: 4건 | 번들: ID:55698(1건), ID:55700(1건), ID:55701(1건), ID:55704(1건)
[2026-07-14 14:24:24] INFO: [POLLING] 종료 | 큐: 0건 | 번들맵: 4개
[2026-07-14 14:24:34] INFO: [POLLING] 시작 | 큐: 0건 | 처리중: 4건 | 번들: ID:55698(1건), ID:55700(1건), ID:55701(1건), ID:55704(1건)
[2026-07-14 14:24:34] INFO: [POLLING] 종료 | 큐: 0건 | 번들맵: 4개
[2026-07-14 14:24:36] INFO: [REQ] contents=check-event | id=undefined
[2026-07-14 14:24:44] INFO: [POLLING] 시작 | 큐: 0건 | 처리중: 4건 | 번들: ID:55698(1건), ID:55700(1건), ID:55701(1건), ID:55704(1건)
[2026-07-14 14:24:44] INFO: [POLLING] 종료 | 큐: 0건 | 번들맵: 4개
[2026-07-14 14:24:54] INFO: [POLLING] 시작 | 큐: 0건 | 처리중: 4건 | 번들: ID:55698(1건), ID:55700(1건), ID:55701(1건), ID:55704(1건)
[2026-07-14 14:24:54] INFO: [POLLING] 종료 | 큐: 0건 | 번들맵: 4개
[2026-07-14 14:25:04] INFO: [POLLING] 시작 | 큐: 0건 | 처리중: 4건 | 번들: ID:55698(1건), ID:55700(1건), ID:55701(1건), ID:55704(1건)
[2026-07-14 14:25:04] INFO: [POLLING] 종료 | 큐: 0건 | 번들맵: 4개
[2026-07-14 14:25:14] INFO: [POLLING] 시작 | 큐: 0건 | 처리중: 4건 | 번들: ID:55698(1건), ID:55700(1건), ID:55701(1건), ID:55704(1건)
[2026-07-14 14:25:14] INFO: [POLLING] 종료 | 큐: 0건 | 번들맵: 4개
[2026-07-14 14:25:24] INFO: [POLLING] 시작 | 큐: 0건 | 처리중: 4건 | 번들: ID:55698(1건), ID:55700(1건), ID:55701(1건), ID:55704(1건)
[2026-07-14 14:25:24] INFO: [POLLING] 종료 | 큐: 0건 | 번들맵: 4개
[2026-07-14 14:25:34] INFO: [POLLING] 시작 | 큐: 0건 | 처리중: 4건 | 번들: ID:55698(1건), ID:55700(1건), ID:55701(1건), ID:55704(1건)
[2026-07-14 14:25:34] INFO: [POLLING] 종료 | 큐: 0건 | 번들맵: 4개
[2026-07-14 14:25:39] INFO: [REQ] contents=check-event | id=undefined
[2026-07-14 14:25:44] INFO: [POLLING] 시작 | 큐: 0건 | 처리중: 4건 | 번들: ID:55698(1건), ID:55700(1건), ID:55701(1건), ID:55704(1건)
[2026-07-14 14:25:44] INFO: [POLLING] 종료 | 큐: 0건 | 번들맵: 4개
[2026-07-14 14:25:54] INFO: [POLLING] 시작 | 큐: 0건 | 처리중: 4건 | 번들: ID:55698(1건), ID:55700(1건), ID:55701(1건), ID:55704(1건)
[2026-07-14 14:25:54] INFO: [POLLING] 종료 | 큐: 0건 | 번들맵: 4개
[2026-07-14 14:26:04] INFO: [POLLING] 시작 | 큐: 0건 | 처리중: 4건 | 번들: ID:55698(1건), ID:55700(1건), ID:55701(1건), ID:55704(1건)
[2026-07-14 14:26:04] INFO: [POLLING] 종료 | 큐: 0건 | 번들맵: 4개
[2026-07-14 14:26:14] INFO: [POLLING] 시작 | 큐: 0건 | 처리중: 4건 | 번들: ID:55698(1건), ID:55700(1건), ID:55701(1건), ID:55704(1건)
[2026-07-14 14:26:14] INFO: [POLLING] 종료 | 큐: 0건 | 번들맵: 4개
[2026-07-14 14:26:24] INFO: [POLLING] 시작 | 큐: 0건 | 처리중: 4건 | 번들: ID:55698(1건), ID:55700(1건), ID:55701(1건), ID:55704(1건)
[2026-07-14 14:26:24] INFO: [POLLING] 종료 | 큐: 0건 | 번들맵: 4개
[2026-07-14 14:26:26] INFO: [REQ] contents=check-event | id=undefined
[2026-07-14 14:26:34] INFO: [POLLING] 시작 | 큐: 0건 | 처리중: 4건 | 번들: ID:55698(1건), ID:55700(1건), ID:55701(1건), ID:55704(1건)
[2026-07-14 14:26:34] INFO: [POLLING] 종료 | 큐: 0건 | 번들맵: 4개
[2026-07-14 14:26:44] INFO: [POLLING] 시작 | 큐: 0건 | 처리중: 4건 | 번들: ID:55698(1건), ID:55700(1건), ID:55701(1건), ID:55704(1건)
[2026-07-14 14:26:44] INFO: [POLLING] 종료 | 큐: 0건 | 번들맵: 4개
[2026-07-14 14:26:54] INFO: [POLLING] 시작 | 큐: 0건 | 처리중: 4건 | 번들: ID:55698(1건), ID:55700(1건), ID:55701(1건), ID:55704(1건)
[2026-07-14 14:26:54] INFO: [POLLING] 종료 | 큐: 0건 | 번들맵: 4개
[2026-07-14 14:27:04] INFO: [POLLING] 시작 | 큐: 0건 | 처리중: 4건 | 번들: ID:55698(1건), ID:55700(1건), ID:55701(1건), ID:55704(1건)
[2026-07-14 14:27:04] INFO: [POLLING] 종료 | 큐: 0건 | 번들맵: 4개
[2026-07-14 14:27:14] INFO: [POLLING] 시작 | 큐: 0건 | 처리중: 4건 | 번들: ID:55698(1건), ID:55700(1건), ID:55701(1건), ID:55704(1건)
[2026-07-14 14:27:14] INFO: [POLLING] 종료 | 큐: 0건 | 번들맵: 4개
[2026-07-14 14:27:24] INFO: [POLLING] 시작 | 큐: 0건 | 처리중: 4건 | 번들: ID:55698(1건), ID:55700(1건), ID:55701(1건), ID:55704(1건)
[2026-07-14 14:27:24] INFO: [POLLING] 종료 | 큐: 0건 | 번들맵: 4개
[2026-07-14 14:27:29] INFO: [REQ] contents=check-event | id=undefined
[2026-07-14 14:27:34] INFO: [POLLING] 시작 | 큐: 0건 | 처리중: 4건 | 번들: ID:55698(1건), ID:55700(1건), ID:55701(1건), ID:55704(1건)
[2026-07-14 14:27:34] INFO: [POLLING] 종료 | 큐: 0건 | 번들맵: 4개
[2026-07-14 14:27:44] INFO: [POLLING] 시작 | 큐: 0건 | 처리중: 4건 | 번들: ID:55698(1건), ID:55700(1건), ID:55701(1건), ID:55704(1건)
[2026-07-14 14:27:44] INFO: [POLLING] 종료 | 큐: 0건 | 번들맵: 4개
[2026-07-14 14:27:54] INFO: [POLLING] 시작 | 큐: 0건 | 처리중: 4건 | 번들: ID:55698(1건), ID:55700(1건), ID:55701(1건), ID:55704(1건)
[2026-07-14 14:27:54] INFO: [POLLING] 종료 | 큐: 0건 | 번들맵: 4개
[2026-07-14 14:28:04] INFO: [POLLING] 시작 | 큐: 0건 | 처리중: 4건 | 번들: ID:55698(1건), ID:55700(1건), ID:55701(1건), ID:55704(1건)
[2026-07-14 14:28:04] INFO: [POLLING] 종료 | 큐: 0건 | 번들맵: 4개
[2026-07-14 14:28:06] INFO: [REQ] contents=check-event | id=undefined
[2026-07-14 14:28:14] INFO: [POLLING] 시작 | 큐: 0건 | 처리중: 4건 | 번들: ID:55698(1건), ID:55700(1건), ID:55701(1건), ID:55704(1건)
[2026-07-14 14:28:14] INFO: [POLLING] 종료 | 큐: 0건 | 번들맵: 4개
[2026-07-14 14:28:24] INFO: [POLLING] 시작 | 큐: 0건 | 처리중: 4건 | 번들: ID:55698(1건), ID:55700(1건), ID:55701(1건), ID:55704(1건)
[2026-07-14 14:28:24] INFO: [POLLING] 종료 | 큐: 0건 | 번들맵: 4개
[2026-07-14 14:28:34] INFO: [POLLING] 시작 | 큐: 0건 | 처리중: 4건 | 번들: ID:55698(1건), ID:55700(1건), ID:55701(1건), ID:55704(1건)
[2026-07-14 14:28:34] INFO: [POLLING] 종료 | 큐: 0건 | 번들맵: 4개
[2026-07-14 14:28:44] INFO: [POLLING] 시작 | 큐: 0건 | 처리중: 4건 | 번들: ID:55698(1건), ID:55700(1건), ID:55701(1건), ID:55704(1건)
[2026-07-14 14:28:44] INFO: [POLLING] 종료 | 큐: 0건 | 번들맵: 4개
[2026-07-14 14:28:54] INFO: [POLLING] 시작 | 큐: 0건 | 처리중: 4건 | 번들: ID:55698(1건), ID:55700(1건), ID:55701(1건), ID:55704(1건)
[2026-07-14 14:28:54] INFO: [POLLING] 종료 | 큐: 0건 | 번들맵: 4개
[2026-07-14 14:29:04] INFO: [POLLING] 시작 | 큐: 0건 | 처리중: 4건 | 번들: ID:55698(1건), ID:55700(1건), ID:55701(1건), ID:55704(1건)
[2026-07-14 14:29:04] INFO: [POLLING] 종료 | 큐: 0건 | 번들맵: 4개
[2026-07-14 14:29:10] INFO: [REQ] contents=check-event | id=undefined
[2026-07-14 14:29:14] INFO: [POLLING] 시작 | 큐: 0건 | 처리중: 4건 | 번들: ID:55698(1건), ID:55700(1건), ID:55701(1건), ID:55704(1건)
[2026-07-14 14:29:14] INFO: [POLLING] 종료 | 큐: 0건 | 번들맵: 4개
[2026-07-14 14:29:24] INFO: [POLLING] 시작 | 큐: 0건 | 처리중: 4건 | 번들: ID:55698(1건), ID:55700(1건), ID:55701(1건), ID:55704(1건)
[2026-07-14 14:29:24] INFO: [POLLING] 종료 | 큐: 0건 | 번들맵: 4개
[2026-07-14 14:29:34] INFO: [POLLING] 시작 | 큐: 0건 | 처리중: 4건 | 번들: ID:55698(1건), ID:55700(1건), ID:55701(1건), ID:55704(1건)
[2026-07-14 14:29:34] INFO: [POLLING] 종료 | 큐: 0건 | 번들맵: 4개
[2026-07-14 14:29:36] INFO: [REQ] contents=check-event | id=undefined
[2026-07-14 14:29:44] INFO: [POLLING] 시작 | 큐: 0건 | 처리중: 4건 | 번들: ID:55698(1건), ID:55700(1건), ID:55701(1건), ID:55704(1건)
[2026-07-14 14:29:44] INFO: [POLLING] 종료 | 큐: 0건 | 번들맵: 4개
[2026-07-14 14:29:54] INFO: [POLLING] 시작 | 큐: 0건 | 처리중: 4건 | 번들: ID:55698(1건), ID:55700(1건), ID:55701(1건), ID:55704(1건)
[2026-07-14 14:29:54] INFO: [POLLING] 종료 | 큐: 0건 | 번들맵: 4개
[2026-07-14 14:30:04] INFO: [POLLING] 시작 | 큐: 0건 | 처리중: 4건 | 번들: ID:55698(1건), ID:55700(1건), ID:55701(1건), ID:55704(1건)
[2026-07-14 14:30:04] INFO: [POLLING] 종료 | 큐: 0건 | 번들맵: 4개
[2026-07-14 14:30:14] INFO: [POLLING] 시작 | 큐: 0건 | 처리중: 4건 | 번들: ID:55698(1건), ID:55700(1건), ID:55701(1건), ID:55704(1건)
[2026-07-14 14:30:14] INFO: [POLLING] 종료 | 큐: 0건 | 번들맵: 4개
[2026-07-14 14:30:24] INFO: [POLLING] 시작 | 큐: 0건 | 처리중: 4건 | 번들: ID:55698(1건), ID:55700(1건), ID:55701(1건), ID:55704(1건)
[2026-07-14 14:30:24] INFO: [POLLING] 종료 | 큐: 0건 | 번들맵: 4개
[2026-07-14 14:30:30] INFO: [REQ] contents=check-event | id=undefined
[2026-07-14 14:30:34] INFO: [POLLING] 시작 | 큐: 0건 | 처리중: 4건 | 번들: ID:55698(1건), ID:55700(1건), ID:55701(1건), ID:55704(1건)
[2026-07-14 14:30:34] INFO: [POLLING] 종료 | 큐: 0건 | 번들맵: 4개
[2026-07-14 14:30:44] INFO: [POLLING] 시작 | 큐: 0건 | 처리중: 4건 | 번들: ID:55698(1건), ID:55700(1건), ID:55701(1건), ID:55704(1건)
[2026-07-14 14:30:44] INFO: [POLLING] 종료 | 큐: 0건 | 번들맵: 4개
[2026-07-14 14:30:54] INFO: [POLLING] 시작 | 큐: 0건 | 처리중: 4건 | 번들: ID:55698(1건), ID:55700(1건), ID:55701(1건), ID:55704(1건)
[2026-07-14 14:30:54] INFO: [POLLING] 종료 | 큐: 0건 | 번들맵: 4개
[2026-07-14 14:31:04] INFO: [POLLING] 시작 | 큐: 0건 | 처리중: 4건 | 번들: ID:55698(1건), ID:55700(1건), ID:55701(1건), ID:55704(1건)
[2026-07-14 14:31:04] INFO: [POLLING] 종료 | 큐: 0건 | 번들맵: 4개
[2026-07-14 14:31:14] INFO: [POLLING] 시작 | 큐: 0건 | 처리중: 4건 | 번들: ID:55698(1건), ID:55700(1건), ID:55701(1건), ID:55704(1건)
[2026-07-14 14:31:14] INFO: [POLLING] 종료 | 큐: 0건 | 번들맵: 4개
[2026-07-14 14:31:24] INFO: [POLLING] 시작 | 큐: 0건 | 처리중: 4건 | 번들: ID:55698(1건), ID:55700(1건), ID:55701(1건), ID:55704(1건)
[2026-07-14 14:31:24] INFO: [POLLING] 종료 | 큐: 0건 | 번들맵: 4개
[2026-07-14 14:31:26] INFO: [REQ] contents=check-event | id=undefined
[2026-07-14 14:31:34] INFO: [POLLING] 시작 | 큐: 0건 | 처리중: 4건 | 번들: ID:55698(1건), ID:55700(1건), ID:55701(1건), ID:55704(1건)
[2026-07-14 14:31:34] INFO: [POLLING] 종료 | 큐: 0건 | 번들맵: 4개
[2026-07-14 14:31:44] INFO: [POLLING] 시작 | 큐: 0건 | 처리중: 4건 | 번들: ID:55698(1건), ID:55700(1건), ID:55701(1건), ID:55704(1건)
[2026-07-14 14:31:44] INFO: [POLLING] 종료 | 큐: 0건 | 번들맵: 4개
[2026-07-14 14:31:54] INFO: [POLLING] 시작 | 큐: 0건 | 처리중: 4건 | 번들: ID:55698(1건), ID:55700(1건), ID:55701(1건), ID:55704(1건)
[2026-07-14 14:31:54] INFO: [POLLING] 종료 | 큐: 0건 | 번들맵: 4개
[2026-07-14 14:32:04] INFO: [POLLING] 시작 | 큐: 0건 | 처리중: 4건 | 번들: ID:55698(1건), ID:55700(1건), ID:55701(1건), ID:55704(1건)
[2026-07-14 14:32:04] INFO: [POLLING] 종료 | 큐: 0건 | 번들맵: 4개
[2026-07-14 14:32:14] INFO: [POLLING] 시작 | 큐: 0건 | 처리중: 4건 | 번들: ID:55698(1건), ID:55700(1건), ID:55701(1건), ID:55704(1건)
[2026-07-14 14:32:15] INFO: [POLLING] 종료 | 큐: 0건 | 번들맵: 4개
[2026-07-14 14:32:20] INFO: [REQ] contents=check-event | id=undefined
[2026-07-14 14:32:24] INFO: [POLLING] 시작 | 큐: 0건 | 처리중: 4건 | 번들: ID:55698(1건), ID:55700(1건), ID:55701(1건), ID:55704(1건)
[2026-07-14 14:32:25] INFO: [POLLING] 종료 | 큐: 0건 | 번들맵: 4개
[2026-07-14 14:32:34] INFO: [POLLING] 시작 | 큐: 0건 | 처리중: 4건 | 번들: ID:55698(1건), ID:55700(1건), ID:55701(1건), ID:55704(1건)
[2026-07-14 14:32:35] INFO: [POLLING] 종료 | 큐: 0건 | 번들맵: 4개
[2026-07-14 14:32:44] INFO: [POLLING] 시작 | 큐: 0건 | 처리중: 4건 | 번들: ID:55698(1건), ID:55700(1건), ID:55701(1건), ID:55704(1건)
[2026-07-14 14:32:45] INFO: [POLLING] 종료 | 큐: 0건 | 번들맵: 4개
[2026-07-14 14:32:54] INFO: [POLLING] 시작 | 큐: 0건 | 처리중: 4건 | 번들: ID:55698(1건), ID:55700(1건), ID:55701(1건), ID:55704(1건)
[2026-07-14 14:32:55] INFO: [POLLING] 종료 | 큐: 0건 | 번들맵: 4개
[2026-07-14 14:33:04] INFO: [POLLING] 시작 | 큐: 0건 | 처리중: 4건 | 번들: ID:55698(1건), ID:55700(1건), ID:55701(1건), ID:55704(1건)
[2026-07-14 14:33:05] INFO: [POLLING] 종료 | 큐: 0건 | 번들맵: 4개
[2026-07-14 14:33:07] INFO: [REQ] contents=check-event | id=undefined
[2026-07-14 14:33:14] INFO: [POLLING] 시작 | 큐: 0건 | 처리중: 4건 | 번들: ID:55698(1건), ID:55700(1건), ID:55701(1건), ID:55704(1건)
[2026-07-14 14:33:15] INFO: [POLLING] 종료 | 큐: 0건 | 번들맵: 4개
[2026-07-14 14:33:25] INFO: [POLLING] 시작 | 큐: 0건 | 처리중: 4건 | 번들: ID:55698(1건), ID:55700(1건), ID:55701(1건), ID:55704(1건)
[2026-07-14 14:33:25] INFO: [POLLING] 종료 | 큐: 0건 | 번들맵: 4개
[2026-07-14 14:33:35] INFO: [POLLING] 시작 | 큐: 0건 | 처리중: 4건 | 번들: ID:55698(1건), ID:55700(1건), ID:55701(1건), ID:55704(1건)
[2026-07-14 14:33:35] INFO: [POLLING] 종료 | 큐: 0건 | 번들맵: 4개
[2026-07-14 14:33:45] INFO: [POLLING] 시작 | 큐: 0건 | 처리중: 4건 | 번들: ID:55698(1건), ID:55700(1건), ID:55701(1건), ID:55704(1건)
[2026-07-14 14:33:45] INFO: [POLLING] 종료 | 큐: 0건 | 번들맵: 4개
[2026-07-14 14:33:55] INFO: [POLLING] 시작 | 큐: 0건 | 처리중: 4건 | 번들: ID:55698(1건), ID:55700(1건), ID:55701(1건), ID:55704(1건)
[2026-07-14 14:33:55] INFO: [POLLING] 종료 | 큐: 0건 | 번들맵: 4개
[2026-07-14 14:34:00] INFO: [REQ] contents=check-event | id=undefined
[2026-07-14 14:34:05] INFO: [POLLING] 시작 | 큐: 0건 | 처리중: 4건 | 번들: ID:55698(1건), ID:55700(1건), ID:55701(1건), ID:55704(1건)
[2026-07-14 14:34:05] INFO: [POLLING] 종료 | 큐: 0건 | 번들맵: 4개
[2026-07-14 14:34:15] INFO: [POLLING] 시작 | 큐: 0건 | 처리중: 4건 | 번들: ID:55698(1건), ID:55700(1건), ID:55701(1건), ID:55704(1건)
[2026-07-14 14:34:15] INFO: [POLLING] 종료 | 큐: 0건 | 번들맵: 4개
[2026-07-14 14:34:25] INFO: [POLLING] 시작 | 큐: 0건 | 처리중: 4건 | 번들: ID:55698(1건), ID:55700(1건), ID:55701(1건), ID:55704(1건)
[2026-07-14 14:34:25] INFO: [POLLING] 종료 | 큐: 0건 | 번들맵: 4개
[2026-07-14 14:34:35] INFO: [POLLING] 시작 | 큐: 0건 | 처리중: 4건 | 번들: ID:55698(1건), ID:55700(1건), ID:55701(1건), ID:55704(1건)
[2026-07-14 14:34:35] INFO: [POLLING] 종료 | 큐: 0건 | 번들맵: 4개
[2026-07-14 14:34:37] INFO: [REQ] contents=check-event | id=undefined
[2026-07-14 14:34:45] INFO: [POLLING] 시작 | 큐: 0건 | 처리중: 4건 | 번들: ID:55698(1건), ID:55700(1건), ID:55701(1건), ID:55704(1건)
[2026-07-14 14:34:45] INFO: [POLLING] 종료 | 큐: 0건 | 번들맵: 4개
[2026-07-14 14:34:55] INFO: [POLLING] 시작 | 큐: 0건 | 처리중: 4건 | 번들: ID:55698(1건), ID:55700(1건), ID:55701(1건), ID:55704(1건)
[2026-07-14 14:34:55] INFO: [POLLING] 종료 | 큐: 0건 | 번들맵: 4개
[2026-07-14 14:35:05] INFO: [POLLING] 시작 | 큐: 0건 | 처리중: 4건 | 번들: ID:55698(1건), ID:55700(1건), ID:55701(1건), ID:55704(1건)
[2026-07-14 14:35:05] INFO: [POLLING] 종료 | 큐: 0건 | 번들맵: 4개
[2026-07-14 14:35:15] INFO: [POLLING] 시작 | 큐: 0건 | 처리중: 4건 | 번들: ID:55698(1건), ID:55700(1건), ID:55701(1건), ID:55704(1건)
[2026-07-14 14:35:15] INFO: [POLLING] 종료 | 큐: 0건 | 번들맵: 4개
[2026-07-14 14:35:25] INFO: [POLLING] 시작 | 큐: 0건 | 처리중: 4건 | 번들: ID:55698(1건), ID:55700(1건), ID:55701(1건), ID:55704(1건)
[2026-07-14 14:35:25] INFO: [POLLING] 종료 | 큐: 0건 | 번들맵: 4개
[2026-07-14 14:35:30] INFO: [REQ] contents=check-event | id=undefined
[2026-07-14 14:35:35] INFO: [POLLING] 시작 | 큐: 0건 | 처리중: 4건 | 번들: ID:55698(1건), ID:55700(1건), ID:55701(1건), ID:55704(1건)
[2026-07-14 14:35:35] INFO: [POLLING] 종료 | 큐: 0건 | 번들맵: 4개
[2026-07-14 14:35:45] INFO: [POLLING] 시작 | 큐: 0건 | 처리중: 4건 | 번들: ID:55698(1건), ID:55700(1건), ID:55701(1건), ID:55704(1건)
[2026-07-14 14:35:45] INFO: [POLLING] 종료 | 큐: 0건 | 번들맵: 4개
[2026-07-14 14:35:55] INFO: [POLLING] 시작 | 큐: 0건 | 처리중: 4건 | 번들: ID:55698(1건), ID:55700(1건), ID:55701(1건), ID:55704(1건)
[2026-07-14 14:35:55] INFO: [POLLING] 종료 | 큐: 0건 | 번들맵: 4개
[2026-07-14 14:36:05] INFO: [POLLING] 시작 | 큐: 0건 | 처리중: 4건 | 번들: ID:55698(1건), ID:55700(1건), ID:55701(1건), ID:55704(1건)
[2026-07-14 14:36:05] INFO: [POLLING] 종료 | 큐: 0건 | 번들맵: 4개
[2026-07-14 14:36:15] INFO: [POLLING] 시작 | 큐: 0건 | 처리중: 4건 | 번들: ID:55698(1건), ID:55700(1건), ID:55701(1건), ID:55704(1건)
[2026-07-14 14:36:15] INFO: [POLLING] 종료 | 큐: 0건 | 번들맵: 4개
[2026-07-14 14:36:25] INFO: [POLLING] 시작 | 큐: 0건 | 처리중: 4건 | 번들: ID:55698(1건), ID:55700(1건), ID:55701(1건), ID:55704(1건)
[2026-07-14 14:36:25] INFO: [POLLING] 종료 | 큐: 0건 | 번들맵: 4개
[2026-07-14 14:36:27] INFO: [REQ] contents=check-event | id=undefined
[2026-07-14 14:36:35] INFO: [POLLING] 시작 | 큐: 0건 | 처리중: 4건 | 번들: ID:55698(1건), ID:55700(1건), ID:55701(1건), ID:55704(1건)
[2026-07-14 14:36:35] INFO: [POLLING] 종료 | 큐: 0건 | 번들맵: 4개
[2026-07-14 14:36:45] INFO: [POLLING] 시작 | 큐: 0건 | 처리중: 4건 | 번들: ID:55698(1건), ID:55700(1건), ID:55701(1건), ID:55704(1건)
[2026-07-14 14:36:45] INFO: [POLLING] 종료 | 큐: 0건 | 번들맵: 4개
[2026-07-14 14:36:55] INFO: [POLLING] 시작 | 큐: 0건 | 처리중: 4건 | 번들: ID:55698(1건), ID:55700(1건), ID:55701(1건), ID:55704(1건)
[2026-07-14 14:36:55] INFO: [POLLING] 종료 | 큐: 0건 | 번들맵: 4개
[2026-07-14 14:37:05] INFO: [POLLING] 시작 | 큐: 0건 | 처리중: 4건 | 번들: ID:55698(1건), ID:55700(1건), ID:55701(1건), ID:55704(1건)
[2026-07-14 14:37:05] INFO: [POLLING] 종료 | 큐: 0건 | 번들맵: 4개
[2026-07-14 14:37:15] INFO: [POLLING] 시작 | 큐: 0건 | 처리중: 4건 | 번들: ID:55698(1건), ID:55700(1건), ID:55701(1건), ID:55704(1건)
[2026-07-14 14:37:15] INFO: [POLLING] 종료 | 큐: 0건 | 번들맵: 4개
[2026-07-14 14:37:20] INFO: [REQ] contents=check-event | id=undefined
[2026-07-14 14:37:25] INFO: [POLLING] 시작 | 큐: 0건 | 처리중: 4건 | 번들: ID:55698(1건), ID:55700(1건), ID:55701(1건), ID:55704(1건)
[2026-07-14 14:37:25] INFO: [POLLING] 종료 | 큐: 0건 | 번들맵: 4개
[2026-07-14 14:37:35] INFO: [POLLING] 시작 | 큐: 0건 | 처리중: 4건 | 번들: ID:55698(1건), ID:55700(1건), ID:55701(1건), ID:55704(1건)
[2026-07-14 14:37:35] INFO: [POLLING] 종료 | 큐: 0건 | 번들맵: 4개
[2026-07-14 14:37:45] INFO: [POLLING] 시작 | 큐: 0건 | 처리중: 4건 | 번들: ID:55698(1건), ID:55700(1건), ID:55701(1건), ID:55704(1건)
[2026-07-14 14:37:45] INFO: [POLLING] 종료 | 큐: 0건 | 번들맵: 4개
[2026-07-14 14:37:55] INFO: [POLLING] 시작 | 큐: 0건 | 처리중: 4건 | 번들: ID:55698(1건), ID:55700(1건), ID:55701(1건), ID:55704(1건)
[2026-07-14 14:37:55] INFO: [POLLING] 종료 | 큐: 0건 | 번들맵: 4개
[2026-07-14 14:38:05] INFO: [POLLING] 시작 | 큐: 0건 | 처리중: 4건 | 번들: ID:55698(1건), ID:55700(1건), ID:55701(1건), ID:55704(1건)
[2026-07-14 14:38:05] INFO: [POLLING] 종료 | 큐: 0건 | 번들맵: 4개
[2026-07-14 14:38:07] INFO: [REQ] contents=check-event | id=undefined
[2026-07-14 14:38:15] INFO: [POLLING] 시작 | 큐: 0건 | 처리중: 4건 | 번들: ID:55698(1건), ID:55700(1건), ID:55701(1건), ID:55704(1건)
[2026-07-14 14:38:15] INFO: [POLLING] 종료 | 큐: 0건 | 번들맵: 4개
[2026-07-14 14:38:25] INFO: [POLLING] 시작 | 큐: 0건 | 처리중: 4건 | 번들: ID:55698(1건), ID:55700(1건), ID:55701(1건), ID:55704(1건)
[2026-07-14 14:38:25] INFO: [POLLING] 종료 | 큐: 0건 | 번들맵: 4개
[2026-07-14 14:38:35] INFO: [POLLING] 시작 | 큐: 0건 | 처리중: 4건 | 번들: ID:55698(1건), ID:55700(1건), ID:55701(1건), ID:55704(1건)
[2026-07-14 14:38:35] INFO: [POLLING] 종료 | 큐: 0건 | 번들맵: 4개
[2026-07-14 14:38:45] INFO: [POLLING] 시작 | 큐: 0건 | 처리중: 4건 | 번들: ID:55698(1건), ID:55700(1건), ID:55701(1건), ID:55704(1건)
[2026-07-14 14:38:45] INFO: [POLLING] 종료 | 큐: 0건 | 번들맵: 4개
[2026-07-14 14:38:55] INFO: [POLLING] 시작 | 큐: 0건 | 처리중: 4건 | 번들: ID:55698(1건), ID:55700(1건), ID:55701(1건), ID:55704(1건)
[2026-07-14 14:38:55] INFO: [POLLING] 종료 | 큐: 0건 | 번들맵: 4개
[2026-07-14 14:39:01] INFO: [REQ] contents=check-event | id=undefined
[2026-07-14 14:39:05] INFO: [POLLING] 시작 | 큐: 0건 | 처리중: 4건 | 번들: ID:55698(1건), ID:55700(1건), ID:55701(1건), ID:55704(1건)
[2026-07-14 14:39:05] INFO: [POLLING] 종료 | 큐: 0건 | 번들맵: 4개
[2026-07-14 14:39:15] INFO: [POLLING] 시작 | 큐: 0건 | 처리중: 4건 | 번들: ID:55698(1건), ID:55700(1건), ID:55701(1건), ID:55704(1건)
[2026-07-14 14:39:15] INFO: [POLLING] 종료 | 큐: 0건 | 번들맵: 4개
[2026-07-14 14:39:25] INFO: [POLLING] 시작 | 큐: 0건 | 처리중: 4건 | 번들: ID:55698(1건), ID:55700(1건), ID:55701(1건), ID:55704(1건)
[2026-07-14 14:39:25] INFO: [POLLING] 종료 | 큐: 0건 | 번들맵: 4개
[2026-07-14 14:39:35] INFO: [POLLING] 시작 | 큐: 0건 | 처리중: 4건 | 번들: ID:55698(1건), ID:55700(1건), ID:55701(1건), ID:55704(1건)
[2026-07-14 14:39:35] INFO: [POLLING] 종료 | 큐: 0건 | 번들맵: 4개
[2026-07-14 14:39:37] INFO: [REQ] contents=check-event | id=undefined
[2026-07-14 14:39:45] INFO: [POLLING] 시작 | 큐: 0건 | 처리중: 4건 | 번들: ID:55698(1건), ID:55700(1건), ID:55701(1건), ID:55704(1건)
[2026-07-14 14:39:45] INFO: [POLLING] 종료 | 큐: 0건 | 번들맵: 4개
[2026-07-14 14:39:55] INFO: [POLLING] 시작 | 큐: 0건 | 처리중: 4건 | 번들: ID:55698(1건), ID:55700(1건), ID:55701(1건), ID:55704(1건)
[2026-07-14 14:39:55] INFO: [POLLING] 종료 | 큐: 0건 | 번들맵: 4개
[2026-07-14 14:40:05] INFO: [POLLING] 시작 | 큐: 0건 | 처리중: 4건 | 번들: ID:55698(1건), ID:55700(1건), ID:55701(1건), ID:55704(1건)
[2026-07-14 14:40:05] INFO: [POLLING] 종료 | 큐: 0건 | 번들맵: 4개
[2026-07-14 14:40:15] INFO: [POLLING] 시작 | 큐: 0건 | 처리중: 4건 | 번들: ID:55698(1건), ID:55700(1건), ID:55701(1건), ID:55704(1건)
[2026-07-14 14:40:15] INFO: [POLLING] 종료 | 큐: 0건 | 번들맵: 4개
[2026-07-14 14:40:25] INFO: [POLLING] 시작 | 큐: 0건 | 처리중: 4건 | 번들: ID:55698(1건), ID:55700(1건), ID:55701(1건), ID:55704(1건)
[2026-07-14 14:40:25] INFO: [POLLING] 종료 | 큐: 0건 | 번들맵: 4개
[2026-07-14 14:40:31] INFO: [REQ] contents=check-event | id=undefined
[2026-07-14 14:40:35] INFO: [POLLING] 시작 | 큐: 0건 | 처리중: 4건 | 번들: ID:55698(1건), ID:55700(1건), ID:55701(1건), ID:55704(1건)
[2026-07-14 14:40:35] INFO: [POLLING] 종료 | 큐: 0건 | 번들맵: 4개
[2026-07-14 14:40:45] INFO: [POLLING] 시작 | 큐: 0건 | 처리중: 4건 | 번들: ID:55698(1건), ID:55700(1건), ID:55701(1건), ID:55704(1건)
[2026-07-14 14:40:45] INFO: [POLLING] 종료 | 큐: 0건 | 번들맵: 4개
[2026-07-14 14:40:55] INFO: [POLLING] 시작 | 큐: 0건 | 처리중: 4건 | 번들: ID:55698(1건), ID:55700(1건), ID:55701(1건), ID:55704(1건)
[2026-07-14 14:40:55] INFO: [POLLING] 종료 | 큐: 0건 | 번들맵: 4개
[2026-07-14 14:41:05] INFO: [POLLING] 시작 | 큐: 0건 | 처리중: 4건 | 번들: ID:55698(1건), ID:55700(1건), ID:55701(1건), ID:55704(1건)
[2026-07-14 14:41:05] INFO: [POLLING] 종료 | 큐: 0건 | 번들맵: 4개
[2026-07-14 14:41:15] INFO: [POLLING] 시작 | 큐: 0건 | 처리중: 4건 | 번들: ID:55698(1건), ID:55700(1건), ID:55701(1건), ID:55704(1건)
[2026-07-14 14:41:15] INFO: [POLLING] 종료 | 큐: 0건 | 번들맵: 4개
[2026-07-14 14:41:25] INFO: [POLLING] 시작 | 큐: 0건 | 처리중: 4건 | 번들: ID:55698(1건), ID:55700(1건), ID:55701(1건), ID:55704(1건)
[2026-07-14 14:41:25] INFO: [POLLING] 종료 | 큐: 0건 | 번들맵: 4개
[2026-07-14 14:41:27] INFO: [REQ] contents=check-event | id=undefined
[2026-07-14 14:41:35] INFO: [POLLING] 시작 | 큐: 0건 | 처리중: 4건 | 번들: ID:55698(1건), ID:55700(1건), ID:55701(1건), ID:55704(1건)
[2026-07-14 14:41:35] INFO: [POLLING] 종료 | 큐: 0건 | 번들맵: 4개
[2026-07-14 14:41:45] INFO: [POLLING] 시작 | 큐: 0건 | 처리중: 4건 | 번들: ID:55698(1건), ID:55700(1건), ID:55701(1건), ID:55704(1건)
[2026-07-14 14:41:45] INFO: [POLLING] 종료 | 큐: 0건 | 번들맵: 4개
[2026-07-14 14:41:55] INFO: [POLLING] 시작 | 큐: 0건 | 처리중: 4건 | 번들: ID:55698(1건), ID:55700(1건), ID:55701(1건), ID:55704(1건)
[2026-07-14 14:41:55] INFO: [POLLING] 종료 | 큐: 0건 | 번들맵: 4개
[2026-07-14 14:42:05] INFO: [POLLING] 시작 | 큐: 0건 | 처리중: 4건 | 번들: ID:55698(1건), ID:55700(1건), ID:55701(1건), ID:55704(1건)
[2026-07-14 14:42:05] INFO: [POLLING] 종료 | 큐: 0건 | 번들맵: 4개
[2026-07-14 14:42:15] INFO: [POLLING] 시작 | 큐: 0건 | 처리중: 4건 | 번들: ID:55698(1건), ID:55700(1건), ID:55701(1건), ID:55704(1건)
[2026-07-14 14:42:15] INFO: [POLLING] 종료 | 큐: 0건 | 번들맵: 4개
[2026-07-14 14:42:21] INFO: [REQ] contents=check-event | id=undefined
[2026-07-14 14:42:25] INFO: [POLLING] 시작 | 큐: 0건 | 처리중: 4건 | 번들: ID:55698(1건), ID:55700(1건), ID:55701(1건), ID:55704(1건)
[2026-07-14 14:42:25] INFO: [POLLING] 종료 | 큐: 0건 | 번들맵: 4개
[2026-07-14 14:42:35] INFO: [POLLING] 시작 | 큐: 0건 | 처리중: 4건 | 번들: ID:55698(1건), ID:55700(1건), ID:55701(1건), ID:55704(1건)
[2026-07-14 14:42:35] INFO: [POLLING] 종료 | 큐: 0건 | 번들맵: 4개
[2026-07-14 14:42:45] INFO: [POLLING] 시작 | 큐: 0건 | 처리중: 4건 | 번들: ID:55698(1건), ID:55700(1건), ID:55701(1건), ID:55704(1건)
[2026-07-14 14:42:45] INFO: [POLLING] 종료 | 큐: 0건 | 번들맵: 4개
[2026-07-14 14:42:55] INFO: [POLLING] 시작 | 큐: 0건 | 처리중: 4건 | 번들: ID:55698(1건), ID:55700(1건), ID:55701(1건), ID:55704(1건)
[2026-07-14 14:42:55] INFO: [POLLING] 종료 | 큐: 0건 | 번들맵: 4개
[2026-07-14 14:43:05] INFO: [POLLING] 시작 | 큐: 0건 | 처리중: 4건 | 번들: ID:55698(1건), ID:55700(1건), ID:55701(1건), ID:55704(1건)
[2026-07-14 14:43:05] INFO: [POLLING] 종료 | 큐: 0건 | 번들맵: 4개
[2026-07-14 14:43:08] INFO: [REQ] contents=check-event | id=undefined
[2026-07-14 14:43:15] INFO: [POLLING] 시작 | 큐: 0건 | 처리중: 4건 | 번들: ID:55698(1건), ID:55700(1건), ID:55701(1건), ID:55704(1건)
[2026-07-14 14:43:15] INFO: [POLLING] 종료 | 큐: 0건 | 번들맵: 4개
[2026-07-14 14:43:25] INFO: [POLLING] 시작 | 큐: 0건 | 처리중: 4건 | 번들: ID:55698(1건), ID:55700(1건), ID:55701(1건), ID:55704(1건)
[2026-07-14 14:43:25] INFO: [POLLING] 종료 | 큐: 0건 | 번들맵: 4개
[2026-07-14 14:43:35] INFO: [POLLING] 시작 | 큐: 0건 | 처리중: 4건 | 번들: ID:55698(1건), ID:55700(1건), ID:55701(1건), ID:55704(1건)
[2026-07-14 14:43:35] INFO: [POLLING] 종료 | 큐: 0건 | 번들맵: 4개
[2026-07-14 14:43:45] INFO: [POLLING] 시작 | 큐: 0건 | 처리중: 4건 | 번들: ID:55698(1건), ID:55700(1건), ID:55701(1건), ID:55704(1건)
[2026-07-14 14:43:45] INFO: [POLLING] 종료 | 큐: 0건 | 번들맵: 4개
[2026-07-14 14:43:55] INFO: [POLLING] 시작 | 큐: 0건 | 처리중: 4건 | 번들: ID:55698(1건), ID:55700(1건), ID:55701(1건), ID:55704(1건)
[2026-07-14 14:43:55] INFO: [POLLING] 종료 | 큐: 0건 | 번들맵: 4개
[2026-07-14 14:44:01] INFO: [REQ] contents=check-event | id=undefined
[2026-07-14 14:44:05] INFO: [POLLING] 시작 | 큐: 0건 | 처리중: 4건 | 번들: ID:55698(1건), ID:55700(1건), ID:55701(1건), ID:55704(1건)
[2026-07-14 14:44:05] INFO: [POLLING] 종료 | 큐: 0건 | 번들맵: 4개
[2026-07-14 14:44:15] INFO: [POLLING] 시작 | 큐: 0건 | 처리중: 4건 | 번들: ID:55698(1건), ID:55700(1건), ID:55701(1건), ID:55704(1건)
[2026-07-14 14:44:15] INFO: [POLLING] 종료 | 큐: 0건 | 번들맵: 4개
[2026-07-14 14:44:25] INFO: [POLLING] 시작 | 큐: 0건 | 처리중: 4건 | 번들: ID:55698(1건), ID:55700(1건), ID:55701(1건), ID:55704(1건)
[2026-07-14 14:44:25] INFO: [POLLING] 종료 | 큐: 0건 | 번들맵: 4개
[2026-07-14 14:44:35] INFO: [POLLING] 시작 | 큐: 0건 | 처리중: 4건 | 번들: ID:55698(1건), ID:55700(1건), ID:55701(1건), ID:55704(1건)
[2026-07-14 14:44:35] INFO: [POLLING] 종료 | 큐: 0건 | 번들맵: 4개
[2026-07-14 14:44:38] INFO: [REQ] contents=check-event | id=undefined
[2026-07-14 14:44:45] INFO: [POLLING] 시작 | 큐: 0건 | 처리중: 4건 | 번들: ID:55698(1건), ID:55700(1건), ID:55701(1건), ID:55704(1건)
[2026-07-14 14:44:45] INFO: [POLLING] 종료 | 큐: 0건 | 번들맵: 4개
[2026-07-14 14:44:55] INFO: [POLLING] 시작 | 큐: 0건 | 처리중: 4건 | 번들: ID:55698(1건), ID:55700(1건), ID:55701(1건), ID:55704(1건)
[2026-07-14 14:44:55] INFO: [POLLING] 종료 | 큐: 0건 | 번들맵: 4개
[2026-07-14 14:45:05] INFO: [POLLING] 시작 | 큐: 0건 | 처리중: 4건 | 번들: ID:55698(1건), ID:55700(1건), ID:55701(1건), ID:55704(1건)
[2026-07-14 14:45:05] INFO: [POLLING] 종료 | 큐: 0건 | 번들맵: 4개
[2026-07-14 14:45:15] INFO: [POLLING] 시작 | 큐: 0건 | 처리중: 4건 | 번들: ID:55698(1건), ID:55700(1건), ID:55701(1건), ID:55704(1건)
[2026-07-14 14:45:15] INFO: [POLLING] 종료 | 큐: 0건 | 번들맵: 4개
[2026-07-14 14:45:25] INFO: [POLLING] 시작 | 큐: 0건 | 처리중: 4건 | 번들: ID:55698(1건), ID:55700(1건), ID:55701(1건), ID:55704(1건)
[2026-07-14 14:45:25] INFO: [POLLING] 종료 | 큐: 0건 | 번들맵: 4개
[2026-07-14 14:45:31] INFO: [REQ] contents=check-event | id=undefined
[2026-07-14 14:45:35] INFO: [POLLING] 시작 | 큐: 0건 | 처리중: 4건 | 번들: ID:55698(1건), ID:55700(1건), ID:55701(1건), ID:55704(1건)
[2026-07-14 14:45:35] INFO: [POLLING] 종료 | 큐: 0건 | 번들맵: 4개
[2026-07-14 14:45:45] INFO: [POLLING] 시작 | 큐: 0건 | 처리중: 4건 | 번들: ID:55698(1건), ID:55700(1건), ID:55701(1건), ID:55704(1건)
[2026-07-14 14:45:45] INFO: [POLLING] 종료 | 큐: 0건 | 번들맵: 4개
[2026-07-14 14:45:55] INFO: [POLLING] 시작 | 큐: 0건 | 처리중: 4건 | 번들: ID:55698(1건), ID:55700(1건), ID:55701(1건), ID:55704(1건)
[2026-07-14 14:45:55] INFO: [POLLING] 종료 | 큐: 0건 | 번들맵: 4개
[2026-07-14 14:46:05] INFO: [POLLING] 시작 | 큐: 0건 | 처리중: 4건 | 번들: ID:55698(1건), ID:55700(1건), ID:55701(1건), ID:55704(1건)
[2026-07-14 14:46:05] INFO: [POLLING] 종료 | 큐: 0건 | 번들맵: 4개
[2026-07-14 14:46:15] INFO: [POLLING] 시작 | 큐: 0건 | 처리중: 4건 | 번들: ID:55698(1건), ID:55700(1건), ID:55701(1건), ID:55704(1건)
[2026-07-14 14:46:15] INFO: [POLLING] 종료 | 큐: 0건 | 번들맵: 4개
[2026-07-14 14:46:25] INFO: [POLLING] 시작 | 큐: 0건 | 처리중: 4건 | 번들: ID:55698(1건), ID:55700(1건), ID:55701(1건), ID:55704(1건)
[2026-07-14 14:46:25] INFO: [POLLING] 종료 | 큐: 0건 | 번들맵: 4개
[2026-07-14 14:46:28] INFO: [REQ] contents=check-event | id=undefined
[2026-07-14 14:46:35] INFO: [POLLING] 시작 | 큐: 0건 | 처리중: 4건 | 번들: ID:55698(1건), ID:55700(1건), ID:55701(1건), ID:55704(1건)
[2026-07-14 14:46:35] INFO: [POLLING] 종료 | 큐: 0건 | 번들맵: 4개
[2026-07-14 14:46:45] INFO: [POLLING] 시작 | 큐: 0건 | 처리중: 4건 | 번들: ID:55698(1건), ID:55700(1건), ID:55701(1건), ID:55704(1건)
[2026-07-14 14:46:45] INFO: [POLLING] 종료 | 큐: 0건 | 번들맵: 4개
[2026-07-14 14:46:55] INFO: [POLLING] 시작 | 큐: 0건 | 처리중: 4건 | 번들: ID:55698(1건), ID:55700(1건), ID:55701(1건), ID:55704(1건)
[2026-07-14 14:46:55] INFO: [POLLING] 종료 | 큐: 0건 | 번들맵: 4개
[2026-07-14 14:47:05] INFO: [POLLING] 시작 | 큐: 0건 | 처리중: 4건 | 번들: ID:55698(1건), ID:55700(1건), ID:55701(1건), ID:55704(1건)
[2026-07-14 14:47:05] INFO: [POLLING] 종료 | 큐: 0건 | 번들맵: 4개
[2026-07-14 14:47:15] INFO: [POLLING] 시작 | 큐: 0건 | 처리중: 4건 | 번들: ID:55698(1건), ID:55700(1건), ID:55701(1건), ID:55704(1건)
[2026-07-14 14:47:15] INFO: [POLLING] 종료 | 큐: 0건 | 번들맵: 4개
[2026-07-14 14:47:21] INFO: [REQ] contents=check-event | id=undefined
[2026-07-14 14:47:25] INFO: [POLLING] 시작 | 큐: 0건 | 처리중: 4건 | 번들: ID:55698(1건), ID:55700(1건), ID:55701(1건), ID:55704(1건)
[2026-07-14 14:47:25] INFO: [POLLING] 종료 | 큐: 0건 | 번들맵: 4개
[2026-07-14 14:47:35] INFO: [POLLING] 시작 | 큐: 0건 | 처리중: 4건 | 번들: ID:55698(1건), ID:55700(1건), ID:55701(1건), ID:55704(1건)
[2026-07-14 14:47:35] INFO: [POLLING] 종료 | 큐: 0건 | 번들맵: 4개
[2026-07-14 14:47:45] INFO: [POLLING] 시작 | 큐: 0건 | 처리중: 4건 | 번들: ID:55698(1건), ID:55700(1건), ID:55701(1건), ID:55704(1건)
[2026-07-14 14:47:45] INFO: [POLLING] 종료 | 큐: 0건 | 번들맵: 4개
[2026-07-14 14:47:55] INFO: [POLLING] 시작 | 큐: 0건 | 처리중: 4건 | 번들: ID:55698(1건), ID:55700(1건), ID:55701(1건), ID:55704(1건)
[2026-07-14 14:47:55] INFO: [POLLING] 종료 | 큐: 0건 | 번들맵: 4개
[2026-07-14 14:48:05] INFO: [POLLING] 시작 | 큐: 0건 | 처리중: 4건 | 번들: ID:55698(1건), ID:55700(1건), ID:55701(1건), ID:55704(1건)
[2026-07-14 14:48:05] INFO: [POLLING] 종료 | 큐: 0건 | 번들맵: 4개
[2026-07-14 14:48:08] INFO: [REQ] contents=check-event | id=undefined
[2026-07-14 14:48:15] INFO: [POLLING] 시작 | 큐: 0건 | 처리중: 4건 | 번들: ID:55698(1건), ID:55700(1건), ID:55701(1건), ID:55704(1건)
[2026-07-14 14:48:15] INFO: [POLLING] 종료 | 큐: 0건 | 번들맵: 4개
[2026-07-14 14:48:25] INFO: [POLLING] 시작 | 큐: 0건 | 처리중: 4건 | 번들: ID:55698(1건), ID:55700(1건), ID:55701(1건), ID:55704(1건)
[2026-07-14 14:48:25] INFO: [POLLING] 종료 | 큐: 0건 | 번들맵: 4개
[2026-07-14 14:48:35] INFO: [POLLING] 시작 | 큐: 0건 | 처리중: 4건 | 번들: ID:55698(1건), ID:55700(1건), ID:55701(1건), ID:55704(1건)
[2026-07-14 14:48:35] INFO: [POLLING] 종료 | 큐: 0건 | 번들맵: 4개
[2026-07-14 14:48:45] INFO: [POLLING] 시작 | 큐: 0건 | 처리중: 4건 | 번들: ID:55698(1건), ID:55700(1건), ID:55701(1건), ID:55704(1건)
[2026-07-14 14:48:45] INFO: [POLLING] 종료 | 큐: 0건 | 번들맵: 4개
[2026-07-14 14:48:55] INFO: [POLLING] 시작 | 큐: 0건 | 처리중: 4건 | 번들: ID:55698(1건), ID:55700(1건), ID:55701(1건), ID:55704(1건)
[2026-07-14 14:48:55] INFO: [POLLING] 종료 | 큐: 0건 | 번들맵: 4개
[2026-07-14 14:49:02] INFO: [REQ] contents=check-event | id=undefined
[2026-07-14 14:49:05] INFO: [POLLING] 시작 | 큐: 0건 | 처리중: 4건 | 번들: ID:55698(1건), ID:55700(1건), ID:55701(1건), ID:55704(1건)
[2026-07-14 14:49:05] INFO: [POLLING] 종료 | 큐: 0건 | 번들맵: 4개
[2026-07-14 14:49:15] INFO: [POLLING] 시작 | 큐: 0건 | 처리중: 4건 | 번들: ID:55698(1건), ID:55700(1건), ID:55701(1건), ID:55704(1건)
[2026-07-14 14:49:15] INFO: [POLLING] 종료 | 큐: 0건 | 번들맵: 4개
[2026-07-14 14:49:25] INFO: [POLLING] 시작 | 큐: 0건 | 처리중: 4건 | 번들: ID:55698(1건), ID:55700(1건), ID:55701(1건), ID:55704(1건)
[2026-07-14 14:49:26] INFO: [POLLING] 종료 | 큐: 0건 | 번들맵: 4개
[2026-07-14 14:49:35] INFO: [POLLING] 시작 | 큐: 0건 | 처리중: 4건 | 번들: ID:55698(1건), ID:55700(1건), ID:55701(1건), ID:55704(1건)
[2026-07-14 14:49:36] INFO: [POLLING] 종료 | 큐: 0건 | 번들맵: 4개
[2026-07-14 14:49:38] INFO: [REQ] contents=check-event | id=undefined
[2026-07-14 14:49:45] INFO: [POLLING] 시작 | 큐: 0건 | 처리중: 4건 | 번들: ID:55698(1건), ID:55700(1건), ID:55701(1건), ID:55704(1건)
[2026-07-14 14:49:46] INFO: [POLLING] 종료 | 큐: 0건 | 번들맵: 4개
[2026-07-14 14:49:55] INFO: [POLLING] 시작 | 큐: 0건 | 처리중: 4건 | 번들: ID:55698(1건), ID:55700(1건), ID:55701(1건), ID:55704(1건)
[2026-07-14 14:49:56] INFO: [POLLING] 종료 | 큐: 0건 | 번들맵: 4개
[2026-07-14 14:50:05] INFO: [POLLING] 시작 | 큐: 0건 | 처리중: 4건 | 번들: ID:55698(1건), ID:55700(1건), ID:55701(1건), ID:55704(1건)
[2026-07-14 14:50:06] INFO: [POLLING] 종료 | 큐: 0건 | 번들맵: 4개
[2026-07-14 14:50:15] INFO: [POLLING] 시작 | 큐: 0건 | 처리중: 4건 | 번들: ID:55698(1건), ID:55700(1건), ID:55701(1건), ID:55704(1건)
[2026-07-14 14:50:16] INFO: [POLLING] 종료 | 큐: 0건 | 번들맵: 4개
[2026-07-14 14:50:25] INFO: [POLLING] 시작 | 큐: 0건 | 처리중: 4건 | 번들: ID:55698(1건), ID:55700(1건), ID:55701(1건), ID:55704(1건)
[2026-07-14 14:50:26] INFO: [POLLING] 종료 | 큐: 0건 | 번들맵: 4개
[2026-07-14 14:50:32] INFO: [REQ] contents=check-event | id=undefined
[2026-07-14 14:50:36] INFO: [POLLING] 시작 | 큐: 0건 | 처리중: 4건 | 번들: ID:55698(1건), ID:55700(1건), ID:55701(1건), ID:55704(1건)
[2026-07-14 14:50:36] INFO: [POLLING] 종료 | 큐: 0건 | 번들맵: 4개
[2026-07-14 14:50:46] INFO: [POLLING] 시작 | 큐: 0건 | 처리중: 4건 | 번들: ID:55698(1건), ID:55700(1건), ID:55701(1건), ID:55704(1건)
[2026-07-14 14:50:46] INFO: [POLLING] 종료 | 큐: 0건 | 번들맵: 4개
[2026-07-14 14:50:56] INFO: [POLLING] 시작 | 큐: 0건 | 처리중: 4건 | 번들: ID:55698(1건), ID:55700(1건), ID:55701(1건), ID:55704(1건)
[2026-07-14 14:50:56] INFO: [POLLING] 종료 | 큐: 0건 | 번들맵: 4개
[2026-07-14 14:51:06] INFO: [POLLING] 시작 | 큐: 0건 | 처리중: 4건 | 번들: ID:55698(1건), ID:55700(1건), ID:55701(1건), ID:55704(1건)
[2026-07-14 14:51:06] INFO: [POLLING] 종료 | 큐: 0건 | 번들맵: 4개
[2026-07-14 14:51:16] INFO: [POLLING] 시작 | 큐: 0건 | 처리중: 4건 | 번들: ID:55698(1건), ID:55700(1건), ID:55701(1건), ID:55704(1건)
[2026-07-14 14:51:16] INFO: [POLLING] 종료 | 큐: 0건 | 번들맵: 4개
[2026-07-14 14:51:26] INFO: [POLLING] 시작 | 큐: 0건 | 처리중: 4건 | 번들: ID:55698(1건), ID:55700(1건), ID:55701(1건), ID:55704(1건)
[2026-07-14 14:51:26] INFO: [POLLING] 종료 | 큐: 0건 | 번들맵: 4개
[2026-07-14 14:51:28] INFO: [REQ] contents=check-event | id=undefined
[2026-07-14 14:51:36] INFO: [POLLING] 시작 | 큐: 0건 | 처리중: 4건 | 번들: ID:55698(1건), ID:55700(1건), ID:55701(1건), ID:55704(1건)
[2026-07-14 14:51:36] INFO: [POLLING] 종료 | 큐: 0건 | 번들맵: 4개
[2026-07-14 14:51:46] INFO: [POLLING] 시작 | 큐: 0건 | 처리중: 4건 | 번들: ID:55698(1건), ID:55700(1건), ID:55701(1건), ID:55704(1건)
[2026-07-14 14:51:46] INFO: [POLLING] 종료 | 큐: 0건 | 번들맵: 4개
[2026-07-14 14:51:56] INFO: [POLLING] 시작 | 큐: 0건 | 처리중: 4건 | 번들: ID:55698(1건), ID:55700(1건), ID:55701(1건), ID:55704(1건)
[2026-07-14 14:51:56] INFO: [POLLING] 종료 | 큐: 0건 | 번들맵: 4개
[2026-07-14 14:52:06] INFO: [POLLING] 시작 | 큐: 0건 | 처리중: 4건 | 번들: ID:55698(1건), ID:55700(1건), ID:55701(1건), ID:55704(1건)
[2026-07-14 14:52:06] INFO: [POLLING] 종료 | 큐: 0건 | 번들맵: 4개
[2026-07-14 14:52:16] INFO: [POLLING] 시작 | 큐: 0건 | 처리중: 4건 | 번들: ID:55698(1건), ID:55700(1건), ID:55701(1건), ID:55704(1건)
[2026-07-14 14:52:16] INFO: [POLLING] 종료 | 큐: 0건 | 번들맵: 4개
[2026-07-14 14:52:22] INFO: [REQ] contents=check-event | id=undefined
[2026-07-14 14:52:26] INFO: [POLLING] 시작 | 큐: 0건 | 처리중: 4건 | 번들: ID:55698(1건), ID:55700(1건), ID:55701(1건), ID:55704(1건)
[2026-07-14 14:52:26] INFO: [POLLING] 종료 | 큐: 0건 | 번들맵: 4개
[2026-07-14 14:52:36] INFO: [POLLING] 시작 | 큐: 0건 | 처리중: 4건 | 번들: ID:55698(1건), ID:55700(1건), ID:55701(1건), ID:55704(1건)
[2026-07-14 14:52:36] INFO: [POLLING] 종료 | 큐: 0건 | 번들맵: 4개
[2026-07-14 14:52:46] INFO: [POLLING] 시작 | 큐: 0건 | 처리중: 4건 | 번들: ID:55698(1건), ID:55700(1건), ID:55701(1건), ID:55704(1건)
[2026-07-14 14:52:46] INFO: [POLLING] 종료 | 큐: 0건 | 번들맵: 4개
[2026-07-14 14:52:56] INFO: [POLLING] 시작 | 큐: 0건 | 처리중: 4건 | 번들: ID:55698(1건), ID:55700(1건), ID:55701(1건), ID:55704(1건)
[2026-07-14 14:52:56] INFO: [POLLING] 종료 | 큐: 0건 | 번들맵: 4개
[2026-07-14 14:53:06] INFO: [POLLING] 시작 | 큐: 0건 | 처리중: 4건 | 번들: ID:55698(1건), ID:55700(1건), ID:55701(1건), ID:55704(1건)
[2026-07-14 14:53:06] INFO: [POLLING] 종료 | 큐: 0건 | 번들맵: 4개
[2026-07-14 14:53:08] INFO: [REQ] contents=check-event | id=undefined
[2026-07-14 14:53:16] INFO: [POLLING] 시작 | 큐: 0건 | 처리중: 4건 | 번들: ID:55698(1건), ID:55700(1건), ID:55701(1건), ID:55704(1건)
[2026-07-14 14:53:16] INFO: [POLLING] 종료 | 큐: 0건 | 번들맵: 4개
[2026-07-14 14:53:26] INFO: [POLLING] 시작 | 큐: 0건 | 처리중: 4건 | 번들: ID:55698(1건), ID:55700(1건), ID:55701(1건), ID:55704(1건)
[2026-07-14 14:53:26] INFO: [POLLING] 종료 | 큐: 0건 | 번들맵: 4개
[2026-07-14 14:53:36] INFO: [POLLING] 시작 | 큐: 0건 | 처리중: 4건 | 번들: ID:55698(1건), ID:55700(1건), ID:55701(1건), ID:55704(1건)
[2026-07-14 14:53:36] INFO: [POLLING] 종료 | 큐: 0건 | 번들맵: 4개
[2026-07-14 14:53:46] INFO: [POLLING] 시작 | 큐: 0건 | 처리중: 4건 | 번들: ID:55698(1건), ID:55700(1건), ID:55701(1건), ID:55704(1건)
[2026-07-14 14:53:46] INFO: [POLLING] 종료 | 큐: 0건 | 번들맵: 4개
[2026-07-14 14:53:56] INFO: [POLLING] 시작 | 큐: 0건 | 처리중: 4건 | 번들: ID:55698(1건), ID:55700(1건), ID:55701(1건), ID:55704(1건)
[2026-07-14 14:53:56] INFO: [POLLING] 종료 | 큐: 0건 | 번들맵: 4개
[2026-07-14 14:54:02] INFO: [REQ] contents=check-event | id=undefined
[2026-07-14 14:54:06] INFO: [POLLING] 시작 | 큐: 0건 | 처리중: 4건 | 번들: ID:55698(1건), ID:55700(1건), ID:55701(1건), ID:55704(1건)
[2026-07-14 14:54:06] INFO: [POLLING] 종료 | 큐: 0건 | 번들맵: 4개
[2026-07-14 14:54:16] INFO: [POLLING] 시작 | 큐: 0건 | 처리중: 4건 | 번들: ID:55698(1건), ID:55700(1건), ID:55701(1건), ID:55704(1건)
[2026-07-14 14:54:16] INFO: [POLLING] 종료 | 큐: 0건 | 번들맵: 4개
[2026-07-14 14:54:26] INFO: [POLLING] 시작 | 큐: 0건 | 처리중: 4건 | 번들: ID:55698(1건), ID:55700(1건), ID:55701(1건), ID:55704(1건)
[2026-07-14 14:54:26] INFO: [POLLING] 종료 | 큐: 0건 | 번들맵: 4개
[2026-07-14 14:54:36] INFO: [POLLING] 시작 | 큐: 0건 | 처리중: 4건 | 번들: ID:55698(1건), ID:55700(1건), ID:55701(1건), ID:55704(1건)
[2026-07-14 14:54:36] INFO: [POLLING] 종료 | 큐: 0건 | 번들맵: 4개
[2026-07-14 14:54:39] INFO: [REQ] contents=check-event | id=undefined
[2026-07-14 14:54:46] INFO: [POLLING] 시작 | 큐: 0건 | 처리중: 4건 | 번들: ID:55698(1건), ID:55700(1건), ID:55701(1건), ID:55704(1건)
[2026-07-14 14:54:46] INFO: [POLLING] 종료 | 큐: 0건 | 번들맵: 4개
[2026-07-14 14:54:56] INFO: [POLLING] 시작 | 큐: 0건 | 처리중: 4건 | 번들: ID:55698(1건), ID:55700(1건), ID:55701(1건), ID:55704(1건)
[2026-07-14 14:54:56] INFO: [POLLING] 종료 | 큐: 0건 | 번들맵: 4개
[2026-07-14 14:55:06] INFO: [POLLING] 시작 | 큐: 0건 | 처리중: 4건 | 번들: ID:55698(1건), ID:55700(1건), ID:55701(1건), ID:55704(1건)
[2026-07-14 14:55:06] INFO: [POLLING] 종료 | 큐: 0건 | 번들맵: 4개
[2026-07-14 14:55:16] INFO: [POLLING] 시작 | 큐: 0건 | 처리중: 4건 | 번들: ID:55698(1건), ID:55700(1건), ID:55701(1건), ID:55704(1건)
[2026-07-14 14:55:16] INFO: [POLLING] 종료 | 큐: 0건 | 번들맵: 4개
[2026-07-14 14:55:26] INFO: [POLLING] 시작 | 큐: 0건 | 처리중: 4건 | 번들: ID:55698(1건), ID:55700(1건), ID:55701(1건), ID:55704(1건)
[2026-07-14 14:55:26] INFO: [POLLING] 종료 | 큐: 0건 | 번들맵: 4개
[2026-07-14 14:55:32] INFO: [REQ] contents=check-event | id=undefined
[2026-07-14 14:55:36] INFO: [POLLING] 시작 | 큐: 0건 | 처리중: 4건 | 번들: ID:55698(1건), ID:55700(1건), ID:55701(1건), ID:55704(1건)
[2026-07-14 14:55:36] INFO: [POLLING] 종료 | 큐: 0건 | 번들맵: 4개
[2026-07-14 14:55:46] INFO: [POLLING] 시작 | 큐: 0건 | 처리중: 4건 | 번들: ID:55698(1건), ID:55700(1건), ID:55701(1건), ID:55704(1건)
[2026-07-14 14:55:46] INFO: [POLLING] 종료 | 큐: 0건 | 번들맵: 4개
[2026-07-14 14:55:56] INFO: [POLLING] 시작 | 큐: 0건 | 처리중: 4건 | 번들: ID:55698(1건), ID:55700(1건), ID:55701(1건), ID:55704(1건)
[2026-07-14 14:55:56] INFO: [POLLING] 종료 | 큐: 0건 | 번들맵: 4개
[2026-07-14 14:56:06] INFO: [POLLING] 시작 | 큐: 0건 | 처리중: 4건 | 번들: ID:55698(1건), ID:55700(1건), ID:55701(1건), ID:55704(1건)
[2026-07-14 14:56:06] INFO: [POLLING] 종료 | 큐: 0건 | 번들맵: 4개
[2026-07-14 14:56:16] INFO: [POLLING] 시작 | 큐: 0건 | 처리중: 4건 | 번들: ID:55698(1건), ID:55700(1건), ID:55701(1건), ID:55704(1건)
[2026-07-14 14:56:16] INFO: [POLLING] 종료 | 큐: 0건 | 번들맵: 4개
[2026-07-14 14:56:26] INFO: [POLLING] 시작 | 큐: 0건 | 처리중: 4건 | 번들: ID:55698(1건), ID:55700(1건), ID:55701(1건), ID:55704(1건)
[2026-07-14 14:56:26] INFO: [POLLING] 종료 | 큐: 0건 | 번들맵: 4개
[2026-07-14 14:56:29] INFO: [REQ] contents=check-event | id=undefined
[2026-07-14 14:56:36] INFO: [POLLING] 시작 | 큐: 0건 | 처리중: 4건 | 번들: ID:55698(1건), ID:55700(1건), ID:55701(1건), ID:55704(1건)
[2026-07-14 14:56:36] INFO: [POLLING] 종료 | 큐: 0건 | 번들맵: 4개
[2026-07-14 14:56:46] INFO: [POLLING] 시작 | 큐: 0건 | 처리중: 4건 | 번들: ID:55698(1건), ID:55700(1건), ID:55701(1건), ID:55704(1건)
[2026-07-14 14:56:46] INFO: [POLLING] 종료 | 큐: 0건 | 번들맵: 4개
[2026-07-14 14:56:56] INFO: [POLLING] 시작 | 큐: 0건 | 처리중: 4건 | 번들: ID:55698(1건), ID:55700(1건), ID:55701(1건), ID:55704(1건)
[2026-07-14 14:56:56] INFO: [POLLING] 종료 | 큐: 0건 | 번들맵: 4개
[2026-07-14 14:57:06] INFO: [POLLING] 시작 | 큐: 0건 | 처리중: 4건 | 번들: ID:55698(1건), ID:55700(1건), ID:55701(1건), ID:55704(1건)
[2026-07-14 14:57:06] INFO: [POLLING] 종료 | 큐: 0건 | 번들맵: 4개
[2026-07-14 14:57:16] INFO: [POLLING] 시작 | 큐: 0건 | 처리중: 4건 | 번들: ID:55698(1건), ID:55700(1건), ID:55701(1건), ID:55704(1건)
[2026-07-14 14:57:16] INFO: [POLLING] 종료 | 큐: 0건 | 번들맵: 4개
[2026-07-14 14:57:22] INFO: [REQ] contents=check-event | id=undefined
[2026-07-14 14:57:26] INFO: [POLLING] 시작 | 큐: 0건 | 처리중: 4건 | 번들: ID:55698(1건), ID:55700(1건), ID:55701(1건), ID:55704(1건)
[2026-07-14 14:57:26] INFO: [POLLING] 종료 | 큐: 0건 | 번들맵: 4개
[2026-07-14 14:57:36] INFO: [POLLING] 시작 | 큐: 0건 | 처리중: 4건 | 번들: ID:55698(1건), ID:55700(1건), ID:55701(1건), ID:55704(1건)
[2026-07-14 14:57:36] INFO: [POLLING] 종료 | 큐: 0건 | 번들맵: 4개
[2026-07-14 14:57:46] INFO: [POLLING] 시작 | 큐: 0건 | 처리중: 4건 | 번들: ID:55698(1건), ID:55700(1건), ID:55701(1건), ID:55704(1건)
[2026-07-14 14:57:46] INFO: [POLLING] 종료 | 큐: 0건 | 번들맵: 4개
[2026-07-14 14:57:56] INFO: [POLLING] 시작 | 큐: 0건 | 처리중: 4건 | 번들: ID:55698(1건), ID:55700(1건), ID:55701(1건), ID:55704(1건)
[2026-07-14 14:57:56] INFO: [POLLING] 종료 | 큐: 0건 | 번들맵: 4개
[2026-07-14 14:58:06] INFO: [POLLING] 시작 | 큐: 0건 | 처리중: 4건 | 번들: ID:55698(1건), ID:55700(1건), ID:55701(1건), ID:55704(1건)
[2026-07-14 14:58:06] INFO: [POLLING] 종료 | 큐: 0건 | 번들맵: 4개
[2026-07-14 14:58:09] INFO: [REQ] contents=check-event | id=undefined
[2026-07-14 14:58:16] INFO: [POLLING] 시작 | 큐: 0건 | 처리중: 4건 | 번들: ID:55698(1건), ID:55700(1건), ID:55701(1건), ID:55704(1건)
[2026-07-14 14:58:16] INFO: [POLLING] 종료 | 큐: 0건 | 번들맵: 4개
[2026-07-14 14:58:26] INFO: [POLLING] 시작 | 큐: 0건 | 처리중: 4건 | 번들: ID:55698(1건), ID:55700(1건), ID:55701(1건), ID:55704(1건)
[2026-07-14 14:58:26] INFO: [POLLING] 종료 | 큐: 0건 | 번들맵: 4개
[2026-07-14 14:58:36] INFO: [POLLING] 시작 | 큐: 0건 | 처리중: 4건 | 번들: ID:55698(1건), ID:55700(1건), ID:55701(1건), ID:55704(1건)
[2026-07-14 14:58:36] INFO: [POLLING] 종료 | 큐: 0건 | 번들맵: 4개
[2026-07-14 14:58:46] INFO: [POLLING] 시작 | 큐: 0건 | 처리중: 4건 | 번들: ID:55698(1건), ID:55700(1건), ID:55701(1건), ID:55704(1건)
[2026-07-14 14:58:46] INFO: [POLLING] 종료 | 큐: 0건 | 번들맵: 4개
[2026-07-14 14:58:56] INFO: [POLLING] 시작 | 큐: 0건 | 처리중: 4건 | 번들: ID:55698(1건), ID:55700(1건), ID:55701(1건), ID:55704(1건)
[2026-07-14 14:58:56] INFO: [POLLING] 종료 | 큐: 0건 | 번들맵: 4개
[2026-07-14 14:59:03] INFO: [REQ] contents=check-event | id=undefined
[2026-07-14 14:59:06] INFO: [POLLING] 시작 | 큐: 0건 | 처리중: 4건 | 번들: ID:55698(1건), ID:55700(1건), ID:55701(1건), ID:55704(1건)
[2026-07-14 14:59:06] INFO: [POLLING] 종료 | 큐: 0건 | 번들맵: 4개
[2026-07-14 14:59:16] INFO: [POLLING] 시작 | 큐: 0건 | 처리중: 4건 | 번들: ID:55698(1건), ID:55700(1건), ID:55701(1건), ID:55704(1건)
[2026-07-14 14:59:16] INFO: [POLLING] 종료 | 큐: 0건 | 번들맵: 4개
[2026-07-14 14:59:26] INFO: [POLLING] 시작 | 큐: 0건 | 처리중: 4건 | 번들: ID:55698(1건), ID:55700(1건), ID:55701(1건), ID:55704(1건)
[2026-07-14 14:59:26] INFO: [POLLING] 종료 | 큐: 0건 | 번들맵: 4개
[2026-07-14 14:59:36] INFO: [POLLING] 시작 | 큐: 0건 | 처리중: 4건 | 번들: ID:55698(1건), ID:55700(1건), ID:55701(1건), ID:55704(1건)
[2026-07-14 14:59:36] INFO: [POLLING] 종료 | 큐: 0건 | 번들맵: 4개
[2026-07-14 14:59:39] INFO: [REQ] contents=check-event | id=undefined
[2026-07-14 14:59:46] INFO: [POLLING] 시작 | 큐: 0건 | 처리중: 4건 | 번들: ID:55698(1건), ID:55700(1건), ID:55701(1건), ID:55704(1건)
[2026-07-14 14:59:46] INFO: [POLLING] 종료 | 큐: 0건 | 번들맵: 4개
[2026-07-14 14:59:56] INFO: [POLLING] 시작 | 큐: 0건 | 처리중: 4건 | 번들: ID:55698(1건), ID:55700(1건), ID:55701(1건), ID:55704(1건)
[2026-07-14 14:59:56] INFO: [POLLING] 종료 | 큐: 0건 | 번들맵: 4개
[2026-07-14 15:00:06] INFO: [POLLING] 시작 | 큐: 0건 | 처리중: 4건 | 번들: ID:55698(1건), ID:55700(1건), ID:55701(1건), ID:55704(1건)
[2026-07-14 15:00:06] INFO: [POLLING] 종료 | 큐: 0건 | 번들맵: 4개
[2026-07-14 15:00:16] INFO: [POLLING] 시작 | 큐: 0건 | 처리중: 4건 | 번들: ID:55698(1건), ID:55700(1건), ID:55701(1건), ID:55704(1건)
[2026-07-14 15:00:16] INFO: [POLLING] 종료 | 큐: 0건 | 번들맵: 4개
[2026-07-14 15:00:26] INFO: [POLLING] 시작 | 큐: 0건 | 처리중: 4건 | 번들: ID:55698(1건), ID:55700(1건), ID:55701(1건), ID:55704(1건)
[2026-07-14 15:00:26] INFO: [POLLING] 종료 | 큐: 0건 | 번들맵: 4개
[2026-07-14 15:00:33] INFO: [REQ] contents=check-event | id=undefined
[2026-07-14 15:00:36] INFO: [POLLING] 시작 | 큐: 0건 | 처리중: 4건 | 번들: ID:55698(1건), ID:55700(1건), ID:55701(1건), ID:55704(1건)
[2026-07-14 15:00:36] INFO: [POLLING] 종료 | 큐: 0건 | 번들맵: 4개
[2026-07-14 15:00:46] INFO: [POLLING] 시작 | 큐: 0건 | 처리중: 4건 | 번들: ID:55698(1건), ID:55700(1건), ID:55701(1건), ID:55704(1건)
[2026-07-14 15:00:46] INFO: [POLLING] 종료 | 큐: 0건 | 번들맵: 4개
[2026-07-14 15:00:56] INFO: [POLLING] 시작 | 큐: 0건 | 처리중: 4건 | 번들: ID:55698(1건), ID:55700(1건), ID:55701(1건), ID:55704(1건)
[2026-07-14 15:00:56] INFO: [POLLING] 종료 | 큐: 0건 | 번들맵: 4개
[2026-07-14 15:01:06] INFO: [POLLING] 시작 | 큐: 0건 | 처리중: 4건 | 번들: ID:55698(1건), ID:55700(1건), ID:55701(1건), ID:55704(1건)
[2026-07-14 15:01:06] INFO: [POLLING] 종료 | 큐: 0건 | 번들맵: 4개
[2026-07-14 15:01:16] INFO: [POLLING] 시작 | 큐: 0건 | 처리중: 4건 | 번들: ID:55698(1건), ID:55700(1건), ID:55701(1건), ID:55704(1건)
[2026-07-14 15:01:16] INFO: [POLLING] 종료 | 큐: 0건 | 번들맵: 4개
[2026-07-14 15:01:26] INFO: [POLLING] 시작 | 큐: 0건 | 처리중: 4건 | 번들: ID:55698(1건), ID:55700(1건), ID:55701(1건), ID:55704(1건)
[2026-07-14 15:01:26] INFO: [POLLING] 종료 | 큐: 0건 | 번들맵: 4개
[2026-07-14 15:01:29] INFO: [REQ] contents=check-event | id=undefined
[2026-07-14 15:01:36] INFO: [POLLING] 시작 | 큐: 0건 | 처리중: 4건 | 번들: ID:55698(1건), ID:55700(1건), ID:55701(1건), ID:55704(1건)
[2026-07-14 15:01:36] INFO: [POLLING] 종료 | 큐: 0건 | 번들맵: 4개
[2026-07-14 15:01:46] INFO: [POLLING] 시작 | 큐: 0건 | 처리중: 4건 | 번들: ID:55698(1건), ID:55700(1건), ID:55701(1건), ID:55704(1건)
[2026-07-14 15:01:46] INFO: [POLLING] 종료 | 큐: 0건 | 번들맵: 4개
[2026-07-14 15:01:56] INFO: [POLLING] 시작 | 큐: 0건 | 처리중: 4건 | 번들: ID:55698(1건), ID:55700(1건), ID:55701(1건), ID:55704(1건)
[2026-07-14 15:01:56] INFO: [POLLING] 종료 | 큐: 0건 | 번들맵: 4개
[2026-07-14 15:02:06] INFO: [POLLING] 시작 | 큐: 0건 | 처리중: 4건 | 번들: ID:55698(1건), ID:55700(1건), ID:55701(1건), ID:55704(1건)
[2026-07-14 15:02:06] INFO: [POLLING] 종료 | 큐: 0건 | 번들맵: 4개
[2026-07-14 15:02:16] INFO: [POLLING] 시작 | 큐: 0건 | 처리중: 4건 | 번들: ID:55698(1건), ID:55700(1건), ID:55701(1건), ID:55704(1건)
[2026-07-14 15:02:16] INFO: [POLLING] 종료 | 큐: 0건 | 번들맵: 4개
[2026-07-14 15:02:23] INFO: [REQ] contents=check-event | id=undefined
[2026-07-14 15:02:26] INFO: [POLLING] 시작 | 큐: 0건 | 처리중: 4건 | 번들: ID:55698(1건), ID:55700(1건), ID:55701(1건), ID:55704(1건)
[2026-07-14 15:02:26] INFO: [POLLING] 종료 | 큐: 0건 | 번들맵: 4개
[2026-07-14 15:02:36] INFO: [POLLING] 시작 | 큐: 0건 | 처리중: 4건 | 번들: ID:55698(1건), ID:55700(1건), ID:55701(1건), ID:55704(1건)
[2026-07-14 15:02:36] INFO: [POLLING] 종료 | 큐: 0건 | 번들맵: 4개
[2026-07-14 15:02:46] INFO: [POLLING] 시작 | 큐: 0건 | 처리중: 4건 | 번들: ID:55698(1건), ID:55700(1건), ID:55701(1건), ID:55704(1건)
[2026-07-14 15:02:46] INFO: [POLLING] 종료 | 큐: 0건 | 번들맵: 4개
[2026-07-14 15:02:56] INFO: [POLLING] 시작 | 큐: 0건 | 처리중: 4건 | 번들: ID:55698(1건), ID:55700(1건), ID:55701(1건), ID:55704(1건)
[2026-07-14 15:02:56] INFO: [POLLING] 종료 | 큐: 0건 | 번들맵: 4개
[2026-07-14 15:03:06] INFO: [POLLING] 시작 | 큐: 0건 | 처리중: 4건 | 번들: ID:55698(1건), ID:55700(1건), ID:55701(1건), ID:55704(1건)
[2026-07-14 15:03:06] INFO: [POLLING] 종료 | 큐: 0건 | 번들맵: 4개
[2026-07-14 15:03:09] INFO: [REQ] contents=check-event | id=undefined
[2026-07-14 15:03:16] INFO: [POLLING] 시작 | 큐: 0건 | 처리중: 4건 | 번들: ID:55698(1건), ID:55700(1건), ID:55701(1건), ID:55704(1건)
[2026-07-14 15:03:16] INFO: [POLLING] 종료 | 큐: 0건 | 번들맵: 4개
[2026-07-14 15:03:26] INFO: [POLLING] 시작 | 큐: 0건 | 처리중: 4건 | 번들: ID:55698(1건), ID:55700(1건), ID:55701(1건), ID:55704(1건)
[2026-07-14 15:03:26] INFO: [POLLING] 종료 | 큐: 0건 | 번들맵: 4개
[2026-07-14 15:03:36] INFO: [POLLING] 시작 | 큐: 0건 | 처리중: 4건 | 번들: ID:55698(1건), ID:55700(1건), ID:55701(1건), ID:55704(1건)
[2026-07-14 15:03:36] INFO: [POLLING] 종료 | 큐: 0건 | 번들맵: 4개
[2026-07-14 15:03:46] INFO: [POLLING] 시작 | 큐: 0건 | 처리중: 4건 | 번들: ID:55698(1건), ID:55700(1건), ID:55701(1건), ID:55704(1건)
[2026-07-14 15:03:46] INFO: [POLLING] 종료 | 큐: 0건 | 번들맵: 4개
[2026-07-14 15:03:56] INFO: [POLLING] 시작 | 큐: 0건 | 처리중: 4건 | 번들: ID:55698(1건), ID:55700(1건), ID:55701(1건), ID:55704(1건)
[2026-07-14 15:03:56] INFO: [POLLING] 종료 | 큐: 0건 | 번들맵: 4개
[2026-07-14 15:04:03] INFO: [REQ] contents=check-event | id=undefined
[2026-07-14 15:04:06] INFO: [POLLING] 시작 | 큐: 0건 | 처리중: 4건 | 번들: ID:55698(1건), ID:55700(1건), ID:55701(1건), ID:55704(1건)
[2026-07-14 15:04:06] INFO: [POLLING] 종료 | 큐: 0건 | 번들맵: 4개
[2026-07-14 15:04:16] INFO: [POLLING] 시작 | 큐: 0건 | 처리중: 4건 | 번들: ID:55698(1건), ID:55700(1건), ID:55701(1건), ID:55704(1건)
[2026-07-14 15:04:16] INFO: [POLLING] 종료 | 큐: 0건 | 번들맵: 4개
[2026-07-14 15:04:26] INFO: [POLLING] 시작 | 큐: 0건 | 처리중: 4건 | 번들: ID:55698(1건), ID:55700(1건), ID:55701(1건), ID:55704(1건)
[2026-07-14 15:04:26] INFO: [POLLING] 종료 | 큐: 0건 | 번들맵: 4개
[2026-07-14 15:04:30] INFO: [REQ] contents=check-event | id=undefined
[2026-07-14 15:04:36] INFO: [POLLING] 시작 | 큐: 0건 | 처리중: 4건 | 번들: ID:55698(1건), ID:55700(1건), ID:55701(1건), ID:55704(1건)
[2026-07-14 15:04:36] INFO: [POLLING] 종료 | 큐: 0건 | 번들맵: 4개
[2026-07-14 15:04:46] INFO: [POLLING] 시작 | 큐: 0건 | 처리중: 4건 | 번들: ID:55698(1건), ID:55700(1건), ID:55701(1건), ID:55704(1건)
[2026-07-14 15:04:46] INFO: [POLLING] 종료 | 큐: 0건 | 번들맵: 4개
[2026-07-14 15:04:56] INFO: [POLLING] 시작 | 큐: 0건 | 처리중: 4건 | 번들: ID:55698(1건), ID:55700(1건), ID:55701(1건), ID:55704(1건)
[2026-07-14 15:04:56] INFO: [POLLING] 종료 | 큐: 0건 | 번들맵: 4개
[2026-07-14 15:05:06] INFO: [POLLING] 시작 | 큐: 0건 | 처리중: 4건 | 번들: ID:55698(1건), ID:55700(1건), ID:55701(1건), ID:55704(1건)
[2026-07-14 15:05:06] INFO: [POLLING] 종료 | 큐: 0건 | 번들맵: 4개
[2026-07-14 15:05:16] INFO: [POLLING] 시작 | 큐: 0건 | 처리중: 4건 | 번들: ID:55698(1건), ID:55700(1건), ID:55701(1건), ID:55704(1건)
[2026-07-14 15:05:17] INFO: [POLLING] 종료 | 큐: 0건 | 번들맵: 4개
[2026-07-14 15:05:26] INFO: [POLLING] 시작 | 큐: 0건 | 처리중: 4건 | 번들: ID:55698(1건), ID:55700(1건), ID:55701(1건), ID:55704(1건)
[2026-07-14 15:05:27] INFO: [POLLING] 종료 | 큐: 0건 | 번들맵: 4개
[2026-07-14 15:05:33] INFO: [REQ] contents=check-event | id=undefined
[2026-07-14 15:05:36] INFO: [POLLING] 시작 | 큐: 0건 | 처리중: 4건 | 번들: ID:55698(1건), ID:55700(1건), ID:55701(1건), ID:55704(1건)
[2026-07-14 15:05:36] INFO: [POLLING] 종료 | 큐: 0건 | 번들맵: 4개
[2026-07-14 15:05:46] INFO: [POLLING] 시작 | 큐: 0건 | 처리중: 4건 | 번들: ID:55698(1건), ID:55700(1건), ID:55701(1건), ID:55704(1건)
[2026-07-14 15:05:46] INFO: [POLLING] 종료 | 큐: 0건 | 번들맵: 4개
[2026-07-14 15:05:56] INFO: [POLLING] 시작 | 큐: 0건 | 처리중: 4건 | 번들: ID:55698(1건), ID:55700(1건), ID:55701(1건), ID:55704(1건)
[2026-07-14 15:05:56] INFO: [POLLING] 종료 | 큐: 0건 | 번들맵: 4개
[2026-07-14 15:06:06] INFO: [POLLING] 시작 | 큐: 0건 | 처리중: 4건 | 번들: ID:55698(1건), ID:55700(1건), ID:55701(1건), ID:55704(1건)
[2026-07-14 15:06:07] INFO: [POLLING] 종료 | 큐: 0건 | 번들맵: 4개
[2026-07-14 15:06:16] INFO: [POLLING] 시작 | 큐: 0건 | 처리중: 4건 | 번들: ID:55698(1건), ID:55700(1건), ID:55701(1건), ID:55704(1건)
[2026-07-14 15:06:17] INFO: [POLLING] 종료 | 큐: 0건 | 번들맵: 4개
[2026-07-14 15:06:20] INFO: [REQ] contents=check-event | id=undefined
[2026-07-14 15:06:26] INFO: [POLLING] 시작 | 큐: 0건 | 처리중: 4건 | 번들: ID:55698(1건), ID:55700(1건), ID:55701(1건), ID:55704(1건)
[2026-07-14 15:06:27] INFO: [POLLING] 종료 | 큐: 0건 | 번들맵: 4개
[2026-07-14 15:06:36] INFO: [POLLING] 시작 | 큐: 0건 | 처리중: 4건 | 번들: ID:55698(1건), ID:55700(1건), ID:55701(1건), ID:55704(1건)
[2026-07-14 15:06:37] INFO: [POLLING] 종료 | 큐: 0건 | 번들맵: 4개
[2026-07-14 15:06:46] INFO: [POLLING] 시작 | 큐: 0건 | 처리중: 4건 | 번들: ID:55698(1건), ID:55700(1건), ID:55701(1건), ID:55704(1건)
[2026-07-14 15:06:47] INFO: [POLLING] 종료 | 큐: 0건 | 번들맵: 4개
[2026-07-14 15:06:56] INFO: [POLLING] 시작 | 큐: 0건 | 처리중: 4건 | 번들: ID:55698(1건), ID:55700(1건), ID:55701(1건), ID:55704(1건)
[2026-07-14 15:06:57] INFO: [POLLING] 종료 | 큐: 0건 | 번들맵: 4개
[2026-07-14 15:07:06] INFO: [POLLING] 시작 | 큐: 0건 | 처리중: 4건 | 번들: ID:55698(1건), ID:55700(1건), ID:55701(1건), ID:55704(1건)
[2026-07-14 15:07:07] INFO: [POLLING] 종료 | 큐: 0건 | 번들맵: 4개
[2026-07-14 15:07:17] INFO: [POLLING] 시작 | 큐: 0건 | 처리중: 4건 | 번들: ID:55698(1건), ID:55700(1건), ID:55701(1건), ID:55704(1건)
[2026-07-14 15:07:17] INFO: [POLLING] 종료 | 큐: 0건 | 번들맵: 4개
[2026-07-14 15:07:23] INFO: [REQ] contents=check-event | id=undefined
[2026-07-14 15:07:27] INFO: [POLLING] 시작 | 큐: 0건 | 처리중: 4건 | 번들: ID:55698(1건), ID:55700(1건), ID:55701(1건), ID:55704(1건)
[2026-07-14 15:07:27] INFO: [POLLING] 종료 | 큐: 0건 | 번들맵: 4개
[2026-07-14 15:07:37] INFO: [POLLING] 시작 | 큐: 0건 | 처리중: 4건 | 번들: ID:55698(1건), ID:55700(1건), ID:55701(1건), ID:55704(1건)
[2026-07-14 15:07:37] INFO: [POLLING] 종료 | 큐: 0건 | 번들맵: 4개
[2026-07-14 15:07:47] INFO: [POLLING] 시작 | 큐: 0건 | 처리중: 4건 | 번들: ID:55698(1건), ID:55700(1건), ID:55701(1건), ID:55704(1건)
[2026-07-14 15:07:47] INFO: [POLLING] 종료 | 큐: 0건 | 번들맵: 4개
[2026-07-14 15:07:57] INFO: [POLLING] 시작 | 큐: 0건 | 처리중: 4건 | 번들: ID:55698(1건), ID:55700(1건), ID:55701(1건), ID:55704(1건)
[2026-07-14 15:07:57] INFO: [POLLING] 종료 | 큐: 0건 | 번들맵: 4개
[2026-07-14 15:08:00] INFO: [REQ] contents=check-event | id=undefined
[2026-07-14 15:08:07] INFO: [POLLING] 시작 | 큐: 0건 | 처리중: 4건 | 번들: ID:55698(1건), ID:55700(1건), ID:55701(1건), ID:55704(1건)
[2026-07-14 15:08:07] INFO: [POLLING] 종료 | 큐: 0건 | 번들맵: 4개
[2026-07-14 15:08:17] INFO: [POLLING] 시작 | 큐: 0건 | 처리중: 4건 | 번들: ID:55698(1건), ID:55700(1건), ID:55701(1건), ID:55704(1건)
[2026-07-14 15:08:17] INFO: [POLLING] 종료 | 큐: 0건 | 번들맵: 4개
[2026-07-14 15:08:27] INFO: [POLLING] 시작 | 큐: 0건 | 처리중: 4건 | 번들: ID:55698(1건), ID:55700(1건), ID:55701(1건), ID:55704(1건)
[2026-07-14 15:08:27] INFO: [POLLING] 종료 | 큐: 0건 | 번들맵: 4개
[2026-07-14 15:08:37] INFO: [POLLING] 시작 | 큐: 0건 | 처리중: 4건 | 번들: ID:55698(1건), ID:55700(1건), ID:55701(1건), ID:55704(1건)
[2026-07-14 15:08:37] INFO: [POLLING] 종료 | 큐: 0건 | 번들맵: 4개
[2026-07-14 15:08:47] INFO: [POLLING] 시작 | 큐: 0건 | 처리중: 4건 | 번들: ID:55698(1건), ID:55700(1건), ID:55701(1건), ID:55704(1건)
[2026-07-14 15:08:47] INFO: [POLLING] 종료 | 큐: 0건 | 번들맵: 4개
[2026-07-14 15:08:57] INFO: [POLLING] 시작 | 큐: 0건 | 처리중: 4건 | 번들: ID:55698(1건), ID:55700(1건), ID:55701(1건), ID:55704(1건)
[2026-07-14 15:08:57] INFO: [POLLING] 종료 | 큐: 0건 | 번들맵: 4개
[2026-07-14 15:09:04] INFO: [REQ] contents=check-event | id=undefined
[2026-07-14 15:09:07] INFO: [POLLING] 시작 | 큐: 0건 | 처리중: 4건 | 번들: ID:55698(1건), ID:55700(1건), ID:55701(1건), ID:55704(1건)
[2026-07-14 15:09:07] INFO: [POLLING] 종료 | 큐: 0건 | 번들맵: 4개
[2026-07-14 15:09:17] INFO: [POLLING] 시작 | 큐: 0건 | 처리중: 4건 | 번들: ID:55698(1건), ID:55700(1건), ID:55701(1건), ID:55704(1건)
[2026-07-14 15:09:17] INFO: [POLLING] 종료 | 큐: 0건 | 번들맵: 4개
[2026-07-14 15:09:27] INFO: [POLLING] 시작 | 큐: 0건 | 처리중: 4건 | 번들: ID:55698(1건), ID:55700(1건), ID:55701(1건), ID:55704(1건)
[2026-07-14 15:09:27] INFO: [POLLING] 종료 | 큐: 0건 | 번들맵: 4개
[2026-07-14 15:09:30] INFO: [REQ] contents=check-event | id=undefined
[2026-07-14 15:09:37] INFO: [POLLING] 시작 | 큐: 0건 | 처리중: 4건 | 번들: ID:55698(1건), ID:55700(1건), ID:55701(1건), ID:55704(1건)
[2026-07-14 15:09:37] INFO: [POLLING] 종료 | 큐: 0건 | 번들맵: 4개
[2026-07-14 15:09:47] INFO: [POLLING] 시작 | 큐: 0건 | 처리중: 4건 | 번들: ID:55698(1건), ID:55700(1건), ID:55701(1건), ID:55704(1건)
[2026-07-14 15:09:47] INFO: [POLLING] 종료 | 큐: 0건 | 번들맵: 4개
[2026-07-14 15:09:57] INFO: [POLLING] 시작 | 큐: 0건 | 처리중: 4건 | 번들: ID:55698(1건), ID:55700(1건), ID:55701(1건), ID:55704(1건)
[2026-07-14 15:09:57] INFO: [POLLING] 종료 | 큐: 0건 | 번들맵: 4개
[2026-07-14 15:10:07] INFO: [POLLING] 시작 | 큐: 0건 | 처리중: 4건 | 번들: ID:55698(1건), ID:55700(1건), ID:55701(1건), ID:55704(1건)
[2026-07-14 15:10:07] INFO: [POLLING] 종료 | 큐: 0건 | 번들맵: 4개
[2026-07-14 15:10:17] INFO: [POLLING] 시작 | 큐: 0건 | 처리중: 4건 | 번들: ID:55698(1건), ID:55700(1건), ID:55701(1건), ID:55704(1건)
[2026-07-14 15:10:17] INFO: [POLLING] 종료 | 큐: 0건 | 번들맵: 4개
[2026-07-14 15:10:27] INFO: [POLLING] 시작 | 큐: 0건 | 처리중: 4건 | 번들: ID:55698(1건), ID:55700(1건), ID:55701(1건), ID:55704(1건)
[2026-07-14 15:10:27] INFO: [POLLING] 종료 | 큐: 0건 | 번들맵: 4개
[2026-07-14 15:10:34] INFO: [REQ] contents=check-event | id=undefined
[2026-07-14 15:10:37] INFO: [POLLING] 시작 | 큐: 0건 | 처리중: 4건 | 번들: ID:55698(1건), ID:55700(1건), ID:55701(1건), ID:55704(1건)
[2026-07-14 15:10:37] INFO: [POLLING] 종료 | 큐: 0건 | 번들맵: 4개
[2026-07-14 15:10:47] INFO: [POLLING] 시작 | 큐: 0건 | 처리중: 4건 | 번들: ID:55698(1건), ID:55700(1건), ID:55701(1건), ID:55704(1건)
[2026-07-14 15:10:47] INFO: [POLLING] 종료 | 큐: 0건 | 번들맵: 4개
[2026-07-14 15:10:57] INFO: [POLLING] 시작 | 큐: 0건 | 처리중: 4건 | 번들: ID:55698(1건), ID:55700(1건), ID:55701(1건), ID:55704(1건)
[2026-07-14 15:10:57] INFO: [POLLING] 종료 | 큐: 0건 | 번들맵: 4개
[2026-07-14 15:11:07] INFO: [POLLING] 시작 | 큐: 0건 | 처리중: 4건 | 번들: ID:55698(1건), ID:55700(1건), ID:55701(1건), ID:55704(1건)
[2026-07-14 15:11:07] INFO: [POLLING] 종료 | 큐: 0건 | 번들맵: 4개
[2026-07-14 15:11:17] INFO: [POLLING] 시작 | 큐: 0건 | 처리중: 4건 | 번들: ID:55698(1건), ID:55700(1건), ID:55701(1건), ID:55704(1건)
[2026-07-14 15:11:17] INFO: [POLLING] 종료 | 큐: 0건 | 번들맵: 4개
[2026-07-14 15:11:20] INFO: [REQ] contents=check-event | id=undefined
[2026-07-14 15:11:27] INFO: [POLLING] 시작 | 큐: 0건 | 처리중: 4건 | 번들: ID:55698(1건), ID:55700(1건), ID:55701(1건), ID:55704(1건)
[2026-07-14 15:11:27] INFO: [POLLING] 종료 | 큐: 0건 | 번들맵: 4개
[2026-07-14 15:11:37] INFO: [POLLING] 시작 | 큐: 0건 | 처리중: 4건 | 번들: ID:55698(1건), ID:55700(1건), ID:55701(1건), ID:55704(1건)
[2026-07-14 15:11:37] INFO: [POLLING] 종료 | 큐: 0건 | 번들맵: 4개
[2026-07-14 15:11:47] INFO: [POLLING] 시작 | 큐: 0건 | 처리중: 4건 | 번들: ID:55698(1건), ID:55700(1건), ID:55701(1건), ID:55704(1건)
[2026-07-14 15:11:47] INFO: [POLLING] 종료 | 큐: 0건 | 번들맵: 4개
[2026-07-14 15:11:57] INFO: [POLLING] 시작 | 큐: 0건 | 처리중: 4건 | 번들: ID:55698(1건), ID:55700(1건), ID:55701(1건), ID:55704(1건)
[2026-07-14 15:11:57] INFO: [POLLING] 종료 | 큐: 0건 | 번들맵: 4개
[2026-07-14 15:12:07] INFO: [POLLING] 시작 | 큐: 0건 | 처리중: 4건 | 번들: ID:55698(1건), ID:55700(1건), ID:55701(1건), ID:55704(1건)
[2026-07-14 15:12:07] INFO: [POLLING] 종료 | 큐: 0건 | 번들맵: 4개
[2026-07-14 15:12:17] INFO: [POLLING] 시작 | 큐: 0건 | 처리중: 4건 | 번들: ID:55698(1건), ID:55700(1건), ID:55701(1건), ID:55704(1건)
[2026-07-14 15:12:17] INFO: [POLLING] 종료 | 큐: 0건 | 번들맵: 4개
[2026-07-14 15:12:24] INFO: [REQ] contents=check-event | id=undefined
[2026-07-14 15:12:27] INFO: [POLLING] 시작 | 큐: 0건 | 처리중: 4건 | 번들: ID:55698(1건), ID:55700(1건), ID:55701(1건), ID:55704(1건)
[2026-07-14 15:12:27] INFO: [POLLING] 종료 | 큐: 0건 | 번들맵: 4개
[2026-07-14 15:12:37] INFO: [POLLING] 시작 | 큐: 0건 | 처리중: 4건 | 번들: ID:55698(1건), ID:55700(1건), ID:55701(1건), ID:55704(1건)
[2026-07-14 15:12:37] INFO: [POLLING] 종료 | 큐: 0건 | 번들맵: 4개
[2026-07-14 15:12:47] INFO: [POLLING] 시작 | 큐: 0건 | 처리중: 4건 | 번들: ID:55698(1건), ID:55700(1건), ID:55701(1건), ID:55704(1건)
[2026-07-14 15:12:47] INFO: [POLLING] 종료 | 큐: 0건 | 번들맵: 4개
[2026-07-14 15:12:57] INFO: [POLLING] 시작 | 큐: 0건 | 처리중: 4건 | 번들: ID:55698(1건), ID:55700(1건), ID:55701(1건), ID:55704(1건)
[2026-07-14 15:12:57] INFO: [POLLING] 종료 | 큐: 0건 | 번들맵: 4개
[2026-07-14 15:13:00] INFO: [REQ] contents=check-event | id=undefined
[2026-07-14 15:13:07] INFO: [POLLING] 시작 | 큐: 0건 | 처리중: 4건 | 번들: ID:55698(1건), ID:55700(1건), ID:55701(1건), ID:55704(1건)
[2026-07-14 15:13:07] INFO: [POLLING] 종료 | 큐: 0건 | 번들맵: 4개
[2026-07-14 15:13:17] INFO: [POLLING] 시작 | 큐: 0건 | 처리중: 4건 | 번들: ID:55698(1건), ID:55700(1건), ID:55701(1건), ID:55704(1건)
[2026-07-14 15:13:17] INFO: [POLLING] 종료 | 큐: 0건 | 번들맵: 4개
[2026-07-14 15:13:27] INFO: [POLLING] 시작 | 큐: 0건 | 처리중: 4건 | 번들: ID:55698(1건), ID:55700(1건), ID:55701(1건), ID:55704(1건)
[2026-07-14 15:13:27] INFO: [POLLING] 종료 | 큐: 0건 | 번들맵: 4개
[2026-07-14 15:13:37] INFO: [POLLING] 시작 | 큐: 0건 | 처리중: 4건 | 번들: ID:55698(1건), ID:55700(1건), ID:55701(1건), ID:55704(1건)
[2026-07-14 15:13:37] INFO: [POLLING] 종료 | 큐: 0건 | 번들맵: 4개
[2026-07-14 15:13:47] INFO: [POLLING] 시작 | 큐: 0건 | 처리중: 4건 | 번들: ID:55698(1건), ID:55700(1건), ID:55701(1건), ID:55704(1건)
[2026-07-14 15:13:47] INFO: [POLLING] 종료 | 큐: 0건 | 번들맵: 4개
[2026-07-14 15:13:57] INFO: [POLLING] 시작 | 큐: 0건 | 처리중: 4건 | 번들: ID:55698(1건), ID:55700(1건), ID:55701(1건), ID:55704(1건)
[2026-07-14 15:13:57] INFO: [POLLING] 종료 | 큐: 0건 | 번들맵: 4개
[2026-07-14 15:14:04] INFO: [REQ] contents=check-event | id=undefined
[2026-07-14 15:14:07] INFO: [POLLING] 시작 | 큐: 0건 | 처리중: 4건 | 번들: ID:55698(1건), ID:55700(1건), ID:55701(1건), ID:55704(1건)
[2026-07-14 15:14:07] INFO: [POLLING] 종료 | 큐: 0건 | 번들맵: 4개
[2026-07-14 15:14:17] INFO: [POLLING] 시작 | 큐: 0건 | 처리중: 4건 | 번들: ID:55698(1건), ID:55700(1건), ID:55701(1건), ID:55704(1건)
[2026-07-14 15:14:17] INFO: [POLLING] 종료 | 큐: 0건 | 번들맵: 4개
[2026-07-14 15:14:27] INFO: [POLLING] 시작 | 큐: 0건 | 처리중: 4건 | 번들: ID:55698(1건), ID:55700(1건), ID:55701(1건), ID:55704(1건)
[2026-07-14 15:14:27] INFO: [POLLING] 종료 | 큐: 0건 | 번들맵: 4개
[2026-07-14 15:14:31] INFO: [REQ] contents=check-event | id=undefined
[2026-07-14 15:14:37] INFO: [POLLING] 시작 | 큐: 0건 | 처리중: 4건 | 번들: ID:55698(1건), ID:55700(1건), ID:55701(1건), ID:55704(1건)
[2026-07-14 15:14:37] INFO: [POLLING] 종료 | 큐: 0건 | 번들맵: 4개
[2026-07-14 15:14:47] INFO: [POLLING] 시작 | 큐: 0건 | 처리중: 4건 | 번들: ID:55698(1건), ID:55700(1건), ID:55701(1건), ID:55704(1건)
[2026-07-14 15:14:47] INFO: [POLLING] 종료 | 큐: 0건 | 번들맵: 4개
[2026-07-14 15:14:57] INFO: [POLLING] 시작 | 큐: 0건 | 처리중: 4건 | 번들: ID:55698(1건), ID:55700(1건), ID:55701(1건), ID:55704(1건)
[2026-07-14 15:14:57] INFO: [POLLING] 종료 | 큐: 0건 | 번들맵: 4개
[2026-07-14 15:15:07] INFO: [POLLING] 시작 | 큐: 0건 | 처리중: 4건 | 번들: ID:55698(1건), ID:55700(1건), ID:55701(1건), ID:55704(1건)
[2026-07-14 15:15:07] INFO: [POLLING] 종료 | 큐: 0건 | 번들맵: 4개
[2026-07-14 15:15:17] INFO: [POLLING] 시작 | 큐: 0건 | 처리중: 4건 | 번들: ID:55698(1건), ID:55700(1건), ID:55701(1건), ID:55704(1건)
[2026-07-14 15:15:17] INFO: [POLLING] 종료 | 큐: 0건 | 번들맵: 4개
[2026-07-14 15:15:27] INFO: [POLLING] 시작 | 큐: 0건 | 처리중: 4건 | 번들: ID:55698(1건), ID:55700(1건), ID:55701(1건), ID:55704(1건)
[2026-07-14 15:15:27] INFO: [POLLING] 종료 | 큐: 0건 | 번들맵: 4개
[2026-07-14 15:15:34] INFO: [REQ] contents=check-event | id=undefined
[2026-07-14 15:15:37] INFO: [POLLING] 시작 | 큐: 0건 | 처리중: 4건 | 번들: ID:55698(1건), ID:55700(1건), ID:55701(1건), ID:55704(1건)
[2026-07-14 15:15:37] INFO: [POLLING] 종료 | 큐: 0건 | 번들맵: 4개
[2026-07-14 15:15:47] INFO: [POLLING] 시작 | 큐: 0건 | 처리중: 4건 | 번들: ID:55698(1건), ID:55700(1건), ID:55701(1건), ID:55704(1건)
[2026-07-14 15:15:47] INFO: [POLLING] 종료 | 큐: 0건 | 번들맵: 4개
[2026-07-14 15:15:57] INFO: [POLLING] 시작 | 큐: 0건 | 처리중: 4건 | 번들: ID:55698(1건), ID:55700(1건), ID:55701(1건), ID:55704(1건)
[2026-07-14 15:15:57] INFO: [POLLING] 종료 | 큐: 0건 | 번들맵: 4개
[2026-07-14 15:16:07] INFO: [POLLING] 시작 | 큐: 0건 | 처리중: 4건 | 번들: ID:55698(1건), ID:55700(1건), ID:55701(1건), ID:55704(1건)
[2026-07-14 15:16:07] INFO: [POLLING] 종료 | 큐: 0건 | 번들맵: 4개
[2026-07-14 15:16:17] INFO: [POLLING] 시작 | 큐: 0건 | 처리중: 4건 | 번들: ID:55698(1건), ID:55700(1건), ID:55701(1건), ID:55704(1건)
[2026-07-14 15:16:17] INFO: [POLLING] 종료 | 큐: 0건 | 번들맵: 4개
[2026-07-14 15:16:21] INFO: [REQ] contents=check-event | id=undefined
[2026-07-14 15:16:27] INFO: [POLLING] 시작 | 큐: 0건 | 처리중: 4건 | 번들: ID:55698(1건), ID:55700(1건), ID:55701(1건), ID:55704(1건)
[2026-07-14 15:16:27] INFO: [POLLING] 종료 | 큐: 0건 | 번들맵: 4개
[2026-07-14 15:16:37] INFO: [POLLING] 시작 | 큐: 0건 | 처리중: 4건 | 번들: ID:55698(1건), ID:55700(1건), ID:55701(1건), ID:55704(1건)
[2026-07-14 15:16:37] INFO: [POLLING] 종료 | 큐: 0건 | 번들맵: 4개
[2026-07-14 15:16:47] INFO: [POLLING] 시작 | 큐: 0건 | 처리중: 4건 | 번들: ID:55698(1건), ID:55700(1건), ID:55701(1건), ID:55704(1건)
[2026-07-14 15:16:47] INFO: [POLLING] 종료 | 큐: 0건 | 번들맵: 4개
[2026-07-14 15:16:57] INFO: [POLLING] 시작 | 큐: 0건 | 처리중: 4건 | 번들: ID:55698(1건), ID:55700(1건), ID:55701(1건), ID:55704(1건)
[2026-07-14 15:16:57] INFO: [POLLING] 종료 | 큐: 0건 | 번들맵: 4개
[2026-07-14 15:17:07] INFO: [POLLING] 시작 | 큐: 0건 | 처리중: 4건 | 번들: ID:55698(1건), ID:55700(1건), ID:55701(1건), ID:55704(1건)
[2026-07-14 15:17:07] INFO: [POLLING] 종료 | 큐: 0건 | 번들맵: 4개
[2026-07-14 15:17:17] INFO: [POLLING] 시작 | 큐: 0건 | 처리중: 4건 | 번들: ID:55698(1건), ID:55700(1건), ID:55701(1건), ID:55704(1건)
[2026-07-14 15:17:17] INFO: [POLLING] 종료 | 큐: 0건 | 번들맵: 4개
[2026-07-14 15:17:24] INFO: [REQ] contents=check-event | id=undefined
[2026-07-14 15:17:27] INFO: [POLLING] 시작 | 큐: 0건 | 처리중: 4건 | 번들: ID:55698(1건), ID:55700(1건), ID:55701(1건), ID:55704(1건)
[2026-07-14 15:17:27] INFO: [POLLING] 종료 | 큐: 0건 | 번들맵: 4개
[2026-07-14 15:17:37] INFO: [POLLING] 시작 | 큐: 0건 | 처리중: 4건 | 번들: ID:55698(1건), ID:55700(1건), ID:55701(1건), ID:55704(1건)
[2026-07-14 15:17:37] INFO: [POLLING] 종료 | 큐: 0건 | 번들맵: 4개
[2026-07-14 15:17:47] INFO: [POLLING] 시작 | 큐: 0건 | 처리중: 4건 | 번들: ID:55698(1건), ID:55700(1건), ID:55701(1건), ID:55704(1건)
[2026-07-14 15:17:47] INFO: [POLLING] 종료 | 큐: 0건 | 번들맵: 4개
[2026-07-14 15:17:57] INFO: [POLLING] 시작 | 큐: 0건 | 처리중: 4건 | 번들: ID:55698(1건), ID:55700(1건), ID:55701(1건), ID:55704(1건)
[2026-07-14 15:17:57] INFO: [POLLING] 종료 | 큐: 0건 | 번들맵: 4개
[2026-07-14 15:18:01] INFO: [REQ] contents=check-event | id=undefined
[2026-07-14 15:18:07] INFO: [POLLING] 시작 | 큐: 0건 | 처리중: 4건 | 번들: ID:55698(1건), ID:55700(1건), ID:55701(1건), ID:55704(1건)
[2026-07-14 15:18:07] INFO: [POLLING] 종료 | 큐: 0건 | 번들맵: 4개
[2026-07-14 15:18:17] INFO: [POLLING] 시작 | 큐: 0건 | 처리중: 4건 | 번들: ID:55698(1건), ID:55700(1건), ID:55701(1건), ID:55704(1건)
[2026-07-14 15:18:17] INFO: [POLLING] 종료 | 큐: 0건 | 번들맵: 4개
[2026-07-14 15:18:27] INFO: [POLLING] 시작 | 큐: 0건 | 처리중: 4건 | 번들: ID:55698(1건), ID:55700(1건), ID:55701(1건), ID:55704(1건)
[2026-07-14 15:18:27] INFO: [POLLING] 종료 | 큐: 0건 | 번들맵: 4개
[2026-07-14 15:18:37] INFO: [POLLING] 시작 | 큐: 0건 | 처리중: 4건 | 번들: ID:55698(1건), ID:55700(1건), ID:55701(1건), ID:55704(1건)
[2026-07-14 15:18:37] INFO: [POLLING] 종료 | 큐: 0건 | 번들맵: 4개
[2026-07-14 15:18:47] INFO: [POLLING] 시작 | 큐: 0건 | 처리중: 4건 | 번들: ID:55698(1건), ID:55700(1건), ID:55701(1건), ID:55704(1건)
[2026-07-14 15:18:47] INFO: [POLLING] 종료 | 큐: 0건 | 번들맵: 4개
[2026-07-14 15:18:57] INFO: [POLLING] 시작 | 큐: 0건 | 처리중: 4건 | 번들: ID:55698(1건), ID:55700(1건), ID:55701(1건), ID:55704(1건)
[2026-07-14 15:18:57] INFO: [POLLING] 종료 | 큐: 0건 | 번들맵: 4개
[2026-07-14 15:19:05] INFO: [REQ] contents=check-event | id=undefined
[2026-07-14 15:19:07] INFO: [POLLING] 시작 | 큐: 0건 | 처리중: 4건 | 번들: ID:55698(1건), ID:55700(1건), ID:55701(1건), ID:55704(1건)
[2026-07-14 15:19:07] INFO: [POLLING] 종료 | 큐: 0건 | 번들맵: 4개
[2026-07-14 15:19:17] INFO: [POLLING] 시작 | 큐: 0건 | 처리중: 4건 | 번들: ID:55698(1건), ID:55700(1건), ID:55701(1건), ID:55704(1건)
[2026-07-14 15:19:17] INFO: [POLLING] 종료 | 큐: 0건 | 번들맵: 4개
[2026-07-14 15:19:27] INFO: [POLLING] 시작 | 큐: 0건 | 처리중: 4건 | 번들: ID:55698(1건), ID:55700(1건), ID:55701(1건), ID:55704(1건)
[2026-07-14 15:19:27] INFO: [POLLING] 종료 | 큐: 0건 | 번들맵: 4개
[2026-07-14 15:19:31] INFO: [REQ] contents=check-event | id=undefined
[2026-07-14 15:19:37] INFO: [POLLING] 시작 | 큐: 0건 | 처리중: 4건 | 번들: ID:55698(1건), ID:55700(1건), ID:55701(1건), ID:55704(1건)
[2026-07-14 15:19:37] INFO: [POLLING] 종료 | 큐: 0건 | 번들맵: 4개
[2026-07-14 15:19:47] INFO: [POLLING] 시작 | 큐: 0건 | 처리중: 4건 | 번들: ID:55698(1건), ID:55700(1건), ID:55701(1건), ID:55704(1건)
[2026-07-14 15:19:47] INFO: [POLLING] 종료 | 큐: 0건 | 번들맵: 4개
[2026-07-14 15:19:57] INFO: [POLLING] 시작 | 큐: 0건 | 처리중: 4건 | 번들: ID:55698(1건), ID:55700(1건), ID:55701(1건), ID:55704(1건)
[2026-07-14 15:19:57] INFO: [POLLING] 종료 | 큐: 0건 | 번들맵: 4개
[2026-07-14 15:20:07] INFO: [POLLING] 시작 | 큐: 0건 | 처리중: 4건 | 번들: ID:55698(1건), ID:55700(1건), ID:55701(1건), ID:55704(1건)
[2026-07-14 15:20:07] INFO: [POLLING] 종료 | 큐: 0건 | 번들맵: 4개
[2026-07-14 15:20:17] INFO: [POLLING] 시작 | 큐: 0건 | 처리중: 4건 | 번들: ID:55698(1건), ID:55700(1건), ID:55701(1건), ID:55704(1건)
[2026-07-14 15:20:17] INFO: [POLLING] 종료 | 큐: 0건 | 번들맵: 4개
[2026-07-14 15:20:27] INFO: [POLLING] 시작 | 큐: 0건 | 처리중: 4건 | 번들: ID:55698(1건), ID:55700(1건), ID:55701(1건), ID:55704(1건)
[2026-07-14 15:20:27] INFO: [POLLING] 종료 | 큐: 0건 | 번들맵: 4개
[2026-07-14 15:20:35] INFO: [REQ] contents=check-event | id=undefined
[2026-07-14 15:20:37] INFO: [POLLING] 시작 | 큐: 0건 | 처리중: 4건 | 번들: ID:55698(1건), ID:55700(1건), ID:55701(1건), ID:55704(1건)
[2026-07-14 15:20:37] INFO: [POLLING] 종료 | 큐: 0건 | 번들맵: 4개
[2026-07-14 15:20:47] INFO: [POLLING] 시작 | 큐: 0건 | 처리중: 4건 | 번들: ID:55698(1건), ID:55700(1건), ID:55701(1건), ID:55704(1건)
[2026-07-14 15:20:47] INFO: [POLLING] 종료 | 큐: 0건 | 번들맵: 4개
[2026-07-14 15:20:57] INFO: [POLLING] 시작 | 큐: 0건 | 처리중: 4건 | 번들: ID:55698(1건), ID:55700(1건), ID:55701(1건), ID:55704(1건)
[2026-07-14 15:20:57] INFO: [POLLING] 종료 | 큐: 0건 | 번들맵: 4개
[2026-07-14 15:21:07] INFO: [POLLING] 시작 | 큐: 0건 | 처리중: 4건 | 번들: ID:55698(1건), ID:55700(1건), ID:55701(1건), ID:55704(1건)
[2026-07-14 15:21:07] INFO: [POLLING] 종료 | 큐: 0건 | 번들맵: 4개
[2026-07-14 15:21:17] INFO: [POLLING] 시작 | 큐: 0건 | 처리중: 4건 | 번들: ID:55698(1건), ID:55700(1건), ID:55701(1건), ID:55704(1건)
[2026-07-14 15:21:17] INFO: [POLLING] 종료 | 큐: 0건 | 번들맵: 4개
[2026-07-14 15:21:21] INFO: [REQ] contents=check-event | id=undefined
[2026-07-14 15:21:27] INFO: [POLLING] 시작 | 큐: 0건 | 처리중: 4건 | 번들: ID:55698(1건), ID:55700(1건), ID:55701(1건), ID:55704(1건)
[2026-07-14 15:21:27] INFO: [POLLING] 종료 | 큐: 0건 | 번들맵: 4개
[2026-07-14 15:21:37] INFO: [POLLING] 시작 | 큐: 0건 | 처리중: 4건 | 번들: ID:55698(1건), ID:55700(1건), ID:55701(1건), ID:55704(1건)
[2026-07-14 15:21:37] INFO: [POLLING] 종료 | 큐: 0건 | 번들맵: 4개
[2026-07-14 15:21:47] INFO: [POLLING] 시작 | 큐: 0건 | 처리중: 4건 | 번들: ID:55698(1건), ID:55700(1건), ID:55701(1건), ID:55704(1건)
[2026-07-14 15:21:47] INFO: [POLLING] 종료 | 큐: 0건 | 번들맵: 4개
[2026-07-14 15:21:57] INFO: [POLLING] 시작 | 큐: 0건 | 처리중: 4건 | 번들: ID:55698(1건), ID:55700(1건), ID:55701(1건), ID:55704(1건)
[2026-07-14 15:21:57] INFO: [POLLING] 종료 | 큐: 0건 | 번들맵: 4개
[2026-07-14 15:22:07] INFO: [POLLING] 시작 | 큐: 0건 | 처리중: 4건 | 번들: ID:55698(1건), ID:55700(1건), ID:55701(1건), ID:55704(1건)
[2026-07-14 15:22:07] INFO: [POLLING] 종료 | 큐: 0건 | 번들맵: 4개
[2026-07-14 15:22:17] INFO: [POLLING] 시작 | 큐: 0건 | 처리중: 4건 | 번들: ID:55698(1건), ID:55700(1건), ID:55701(1건), ID:55704(1건)
[2026-07-14 15:22:17] INFO: [POLLING] 종료 | 큐: 0건 | 번들맵: 4개
[2026-07-14 15:22:25] INFO: [REQ] contents=check-event | id=undefined
[2026-07-14 15:22:27] INFO: [POLLING] 시작 | 큐: 0건 | 처리중: 4건 | 번들: ID:55698(1건), ID:55700(1건), ID:55701(1건), ID:55704(1건)
[2026-07-14 15:22:27] INFO: [POLLING] 종료 | 큐: 0건 | 번들맵: 4개
[2026-07-14 15:22:37] INFO: [POLLING] 시작 | 큐: 0건 | 처리중: 4건 | 번들: ID:55698(1건), ID:55700(1건), ID:55701(1건), ID:55704(1건)
[2026-07-14 15:22:37] INFO: [POLLING] 종료 | 큐: 0건 | 번들맵: 4개
[2026-07-14 15:22:47] INFO: [POLLING] 시작 | 큐: 0건 | 처리중: 4건 | 번들: ID:55698(1건), ID:55700(1건), ID:55701(1건), ID:55704(1건)
[2026-07-14 15:22:47] INFO: [POLLING] 종료 | 큐: 0건 | 번들맵: 4개
[2026-07-14 15:22:57] INFO: [POLLING] 시작 | 큐: 0건 | 처리중: 4건 | 번들: ID:55698(1건), ID:55700(1건), ID:55701(1건), ID:55704(1건)
[2026-07-14 15:22:57] INFO: [POLLING] 종료 | 큐: 0건 | 번들맵: 4개
[2026-07-14 15:23:01] INFO: [REQ] contents=check-event | id=undefined
[2026-07-14 15:23:07] INFO: [POLLING] 시작 | 큐: 0건 | 처리중: 4건 | 번들: ID:55698(1건), ID:55700(1건), ID:55701(1건), ID:55704(1건)
[2026-07-14 15:23:07] INFO: [POLLING] 종료 | 큐: 0건 | 번들맵: 4개
[2026-07-14 15:23:17] INFO: [POLLING] 시작 | 큐: 0건 | 처리중: 4건 | 번들: ID:55698(1건), ID:55700(1건), ID:55701(1건), ID:55704(1건)
[2026-07-14 15:23:17] INFO: [POLLING] 종료 | 큐: 0건 | 번들맵: 4개
[2026-07-14 15:23:27] INFO: [POLLING] 시작 | 큐: 0건 | 처리중: 4건 | 번들: ID:55698(1건), ID:55700(1건), ID:55701(1건), ID:55704(1건)
[2026-07-14 15:23:27] INFO: [POLLING] 종료 | 큐: 0건 | 번들맵: 4개
[2026-07-14 15:23:37] INFO: [POLLING] 시작 | 큐: 0건 | 처리중: 4건 | 번들: ID:55698(1건), ID:55700(1건), ID:55701(1건), ID:55704(1건)
[2026-07-14 15:23:37] INFO: [POLLING] 종료 | 큐: 0건 | 번들맵: 4개
[2026-07-14 15:23:47] INFO: [POLLING] 시작 | 큐: 0건 | 처리중: 4건 | 번들: ID:55698(1건), ID:55700(1건), ID:55701(1건), ID:55704(1건)
[2026-07-14 15:23:48] INFO: [POLLING] 종료 | 큐: 0건 | 번들맵: 4개
[2026-07-14 15:23:57] INFO: [POLLING] 시작 | 큐: 0건 | 처리중: 4건 | 번들: ID:55698(1건), ID:55700(1건), ID:55701(1건), ID:55704(1건)
[2026-07-14 15:23:58] INFO: [POLLING] 종료 | 큐: 0건 | 번들맵: 4개
[2026-07-14 15:24:05] INFO: [REQ] contents=check-event | id=undefined
[2026-07-14 15:24:07] INFO: [POLLING] 시작 | 큐: 0건 | 처리중: 4건 | 번들: ID:55698(1건), ID:55700(1건), ID:55701(1건), ID:55704(1건)
[2026-07-14 15:24:08] INFO: [POLLING] 종료 | 큐: 0건 | 번들맵: 4개
[2026-07-14 15:24:17] INFO: [POLLING] 시작 | 큐: 0건 | 처리중: 4건 | 번들: ID:55698(1건), ID:55700(1건), ID:55701(1건), ID:55704(1건)
[2026-07-14 15:24:18] INFO: [POLLING] 종료 | 큐: 0건 | 번들맵: 4개
[2026-07-14 15:24:27] INFO: [POLLING] 시작 | 큐: 0건 | 처리중: 4건 | 번들: ID:55698(1건), ID:55700(1건), ID:55701(1건), ID:55704(1건)
[2026-07-14 15:24:28] INFO: [POLLING] 종료 | 큐: 0건 | 번들맵: 4개
[2026-07-14 15:24:32] INFO: [REQ] contents=check-event | id=undefined
[2026-07-14 15:24:37] INFO: [POLLING] 시작 | 큐: 0건 | 처리중: 4건 | 번들: ID:55698(1건), ID:55700(1건), ID:55701(1건), ID:55704(1건)
[2026-07-14 15:24:38] INFO: [POLLING] 종료 | 큐: 0건 | 번들맵: 4개
[2026-07-14 15:24:47] INFO: [POLLING] 시작 | 큐: 0건 | 처리중: 4건 | 번들: ID:55698(1건), ID:55700(1건), ID:55701(1건), ID:55704(1건)
[2026-07-14 15:24:48] INFO: [POLLING] 종료 | 큐: 0건 | 번들맵: 4개
[2026-07-14 15:24:57] INFO: [POLLING] 시작 | 큐: 0건 | 처리중: 4건 | 번들: ID:55698(1건), ID:55700(1건), ID:55701(1건), ID:55704(1건)
[2026-07-14 15:24:58] INFO: [POLLING] 종료 | 큐: 0건 | 번들맵: 4개
[2026-07-14 15:25:08] INFO: [POLLING] 시작 | 큐: 0건 | 처리중: 4건 | 번들: ID:55698(1건), ID:55700(1건), ID:55701(1건), ID:55704(1건)
[2026-07-14 15:25:08] INFO: [POLLING] 종료 | 큐: 0건 | 번들맵: 4개
[2026-07-14 15:25:18] INFO: [POLLING] 시작 | 큐: 0건 | 처리중: 4건 | 번들: ID:55698(1건), ID:55700(1건), ID:55701(1건), ID:55704(1건)
[2026-07-14 15:25:18] INFO: [POLLING] 종료 | 큐: 0건 | 번들맵: 4개
[2026-07-14 15:25:28] INFO: [POLLING] 시작 | 큐: 0건 | 처리중: 4건 | 번들: ID:55698(1건), ID:55700(1건), ID:55701(1건), ID:55704(1건)
[2026-07-14 15:25:28] INFO: [POLLING] 종료 | 큐: 0건 | 번들맵: 4개
[2026-07-14 15:25:35] INFO: [REQ] contents=check-event | id=undefined
[2026-07-14 15:25:38] INFO: [POLLING] 시작 | 큐: 0건 | 처리중: 4건 | 번들: ID:55698(1건), ID:55700(1건), ID:55701(1건), ID:55704(1건)
[2026-07-14 15:25:38] INFO: [POLLING] 종료 | 큐: 0건 | 번들맵: 4개
[2026-07-14 15:25:48] INFO: [POLLING] 시작 | 큐: 0건 | 처리중: 4건 | 번들: ID:55698(1건), ID:55700(1건), ID:55701(1건), ID:55704(1건)
[2026-07-14 15:25:48] INFO: [POLLING] 종료 | 큐: 0건 | 번들맵: 4개
[2026-07-14 15:25:58] INFO: [POLLING] 시작 | 큐: 0건 | 처리중: 4건 | 번들: ID:55698(1건), ID:55700(1건), ID:55701(1건), ID:55704(1건)
[2026-07-14 15:25:58] INFO: [POLLING] 종료 | 큐: 0건 | 번들맵: 4개
[2026-07-14 15:26:08] INFO: [POLLING] 시작 | 큐: 0건 | 처리중: 4건 | 번들: ID:55698(1건), ID:55700(1건), ID:55701(1건), ID:55704(1건)
[2026-07-14 15:26:08] INFO: [POLLING] 종료 | 큐: 0건 | 번들맵: 4개
[2026-07-14 15:26:18] INFO: [POLLING] 시작 | 큐: 0건 | 처리중: 4건 | 번들: ID:55698(1건), ID:55700(1건), ID:55701(1건), ID:55704(1건)
[2026-07-14 15:26:18] INFO: [POLLING] 종료 | 큐: 0건 | 번들맵: 4개
[2026-07-14 15:26:22] INFO: [REQ] contents=check-event | id=undefined
[2026-07-14 15:26:28] INFO: [POLLING] 시작 | 큐: 0건 | 처리중: 4건 | 번들: ID:55698(1건), ID:55700(1건), ID:55701(1건), ID:55704(1건)
[2026-07-14 15:26:28] INFO: [POLLING] 종료 | 큐: 0건 | 번들맵: 4개
[2026-07-14 15:26:38] INFO: [POLLING] 시작 | 큐: 0건 | 처리중: 4건 | 번들: ID:55698(1건), ID:55700(1건), ID:55701(1건), ID:55704(1건)
[2026-07-14 15:26:38] INFO: [POLLING] 종료 | 큐: 0건 | 번들맵: 4개
[2026-07-14 15:26:48] INFO: [POLLING] 시작 | 큐: 0건 | 처리중: 4건 | 번들: ID:55698(1건), ID:55700(1건), ID:55701(1건), ID:55704(1건)
[2026-07-14 15:26:48] INFO: [POLLING] 종료 | 큐: 0건 | 번들맵: 4개
[2026-07-14 15:26:58] INFO: [POLLING] 시작 | 큐: 0건 | 처리중: 4건 | 번들: ID:55698(1건), ID:55700(1건), ID:55701(1건), ID:55704(1건)
[2026-07-14 15:26:58] INFO: [POLLING] 종료 | 큐: 0건 | 번들맵: 4개
[2026-07-14 15:27:08] INFO: [POLLING] 시작 | 큐: 0건 | 처리중: 4건 | 번들: ID:55698(1건), ID:55700(1건), ID:55701(1건), ID:55704(1건)
[2026-07-14 15:27:08] INFO: [POLLING] 종료 | 큐: 0건 | 번들맵: 4개
[2026-07-14 15:27:18] INFO: [POLLING] 시작 | 큐: 0건 | 처리중: 4건 | 번들: ID:55698(1건), ID:55700(1건), ID:55701(1건), ID:55704(1건)
[2026-07-14 15:27:18] INFO: [POLLING] 종료 | 큐: 0건 | 번들맵: 4개
[2026-07-14 15:27:25] INFO: [REQ] contents=check-event | id=undefined
[2026-07-14 15:27:28] INFO: [POLLING] 시작 | 큐: 0건 | 처리중: 4건 | 번들: ID:55698(1건), ID:55700(1건), ID:55701(1건), ID:55704(1건)
[2026-07-14 15:27:28] INFO: [POLLING] 종료 | 큐: 0건 | 번들맵: 4개
[2026-07-14 15:27:38] INFO: [POLLING] 시작 | 큐: 0건 | 처리중: 4건 | 번들: ID:55698(1건), ID:55700(1건), ID:55701(1건), ID:55704(1건)
[2026-07-14 15:27:38] INFO: [POLLING] 종료 | 큐: 0건 | 번들맵: 4개
[2026-07-14 15:27:48] INFO: [POLLING] 시작 | 큐: 0건 | 처리중: 4건 | 번들: ID:55698(1건), ID:55700(1건), ID:55701(1건), ID:55704(1건)
[2026-07-14 15:27:48] INFO: [POLLING] 종료 | 큐: 0건 | 번들맵: 4개
[2026-07-14 15:27:58] INFO: [POLLING] 시작 | 큐: 0건 | 처리중: 4건 | 번들: ID:55698(1건), ID:55700(1건), ID:55701(1건), ID:55704(1건)
[2026-07-14 15:27:58] INFO: [POLLING] 종료 | 큐: 0건 | 번들맵: 4개
[2026-07-14 15:28:02] INFO: [REQ] contents=check-event | id=undefined
[2026-07-14 15:28:08] INFO: [POLLING] 시작 | 큐: 0건 | 처리중: 4건 | 번들: ID:55698(1건), ID:55700(1건), ID:55701(1건), ID:55704(1건)
[2026-07-14 15:28:08] INFO: [POLLING] 종료 | 큐: 0건 | 번들맵: 4개
[2026-07-14 15:28:18] INFO: [POLLING] 시작 | 큐: 0건 | 처리중: 4건 | 번들: ID:55698(1건), ID:55700(1건), ID:55701(1건), ID:55704(1건)
[2026-07-14 15:28:18] INFO: [POLLING] 종료 | 큐: 0건 | 번들맵: 4개
[2026-07-14 15:28:28] INFO: [POLLING] 시작 | 큐: 0건 | 처리중: 4건 | 번들: ID:55698(1건), ID:55700(1건), ID:55701(1건), ID:55704(1건)
[2026-07-14 15:28:28] INFO: [POLLING] 종료 | 큐: 0건 | 번들맵: 4개
[2026-07-14 15:28:38] INFO: [POLLING] 시작 | 큐: 0건 | 처리중: 4건 | 번들: ID:55698(1건), ID:55700(1건), ID:55701(1건), ID:55704(1건)
[2026-07-14 15:28:38] INFO: [POLLING] 종료 | 큐: 0건 | 번들맵: 4개
[2026-07-14 15:28:48] INFO: [POLLING] 시작 | 큐: 0건 | 처리중: 4건 | 번들: ID:55698(1건), ID:55700(1건), ID:55701(1건), ID:55704(1건)
[2026-07-14 15:28:48] INFO: [POLLING] 종료 | 큐: 0건 | 번들맵: 4개
[2026-07-14 15:28:58] INFO: [POLLING] 시작 | 큐: 0건 | 처리중: 4건 | 번들: ID:55698(1건), ID:55700(1건), ID:55701(1건), ID:55704(1건)
[2026-07-14 15:28:58] INFO: [POLLING] 종료 | 큐: 0건 | 번들맵: 4개
[2026-07-14 15:29:06] INFO: [REQ] contents=check-event | id=undefined
[2026-07-14 15:29:08] INFO: [POLLING] 시작 | 큐: 0건 | 처리중: 4건 | 번들: ID:55698(1건), ID:55700(1건), ID:55701(1건), ID:55704(1건)
[2026-07-14 15:29:08] INFO: [POLLING] 종료 | 큐: 0건 | 번들맵: 4개
[2026-07-14 15:29:18] INFO: [POLLING] 시작 | 큐: 0건 | 처리중: 4건 | 번들: ID:55698(1건), ID:55700(1건), ID:55701(1건), ID:55704(1건)
[2026-07-14 15:29:18] INFO: [POLLING] 종료 | 큐: 0건 | 번들맵: 4개
[2026-07-14 15:29:28] INFO: [POLLING] 시작 | 큐: 0건 | 처리중: 4건 | 번들: ID:55698(1건), ID:55700(1건), ID:55701(1건), ID:55704(1건)
[2026-07-14 15:29:28] INFO: [POLLING] 종료 | 큐: 0건 | 번들맵: 4개
[2026-07-14 15:29:32] INFO: [REQ] contents=check-event | id=undefined
[2026-07-14 15:29:38] INFO: [POLLING] 시작 | 큐: 0건 | 처리중: 4건 | 번들: ID:55698(1건), ID:55700(1건), ID:55701(1건), ID:55704(1건)
[2026-07-14 15:29:38] INFO: [POLLING] 종료 | 큐: 0건 | 번들맵: 4개
[2026-07-14 15:29:48] INFO: [POLLING] 시작 | 큐: 0건 | 처리중: 4건 | 번들: ID:55698(1건), ID:55700(1건), ID:55701(1건), ID:55704(1건)
[2026-07-14 15:29:48] INFO: [POLLING] 종료 | 큐: 0건 | 번들맵: 4개
[2026-07-14 15:29:58] INFO: [POLLING] 시작 | 큐: 0건 | 처리중: 4건 | 번들: ID:55698(1건), ID:55700(1건), ID:55701(1건), ID:55704(1건)
[2026-07-14 15:29:58] INFO: [POLLING] 종료 | 큐: 0건 | 번들맵: 4개
[2026-07-14 15:30:08] INFO: [POLLING] 시작 | 큐: 0건 | 처리중: 4건 | 번들: ID:55698(1건), ID:55700(1건), ID:55701(1건), ID:55704(1건)
[2026-07-14 15:30:08] INFO: [POLLING] 종료 | 큐: 0건 | 번들맵: 4개
[2026-07-14 15:30:18] INFO: [POLLING] 시작 | 큐: 0건 | 처리중: 4건 | 번들: ID:55698(1건), ID:55700(1건), ID:55701(1건), ID:55704(1건)
[2026-07-14 15:30:18] INFO: [POLLING] 종료 | 큐: 0건 | 번들맵: 4개
[2026-07-14 15:30:28] INFO: [POLLING] 시작 | 큐: 0건 | 처리중: 4건 | 번들: ID:55698(1건), ID:55700(1건), ID:55701(1건), ID:55704(1건)
[2026-07-14 15:30:28] INFO: [POLLING] 종료 | 큐: 0건 | 번들맵: 4개
[2026-07-14 15:30:36] INFO: [REQ] contents=check-event | id=undefined
[2026-07-14 15:30:38] INFO: [POLLING] 시작 | 큐: 0건 | 처리중: 4건 | 번들: ID:55698(1건), ID:55700(1건), ID:55701(1건), ID:55704(1건)
[2026-07-14 15:30:38] INFO: [POLLING] 종료 | 큐: 0건 | 번들맵: 4개
[2026-07-14 15:30:48] INFO: [POLLING] 시작 | 큐: 0건 | 처리중: 4건 | 번들: ID:55698(1건), ID:55700(1건), ID:55701(1건), ID:55704(1건)
[2026-07-14 15:30:48] INFO: [POLLING] 종료 | 큐: 0건 | 번들맵: 4개
[2026-07-14 15:30:58] INFO: [POLLING] 시작 | 큐: 0건 | 처리중: 4건 | 번들: ID:55698(1건), ID:55700(1건), ID:55701(1건), ID:55704(1건)
[2026-07-14 15:30:58] INFO: [POLLING] 종료 | 큐: 0건 | 번들맵: 4개
[2026-07-14 15:31:08] INFO: [POLLING] 시작 | 큐: 0건 | 처리중: 4건 | 번들: ID:55698(1건), ID:55700(1건), ID:55701(1건), ID:55704(1건)
[2026-07-14 15:31:08] INFO: [POLLING] 종료 | 큐: 0건 | 번들맵: 4개
[2026-07-14 15:31:18] INFO: [POLLING] 시작 | 큐: 0건 | 처리중: 4건 | 번들: ID:55698(1건), ID:55700(1건), ID:55701(1건), ID:55704(1건)
[2026-07-14 15:31:18] INFO: [POLLING] 종료 | 큐: 0건 | 번들맵: 4개
[2026-07-14 15:31:22] INFO: [REQ] contents=check-event | id=undefined
[2026-07-14 15:31:28] INFO: [POLLING] 시작 | 큐: 0건 | 처리중: 4건 | 번들: ID:55698(1건), ID:55700(1건), ID:55701(1건), ID:55704(1건)
[2026-07-14 15:31:28] INFO: [POLLING] 종료 | 큐: 0건 | 번들맵: 4개
[2026-07-14 15:31:38] INFO: [POLLING] 시작 | 큐: 0건 | 처리중: 4건 | 번들: ID:55698(1건), ID:55700(1건), ID:55701(1건), ID:55704(1건)
[2026-07-14 15:31:38] INFO: [POLLING] 종료 | 큐: 0건 | 번들맵: 4개
[2026-07-14 15:31:48] INFO: [POLLING] 시작 | 큐: 0건 | 처리중: 4건 | 번들: ID:55698(1건), ID:55700(1건), ID:55701(1건), ID:55704(1건)
[2026-07-14 15:31:48] INFO: [POLLING] 종료 | 큐: 0건 | 번들맵: 4개
[2026-07-14 15:31:58] INFO: [POLLING] 시작 | 큐: 0건 | 처리중: 4건 | 번들: ID:55698(1건), ID:55700(1건), ID:55701(1건), ID:55704(1건)
[2026-07-14 15:31:58] INFO: [POLLING] 종료 | 큐: 0건 | 번들맵: 4개
[2026-07-14 15:32:08] INFO: [POLLING] 시작 | 큐: 0건 | 처리중: 4건 | 번들: ID:55698(1건), ID:55700(1건), ID:55701(1건), ID:55704(1건)
[2026-07-14 15:32:08] INFO: [POLLING] 종료 | 큐: 0건 | 번들맵: 4개
[2026-07-14 15:32:18] INFO: [POLLING] 시작 | 큐: 0건 | 처리중: 4건 | 번들: ID:55698(1건), ID:55700(1건), ID:55701(1건), ID:55704(1건)
[2026-07-14 15:32:18] INFO: [POLLING] 종료 | 큐: 0건 | 번들맵: 4개
[2026-07-14 15:32:26] INFO: [REQ] contents=check-event | id=undefined
[2026-07-14 15:32:28] INFO: [POLLING] 시작 | 큐: 0건 | 처리중: 4건 | 번들: ID:55698(1건), ID:55700(1건), ID:55701(1건), ID:55704(1건)
[2026-07-14 15:32:28] INFO: [POLLING] 종료 | 큐: 0건 | 번들맵: 4개
[2026-07-14 15:32:38] INFO: [POLLING] 시작 | 큐: 0건 | 처리중: 4건 | 번들: ID:55698(1건), ID:55700(1건), ID:55701(1건), ID:55704(1건)
[2026-07-14 15:32:38] INFO: [POLLING] 종료 | 큐: 0건 | 번들맵: 4개
[2026-07-14 15:32:48] INFO: [POLLING] 시작 | 큐: 0건 | 처리중: 4건 | 번들: ID:55698(1건), ID:55700(1건), ID:55701(1건), ID:55704(1건)
[2026-07-14 15:32:48] INFO: [POLLING] 종료 | 큐: 0건 | 번들맵: 4개
[2026-07-14 15:32:58] INFO: [POLLING] 시작 | 큐: 0건 | 처리중: 4건 | 번들: ID:55698(1건), ID:55700(1건), ID:55701(1건), ID:55704(1건)
[2026-07-14 15:32:58] INFO: [POLLING] 종료 | 큐: 0건 | 번들맵: 4개
[2026-07-14 15:33:02] INFO: [REQ] contents=check-event | id=undefined
[2026-07-14 15:33:08] INFO: [POLLING] 시작 | 큐: 0건 | 처리중: 4건 | 번들: ID:55698(1건), ID:55700(1건), ID:55701(1건), ID:55704(1건)
[2026-07-14 15:33:08] INFO: [POLLING] 종료 | 큐: 0건 | 번들맵: 4개
[2026-07-14 15:33:18] INFO: [POLLING] 시작 | 큐: 0건 | 처리중: 4건 | 번들: ID:55698(1건), ID:55700(1건), ID:55701(1건), ID:55704(1건)
[2026-07-14 15:33:18] INFO: [POLLING] 종료 | 큐: 0건 | 번들맵: 4개
[2026-07-14 15:33:28] INFO: [POLLING] 시작 | 큐: 0건 | 처리중: 4건 | 번들: ID:55698(1건), ID:55700(1건), ID:55701(1건), ID:55704(1건)
[2026-07-14 15:33:28] INFO: [POLLING] 종료 | 큐: 0건 | 번들맵: 4개
[2026-07-14 15:33:38] INFO: [POLLING] 시작 | 큐: 0건 | 처리중: 4건 | 번들: ID:55698(1건), ID:55700(1건), ID:55701(1건), ID:55704(1건)
[2026-07-14 15:33:38] INFO: [POLLING] 종료 | 큐: 0건 | 번들맵: 4개
[2026-07-14 15:33:48] INFO: [POLLING] 시작 | 큐: 0건 | 처리중: 4건 | 번들: ID:55698(1건), ID:55700(1건), ID:55701(1건), ID:55704(1건)
[2026-07-14 15:33:48] INFO: [POLLING] 종료 | 큐: 0건 | 번들맵: 4개
[2026-07-14 15:33:58] INFO: [POLLING] 시작 | 큐: 0건 | 처리중: 4건 | 번들: ID:55698(1건), ID:55700(1건), ID:55701(1건), ID:55704(1건)
[2026-07-14 15:33:58] INFO: [POLLING] 종료 | 큐: 0건 | 번들맵: 4개
[2026-07-14 15:34:06] INFO: [REQ] contents=check-event | id=undefined
[2026-07-14 15:34:08] INFO: [POLLING] 시작 | 큐: 0건 | 처리중: 4건 | 번들: ID:55698(1건), ID:55700(1건), ID:55701(1건), ID:55704(1건)
[2026-07-14 15:34:08] INFO: [POLLING] 종료 | 큐: 0건 | 번들맵: 4개
[2026-07-14 15:34:18] INFO: [POLLING] 시작 | 큐: 0건 | 처리중: 4건 | 번들: ID:55698(1건), ID:55700(1건), ID:55701(1건), ID:55704(1건)
[2026-07-14 15:34:18] INFO: [POLLING] 종료 | 큐: 0건 | 번들맵: 4개
[2026-07-14 15:34:28] INFO: [POLLING] 시작 | 큐: 0건 | 처리중: 4건 | 번들: ID:55698(1건), ID:55700(1건), ID:55701(1건), ID:55704(1건)
[2026-07-14 15:34:28] INFO: [POLLING] 종료 | 큐: 0건 | 번들맵: 4개
[2026-07-14 15:34:33] INFO: [REQ] contents=check-event | id=undefined
[2026-07-14 15:34:38] INFO: [POLLING] 시작 | 큐: 0건 | 처리중: 4건 | 번들: ID:55698(1건), ID:55700(1건), ID:55701(1건), ID:55704(1건)
[2026-07-14 15:34:38] INFO: [POLLING] 종료 | 큐: 0건 | 번들맵: 4개
[2026-07-14 15:34:48] INFO: [POLLING] 시작 | 큐: 0건 | 처리중: 4건 | 번들: ID:55698(1건), ID:55700(1건), ID:55701(1건), ID:55704(1건)
[2026-07-14 15:34:48] INFO: [POLLING] 종료 | 큐: 0건 | 번들맵: 4개
[2026-07-14 15:34:58] INFO: [POLLING] 시작 | 큐: 0건 | 처리중: 4건 | 번들: ID:55698(1건), ID:55700(1건), ID:55701(1건), ID:55704(1건)
[2026-07-14 15:34:58] INFO: [POLLING] 종료 | 큐: 0건 | 번들맵: 4개
[2026-07-14 15:35:08] INFO: [POLLING] 시작 | 큐: 0건 | 처리중: 4건 | 번들: ID:55698(1건), ID:55700(1건), ID:55701(1건), ID:55704(1건)
[2026-07-14 15:35:08] INFO: [POLLING] 종료 | 큐: 0건 | 번들맵: 4개
[2026-07-14 15:35:18] INFO: [POLLING] 시작 | 큐: 0건 | 처리중: 4건 | 번들: ID:55698(1건), ID:55700(1건), ID:55701(1건), ID:55704(1건)
[2026-07-14 15:35:18] INFO: [POLLING] 종료 | 큐: 0건 | 번들맵: 4개
[2026-07-14 15:35:28] INFO: [POLLING] 시작 | 큐: 0건 | 처리중: 4건 | 번들: ID:55698(1건), ID:55700(1건), ID:55701(1건), ID:55704(1건)
[2026-07-14 15:35:28] INFO: [POLLING] 종료 | 큐: 0건 | 번들맵: 4개
[2026-07-14 15:35:36] INFO: [REQ] contents=check-event | id=undefined
[2026-07-14 15:35:38] INFO: [POLLING] 시작 | 큐: 0건 | 처리중: 4건 | 번들: ID:55698(1건), ID:55700(1건), ID:55701(1건), ID:55704(1건)
[2026-07-14 15:35:38] INFO: [POLLING] 종료 | 큐: 0건 | 번들맵: 4개
[2026-07-14 15:35:48] INFO: [POLLING] 시작 | 큐: 0건 | 처리중: 4건 | 번들: ID:55698(1건), ID:55700(1건), ID:55701(1건), ID:55704(1건)
[2026-07-14 15:35:48] INFO: [POLLING] 종료 | 큐: 0건 | 번들맵: 4개
[2026-07-14 15:35:58] INFO: [POLLING] 시작 | 큐: 0건 | 처리중: 4건 | 번들: ID:55698(1건), ID:55700(1건), ID:55701(1건), ID:55704(1건)
[2026-07-14 15:35:58] INFO: [POLLING] 종료 | 큐: 0건 | 번들맵: 4개
[2026-07-14 15:36:08] INFO: [POLLING] 시작 | 큐: 0건 | 처리중: 4건 | 번들: ID:55698(1건), ID:55700(1건), ID:55701(1건), ID:55704(1건)
[2026-07-14 15:36:08] INFO: [POLLING] 종료 | 큐: 0건 | 번들맵: 4개
[2026-07-14 15:36:18] INFO: [POLLING] 시작 | 큐: 0건 | 처리중: 4건 | 번들: ID:55698(1건), ID:55700(1건), ID:55701(1건), ID:55704(1건)
[2026-07-14 15:36:18] INFO: [POLLING] 종료 | 큐: 0건 | 번들맵: 4개
[2026-07-14 15:36:23] INFO: [REQ] contents=check-event | id=undefined
[2026-07-14 15:36:28] INFO: [POLLING] 시작 | 큐: 0건 | 처리중: 4건 | 번들: ID:55698(1건), ID:55700(1건), ID:55701(1건), ID:55704(1건)
[2026-07-14 15:36:28] INFO: [POLLING] 종료 | 큐: 0건 | 번들맵: 4개
[2026-07-14 15:36:38] INFO: [POLLING] 시작 | 큐: 0건 | 처리중: 4건 | 번들: ID:55698(1건), ID:55700(1건), ID:55701(1건), ID:55704(1건)
[2026-07-14 15:36:38] INFO: [POLLING] 종료 | 큐: 0건 | 번들맵: 4개
[2026-07-14 15:36:48] INFO: [POLLING] 시작 | 큐: 0건 | 처리중: 4건 | 번들: ID:55698(1건), ID:55700(1건), ID:55701(1건), ID:55704(1건)
[2026-07-14 15:36:48] INFO: [POLLING] 종료 | 큐: 0건 | 번들맵: 4개
[2026-07-14 15:36:58] INFO: [POLLING] 시작 | 큐: 0건 | 처리중: 4건 | 번들: ID:55698(1건), ID:55700(1건), ID:55701(1건), ID:55704(1건)
[2026-07-14 15:36:58] INFO: [POLLING] 종료 | 큐: 0건 | 번들맵: 4개
[2026-07-14 15:37:08] INFO: [POLLING] 시작 | 큐: 0건 | 처리중: 4건 | 번들: ID:55698(1건), ID:55700(1건), ID:55701(1건), ID:55704(1건)
[2026-07-14 15:37:08] INFO: [POLLING] 종료 | 큐: 0건 | 번들맵: 4개
[2026-07-14 15:37:18] INFO: [POLLING] 시작 | 큐: 0건 | 처리중: 4건 | 번들: ID:55698(1건), ID:55700(1건), ID:55701(1건), ID:55704(1건)
[2026-07-14 15:37:18] INFO: [POLLING] 종료 | 큐: 0건 | 번들맵: 4개
[2026-07-14 15:37:26] INFO: [REQ] contents=check-event | id=undefined
[2026-07-14 15:37:28] INFO: [POLLING] 시작 | 큐: 0건 | 처리중: 4건 | 번들: ID:55698(1건), ID:55700(1건), ID:55701(1건), ID:55704(1건)
[2026-07-14 15:37:28] INFO: [POLLING] 종료 | 큐: 0건 | 번들맵: 4개
[2026-07-14 15:37:38] INFO: [POLLING] 시작 | 큐: 0건 | 처리중: 4건 | 번들: ID:55698(1건), ID:55700(1건), ID:55701(1건), ID:55704(1건)
[2026-07-14 15:37:38] INFO: [POLLING] 종료 | 큐: 0건 | 번들맵: 4개
[2026-07-14 15:37:48] INFO: [POLLING] 시작 | 큐: 0건 | 처리중: 4건 | 번들: ID:55698(1건), ID:55700(1건), ID:55701(1건), ID:55704(1건)
[2026-07-14 15:37:48] INFO: [POLLING] 종료 | 큐: 0건 | 번들맵: 4개
[2026-07-14 15:37:58] INFO: [POLLING] 시작 | 큐: 0건 | 처리중: 4건 | 번들: ID:55698(1건), ID:55700(1건), ID:55701(1건), ID:55704(1건)
[2026-07-14 15:37:58] INFO: [POLLING] 종료 | 큐: 0건 | 번들맵: 4개
[2026-07-14 15:38:03] INFO: [REQ] contents=check-event | id=undefined
[2026-07-14 15:38:08] INFO: [POLLING] 시작 | 큐: 0건 | 처리중: 4건 | 번들: ID:55698(1건), ID:55700(1건), ID:55701(1건), ID:55704(1건)
[2026-07-14 15:38:08] INFO: [POLLING] 종료 | 큐: 0건 | 번들맵: 4개
[2026-07-14 15:38:18] INFO: [POLLING] 시작 | 큐: 0건 | 처리중: 4건 | 번들: ID:55698(1건), ID:55700(1건), ID:55701(1건), ID:55704(1건)
[2026-07-14 15:38:18] INFO: [POLLING] 종료 | 큐: 0건 | 번들맵: 4개
[2026-07-14 15:38:28] INFO: [POLLING] 시작 | 큐: 0건 | 처리중: 4건 | 번들: ID:55698(1건), ID:55700(1건), ID:55701(1건), ID:55704(1건)
[2026-07-14 15:38:28] INFO: [POLLING] 종료 | 큐: 0건 | 번들맵: 4개
[2026-07-14 15:38:38] INFO: [POLLING] 시작 | 큐: 0건 | 처리중: 4건 | 번들: ID:55698(1건), ID:55700(1건), ID:55701(1건), ID:55704(1건)
[2026-07-14 15:38:38] INFO: [POLLING] 종료 | 큐: 0건 | 번들맵: 4개
[2026-07-14 15:38:48] INFO: [POLLING] 시작 | 큐: 0건 | 처리중: 4건 | 번들: ID:55698(1건), ID:55700(1건), ID:55701(1건), ID:55704(1건)
[2026-07-14 15:38:48] INFO: [POLLING] 종료 | 큐: 0건 | 번들맵: 4개
[2026-07-14 15:38:58] INFO: [POLLING] 시작 | 큐: 0건 | 처리중: 4건 | 번들: ID:55698(1건), ID:55700(1건), ID:55701(1건), ID:55704(1건)
[2026-07-14 15:38:58] INFO: [POLLING] 종료 | 큐: 0건 | 번들맵: 4개
[2026-07-14 15:39:06] INFO: [REQ] contents=check-event | id=undefined
[2026-07-14 15:39:08] INFO: [POLLING] 시작 | 큐: 0건 | 처리중: 4건 | 번들: ID:55698(1건), ID:55700(1건), ID:55701(1건), ID:55704(1건)
[2026-07-14 15:39:08] INFO: [POLLING] 종료 | 큐: 0건 | 번들맵: 4개
[2026-07-14 15:39:18] INFO: [POLLING] 시작 | 큐: 0건 | 처리중: 4건 | 번들: ID:55698(1건), ID:55700(1건), ID:55701(1건), ID:55704(1건)
[2026-07-14 15:39:18] INFO: [POLLING] 종료 | 큐: 0건 | 번들맵: 4개
[2026-07-14 15:39:28] INFO: [POLLING] 시작 | 큐: 0건 | 처리중: 4건 | 번들: ID:55698(1건), ID:55700(1건), ID:55701(1건), ID:55704(1건)
[2026-07-14 15:39:28] INFO: [POLLING] 종료 | 큐: 0건 | 번들맵: 4개
[2026-07-14 15:39:33] INFO: [REQ] contents=check-event | id=undefined
[2026-07-14 15:39:38] INFO: [POLLING] 시작 | 큐: 0건 | 처리중: 4건 | 번들: ID:55698(1건), ID:55700(1건), ID:55701(1건), ID:55704(1건)
[2026-07-14 15:39:38] INFO: [POLLING] 종료 | 큐: 0건 | 번들맵: 4개
[2026-07-14 15:39:48] INFO: [POLLING] 시작 | 큐: 0건 | 처리중: 4건 | 번들: ID:55698(1건), ID:55700(1건), ID:55701(1건), ID:55704(1건)
[2026-07-14 15:39:48] INFO: [POLLING] 종료 | 큐: 0건 | 번들맵: 4개
[2026-07-14 15:39:58] INFO: [POLLING] 시작 | 큐: 0건 | 처리중: 4건 | 번들: ID:55698(1건), ID:55700(1건), ID:55701(1건), ID:55704(1건)
[2026-07-14 15:39:58] INFO: [POLLING] 종료 | 큐: 0건 | 번들맵: 4개
[2026-07-14 15:40:08] INFO: [POLLING] 시작 | 큐: 0건 | 처리중: 4건 | 번들: ID:55698(1건), ID:55700(1건), ID:55701(1건), ID:55704(1건)
[2026-07-14 15:40:08] INFO: [POLLING] 종료 | 큐: 0건 | 번들맵: 4개
[2026-07-14 15:40:18] INFO: [POLLING] 시작 | 큐: 0건 | 처리중: 4건 | 번들: ID:55698(1건), ID:55700(1건), ID:55701(1건), ID:55704(1건)
[2026-07-14 15:40:18] INFO: [POLLING] 종료 | 큐: 0건 | 번들맵: 4개
[2026-07-14 15:40:28] INFO: [POLLING] 시작 | 큐: 0건 | 처리중: 4건 | 번들: ID:55698(1건), ID:55700(1건), ID:55701(1건), ID:55704(1건)
[2026-07-14 15:40:28] INFO: [POLLING] 종료 | 큐: 0건 | 번들맵: 4개
[2026-07-14 15:40:37] INFO: [REQ] contents=check-event | id=undefined
[2026-07-14 15:40:38] INFO: [POLLING] 시작 | 큐: 0건 | 처리중: 4건 | 번들: ID:55698(1건), ID:55700(1건), ID:55701(1건), ID:55704(1건)
[2026-07-14 15:40:38] INFO: [POLLING] 종료 | 큐: 0건 | 번들맵: 4개
[2026-07-14 15:40:48] INFO: [POLLING] 시작 | 큐: 0건 | 처리중: 4건 | 번들: ID:55698(1건), ID:55700(1건), ID:55701(1건), ID:55704(1건)
[2026-07-14 15:40:48] INFO: [POLLING] 종료 | 큐: 0건 | 번들맵: 4개
[2026-07-14 15:40:58] INFO: [POLLING] 시작 | 큐: 0건 | 처리중: 4건 | 번들: ID:55698(1건), ID:55700(1건), ID:55701(1건), ID:55704(1건)
[2026-07-14 15:40:58] INFO: [POLLING] 종료 | 큐: 0건 | 번들맵: 4개
[2026-07-14 15:41:08] INFO: [POLLING] 시작 | 큐: 0건 | 처리중: 4건 | 번들: ID:55698(1건), ID:55700(1건), ID:55701(1건), ID:55704(1건)
[2026-07-14 15:41:08] INFO: [POLLING] 종료 | 큐: 0건 | 번들맵: 4개
[2026-07-14 15:41:18] INFO: [POLLING] 시작 | 큐: 0건 | 처리중: 4건 | 번들: ID:55698(1건), ID:55700(1건), ID:55701(1건), ID:55704(1건)
[2026-07-14 15:41:18] INFO: [POLLING] 종료 | 큐: 0건 | 번들맵: 4개
[2026-07-14 15:41:23] INFO: [REQ] contents=check-event | id=undefined
[2026-07-14 15:41:28] INFO: [POLLING] 시작 | 큐: 0건 | 처리중: 4건 | 번들: ID:55698(1건), ID:55700(1건), ID:55701(1건), ID:55704(1건)
[2026-07-14 15:41:28] INFO: [POLLING] 종료 | 큐: 0건 | 번들맵: 4개
[2026-07-14 15:41:38] INFO: [POLLING] 시작 | 큐: 0건 | 처리중: 4건 | 번들: ID:55698(1건), ID:55700(1건), ID:55701(1건), ID:55704(1건)
[2026-07-14 15:41:38] INFO: [POLLING] 종료 | 큐: 0건 | 번들맵: 4개
[2026-07-14 15:41:48] INFO: [POLLING] 시작 | 큐: 0건 | 처리중: 4건 | 번들: ID:55698(1건), ID:55700(1건), ID:55701(1건), ID:55704(1건)
[2026-07-14 15:41:48] INFO: [POLLING] 종료 | 큐: 0건 | 번들맵: 4개
[2026-07-14 15:41:58] INFO: [POLLING] 시작 | 큐: 0건 | 처리중: 4건 | 번들: ID:55698(1건), ID:55700(1건), ID:55701(1건), ID:55704(1건)
[2026-07-14 15:41:58] INFO: [POLLING] 종료 | 큐: 0건 | 번들맵: 4개
[2026-07-14 15:42:08] INFO: [POLLING] 시작 | 큐: 0건 | 처리중: 4건 | 번들: ID:55698(1건), ID:55700(1건), ID:55701(1건), ID:55704(1건)
[2026-07-14 15:42:09] INFO: [POLLING] 종료 | 큐: 0건 | 번들맵: 4개
[2026-07-14 15:42:18] INFO: [POLLING] 시작 | 큐: 0건 | 처리중: 4건 | 번들: ID:55698(1건), ID:55700(1건), ID:55701(1건), ID:55704(1건)
[2026-07-14 15:42:19] INFO: [POLLING] 종료 | 큐: 0건 | 번들맵: 4개
[2026-07-14 15:42:27] INFO: [REQ] contents=check-event | id=undefined
[2026-07-14 15:42:28] INFO: [POLLING] 시작 | 큐: 0건 | 처리중: 4건 | 번들: ID:55698(1건), ID:55700(1건), ID:55701(1건), ID:55704(1건)
[2026-07-14 15:42:29] INFO: [POLLING] 종료 | 큐: 0건 | 번들맵: 4개
[2026-07-14 15:42:38] INFO: [POLLING] 시작 | 큐: 0건 | 처리중: 4건 | 번들: ID:55698(1건), ID:55700(1건), ID:55701(1건), ID:55704(1건)
[2026-07-14 15:42:39] INFO: [POLLING] 종료 | 큐: 0건 | 번들맵: 4개
[2026-07-14 15:42:48] INFO: [POLLING] 시작 | 큐: 0건 | 처리중: 4건 | 번들: ID:55698(1건), ID:55700(1건), ID:55701(1건), ID:55704(1건)
[2026-07-14 15:42:49] INFO: [POLLING] 종료 | 큐: 0건 | 번들맵: 4개
[2026-07-14 15:42:58] INFO: [POLLING] 시작 | 큐: 0건 | 처리중: 4건 | 번들: ID:55698(1건), ID:55700(1건), ID:55701(1건), ID:55704(1건)
[2026-07-14 15:42:59] INFO: [POLLING] 종료 | 큐: 0건 | 번들맵: 4개
[2026-07-14 15:43:03] INFO: [REQ] contents=check-event | id=undefined
[2026-07-14 15:43:09] INFO: [POLLING] 시작 | 큐: 0건 | 처리중: 4건 | 번들: ID:55698(1건), ID:55700(1건), ID:55701(1건), ID:55704(1건)
[2026-07-14 15:43:09] INFO: [POLLING] 종료 | 큐: 0건 | 번들맵: 4개
[2026-07-14 15:43:19] INFO: [POLLING] 시작 | 큐: 0건 | 처리중: 4건 | 번들: ID:55698(1건), ID:55700(1건), ID:55701(1건), ID:55704(1건)
[2026-07-14 15:43:19] INFO: [POLLING] 종료 | 큐: 0건 | 번들맵: 4개
[2026-07-14 15:43:29] INFO: [POLLING] 시작 | 큐: 0건 | 처리중: 4건 | 번들: ID:55698(1건), ID:55700(1건), ID:55701(1건), ID:55704(1건)
[2026-07-14 15:43:29] INFO: [POLLING] 종료 | 큐: 0건 | 번들맵: 4개
[2026-07-14 15:43:39] INFO: [POLLING] 시작 | 큐: 0건 | 처리중: 4건 | 번들: ID:55698(1건), ID:55700(1건), ID:55701(1건), ID:55704(1건)
[2026-07-14 15:43:39] INFO: [POLLING] 종료 | 큐: 0건 | 번들맵: 4개
[2026-07-14 15:43:49] INFO: [POLLING] 시작 | 큐: 0건 | 처리중: 4건 | 번들: ID:55698(1건), ID:55700(1건), ID:55701(1건), ID:55704(1건)
[2026-07-14 15:43:49] INFO: [POLLING] 종료 | 큐: 0건 | 번들맵: 4개
[2026-07-14 15:43:59] INFO: [POLLING] 시작 | 큐: 0건 | 처리중: 4건 | 번들: ID:55698(1건), ID:55700(1건), ID:55701(1건), ID:55704(1건)
[2026-07-14 15:43:59] INFO: [POLLING] 종료 | 큐: 0건 | 번들맵: 4개
[2026-07-14 15:44:07] INFO: [REQ] contents=check-event | id=undefined
[2026-07-14 15:44:09] INFO: [POLLING] 시작 | 큐: 0건 | 처리중: 4건 | 번들: ID:55698(1건), ID:55700(1건), ID:55701(1건), ID:55704(1건)
[2026-07-14 15:44:09] INFO: [POLLING] 종료 | 큐: 0건 | 번들맵: 4개
[2026-07-14 15:44:19] INFO: [POLLING] 시작 | 큐: 0건 | 처리중: 4건 | 번들: ID:55698(1건), ID:55700(1건), ID:55701(1건), ID:55704(1건)
[2026-07-14 15:44:19] INFO: [POLLING] 종료 | 큐: 0건 | 번들맵: 4개
[2026-07-14 15:44:29] INFO: [POLLING] 시작 | 큐: 0건 | 처리중: 4건 | 번들: ID:55698(1건), ID:55700(1건), ID:55701(1건), ID:55704(1건)
[2026-07-14 15:44:29] INFO: [POLLING] 종료 | 큐: 0건 | 번들맵: 4개
[2026-07-14 15:44:33] INFO: [REQ] contents=check-event | id=undefined
[2026-07-14 15:44:39] INFO: [POLLING] 시작 | 큐: 0건 | 처리중: 4건 | 번들: ID:55698(1건), ID:55700(1건), ID:55701(1건), ID:55704(1건)
[2026-07-14 15:44:39] INFO: [POLLING] 종료 | 큐: 0건 | 번들맵: 4개
[2026-07-14 15:44:49] INFO: [POLLING] 시작 | 큐: 0건 | 처리중: 4건 | 번들: ID:55698(1건), ID:55700(1건), ID:55701(1건), ID:55704(1건)
[2026-07-14 15:44:49] INFO: [POLLING] 종료 | 큐: 0건 | 번들맵: 4개
[2026-07-14 15:44:59] INFO: [POLLING] 시작 | 큐: 0건 | 처리중: 4건 | 번들: ID:55698(1건), ID:55700(1건), ID:55701(1건), ID:55704(1건)
[2026-07-14 15:44:59] INFO: [POLLING] 종료 | 큐: 0건 | 번들맵: 4개
[2026-07-14 15:45:09] INFO: [POLLING] 시작 | 큐: 0건 | 처리중: 4건 | 번들: ID:55698(1건), ID:55700(1건), ID:55701(1건), ID:55704(1건)
[2026-07-14 15:45:09] INFO: [POLLING] 종료 | 큐: 0건 | 번들맵: 4개
[2026-07-14 15:45:19] INFO: [POLLING] 시작 | 큐: 0건 | 처리중: 4건 | 번들: ID:55698(1건), ID:55700(1건), ID:55701(1건), ID:55704(1건)
[2026-07-14 15:45:19] INFO: [POLLING] 종료 | 큐: 0건 | 번들맵: 4개
[2026-07-14 15:45:29] INFO: [POLLING] 시작 | 큐: 0건 | 처리중: 4건 | 번들: ID:55698(1건), ID:55700(1건), ID:55701(1건), ID:55704(1건)
[2026-07-14 15:45:29] INFO: [POLLING] 종료 | 큐: 0건 | 번들맵: 4개
[2026-07-14 15:45:37] INFO: [REQ] contents=check-event | id=undefined
[2026-07-14 15:45:39] INFO: [POLLING] 시작 | 큐: 0건 | 처리중: 4건 | 번들: ID:55698(1건), ID:55700(1건), ID:55701(1건), ID:55704(1건)
[2026-07-14 15:45:39] INFO: [POLLING] 종료 | 큐: 0건 | 번들맵: 4개
[2026-07-14 15:45:49] INFO: [POLLING] 시작 | 큐: 0건 | 처리중: 4건 | 번들: ID:55698(1건), ID:55700(1건), ID:55701(1건), ID:55704(1건)
[2026-07-14 15:45:49] INFO: [POLLING] 종료 | 큐: 0건 | 번들맵: 4개
[2026-07-14 15:45:59] INFO: [POLLING] 시작 | 큐: 0건 | 처리중: 4건 | 번들: ID:55698(1건), ID:55700(1건), ID:55701(1건), ID:55704(1건)
[2026-07-14 15:45:59] INFO: [POLLING] 종료 | 큐: 0건 | 번들맵: 4개
[2026-07-14 15:46:09] INFO: [POLLING] 시작 | 큐: 0건 | 처리중: 4건 | 번들: ID:55698(1건), ID:55700(1건), ID:55701(1건), ID:55704(1건)
[2026-07-14 15:46:09] INFO: [POLLING] 종료 | 큐: 0건 | 번들맵: 4개
[2026-07-14 15:46:19] INFO: [POLLING] 시작 | 큐: 0건 | 처리중: 4건 | 번들: ID:55698(1건), ID:55700(1건), ID:55701(1건), ID:55704(1건)
[2026-07-14 15:46:19] INFO: [POLLING] 종료 | 큐: 0건 | 번들맵: 4개
[2026-07-14 15:46:24] INFO: [REQ] contents=check-event | id=undefined
[2026-07-14 15:46:29] INFO: [POLLING] 시작 | 큐: 0건 | 처리중: 4건 | 번들: ID:55698(1건), ID:55700(1건), ID:55701(1건), ID:55704(1건)
[2026-07-14 15:46:29] INFO: [POLLING] 종료 | 큐: 0건 | 번들맵: 4개
[2026-07-14 15:46:39] INFO: [POLLING] 시작 | 큐: 0건 | 처리중: 4건 | 번들: ID:55698(1건), ID:55700(1건), ID:55701(1건), ID:55704(1건)
[2026-07-14 15:46:39] INFO: [POLLING] 종료 | 큐: 0건 | 번들맵: 4개
[2026-07-14 15:46:49] INFO: [POLLING] 시작 | 큐: 0건 | 처리중: 4건 | 번들: ID:55698(1건), ID:55700(1건), ID:55701(1건), ID:55704(1건)
[2026-07-14 15:46:49] INFO: [POLLING] 종료 | 큐: 0건 | 번들맵: 4개
[2026-07-14 15:46:59] INFO: [POLLING] 시작 | 큐: 0건 | 처리중: 4건 | 번들: ID:55698(1건), ID:55700(1건), ID:55701(1건), ID:55704(1건)
[2026-07-14 15:46:59] INFO: [POLLING] 종료 | 큐: 0건 | 번들맵: 4개
[2026-07-14 15:47:09] INFO: [POLLING] 시작 | 큐: 0건 | 처리중: 4건 | 번들: ID:55698(1건), ID:55700(1건), ID:55701(1건), ID:55704(1건)
[2026-07-14 15:47:09] INFO: [POLLING] 종료 | 큐: 0건 | 번들맵: 4개
[2026-07-14 15:47:19] INFO: [POLLING] 시작 | 큐: 0건 | 처리중: 4건 | 번들: ID:55698(1건), ID:55700(1건), ID:55701(1건), ID:55704(1건)
[2026-07-14 15:47:19] INFO: [POLLING] 종료 | 큐: 0건 | 번들맵: 4개
[2026-07-14 15:47:27] INFO: [REQ] contents=check-event | id=undefined
[2026-07-14 15:47:29] INFO: [POLLING] 시작 | 큐: 0건 | 처리중: 4건 | 번들: ID:55698(1건), ID:55700(1건), ID:55701(1건), ID:55704(1건)
[2026-07-14 15:47:29] INFO: [POLLING] 종료 | 큐: 0건 | 번들맵: 4개
[2026-07-14 15:47:39] INFO: [POLLING] 시작 | 큐: 0건 | 처리중: 4건 | 번들: ID:55698(1건), ID:55700(1건), ID:55701(1건), ID:55704(1건)
[2026-07-14 15:47:39] INFO: [POLLING] 종료 | 큐: 0건 | 번들맵: 4개
[2026-07-14 15:47:49] INFO: [POLLING] 시작 | 큐: 0건 | 처리중: 4건 | 번들: ID:55698(1건), ID:55700(1건), ID:55701(1건), ID:55704(1건)
[2026-07-14 15:47:49] INFO: [POLLING] 종료 | 큐: 0건 | 번들맵: 4개
[2026-07-14 15:47:59] INFO: [POLLING] 시작 | 큐: 0건 | 처리중: 4건 | 번들: ID:55698(1건), ID:55700(1건), ID:55701(1건), ID:55704(1건)
[2026-07-14 15:47:59] INFO: [POLLING] 종료 | 큐: 0건 | 번들맵: 4개
[2026-07-14 15:48:04] INFO: [REQ] contents=check-event | id=undefined
[2026-07-14 15:48:09] INFO: [POLLING] 시작 | 큐: 0건 | 처리중: 4건 | 번들: ID:55698(1건), ID:55700(1건), ID:55701(1건), ID:55704(1건)
[2026-07-14 15:48:09] INFO: [POLLING] 종료 | 큐: 0건 | 번들맵: 4개
[2026-07-14 15:48:19] INFO: [POLLING] 시작 | 큐: 0건 | 처리중: 4건 | 번들: ID:55698(1건), ID:55700(1건), ID:55701(1건), ID:55704(1건)
[2026-07-14 15:48:19] INFO: [POLLING] 종료 | 큐: 0건 | 번들맵: 4개
[2026-07-14 15:48:29] INFO: [POLLING] 시작 | 큐: 0건 | 처리중: 4건 | 번들: ID:55698(1건), ID:55700(1건), ID:55701(1건), ID:55704(1건)
[2026-07-14 15:48:29] INFO: [POLLING] 종료 | 큐: 0건 | 번들맵: 4개
[2026-07-14 15:48:39] INFO: [POLLING] 시작 | 큐: 0건 | 처리중: 4건 | 번들: ID:55698(1건), ID:55700(1건), ID:55701(1건), ID:55704(1건)
[2026-07-14 15:48:39] INFO: [POLLING] 종료 | 큐: 0건 | 번들맵: 4개
[2026-07-14 15:48:49] INFO: [POLLING] 시작 | 큐: 0건 | 처리중: 4건 | 번들: ID:55698(1건), ID:55700(1건), ID:55701(1건), ID:55704(1건)
[2026-07-14 15:48:49] INFO: [POLLING] 종료 | 큐: 0건 | 번들맵: 4개
[2026-07-14 15:48:59] INFO: [POLLING] 시작 | 큐: 0건 | 처리중: 4건 | 번들: ID:55698(1건), ID:55700(1건), ID:55701(1건), ID:55704(1건)
[2026-07-14 15:48:59] INFO: [POLLING] 종료 | 큐: 0건 | 번들맵: 4개
[2026-07-14 15:49:07] INFO: [REQ] contents=check-event | id=undefined
[2026-07-14 15:49:09] INFO: [POLLING] 시작 | 큐: 0건 | 처리중: 4건 | 번들: ID:55698(1건), ID:55700(1건), ID:55701(1건), ID:55704(1건)
[2026-07-14 15:49:09] INFO: [POLLING] 종료 | 큐: 0건 | 번들맵: 4개
[2026-07-14 15:49:19] INFO: [POLLING] 시작 | 큐: 0건 | 처리중: 4건 | 번들: ID:55698(1건), ID:55700(1건), ID:55701(1건), ID:55704(1건)
[2026-07-14 15:49:19] INFO: [POLLING] 종료 | 큐: 0건 | 번들맵: 4개
[2026-07-14 15:49:29] INFO: [POLLING] 시작 | 큐: 0건 | 처리중: 4건 | 번들: ID:55698(1건), ID:55700(1건), ID:55701(1건), ID:55704(1건)
[2026-07-14 15:49:29] INFO: [POLLING] 종료 | 큐: 0건 | 번들맵: 4개
[2026-07-14 15:49:34] INFO: [REQ] contents=check-event | id=undefined
[2026-07-14 15:49:39] INFO: [POLLING] 시작 | 큐: 0건 | 처리중: 4건 | 번들: ID:55698(1건), ID:55700(1건), ID:55701(1건), ID:55704(1건)
[2026-07-14 15:49:39] INFO: [POLLING] 종료 | 큐: 0건 | 번들맵: 4개
[2026-07-14 15:49:49] INFO: [POLLING] 시작 | 큐: 0건 | 처리중: 4건 | 번들: ID:55698(1건), ID:55700(1건), ID:55701(1건), ID:55704(1건)
[2026-07-14 15:49:49] INFO: [POLLING] 종료 | 큐: 0건 | 번들맵: 4개
[2026-07-14 15:49:59] INFO: [POLLING] 시작 | 큐: 0건 | 처리중: 4건 | 번들: ID:55698(1건), ID:55700(1건), ID:55701(1건), ID:55704(1건)
[2026-07-14 15:49:59] INFO: [POLLING] 종료 | 큐: 0건 | 번들맵: 4개
[2026-07-14 15:50:09] INFO: [POLLING] 시작 | 큐: 0건 | 처리중: 4건 | 번들: ID:55698(1건), ID:55700(1건), ID:55701(1건), ID:55704(1건)
[2026-07-14 15:50:09] INFO: [POLLING] 종료 | 큐: 0건 | 번들맵: 4개
[2026-07-14 15:50:19] INFO: [POLLING] 시작 | 큐: 0건 | 처리중: 4건 | 번들: ID:55698(1건), ID:55700(1건), ID:55701(1건), ID:55704(1건)
[2026-07-14 15:50:19] INFO: [POLLING] 종료 | 큐: 0건 | 번들맵: 4개
[2026-07-14 15:50:29] INFO: [POLLING] 시작 | 큐: 0건 | 처리중: 4건 | 번들: ID:55698(1건), ID:55700(1건), ID:55701(1건), ID:55704(1건)
[2026-07-14 15:50:29] INFO: [POLLING] 종료 | 큐: 0건 | 번들맵: 4개
[2026-07-14 15:50:38] INFO: [REQ] contents=check-event | id=undefined
[2026-07-14 15:50:39] INFO: [POLLING] 시작 | 큐: 0건 | 처리중: 4건 | 번들: ID:55698(1건), ID:55700(1건), ID:55701(1건), ID:55704(1건)
[2026-07-14 15:50:39] INFO: [POLLING] 종료 | 큐: 0건 | 번들맵: 4개
[2026-07-14 15:50:49] INFO: [POLLING] 시작 | 큐: 0건 | 처리중: 4건 | 번들: ID:55698(1건), ID:55700(1건), ID:55701(1건), ID:55704(1건)
[2026-07-14 15:50:49] INFO: [POLLING] 종료 | 큐: 0건 | 번들맵: 4개
[2026-07-14 15:50:59] INFO: [POLLING] 시작 | 큐: 0건 | 처리중: 4건 | 번들: ID:55698(1건), ID:55700(1건), ID:55701(1건), ID:55704(1건)
[2026-07-14 15:50:59] INFO: [POLLING] 종료 | 큐: 0건 | 번들맵: 4개
[2026-07-14 15:51:09] INFO: [POLLING] 시작 | 큐: 0건 | 처리중: 4건 | 번들: ID:55698(1건), ID:55700(1건), ID:55701(1건), ID:55704(1건)
[2026-07-14 15:51:09] INFO: [POLLING] 종료 | 큐: 0건 | 번들맵: 4개
[2026-07-14 15:51:19] INFO: [POLLING] 시작 | 큐: 0건 | 처리중: 4건 | 번들: ID:55698(1건), ID:55700(1건), ID:55701(1건), ID:55704(1건)
[2026-07-14 15:51:19] INFO: [POLLING] 종료 | 큐: 0건 | 번들맵: 4개
[2026-07-14 15:51:24] INFO: [REQ] contents=check-event | id=undefined
[2026-07-14 15:51:29] INFO: [POLLING] 시작 | 큐: 0건 | 처리중: 4건 | 번들: ID:55698(1건), ID:55700(1건), ID:55701(1건), ID:55704(1건)
[2026-07-14 15:51:29] INFO: [POLLING] 종료 | 큐: 0건 | 번들맵: 4개
[2026-07-14 15:51:39] INFO: [POLLING] 시작 | 큐: 0건 | 처리중: 4건 | 번들: ID:55698(1건), ID:55700(1건), ID:55701(1건), ID:55704(1건)
[2026-07-14 15:51:39] INFO: [POLLING] 종료 | 큐: 0건 | 번들맵: 4개
[2026-07-14 15:51:49] INFO: [POLLING] 시작 | 큐: 0건 | 처리중: 4건 | 번들: ID:55698(1건), ID:55700(1건), ID:55701(1건), ID:55704(1건)
[2026-07-14 15:51:49] INFO: [POLLING] 종료 | 큐: 0건 | 번들맵: 4개
[2026-07-14 15:51:59] INFO: [POLLING] 시작 | 큐: 0건 | 처리중: 4건 | 번들: ID:55698(1건), ID:55700(1건), ID:55701(1건), ID:55704(1건)
[2026-07-14 15:51:59] INFO: [POLLING] 종료 | 큐: 0건 | 번들맵: 4개
[2026-07-14 15:52:09] INFO: [POLLING] 시작 | 큐: 0건 | 처리중: 4건 | 번들: ID:55698(1건), ID:55700(1건), ID:55701(1건), ID:55704(1건)
[2026-07-14 15:52:09] INFO: [POLLING] 종료 | 큐: 0건 | 번들맵: 4개
[2026-07-14 15:52:19] INFO: [POLLING] 시작 | 큐: 0건 | 처리중: 4건 | 번들: ID:55698(1건), ID:55700(1건), ID:55701(1건), ID:55704(1건)
[2026-07-14 15:52:19] INFO: [POLLING] 종료 | 큐: 0건 | 번들맵: 4개
[2026-07-14 15:52:28] INFO: [REQ] contents=check-event | id=undefined
[2026-07-14 15:52:29] INFO: [POLLING] 시작 | 큐: 0건 | 처리중: 4건 | 번들: ID:55698(1건), ID:55700(1건), ID:55701(1건), ID:55704(1건)
[2026-07-14 15:52:29] INFO: [POLLING] 종료 | 큐: 0건 | 번들맵: 4개
[2026-07-14 15:52:39] INFO: [POLLING] 시작 | 큐: 0건 | 처리중: 4건 | 번들: ID:55698(1건), ID:55700(1건), ID:55701(1건), ID:55704(1건)
[2026-07-14 15:52:39] INFO: [POLLING] 종료 | 큐: 0건 | 번들맵: 4개
[2026-07-14 15:52:49] INFO: [POLLING] 시작 | 큐: 0건 | 처리중: 4건 | 번들: ID:55698(1건), ID:55700(1건), ID:55701(1건), ID:55704(1건)
[2026-07-14 15:52:49] INFO: [POLLING] 종료 | 큐: 0건 | 번들맵: 4개
[2026-07-14 15:52:59] INFO: [POLLING] 시작 | 큐: 0건 | 처리중: 4건 | 번들: ID:55698(1건), ID:55700(1건), ID:55701(1건), ID:55704(1건)
[2026-07-14 15:52:59] INFO: [POLLING] 종료 | 큐: 0건 | 번들맵: 4개
[2026-07-14 15:53:04] INFO: [REQ] contents=check-event | id=undefined
[2026-07-14 15:53:09] INFO: [POLLING] 시작 | 큐: 0건 | 처리중: 4건 | 번들: ID:55698(1건), ID:55700(1건), ID:55701(1건), ID:55704(1건)
[2026-07-14 15:53:09] INFO: [POLLING] 종료 | 큐: 0건 | 번들맵: 4개
[2026-07-14 15:53:19] INFO: [POLLING] 시작 | 큐: 0건 | 처리중: 4건 | 번들: ID:55698(1건), ID:55700(1건), ID:55701(1건), ID:55704(1건)
[2026-07-14 15:53:19] INFO: [POLLING] 종료 | 큐: 0건 | 번들맵: 4개
[2026-07-14 15:53:29] INFO: [POLLING] 시작 | 큐: 0건 | 처리중: 4건 | 번들: ID:55698(1건), ID:55700(1건), ID:55701(1건), ID:55704(1건)
[2026-07-14 15:53:29] INFO: [POLLING] 종료 | 큐: 0건 | 번들맵: 4개
[2026-07-14 15:53:39] INFO: [POLLING] 시작 | 큐: 0건 | 처리중: 4건 | 번들: ID:55698(1건), ID:55700(1건), ID:55701(1건), ID:55704(1건)
[2026-07-14 15:53:39] INFO: [POLLING] 종료 | 큐: 0건 | 번들맵: 4개
[2026-07-14 15:53:49] INFO: [POLLING] 시작 | 큐: 0건 | 처리중: 4건 | 번들: ID:55698(1건), ID:55700(1건), ID:55701(1건), ID:55704(1건)
[2026-07-14 15:53:49] INFO: [POLLING] 종료 | 큐: 0건 | 번들맵: 4개
[2026-07-14 15:53:59] INFO: [POLLING] 시작 | 큐: 0건 | 처리중: 4건 | 번들: ID:55698(1건), ID:55700(1건), ID:55701(1건), ID:55704(1건)
[2026-07-14 15:53:59] INFO: [POLLING] 종료 | 큐: 0건 | 번들맵: 4개
[2026-07-14 15:54:08] INFO: [REQ] contents=check-event | id=undefined
[2026-07-14 15:54:09] INFO: [POLLING] 시작 | 큐: 0건 | 처리중: 4건 | 번들: ID:55698(1건), ID:55700(1건), ID:55701(1건), ID:55704(1건)
[2026-07-14 15:54:09] INFO: [POLLING] 종료 | 큐: 0건 | 번들맵: 4개
[2026-07-14 15:54:19] INFO: [POLLING] 시작 | 큐: 0건 | 처리중: 4건 | 번들: ID:55698(1건), ID:55700(1건), ID:55701(1건), ID:55704(1건)
[2026-07-14 15:54:19] INFO: [POLLING] 종료 | 큐: 0건 | 번들맵: 4개
[2026-07-14 15:54:29] INFO: [POLLING] 시작 | 큐: 0건 | 처리중: 4건 | 번들: ID:55698(1건), ID:55700(1건), ID:55701(1건), ID:55704(1건)
[2026-07-14 15:54:29] INFO: [POLLING] 종료 | 큐: 0건 | 번들맵: 4개
[2026-07-14 15:54:34] INFO: [REQ] contents=check-event | id=undefined
[2026-07-14 15:54:39] INFO: [POLLING] 시작 | 큐: 0건 | 처리중: 4건 | 번들: ID:55698(1건), ID:55700(1건), ID:55701(1건), ID:55704(1건)
[2026-07-14 15:54:39] INFO: [POLLING] 종료 | 큐: 0건 | 번들맵: 4개
[2026-07-14 15:54:49] INFO: [POLLING] 시작 | 큐: 0건 | 처리중: 4건 | 번들: ID:55698(1건), ID:55700(1건), ID:55701(1건), ID:55704(1건)
[2026-07-14 15:54:49] INFO: [POLLING] 종료 | 큐: 0건 | 번들맵: 4개
[2026-07-14 15:54:59] INFO: [POLLING] 시작 | 큐: 0건 | 처리중: 4건 | 번들: ID:55698(1건), ID:55700(1건), ID:55701(1건), ID:55704(1건)
[2026-07-14 15:54:59] INFO: [POLLING] 종료 | 큐: 0건 | 번들맵: 4개
[2026-07-14 15:55:09] INFO: [POLLING] 시작 | 큐: 0건 | 처리중: 4건 | 번들: ID:55698(1건), ID:55700(1건), ID:55701(1건), ID:55704(1건)
[2026-07-14 15:55:09] INFO: [POLLING] 종료 | 큐: 0건 | 번들맵: 4개
[2026-07-14 15:55:19] INFO: [POLLING] 시작 | 큐: 0건 | 처리중: 4건 | 번들: ID:55698(1건), ID:55700(1건), ID:55701(1건), ID:55704(1건)
[2026-07-14 15:55:19] INFO: [POLLING] 종료 | 큐: 0건 | 번들맵: 4개
[2026-07-14 15:55:29] INFO: [POLLING] 시작 | 큐: 0건 | 처리중: 4건 | 번들: ID:55698(1건), ID:55700(1건), ID:55701(1건), ID:55704(1건)
[2026-07-14 15:55:29] INFO: [POLLING] 종료 | 큐: 0건 | 번들맵: 4개
[2026-07-14 15:55:38] INFO: [REQ] contents=check-event | id=undefined
[2026-07-14 15:55:39] INFO: [POLLING] 시작 | 큐: 0건 | 처리중: 4건 | 번들: ID:55698(1건), ID:55700(1건), ID:55701(1건), ID:55704(1건)
[2026-07-14 15:55:39] INFO: [POLLING] 종료 | 큐: 0건 | 번들맵: 4개
[2026-07-14 15:55:49] INFO: [POLLING] 시작 | 큐: 0건 | 처리중: 4건 | 번들: ID:55698(1건), ID:55700(1건), ID:55701(1건), ID:55704(1건)
[2026-07-14 15:55:49] INFO: [POLLING] 종료 | 큐: 0건 | 번들맵: 4개
[2026-07-14 15:55:59] INFO: [POLLING] 시작 | 큐: 0건 | 처리중: 4건 | 번들: ID:55698(1건), ID:55700(1건), ID:55701(1건), ID:55704(1건)
[2026-07-14 15:55:59] INFO: [POLLING] 종료 | 큐: 0건 | 번들맵: 4개
[2026-07-14 15:56:09] INFO: [POLLING] 시작 | 큐: 0건 | 처리중: 4건 | 번들: ID:55698(1건), ID:55700(1건), ID:55701(1건), ID:55704(1건)
[2026-07-14 15:56:09] INFO: [POLLING] 종료 | 큐: 0건 | 번들맵: 4개
[2026-07-14 15:56:19] INFO: [POLLING] 시작 | 큐: 0건 | 처리중: 4건 | 번들: ID:55698(1건), ID:55700(1건), ID:55701(1건), ID:55704(1건)
[2026-07-14 15:56:19] INFO: [POLLING] 종료 | 큐: 0건 | 번들맵: 4개
[2026-07-14 15:56:25] INFO: [REQ] contents=check-event | id=undefined
[2026-07-14 15:56:29] INFO: [POLLING] 시작 | 큐: 0건 | 처리중: 4건 | 번들: ID:55698(1건), ID:55700(1건), ID:55701(1건), ID:55704(1건)
[2026-07-14 15:56:29] INFO: [POLLING] 종료 | 큐: 0건 | 번들맵: 4개
[2026-07-14 15:56:39] INFO: [POLLING] 시작 | 큐: 0건 | 처리중: 4건 | 번들: ID:55698(1건), ID:55700(1건), ID:55701(1건), ID:55704(1건)
[2026-07-14 15:56:39] INFO: [POLLING] 종료 | 큐: 0건 | 번들맵: 4개
[2026-07-14 15:56:49] INFO: [POLLING] 시작 | 큐: 0건 | 처리중: 4건 | 번들: ID:55698(1건), ID:55700(1건), ID:55701(1건), ID:55704(1건)
[2026-07-14 15:56:49] INFO: [POLLING] 종료 | 큐: 0건 | 번들맵: 4개
[2026-07-14 15:56:59] INFO: [POLLING] 시작 | 큐: 0건 | 처리중: 4건 | 번들: ID:55698(1건), ID:55700(1건), ID:55701(1건), ID:55704(1건)
[2026-07-14 15:56:59] INFO: [POLLING] 종료 | 큐: 0건 | 번들맵: 4개
[2026-07-14 15:57:09] INFO: [POLLING] 시작 | 큐: 0건 | 처리중: 4건 | 번들: ID:55698(1건), ID:55700(1건), ID:55701(1건), ID:55704(1건)
[2026-07-14 15:57:09] INFO: [POLLING] 종료 | 큐: 0건 | 번들맵: 4개
[2026-07-14 15:57:19] INFO: [POLLING] 시작 | 큐: 0건 | 처리중: 4건 | 번들: ID:55698(1건), ID:55700(1건), ID:55701(1건), ID:55704(1건)
[2026-07-14 15:57:19] INFO: [POLLING] 종료 | 큐: 0건 | 번들맵: 4개
[2026-07-14 15:57:28] INFO: [REQ] contents=check-event | id=undefined
[2026-07-14 15:57:29] INFO: [POLLING] 시작 | 큐: 0건 | 처리중: 4건 | 번들: ID:55698(1건), ID:55700(1건), ID:55701(1건), ID:55704(1건)
[2026-07-14 15:57:29] INFO: [POLLING] 종료 | 큐: 0건 | 번들맵: 4개
[2026-07-14 15:57:39] INFO: [POLLING] 시작 | 큐: 0건 | 처리중: 4건 | 번들: ID:55698(1건), ID:55700(1건), ID:55701(1건), ID:55704(1건)
[2026-07-14 15:57:39] INFO: [POLLING] 종료 | 큐: 0건 | 번들맵: 4개
[2026-07-14 15:57:49] INFO: [POLLING] 시작 | 큐: 0건 | 처리중: 4건 | 번들: ID:55698(1건), ID:55700(1건), ID:55701(1건), ID:55704(1건)
[2026-07-14 15:57:49] INFO: [POLLING] 종료 | 큐: 0건 | 번들맵: 4개
[2026-07-14 15:57:59] INFO: [POLLING] 시작 | 큐: 0건 | 처리중: 4건 | 번들: ID:55698(1건), ID:55700(1건), ID:55701(1건), ID:55704(1건)
[2026-07-14 15:57:59] INFO: [POLLING] 종료 | 큐: 0건 | 번들맵: 4개
[2026-07-14 15:58:05] INFO: [REQ] contents=check-event | id=undefined
[2026-07-14 15:58:09] INFO: [POLLING] 시작 | 큐: 0건 | 처리중: 4건 | 번들: ID:55698(1건), ID:55700(1건), ID:55701(1건), ID:55704(1건)
[2026-07-14 15:58:09] INFO: [POLLING] 종료 | 큐: 0건 | 번들맵: 4개
[2026-07-14 15:58:19] INFO: [POLLING] 시작 | 큐: 0건 | 처리중: 4건 | 번들: ID:55698(1건), ID:55700(1건), ID:55701(1건), ID:55704(1건)
[2026-07-14 15:58:20] INFO: [POLLING] 종료 | 큐: 0건 | 번들맵: 4개
[2026-07-14 15:58:29] INFO: [POLLING] 시작 | 큐: 0건 | 처리중: 4건 | 번들: ID:55698(1건), ID:55700(1건), ID:55701(1건), ID:55704(1건)
[2026-07-14 15:58:30] INFO: [POLLING] 종료 | 큐: 0건 | 번들맵: 4개
[2026-07-14 15:58:39] INFO: [POLLING] 시작 | 큐: 0건 | 처리중: 4건 | 번들: ID:55698(1건), ID:55700(1건), ID:55701(1건), ID:55704(1건)
[2026-07-14 15:58:40] INFO: [POLLING] 종료 | 큐: 0건 | 번들맵: 4개
[2026-07-14 15:58:49] INFO: [POLLING] 시작 | 큐: 0건 | 처리중: 4건 | 번들: ID:55698(1건), ID:55700(1건), ID:55701(1건), ID:55704(1건)
[2026-07-14 15:58:50] INFO: [POLLING] 종료 | 큐: 0건 | 번들맵: 4개
[2026-07-14 15:58:59] INFO: [POLLING] 시작 | 큐: 0건 | 처리중: 4건 | 번들: ID:55698(1건), ID:55700(1건), ID:55701(1건), ID:55704(1건)
[2026-07-14 15:59:00] INFO: [POLLING] 종료 | 큐: 0건 | 번들맵: 4개
[2026-07-14 15:59:08] INFO: [REQ] contents=check-event | id=undefined
[2026-07-14 15:59:09] INFO: [POLLING] 시작 | 큐: 0건 | 처리중: 4건 | 번들: ID:55698(1건), ID:55700(1건), ID:55701(1건), ID:55704(1건)
[2026-07-14 15:59:10] INFO: [POLLING] 종료 | 큐: 0건 | 번들맵: 4개
[2026-07-14 15:59:19] INFO: [POLLING] 시작 | 큐: 0건 | 처리중: 4건 | 번들: ID:55698(1건), ID:55700(1건), ID:55701(1건), ID:55704(1건)
[2026-07-14 15:59:20] INFO: [POLLING] 종료 | 큐: 0건 | 번들맵: 4개
[2026-07-14 15:59:30] INFO: [POLLING] 시작 | 큐: 0건 | 처리중: 4건 | 번들: ID:55698(1건), ID:55700(1건), ID:55701(1건), ID:55704(1건)
[2026-07-14 15:59:30] INFO: [POLLING] 종료 | 큐: 0건 | 번들맵: 4개
[2026-07-14 15:59:35] INFO: [REQ] contents=check-event | id=undefined
[2026-07-14 15:59:40] INFO: [POLLING] 시작 | 큐: 0건 | 처리중: 4건 | 번들: ID:55698(1건), ID:55700(1건), ID:55701(1건), ID:55704(1건)
[2026-07-14 15:59:40] INFO: [POLLING] 종료 | 큐: 0건 | 번들맵: 4개
[2026-07-14 15:59:50] INFO: [POLLING] 시작 | 큐: 0건 | 처리중: 4건 | 번들: ID:55698(1건), ID:55700(1건), ID:55701(1건), ID:55704(1건)
[2026-07-14 15:59:50] INFO: [POLLING] 종료 | 큐: 0건 | 번들맵: 4개
[2026-07-14 16:00:00] INFO: [POLLING] 시작 | 큐: 0건 | 처리중: 4건 | 번들: ID:55698(1건), ID:55700(1건), ID:55701(1건), ID:55704(1건)
[2026-07-14 16:00:00] INFO: [POLLING] 종료 | 큐: 0건 | 번들맵: 4개
[2026-07-14 16:00:10] INFO: [POLLING] 시작 | 큐: 0건 | 처리중: 4건 | 번들: ID:55698(1건), ID:55700(1건), ID:55701(1건), ID:55704(1건)
[2026-07-14 16:00:10] INFO: [POLLING] 종료 | 큐: 0건 | 번들맵: 4개
[2026-07-14 16:00:20] INFO: [POLLING] 시작 | 큐: 0건 | 처리중: 4건 | 번들: ID:55698(1건), ID:55700(1건), ID:55701(1건), ID:55704(1건)
[2026-07-14 16:00:20] INFO: [POLLING] 종료 | 큐: 0건 | 번들맵: 4개
[2026-07-14 16:00:30] INFO: [POLLING] 시작 | 큐: 0건 | 처리중: 4건 | 번들: ID:55698(1건), ID:55700(1건), ID:55701(1건), ID:55704(1건)
[2026-07-14 16:00:30] INFO: [POLLING] 종료 | 큐: 0건 | 번들맵: 4개
[2026-07-14 16:00:39] INFO: [REQ] contents=check-event | id=undefined
[2026-07-14 16:00:40] INFO: [POLLING] 시작 | 큐: 0건 | 처리중: 4건 | 번들: ID:55698(1건), ID:55700(1건), ID:55701(1건), ID:55704(1건)
[2026-07-14 16:00:40] INFO: [POLLING] 종료 | 큐: 0건 | 번들맵: 4개
[2026-07-14 16:00:50] INFO: [POLLING] 시작 | 큐: 0건 | 처리중: 4건 | 번들: ID:55698(1건), ID:55700(1건), ID:55701(1건), ID:55704(1건)
[2026-07-14 16:00:50] INFO: [POLLING] 종료 | 큐: 0건 | 번들맵: 4개
[2026-07-14 16:01:00] INFO: [POLLING] 시작 | 큐: 0건 | 처리중: 4건 | 번들: ID:55698(1건), ID:55700(1건), ID:55701(1건), ID:55704(1건)
[2026-07-14 16:01:00] INFO: [POLLING] 종료 | 큐: 0건 | 번들맵: 4개
[2026-07-14 16:01:10] INFO: [POLLING] 시작 | 큐: 0건 | 처리중: 4건 | 번들: ID:55698(1건), ID:55700(1건), ID:55701(1건), ID:55704(1건)
[2026-07-14 16:01:10] INFO: [POLLING] 종료 | 큐: 0건 | 번들맵: 4개
[2026-07-14 16:01:20] INFO: [POLLING] 시작 | 큐: 0건 | 처리중: 4건 | 번들: ID:55698(1건), ID:55700(1건), ID:55701(1건), ID:55704(1건)
[2026-07-14 16:01:20] INFO: [POLLING] 종료 | 큐: 0건 | 번들맵: 4개
[2026-07-14 16:01:25] INFO: [REQ] contents=check-event | id=undefined
[2026-07-14 16:01:30] INFO: [POLLING] 시작 | 큐: 0건 | 처리중: 4건 | 번들: ID:55698(1건), ID:55700(1건), ID:55701(1건), ID:55704(1건)
[2026-07-14 16:01:30] INFO: [POLLING] 종료 | 큐: 0건 | 번들맵: 4개
[2026-07-14 16:01:40] INFO: [POLLING] 시작 | 큐: 0건 | 처리중: 4건 | 번들: ID:55698(1건), ID:55700(1건), ID:55701(1건), ID:55704(1건)
[2026-07-14 16:01:40] INFO: [POLLING] 종료 | 큐: 0건 | 번들맵: 4개
[2026-07-14 16:01:50] INFO: [POLLING] 시작 | 큐: 0건 | 처리중: 4건 | 번들: ID:55698(1건), ID:55700(1건), ID:55701(1건), ID:55704(1건)
[2026-07-14 16:01:50] INFO: [POLLING] 종료 | 큐: 0건 | 번들맵: 4개
[2026-07-14 16:02:00] INFO: [POLLING] 시작 | 큐: 0건 | 처리중: 4건 | 번들: ID:55698(1건), ID:55700(1건), ID:55701(1건), ID:55704(1건)
[2026-07-14 16:02:00] INFO: [POLLING] 종료 | 큐: 0건 | 번들맵: 4개
[2026-07-14 16:02:10] INFO: [POLLING] 시작 | 큐: 0건 | 처리중: 4건 | 번들: ID:55698(1건), ID:55700(1건), ID:55701(1건), ID:55704(1건)
[2026-07-14 16:02:10] INFO: [POLLING] 종료 | 큐: 0건 | 번들맵: 4개
[2026-07-14 16:02:20] INFO: [POLLING] 시작 | 큐: 0건 | 처리중: 4건 | 번들: ID:55698(1건), ID:55700(1건), ID:55701(1건), ID:55704(1건)
[2026-07-14 16:02:20] INFO: [POLLING] 종료 | 큐: 0건 | 번들맵: 4개
[2026-07-14 16:02:29] INFO: [REQ] contents=check-event | id=undefined
[2026-07-14 16:02:30] INFO: [POLLING] 시작 | 큐: 0건 | 처리중: 4건 | 번들: ID:55698(1건), ID:55700(1건), ID:55701(1건), ID:55704(1건)
[2026-07-14 16:02:30] INFO: [POLLING] 종료 | 큐: 0건 | 번들맵: 4개
[2026-07-14 16:02:40] INFO: [POLLING] 시작 | 큐: 0건 | 처리중: 4건 | 번들: ID:55698(1건), ID:55700(1건), ID:55701(1건), ID:55704(1건)
[2026-07-14 16:02:40] INFO: [POLLING] 종료 | 큐: 0건 | 번들맵: 4개
[2026-07-14 16:02:50] INFO: [POLLING] 시작 | 큐: 0건 | 처리중: 4건 | 번들: ID:55698(1건), ID:55700(1건), ID:55701(1건), ID:55704(1건)
[2026-07-14 16:02:50] INFO: [POLLING] 종료 | 큐: 0건 | 번들맵: 4개
[2026-07-14 16:03:00] INFO: [POLLING] 시작 | 큐: 0건 | 처리중: 4건 | 번들: ID:55698(1건), ID:55700(1건), ID:55701(1건), ID:55704(1건)
[2026-07-14 16:03:00] INFO: [POLLING] 종료 | 큐: 0건 | 번들맵: 4개
[2026-07-14 16:03:05] INFO: [REQ] contents=check-event | id=undefined
[2026-07-14 16:03:10] INFO: [POLLING] 시작 | 큐: 0건 | 처리중: 4건 | 번들: ID:55698(1건), ID:55700(1건), ID:55701(1건), ID:55704(1건)
[2026-07-14 16:03:10] INFO: [POLLING] 종료 | 큐: 0건 | 번들맵: 4개
[2026-07-14 16:03:20] INFO: [POLLING] 시작 | 큐: 0건 | 처리중: 4건 | 번들: ID:55698(1건), ID:55700(1건), ID:55701(1건), ID:55704(1건)
[2026-07-14 16:03:20] INFO: [POLLING] 종료 | 큐: 0건 | 번들맵: 4개
[2026-07-14 16:03:30] INFO: [POLLING] 시작 | 큐: 0건 | 처리중: 4건 | 번들: ID:55698(1건), ID:55700(1건), ID:55701(1건), ID:55704(1건)
[2026-07-14 16:03:30] INFO: [POLLING] 종료 | 큐: 0건 | 번들맵: 4개
[2026-07-14 16:03:40] INFO: [POLLING] 시작 | 큐: 0건 | 처리중: 4건 | 번들: ID:55698(1건), ID:55700(1건), ID:55701(1건), ID:55704(1건)
[2026-07-14 16:03:40] INFO: [POLLING] 종료 | 큐: 0건 | 번들맵: 4개
[2026-07-14 16:03:50] INFO: [POLLING] 시작 | 큐: 0건 | 처리중: 4건 | 번들: ID:55698(1건), ID:55700(1건), ID:55701(1건), ID:55704(1건)
[2026-07-14 16:03:50] INFO: [POLLING] 종료 | 큐: 0건 | 번들맵: 4개
[2026-07-14 16:04:00] INFO: [POLLING] 시작 | 큐: 0건 | 처리중: 4건 | 번들: ID:55698(1건), ID:55700(1건), ID:55701(1건), ID:55704(1건)
[2026-07-14 16:04:00] INFO: [POLLING] 종료 | 큐: 0건 | 번들맵: 4개
[2026-07-14 16:04:09] INFO: [REQ] contents=check-event | id=undefined
[2026-07-14 16:04:10] INFO: [POLLING] 시작 | 큐: 0건 | 처리중: 4건 | 번들: ID:55698(1건), ID:55700(1건), ID:55701(1건), ID:55704(1건)
[2026-07-14 16:04:10] INFO: [POLLING] 종료 | 큐: 0건 | 번들맵: 4개
[2026-07-14 16:04:20] INFO: [POLLING] 시작 | 큐: 0건 | 처리중: 4건 | 번들: ID:55698(1건), ID:55700(1건), ID:55701(1건), ID:55704(1건)
[2026-07-14 16:04:20] INFO: [POLLING] 종료 | 큐: 0건 | 번들맵: 4개
[2026-07-14 16:04:30] INFO: [POLLING] 시작 | 큐: 0건 | 처리중: 4건 | 번들: ID:55698(1건), ID:55700(1건), ID:55701(1건), ID:55704(1건)
[2026-07-14 16:04:30] INFO: [POLLING] 종료 | 큐: 0건 | 번들맵: 4개
[2026-07-14 16:04:35] INFO: [REQ] contents=check-event | id=undefined
[2026-07-14 16:04:40] INFO: [POLLING] 시작 | 큐: 0건 | 처리중: 4건 | 번들: ID:55698(1건), ID:55700(1건), ID:55701(1건), ID:55704(1건)
[2026-07-14 16:04:40] INFO: [POLLING] 종료 | 큐: 0건 | 번들맵: 4개
[2026-07-14 16:04:50] INFO: [POLLING] 시작 | 큐: 0건 | 처리중: 4건 | 번들: ID:55698(1건), ID:55700(1건), ID:55701(1건), ID:55704(1건)
[2026-07-14 16:04:50] INFO: [POLLING] 종료 | 큐: 0건 | 번들맵: 4개
[2026-07-14 16:05:00] INFO: [POLLING] 시작 | 큐: 0건 | 처리중: 4건 | 번들: ID:55698(1건), ID:55700(1건), ID:55701(1건), ID:55704(1건)
[2026-07-14 16:05:00] INFO: [POLLING] 종료 | 큐: 0건 | 번들맵: 4개
[2026-07-14 16:05:10] INFO: [POLLING] 시작 | 큐: 0건 | 처리중: 4건 | 번들: ID:55698(1건), ID:55700(1건), ID:55701(1건), ID:55704(1건)
[2026-07-14 16:05:10] INFO: [POLLING] 종료 | 큐: 0건 | 번들맵: 4개
[2026-07-14 16:05:20] INFO: [POLLING] 시작 | 큐: 0건 | 처리중: 4건 | 번들: ID:55698(1건), ID:55700(1건), ID:55701(1건), ID:55704(1건)
[2026-07-14 16:05:20] INFO: [POLLING] 종료 | 큐: 0건 | 번들맵: 4개
[2026-07-14 16:05:30] INFO: [POLLING] 시작 | 큐: 0건 | 처리중: 4건 | 번들: ID:55698(1건), ID:55700(1건), ID:55701(1건), ID:55704(1건)
[2026-07-14 16:05:30] INFO: [POLLING] 종료 | 큐: 0건 | 번들맵: 4개
[2026-07-14 16:05:39] INFO: [REQ] contents=check-event | id=undefined
[2026-07-14 16:05:40] INFO: [POLLING] 시작 | 큐: 0건 | 처리중: 4건 | 번들: ID:55698(1건), ID:55700(1건), ID:55701(1건), ID:55704(1건)
[2026-07-14 16:05:40] INFO: [POLLING] 종료 | 큐: 0건 | 번들맵: 4개
[2026-07-14 16:05:50] INFO: [POLLING] 시작 | 큐: 0건 | 처리중: 4건 | 번들: ID:55698(1건), ID:55700(1건), ID:55701(1건), ID:55704(1건)
[2026-07-14 16:05:50] INFO: [POLLING] 종료 | 큐: 0건 | 번들맵: 4개
[2026-07-14 16:06:00] INFO: [POLLING] 시작 | 큐: 0건 | 처리중: 4건 | 번들: ID:55698(1건), ID:55700(1건), ID:55701(1건), ID:55704(1건)
[2026-07-14 16:06:00] INFO: [POLLING] 종료 | 큐: 0건 | 번들맵: 4개
[2026-07-14 16:06:10] INFO: [POLLING] 시작 | 큐: 0건 | 처리중: 4건 | 번들: ID:55698(1건), ID:55700(1건), ID:55701(1건), ID:55704(1건)
[2026-07-14 16:06:10] INFO: [POLLING] 종료 | 큐: 0건 | 번들맵: 4개
[2026-07-14 16:06:20] INFO: [POLLING] 시작 | 큐: 0건 | 처리중: 4건 | 번들: ID:55698(1건), ID:55700(1건), ID:55701(1건), ID:55704(1건)
[2026-07-14 16:06:20] INFO: [POLLING] 종료 | 큐: 0건 | 번들맵: 4개
[2026-07-14 16:06:26] INFO: [REQ] contents=check-event | id=undefined
[2026-07-14 16:06:30] INFO: [POLLING] 시작 | 큐: 0건 | 처리중: 4건 | 번들: ID:55698(1건), ID:55700(1건), ID:55701(1건), ID:55704(1건)
[2026-07-14 16:06:30] INFO: [POLLING] 종료 | 큐: 0건 | 번들맵: 4개
[2026-07-14 16:06:40] INFO: [POLLING] 시작 | 큐: 0건 | 처리중: 4건 | 번들: ID:55698(1건), ID:55700(1건), ID:55701(1건), ID:55704(1건)
[2026-07-14 16:06:40] INFO: [POLLING] 종료 | 큐: 0건 | 번들맵: 4개
[2026-07-14 16:06:50] INFO: [POLLING] 시작 | 큐: 0건 | 처리중: 4건 | 번들: ID:55698(1건), ID:55700(1건), ID:55701(1건), ID:55704(1건)
[2026-07-14 16:06:50] INFO: [POLLING] 종료 | 큐: 0건 | 번들맵: 4개
[2026-07-14 16:07:00] INFO: [POLLING] 시작 | 큐: 0건 | 처리중: 4건 | 번들: ID:55698(1건), ID:55700(1건), ID:55701(1건), ID:55704(1건)
[2026-07-14 16:07:00] INFO: [POLLING] 종료 | 큐: 0건 | 번들맵: 4개
[2026-07-14 16:07:10] INFO: [POLLING] 시작 | 큐: 0건 | 처리중: 4건 | 번들: ID:55698(1건), ID:55700(1건), ID:55701(1건), ID:55704(1건)
[2026-07-14 16:07:10] INFO: [POLLING] 종료 | 큐: 0건 | 번들맵: 4개
[2026-07-14 16:07:20] INFO: [POLLING] 시작 | 큐: 0건 | 처리중: 4건 | 번들: ID:55698(1건), ID:55700(1건), ID:55701(1건), ID:55704(1건)
[2026-07-14 16:07:20] INFO: [POLLING] 종료 | 큐: 0건 | 번들맵: 4개
[2026-07-14 16:07:29] INFO: [REQ] contents=check-event | id=undefined
[2026-07-14 16:07:30] INFO: [POLLING] 시작 | 큐: 0건 | 처리중: 4건 | 번들: ID:55698(1건), ID:55700(1건), ID:55701(1건), ID:55704(1건)
[2026-07-14 16:07:30] INFO: [POLLING] 종료 | 큐: 0건 | 번들맵: 4개
[2026-07-14 16:07:40] INFO: [POLLING] 시작 | 큐: 0건 | 처리중: 4건 | 번들: ID:55698(1건), ID:55700(1건), ID:55701(1건), ID:55704(1건)
[2026-07-14 16:07:40] INFO: [POLLING] 종료 | 큐: 0건 | 번들맵: 4개
[2026-07-14 16:07:50] INFO: [POLLING] 시작 | 큐: 0건 | 처리중: 4건 | 번들: ID:55698(1건), ID:55700(1건), ID:55701(1건), ID:55704(1건)
[2026-07-14 16:07:50] INFO: [POLLING] 종료 | 큐: 0건 | 번들맵: 4개
[2026-07-14 16:08:00] INFO: [POLLING] 시작 | 큐: 0건 | 처리중: 4건 | 번들: ID:55698(1건), ID:55700(1건), ID:55701(1건), ID:55704(1건)
[2026-07-14 16:08:00] INFO: [POLLING] 종료 | 큐: 0건 | 번들맵: 4개
[2026-07-14 16:08:06] INFO: [REQ] contents=check-event | id=undefined
[2026-07-14 16:08:10] INFO: [POLLING] 시작 | 큐: 0건 | 처리중: 4건 | 번들: ID:55698(1건), ID:55700(1건), ID:55701(1건), ID:55704(1건)
[2026-07-14 16:08:10] INFO: [POLLING] 종료 | 큐: 0건 | 번들맵: 4개
[2026-07-14 16:08:20] INFO: [POLLING] 시작 | 큐: 0건 | 처리중: 4건 | 번들: ID:55698(1건), ID:55700(1건), ID:55701(1건), ID:55704(1건)
[2026-07-14 16:08:20] INFO: [POLLING] 종료 | 큐: 0건 | 번들맵: 4개
[2026-07-14 16:08:30] INFO: [POLLING] 시작 | 큐: 0건 | 처리중: 4건 | 번들: ID:55698(1건), ID:55700(1건), ID:55701(1건), ID:55704(1건)
[2026-07-14 16:08:30] INFO: [POLLING] 종료 | 큐: 0건 | 번들맵: 4개
[2026-07-14 16:08:40] INFO: [POLLING] 시작 | 큐: 0건 | 처리중: 4건 | 번들: ID:55698(1건), ID:55700(1건), ID:55701(1건), ID:55704(1건)
[2026-07-14 16:08:40] INFO: [POLLING] 종료 | 큐: 0건 | 번들맵: 4개
[2026-07-14 16:08:50] INFO: [POLLING] 시작 | 큐: 0건 | 처리중: 4건 | 번들: ID:55698(1건), ID:55700(1건), ID:55701(1건), ID:55704(1건)
[2026-07-14 16:08:50] INFO: [POLLING] 종료 | 큐: 0건 | 번들맵: 4개
[2026-07-14 16:09:00] INFO: [POLLING] 시작 | 큐: 0건 | 처리중: 4건 | 번들: ID:55698(1건), ID:55700(1건), ID:55701(1건), ID:55704(1건)
[2026-07-14 16:09:00] INFO: [POLLING] 종료 | 큐: 0건 | 번들맵: 4개
[2026-07-14 16:09:09] INFO: [REQ] contents=check-event | id=undefined
[2026-07-14 16:09:10] INFO: [POLLING] 시작 | 큐: 0건 | 처리중: 4건 | 번들: ID:55698(1건), ID:55700(1건), ID:55701(1건), ID:55704(1건)
[2026-07-14 16:09:10] INFO: [POLLING] 종료 | 큐: 0건 | 번들맵: 4개
[2026-07-14 16:09:20] INFO: [POLLING] 시작 | 큐: 0건 | 처리중: 4건 | 번들: ID:55698(1건), ID:55700(1건), ID:55701(1건), ID:55704(1건)
[2026-07-14 16:09:20] INFO: [POLLING] 종료 | 큐: 0건 | 번들맵: 4개
[2026-07-14 16:09:30] INFO: [POLLING] 시작 | 큐: 0건 | 처리중: 4건 | 번들: ID:55698(1건), ID:55700(1건), ID:55701(1건), ID:55704(1건)
[2026-07-14 16:09:30] INFO: [POLLING] 종료 | 큐: 0건 | 번들맵: 4개
[2026-07-14 16:09:36] INFO: [REQ] contents=check-event | id=undefined
[2026-07-14 16:09:40] INFO: [POLLING] 시작 | 큐: 0건 | 처리중: 4건 | 번들: ID:55698(1건), ID:55700(1건), ID:55701(1건), ID:55704(1건)
[2026-07-14 16:09:40] INFO: [POLLING] 종료 | 큐: 0건 | 번들맵: 4개
[2026-07-14 16:09:50] INFO: [POLLING] 시작 | 큐: 0건 | 처리중: 4건 | 번들: ID:55698(1건), ID:55700(1건), ID:55701(1건), ID:55704(1건)
[2026-07-14 16:09:50] INFO: [POLLING] 종료 | 큐: 0건 | 번들맵: 4개
[2026-07-14 16:10:00] INFO: [POLLING] 시작 | 큐: 0건 | 처리중: 4건 | 번들: ID:55698(1건), ID:55700(1건), ID:55701(1건), ID:55704(1건)
[2026-07-14 16:10:00] INFO: [POLLING] 종료 | 큐: 0건 | 번들맵: 4개
[2026-07-14 16:10:10] INFO: [POLLING] 시작 | 큐: 0건 | 처리중: 4건 | 번들: ID:55698(1건), ID:55700(1건), ID:55701(1건), ID:55704(1건)
[2026-07-14 16:10:10] INFO: [POLLING] 종료 | 큐: 0건 | 번들맵: 4개
[2026-07-14 16:10:20] INFO: [POLLING] 시작 | 큐: 0건 | 처리중: 4건 | 번들: ID:55698(1건), ID:55700(1건), ID:55701(1건), ID:55704(1건)
[2026-07-14 16:10:20] INFO: [POLLING] 종료 | 큐: 0건 | 번들맵: 4개
[2026-07-14 16:10:30] INFO: [POLLING] 시작 | 큐: 0건 | 처리중: 4건 | 번들: ID:55698(1건), ID:55700(1건), ID:55701(1건), ID:55704(1건)
[2026-07-14 16:10:30] INFO: [POLLING] 종료 | 큐: 0건 | 번들맵: 4개
[2026-07-14 16:10:40] INFO: [REQ] contents=check-event | id=undefined
[2026-07-14 16:10:40] INFO: [POLLING] 시작 | 큐: 0건 | 처리중: 4건 | 번들: ID:55698(1건), ID:55700(1건), ID:55701(1건), ID:55704(1건)
[2026-07-14 16:10:40] INFO: [POLLING] 종료 | 큐: 0건 | 번들맵: 4개
[2026-07-14 16:10:50] INFO: [POLLING] 시작 | 큐: 0건 | 처리중: 4건 | 번들: ID:55698(1건), ID:55700(1건), ID:55701(1건), ID:55704(1건)
[2026-07-14 16:10:50] INFO: [POLLING] 종료 | 큐: 0건 | 번들맵: 4개
[2026-07-14 16:11:00] INFO: [POLLING] 시작 | 큐: 0건 | 처리중: 4건 | 번들: ID:55698(1건), ID:55700(1건), ID:55701(1건), ID:55704(1건)
[2026-07-14 16:11:00] INFO: [POLLING] 종료 | 큐: 0건 | 번들맵: 4개
[2026-07-14 16:11:10] INFO: [POLLING] 시작 | 큐: 0건 | 처리중: 4건 | 번들: ID:55698(1건), ID:55700(1건), ID:55701(1건), ID:55704(1건)
[2026-07-14 16:11:10] INFO: [POLLING] 종료 | 큐: 0건 | 번들맵: 4개
[2026-07-14 16:11:20] INFO: [POLLING] 시작 | 큐: 0건 | 처리중: 4건 | 번들: ID:55698(1건), ID:55700(1건), ID:55701(1건), ID:55704(1건)
[2026-07-14 16:11:20] INFO: [POLLING] 종료 | 큐: 0건 | 번들맵: 4개
[2026-07-14 16:11:26] INFO: [REQ] contents=check-event | id=undefined
[2026-07-14 16:11:30] INFO: [POLLING] 시작 | 큐: 0건 | 처리중: 4건 | 번들: ID:55698(1건), ID:55700(1건), ID:55701(1건), ID:55704(1건)
[2026-07-14 16:11:30] INFO: [POLLING] 종료 | 큐: 0건 | 번들맵: 4개
[2026-07-14 16:11:40] INFO: [POLLING] 시작 | 큐: 0건 | 처리중: 4건 | 번들: ID:55698(1건), ID:55700(1건), ID:55701(1건), ID:55704(1건)
[2026-07-14 16:11:40] INFO: [POLLING] 종료 | 큐: 0건 | 번들맵: 4개
[2026-07-14 16:11:50] INFO: [POLLING] 시작 | 큐: 0건 | 처리중: 4건 | 번들: ID:55698(1건), ID:55700(1건), ID:55701(1건), ID:55704(1건)
[2026-07-14 16:11:50] INFO: [POLLING] 종료 | 큐: 0건 | 번들맵: 4개
[2026-07-14 16:12:00] INFO: [POLLING] 시작 | 큐: 0건 | 처리중: 4건 | 번들: ID:55698(1건), ID:55700(1건), ID:55701(1건), ID:55704(1건)
[2026-07-14 16:12:00] INFO: [POLLING] 종료 | 큐: 0건 | 번들맵: 4개
[2026-07-14 16:12:10] INFO: [POLLING] 시작 | 큐: 0건 | 처리중: 4건 | 번들: ID:55698(1건), ID:55700(1건), ID:55701(1건), ID:55704(1건)
[2026-07-14 16:12:10] INFO: [POLLING] 종료 | 큐: 0건 | 번들맵: 4개
[2026-07-14 16:12:20] INFO: [POLLING] 시작 | 큐: 0건 | 처리중: 4건 | 번들: ID:55698(1건), ID:55700(1건), ID:55701(1건), ID:55704(1건)
[2026-07-14 16:12:20] INFO: [POLLING] 종료 | 큐: 0건 | 번들맵: 4개
[2026-07-14 16:12:30] INFO: [REQ] contents=check-event | id=undefined
[2026-07-14 16:12:30] INFO: [POLLING] 시작 | 큐: 0건 | 처리중: 4건 | 번들: ID:55698(1건), ID:55700(1건), ID:55701(1건), ID:55704(1건)
[2026-07-14 16:12:30] INFO: [POLLING] 종료 | 큐: 0건 | 번들맵: 4개
[2026-07-14 16:12:40] INFO: [POLLING] 시작 | 큐: 0건 | 처리중: 4건 | 번들: ID:55698(1건), ID:55700(1건), ID:55701(1건), ID:55704(1건)
[2026-07-14 16:12:40] INFO: [POLLING] 종료 | 큐: 0건 | 번들맵: 4개
[2026-07-14 16:12:50] INFO: [POLLING] 시작 | 큐: 0건 | 처리중: 4건 | 번들: ID:55698(1건), ID:55700(1건), ID:55701(1건), ID:55704(1건)
[2026-07-14 16:12:50] INFO: [POLLING] 종료 | 큐: 0건 | 번들맵: 4개
[2026-07-14 16:13:00] INFO: [POLLING] 시작 | 큐: 0건 | 처리중: 4건 | 번들: ID:55698(1건), ID:55700(1건), ID:55701(1건), ID:55704(1건)
[2026-07-14 16:13:00] INFO: [POLLING] 종료 | 큐: 0건 | 번들맵: 4개
[2026-07-14 16:13:06] INFO: [REQ] contents=check-event | id=undefined
[2026-07-14 16:13:10] INFO: [POLLING] 시작 | 큐: 0건 | 처리중: 4건 | 번들: ID:55698(1건), ID:55700(1건), ID:55701(1건), ID:55704(1건)
[2026-07-14 16:13:10] INFO: [POLLING] 종료 | 큐: 0건 | 번들맵: 4개
[2026-07-14 16:13:20] INFO: [POLLING] 시작 | 큐: 0건 | 처리중: 4건 | 번들: ID:55698(1건), ID:55700(1건), ID:55701(1건), ID:55704(1건)
[2026-07-14 16:13:20] INFO: [POLLING] 종료 | 큐: 0건 | 번들맵: 4개
[2026-07-14 16:13:30] INFO: [POLLING] 시작 | 큐: 0건 | 처리중: 4건 | 번들: ID:55698(1건), ID:55700(1건), ID:55701(1건), ID:55704(1건)
[2026-07-14 16:13:30] INFO: [POLLING] 종료 | 큐: 0건 | 번들맵: 4개
[2026-07-14 16:13:40] INFO: [POLLING] 시작 | 큐: 0건 | 처리중: 4건 | 번들: ID:55698(1건), ID:55700(1건), ID:55701(1건), ID:55704(1건)
[2026-07-14 16:13:41] INFO: [POLLING] 종료 | 큐: 0건 | 번들맵: 4개
[2026-07-14 16:13:50] INFO: [POLLING] 시작 | 큐: 0건 | 처리중: 4건 | 번들: ID:55698(1건), ID:55700(1건), ID:55701(1건), ID:55704(1건)
[2026-07-14 16:13:50] INFO: [POLLING] 종료 | 큐: 0건 | 번들맵: 4개
[2026-07-14 16:14:00] INFO: [POLLING] 시작 | 큐: 0건 | 처리중: 4건 | 번들: ID:55698(1건), ID:55700(1건), ID:55701(1건), ID:55704(1건)
[2026-07-14 16:14:00] INFO: [POLLING] 종료 | 큐: 0건 | 번들맵: 4개
[2026-07-14 16:14:10] INFO: [REQ] contents=check-event | id=undefined
[2026-07-14 16:14:10] INFO: [POLLING] 시작 | 큐: 0건 | 처리중: 4건 | 번들: ID:55698(1건), ID:55700(1건), ID:55701(1건), ID:55704(1건)
[2026-07-14 16:14:10] INFO: [POLLING] 종료 | 큐: 0건 | 번들맵: 4개
[2026-07-14 16:14:20] INFO: [POLLING] 시작 | 큐: 0건 | 처리중: 4건 | 번들: ID:55698(1건), ID:55700(1건), ID:55701(1건), ID:55704(1건)
[2026-07-14 16:14:21] INFO: [POLLING] 종료 | 큐: 0건 | 번들맵: 4개
[2026-07-14 16:14:30] INFO: [POLLING] 시작 | 큐: 0건 | 처리중: 4건 | 번들: ID:55698(1건), ID:55700(1건), ID:55701(1건), ID:55704(1건)
[2026-07-14 16:14:31] INFO: [POLLING] 종료 | 큐: 0건 | 번들맵: 4개
[2026-07-14 16:14:36] INFO: [REQ] contents=check-event | id=undefined
[2026-07-14 16:14:40] INFO: [POLLING] 시작 | 큐: 0건 | 처리중: 4건 | 번들: ID:55698(1건), ID:55700(1건), ID:55701(1건), ID:55704(1건)
[2026-07-14 16:14:41] INFO: [POLLING] 종료 | 큐: 0건 | 번들맵: 4개
[2026-07-14 16:14:50] INFO: [POLLING] 시작 | 큐: 0건 | 처리중: 4건 | 번들: ID:55698(1건), ID:55700(1건), ID:55701(1건), ID:55704(1건)
[2026-07-14 16:14:51] INFO: [POLLING] 종료 | 큐: 0건 | 번들맵: 4개
[2026-07-14 16:15:00] INFO: [POLLING] 시작 | 큐: 0건 | 처리중: 4건 | 번들: ID:55698(1건), ID:55700(1건), ID:55701(1건), ID:55704(1건)
[2026-07-14 16:15:01] INFO: [POLLING] 종료 | 큐: 0건 | 번들맵: 4개
[2026-07-14 16:15:10] INFO: [POLLING] 시작 | 큐: 0건 | 처리중: 4건 | 번들: ID:55698(1건), ID:55700(1건), ID:55701(1건), ID:55704(1건)
[2026-07-14 16:15:11] INFO: [POLLING] 종료 | 큐: 0건 | 번들맵: 4개
[2026-07-14 16:15:20] INFO: [POLLING] 시작 | 큐: 0건 | 처리중: 4건 | 번들: ID:55698(1건), ID:55700(1건), ID:55701(1건), ID:55704(1건)
[2026-07-14 16:15:21] INFO: [POLLING] 종료 | 큐: 0건 | 번들맵: 4개
[2026-07-14 16:15:30] INFO: [REQ] contents=check-event | id=undefined
[2026-07-14 16:15:30] INFO: [POLLING] 시작 | 큐: 0건 | 처리중: 4건 | 번들: ID:55698(1건), ID:55700(1건), ID:55701(1건), ID:55704(1건)
[2026-07-14 16:15:31] INFO: [POLLING] 종료 | 큐: 0건 | 번들맵: 4개
[2026-07-14 16:15:40] INFO: [POLLING] 시작 | 큐: 0건 | 처리중: 4건 | 번들: ID:55698(1건), ID:55700(1건), ID:55701(1건), ID:55704(1건)
[2026-07-14 16:15:41] INFO: [POLLING] 종료 | 큐: 0건 | 번들맵: 4개
[2026-07-14 16:15:51] INFO: [POLLING] 시작 | 큐: 0건 | 처리중: 4건 | 번들: ID:55698(1건), ID:55700(1건), ID:55701(1건), ID:55704(1건)
[2026-07-14 16:15:51] INFO: [POLLING] 종료 | 큐: 0건 | 번들맵: 4개
[2026-07-14 16:16:01] INFO: [POLLING] 시작 | 큐: 0건 | 처리중: 4건 | 번들: ID:55698(1건), ID:55700(1건), ID:55701(1건), ID:55704(1건)
[2026-07-14 16:16:01] INFO: [POLLING] 종료 | 큐: 0건 | 번들맵: 4개
[2026-07-14 16:16:11] INFO: [POLLING] 시작 | 큐: 0건 | 처리중: 4건 | 번들: ID:55698(1건), ID:55700(1건), ID:55701(1건), ID:55704(1건)
[2026-07-14 16:16:11] INFO: [POLLING] 종료 | 큐: 0건 | 번들맵: 4개
[2026-07-14 16:16:21] INFO: [POLLING] 시작 | 큐: 0건 | 처리중: 4건 | 번들: ID:55698(1건), ID:55700(1건), ID:55701(1건), ID:55704(1건)
[2026-07-14 16:16:21] INFO: [POLLING] 종료 | 큐: 0건 | 번들맵: 4개
[2026-07-14 16:16:27] INFO: [REQ] contents=check-event | id=undefined
[2026-07-14 16:16:31] INFO: [POLLING] 시작 | 큐: 0건 | 처리중: 4건 | 번들: ID:55698(1건), ID:55700(1건), ID:55701(1건), ID:55704(1건)
[2026-07-14 16:16:31] INFO: [POLLING] 종료 | 큐: 0건 | 번들맵: 4개
[2026-07-14 16:16:41] INFO: [POLLING] 시작 | 큐: 0건 | 처리중: 4건 | 번들: ID:55698(1건), ID:55700(1건), ID:55701(1건), ID:55704(1건)
[2026-07-14 16:16:41] INFO: [POLLING] 종료 | 큐: 0건 | 번들맵: 4개
[2026-07-14 16:16:51] INFO: [POLLING] 시작 | 큐: 0건 | 처리중: 4건 | 번들: ID:55698(1건), ID:55700(1건), ID:55701(1건), ID:55704(1건)
[2026-07-14 16:16:51] INFO: [POLLING] 종료 | 큐: 0건 | 번들맵: 4개
[2026-07-14 16:17:01] INFO: [POLLING] 시작 | 큐: 0건 | 처리중: 4건 | 번들: ID:55698(1건), ID:55700(1건), ID:55701(1건), ID:55704(1건)
[2026-07-14 16:17:01] INFO: [POLLING] 종료 | 큐: 0건 | 번들맵: 4개
[2026-07-14 16:17:11] INFO: [POLLING] 시작 | 큐: 0건 | 처리중: 4건 | 번들: ID:55698(1건), ID:55700(1건), ID:55701(1건), ID:55704(1건)
[2026-07-14 16:17:11] INFO: [POLLING] 종료 | 큐: 0건 | 번들맵: 4개
[2026-07-14 16:17:20] INFO: [REQ] contents=check-event | id=undefined
[2026-07-14 16:17:21] INFO: [POLLING] 시작 | 큐: 0건 | 처리중: 4건 | 번들: ID:55698(1건), ID:55700(1건), ID:55701(1건), ID:55704(1건)
[2026-07-14 16:17:21] INFO: [POLLING] 종료 | 큐: 0건 | 번들맵: 4개
[2026-07-14 16:17:31] INFO: [POLLING] 시작 | 큐: 0건 | 처리중: 4건 | 번들: ID:55698(1건), ID:55700(1건), ID:55701(1건), ID:55704(1건)
[2026-07-14 16:17:31] INFO: [POLLING] 종료 | 큐: 0건 | 번들맵: 4개
[2026-07-14 16:17:41] INFO: [POLLING] 시작 | 큐: 0건 | 처리중: 4건 | 번들: ID:55698(1건), ID:55700(1건), ID:55701(1건), ID:55704(1건)
[2026-07-14 16:17:41] INFO: [POLLING] 종료 | 큐: 0건 | 번들맵: 4개
[2026-07-14 16:17:51] INFO: [POLLING] 시작 | 큐: 0건 | 처리중: 4건 | 번들: ID:55698(1건), ID:55700(1건), ID:55701(1건), ID:55704(1건)
[2026-07-14 16:17:51] INFO: [POLLING] 종료 | 큐: 0건 | 번들맵: 4개
[2026-07-14 16:18:01] INFO: [POLLING] 시작 | 큐: 0건 | 처리중: 4건 | 번들: ID:55698(1건), ID:55700(1건), ID:55701(1건), ID:55704(1건)
[2026-07-14 16:18:01] INFO: [POLLING] 종료 | 큐: 0건 | 번들맵: 4개
[2026-07-14 16:18:07] INFO: [REQ] contents=check-event | id=undefined
[2026-07-14 16:18:11] INFO: [POLLING] 시작 | 큐: 0건 | 처리중: 4건 | 번들: ID:55698(1건), ID:55700(1건), ID:55701(1건), ID:55704(1건)
[2026-07-14 16:18:11] INFO: [POLLING] 종료 | 큐: 0건 | 번들맵: 4개
[2026-07-14 16:18:21] INFO: [POLLING] 시작 | 큐: 0건 | 처리중: 4건 | 번들: ID:55698(1건), ID:55700(1건), ID:55701(1건), ID:55704(1건)
[2026-07-14 16:18:21] INFO: [POLLING] 종료 | 큐: 0건 | 번들맵: 4개
[2026-07-14 16:18:31] INFO: [POLLING] 시작 | 큐: 0건 | 처리중: 4건 | 번들: ID:55698(1건), ID:55700(1건), ID:55701(1건), ID:55704(1건)
[2026-07-14 16:18:31] INFO: [POLLING] 종료 | 큐: 0건 | 번들맵: 4개
[2026-07-14 16:18:41] INFO: [POLLING] 시작 | 큐: 0건 | 처리중: 4건 | 번들: ID:55698(1건), ID:55700(1건), ID:55701(1건), ID:55704(1건)
[2026-07-14 16:18:41] INFO: [POLLING] 종료 | 큐: 0건 | 번들맵: 4개
[2026-07-14 16:18:51] INFO: [POLLING] 시작 | 큐: 0건 | 처리중: 4건 | 번들: ID:55698(1건), ID:55700(1건), ID:55701(1건), ID:55704(1건)
[2026-07-14 16:18:51] INFO: [POLLING] 종료 | 큐: 0건 | 번들맵: 4개
[2026-07-14 16:19:00] INFO: [REQ] contents=check-event | id=undefined
[2026-07-14 16:19:01] INFO: [POLLING] 시작 | 큐: 0건 | 처리중: 4건 | 번들: ID:55698(1건), ID:55700(1건), ID:55701(1건), ID:55704(1건)
[2026-07-14 16:19:01] INFO: [POLLING] 종료 | 큐: 0건 | 번들맵: 4개
[2026-07-14 16:19:11] INFO: [POLLING] 시작 | 큐: 0건 | 처리중: 4건 | 번들: ID:55698(1건), ID:55700(1건), ID:55701(1건), ID:55704(1건)
[2026-07-14 16:19:11] INFO: [POLLING] 종료 | 큐: 0건 | 번들맵: 4개
[2026-07-14 16:19:21] INFO: [POLLING] 시작 | 큐: 0건 | 처리중: 4건 | 번들: ID:55698(1건), ID:55700(1건), ID:55701(1건), ID:55704(1건)
[2026-07-14 16:19:21] INFO: [POLLING] 종료 | 큐: 0건 | 번들맵: 4개
[2026-07-14 16:19:31] INFO: [POLLING] 시작 | 큐: 0건 | 처리중: 4건 | 번들: ID:55698(1건), ID:55700(1건), ID:55701(1건), ID:55704(1건)
[2026-07-14 16:19:31] INFO: [POLLING] 종료 | 큐: 0건 | 번들맵: 4개
[2026-07-14 16:19:37] INFO: [REQ] contents=check-event | id=undefined
[2026-07-14 16:19:41] INFO: [POLLING] 시작 | 큐: 0건 | 처리중: 4건 | 번들: ID:55698(1건), ID:55700(1건), ID:55701(1건), ID:55704(1건)
[2026-07-14 16:19:41] INFO: [POLLING] 종료 | 큐: 0건 | 번들맵: 4개
[2026-07-14 16:19:51] INFO: [POLLING] 시작 | 큐: 0건 | 처리중: 4건 | 번들: ID:55698(1건), ID:55700(1건), ID:55701(1건), ID:55704(1건)
[2026-07-14 16:19:51] INFO: [POLLING] 종료 | 큐: 0건 | 번들맵: 4개
[2026-07-14 16:20:01] INFO: [POLLING] 시작 | 큐: 0건 | 처리중: 4건 | 번들: ID:55698(1건), ID:55700(1건), ID:55701(1건), ID:55704(1건)
[2026-07-14 16:20:01] INFO: [POLLING] 종료 | 큐: 0건 | 번들맵: 4개
[2026-07-14 16:20:11] INFO: [POLLING] 시작 | 큐: 0건 | 처리중: 4건 | 번들: ID:55698(1건), ID:55700(1건), ID:55701(1건), ID:55704(1건)
[2026-07-14 16:20:11] INFO: [POLLING] 종료 | 큐: 0건 | 번들맵: 4개
[2026-07-14 16:20:21] INFO: [POLLING] 시작 | 큐: 0건 | 처리중: 4건 | 번들: ID:55698(1건), ID:55700(1건), ID:55701(1건), ID:55704(1건)
[2026-07-14 16:20:21] INFO: [POLLING] 종료 | 큐: 0건 | 번들맵: 4개
[2026-07-14 16:20:31] INFO: [REQ] contents=check-event | id=undefined
[2026-07-14 16:20:31] INFO: [POLLING] 시작 | 큐: 0건 | 처리중: 4건 | 번들: ID:55698(1건), ID:55700(1건), ID:55701(1건), ID:55704(1건)
[2026-07-14 16:20:31] INFO: [POLLING] 종료 | 큐: 0건 | 번들맵: 4개
[2026-07-14 16:20:41] INFO: [POLLING] 시작 | 큐: 0건 | 처리중: 4건 | 번들: ID:55698(1건), ID:55700(1건), ID:55701(1건), ID:55704(1건)
[2026-07-14 16:20:41] INFO: [POLLING] 종료 | 큐: 0건 | 번들맵: 4개
[2026-07-14 16:20:51] INFO: [POLLING] 시작 | 큐: 0건 | 처리중: 4건 | 번들: ID:55698(1건), ID:55700(1건), ID:55701(1건), ID:55704(1건)
[2026-07-14 16:20:51] INFO: [POLLING] 종료 | 큐: 0건 | 번들맵: 4개
[2026-07-14 16:21:01] INFO: [POLLING] 시작 | 큐: 0건 | 처리중: 4건 | 번들: ID:55698(1건), ID:55700(1건), ID:55701(1건), ID:55704(1건)
[2026-07-14 16:21:01] INFO: [POLLING] 종료 | 큐: 0건 | 번들맵: 4개
[2026-07-14 16:21:11] INFO: [POLLING] 시작 | 큐: 0건 | 처리중: 4건 | 번들: ID:55698(1건), ID:55700(1건), ID:55701(1건), ID:55704(1건)
[2026-07-14 16:21:11] INFO: [POLLING] 종료 | 큐: 0건 | 번들맵: 4개
[2026-07-14 16:21:21] INFO: [POLLING] 시작 | 큐: 0건 | 처리중: 4건 | 번들: ID:55698(1건), ID:55700(1건), ID:55701(1건), ID:55704(1건)
[2026-07-14 16:21:21] INFO: [POLLING] 종료 | 큐: 0건 | 번들맵: 4개
[2026-07-14 16:21:27] INFO: [REQ] contents=check-event | id=undefined
[2026-07-14 16:21:31] INFO: [POLLING] 시작 | 큐: 0건 | 처리중: 4건 | 번들: ID:55698(1건), ID:55700(1건), ID:55701(1건), ID:55704(1건)
[2026-07-14 16:21:31] INFO: [POLLING] 종료 | 큐: 0건 | 번들맵: 4개
[2026-07-14 16:21:41] INFO: [POLLING] 시작 | 큐: 0건 | 처리중: 4건 | 번들: ID:55698(1건), ID:55700(1건), ID:55701(1건), ID:55704(1건)
[2026-07-14 16:21:41] INFO: [POLLING] 종료 | 큐: 0건 | 번들맵: 4개
[2026-07-14 16:21:51] INFO: [POLLING] 시작 | 큐: 0건 | 처리중: 4건 | 번들: ID:55698(1건), ID:55700(1건), ID:55701(1건), ID:55704(1건)
[2026-07-14 16:21:51] INFO: [POLLING] 종료 | 큐: 0건 | 번들맵: 4개
[2026-07-14 16:22:01] INFO: [POLLING] 시작 | 큐: 0건 | 처리중: 4건 | 번들: ID:55698(1건), ID:55700(1건), ID:55701(1건), ID:55704(1건)
[2026-07-14 16:22:01] INFO: [POLLING] 종료 | 큐: 0건 | 번들맵: 4개
[2026-07-14 16:22:11] INFO: [POLLING] 시작 | 큐: 0건 | 처리중: 4건 | 번들: ID:55698(1건), ID:55700(1건), ID:55701(1건), ID:55704(1건)
[2026-07-14 16:22:11] INFO: [POLLING] 종료 | 큐: 0건 | 번들맵: 4개
[2026-07-14 16:22:21] INFO: [REQ] contents=check-event | id=undefined
[2026-07-14 16:22:21] INFO: [POLLING] 시작 | 큐: 0건 | 처리중: 4건 | 번들: ID:55698(1건), ID:55700(1건), ID:55701(1건), ID:55704(1건)
[2026-07-14 16:22:21] INFO: [POLLING] 종료 | 큐: 0건 | 번들맵: 4개
[2026-07-14 16:22:31] INFO: [POLLING] 시작 | 큐: 0건 | 처리중: 4건 | 번들: ID:55698(1건), ID:55700(1건), ID:55701(1건), ID:55704(1건)
[2026-07-14 16:22:31] INFO: [POLLING] 종료 | 큐: 0건 | 번들맵: 4개
[2026-07-14 16:22:41] INFO: [POLLING] 시작 | 큐: 0건 | 처리중: 4건 | 번들: ID:55698(1건), ID:55700(1건), ID:55701(1건), ID:55704(1건)
[2026-07-14 16:22:41] INFO: [POLLING] 종료 | 큐: 0건 | 번들맵: 4개
[2026-07-14 16:22:51] INFO: [POLLING] 시작 | 큐: 0건 | 처리중: 4건 | 번들: ID:55698(1건), ID:55700(1건), ID:55701(1건), ID:55704(1건)
[2026-07-14 16:22:51] INFO: [POLLING] 종료 | 큐: 0건 | 번들맵: 4개
[2026-07-14 16:23:01] INFO: [POLLING] 시작 | 큐: 0건 | 처리중: 4건 | 번들: ID:55698(1건), ID:55700(1건), ID:55701(1건), ID:55704(1건)
[2026-07-14 16:23:01] INFO: [POLLING] 종료 | 큐: 0건 | 번들맵: 4개
[2026-07-14 16:23:07] INFO: [REQ] contents=check-event | id=undefined
[2026-07-14 16:23:11] INFO: [POLLING] 시작 | 큐: 0건 | 처리중: 4건 | 번들: ID:55698(1건), ID:55700(1건), ID:55701(1건), ID:55704(1건)
[2026-07-14 16:23:11] INFO: [POLLING] 종료 | 큐: 0건 | 번들맵: 4개
[2026-07-14 16:23:21] INFO: [POLLING] 시작 | 큐: 0건 | 처리중: 4건 | 번들: ID:55698(1건), ID:55700(1건), ID:55701(1건), ID:55704(1건)
[2026-07-14 16:23:21] INFO: [POLLING] 종료 | 큐: 0건 | 번들맵: 4개
[2026-07-14 16:23:31] INFO: [POLLING] 시작 | 큐: 0건 | 처리중: 4건 | 번들: ID:55698(1건), ID:55700(1건), ID:55701(1건), ID:55704(1건)
[2026-07-14 16:23:31] INFO: [POLLING] 종료 | 큐: 0건 | 번들맵: 4개
[2026-07-14 16:23:41] INFO: [POLLING] 시작 | 큐: 0건 | 처리중: 4건 | 번들: ID:55698(1건), ID:55700(1건), ID:55701(1건), ID:55704(1건)
[2026-07-14 16:23:41] INFO: [POLLING] 종료 | 큐: 0건 | 번들맵: 4개
[2026-07-14 16:23:51] INFO: [POLLING] 시작 | 큐: 0건 | 처리중: 4건 | 번들: ID:55698(1건), ID:55700(1건), ID:55701(1건), ID:55704(1건)
[2026-07-14 16:23:51] INFO: [POLLING] 종료 | 큐: 0건 | 번들맵: 4개
[2026-07-14 16:24:01] INFO: [REQ] contents=check-event | id=undefined
[2026-07-14 16:24:01] INFO: [POLLING] 시작 | 큐: 0건 | 처리중: 4건 | 번들: ID:55698(1건), ID:55700(1건), ID:55701(1건), ID:55704(1건)
[2026-07-14 16:24:01] INFO: [POLLING] 종료 | 큐: 0건 | 번들맵: 4개
[2026-07-14 16:24:11] INFO: [POLLING] 시작 | 큐: 0건 | 처리중: 4건 | 번들: ID:55698(1건), ID:55700(1건), ID:55701(1건), ID:55704(1건)
[2026-07-14 16:24:11] INFO: [POLLING] 종료 | 큐: 0건 | 번들맵: 4개
[2026-07-14 16:24:21] INFO: [POLLING] 시작 | 큐: 0건 | 처리중: 4건 | 번들: ID:55698(1건), ID:55700(1건), ID:55701(1건), ID:55704(1건)
[2026-07-14 16:24:21] INFO: [POLLING] 종료 | 큐: 0건 | 번들맵: 4개
[2026-07-14 16:24:31] INFO: [POLLING] 시작 | 큐: 0건 | 처리중: 4건 | 번들: ID:55698(1건), ID:55700(1건), ID:55701(1건), ID:55704(1건)
[2026-07-14 16:24:31] INFO: [POLLING] 종료 | 큐: 0건 | 번들맵: 4개
[2026-07-14 16:24:37] INFO: [REQ] contents=check-event | id=undefined
[2026-07-14 16:24:41] INFO: [POLLING] 시작 | 큐: 0건 | 처리중: 4건 | 번들: ID:55698(1건), ID:55700(1건), ID:55701(1건), ID:55704(1건)
[2026-07-14 16:24:41] INFO: [POLLING] 종료 | 큐: 0건 | 번들맵: 4개
[2026-07-14 16:24:51] INFO: [POLLING] 시작 | 큐: 0건 | 처리중: 4건 | 번들: ID:55698(1건), ID:55700(1건), ID:55701(1건), ID:55704(1건)
[2026-07-14 16:24:51] INFO: [POLLING] 종료 | 큐: 0건 | 번들맵: 4개
[2026-07-14 16:25:01] INFO: [POLLING] 시작 | 큐: 0건 | 처리중: 4건 | 번들: ID:55698(1건), ID:55700(1건), ID:55701(1건), ID:55704(1건)
[2026-07-14 16:25:01] INFO: [POLLING] 종료 | 큐: 0건 | 번들맵: 4개
[2026-07-14 16:25:11] INFO: [POLLING] 시작 | 큐: 0건 | 처리중: 4건 | 번들: ID:55698(1건), ID:55700(1건), ID:55701(1건), ID:55704(1건)
[2026-07-14 16:25:11] INFO: [POLLING] 종료 | 큐: 0건 | 번들맵: 4개
[2026-07-14 16:25:21] INFO: [POLLING] 시작 | 큐: 0건 | 처리중: 4건 | 번들: ID:55698(1건), ID:55700(1건), ID:55701(1건), ID:55704(1건)
[2026-07-14 16:25:21] INFO: [POLLING] 종료 | 큐: 0건 | 번들맵: 4개
[2026-07-14 16:25:31] INFO: [REQ] contents=check-event | id=undefined
[2026-07-14 16:25:31] INFO: [POLLING] 시작 | 큐: 0건 | 처리중: 4건 | 번들: ID:55698(1건), ID:55700(1건), ID:55701(1건), ID:55704(1건)
[2026-07-14 16:25:31] INFO: [POLLING] 종료 | 큐: 0건 | 번들맵: 4개
[2026-07-14 16:25:41] INFO: [POLLING] 시작 | 큐: 0건 | 처리중: 4건 | 번들: ID:55698(1건), ID:55700(1건), ID:55701(1건), ID:55704(1건)
[2026-07-14 16:25:41] INFO: [POLLING] 종료 | 큐: 0건 | 번들맵: 4개
[2026-07-14 16:25:51] INFO: [POLLING] 시작 | 큐: 0건 | 처리중: 4건 | 번들: ID:55698(1건), ID:55700(1건), ID:55701(1건), ID:55704(1건)
[2026-07-14 16:25:51] INFO: [POLLING] 종료 | 큐: 0건 | 번들맵: 4개
[2026-07-14 16:26:01] INFO: [POLLING] 시작 | 큐: 0건 | 처리중: 4건 | 번들: ID:55698(1건), ID:55700(1건), ID:55701(1건), ID:55704(1건)
[2026-07-14 16:26:01] INFO: [POLLING] 종료 | 큐: 0건 | 번들맵: 4개
[2026-07-14 16:26:11] INFO: [POLLING] 시작 | 큐: 0건 | 처리중: 4건 | 번들: ID:55698(1건), ID:55700(1건), ID:55701(1건), ID:55704(1건)
[2026-07-14 16:26:11] INFO: [POLLING] 종료 | 큐: 0건 | 번들맵: 4개
[2026-07-14 16:26:21] INFO: [POLLING] 시작 | 큐: 0건 | 처리중: 4건 | 번들: ID:55698(1건), ID:55700(1건), ID:55701(1건), ID:55704(1건)
[2026-07-14 16:26:21] INFO: [POLLING] 종료 | 큐: 0건 | 번들맵: 4개
[2026-07-14 16:26:27] INFO: [REQ] contents=check-event | id=undefined
[2026-07-14 16:26:31] INFO: [POLLING] 시작 | 큐: 0건 | 처리중: 4건 | 번들: ID:55698(1건), ID:55700(1건), ID:55701(1건), ID:55704(1건)
[2026-07-14 16:26:31] INFO: [POLLING] 종료 | 큐: 0건 | 번들맵: 4개
[2026-07-14 16:26:41] INFO: [POLLING] 시작 | 큐: 0건 | 처리중: 4건 | 번들: ID:55698(1건), ID:55700(1건), ID:55701(1건), ID:55704(1건)
[2026-07-14 16:26:41] INFO: [POLLING] 종료 | 큐: 0건 | 번들맵: 4개
[2026-07-14 16:26:51] INFO: [POLLING] 시작 | 큐: 0건 | 처리중: 4건 | 번들: ID:55698(1건), ID:55700(1건), ID:55701(1건), ID:55704(1건)
[2026-07-14 16:26:51] INFO: [POLLING] 종료 | 큐: 0건 | 번들맵: 4개
[2026-07-14 16:27:01] INFO: [POLLING] 시작 | 큐: 0건 | 처리중: 4건 | 번들: ID:55698(1건), ID:55700(1건), ID:55701(1건), ID:55704(1건)
[2026-07-14 16:27:01] INFO: [POLLING] 종료 | 큐: 0건 | 번들맵: 4개
[2026-07-14 16:27:11] INFO: [POLLING] 시작 | 큐: 0건 | 처리중: 4건 | 번들: ID:55698(1건), ID:55700(1건), ID:55701(1건), ID:55704(1건)
[2026-07-14 16:27:11] INFO: [POLLING] 종료 | 큐: 0건 | 번들맵: 4개
[2026-07-14 16:27:21] INFO: [POLLING] 시작 | 큐: 0건 | 처리중: 4건 | 번들: ID:55698(1건), ID:55700(1건), ID:55701(1건), ID:55704(1건)
[2026-07-14 16:27:21] INFO: [REQ] contents=check-event | id=undefined
[2026-07-14 16:27:21] INFO: [POLLING] 종료 | 큐: 0건 | 번들맵: 4개
[2026-07-14 16:27:31] INFO: [POLLING] 시작 | 큐: 0건 | 처리중: 4건 | 번들: ID:55698(1건), ID:55700(1건), ID:55701(1건), ID:55704(1건)
[2026-07-14 16:27:31] INFO: [POLLING] 종료 | 큐: 0건 | 번들맵: 4개
[2026-07-14 16:27:41] INFO: [POLLING] 시작 | 큐: 0건 | 처리중: 4건 | 번들: ID:55698(1건), ID:55700(1건), ID:55701(1건), ID:55704(1건)
[2026-07-14 16:27:41] INFO: [POLLING] 종료 | 큐: 0건 | 번들맵: 4개
[2026-07-14 16:27:51] INFO: [POLLING] 시작 | 큐: 0건 | 처리중: 4건 | 번들: ID:55698(1건), ID:55700(1건), ID:55701(1건), ID:55704(1건)
[2026-07-14 16:27:51] INFO: [POLLING] 종료 | 큐: 0건 | 번들맵: 4개
[2026-07-14 16:28:01] INFO: [POLLING] 시작 | 큐: 0건 | 처리중: 4건 | 번들: ID:55698(1건), ID:55700(1건), ID:55701(1건), ID:55704(1건)
[2026-07-14 16:28:01] INFO: [POLLING] 종료 | 큐: 0건 | 번들맵: 4개
[2026-07-14 16:28:08] INFO: [REQ] contents=check-event | id=undefined
[2026-07-14 16:28:11] INFO: [POLLING] 시작 | 큐: 0건 | 처리중: 4건 | 번들: ID:55698(1건), ID:55700(1건), ID:55701(1건), ID:55704(1건)
[2026-07-14 16:28:11] INFO: [POLLING] 종료 | 큐: 0건 | 번들맵: 4개
[2026-07-14 16:28:21] INFO: [POLLING] 시작 | 큐: 0건 | 처리중: 4건 | 번들: ID:55698(1건), ID:55700(1건), ID:55701(1건), ID:55704(1건)
[2026-07-14 16:28:21] INFO: [POLLING] 종료 | 큐: 0건 | 번들맵: 4개
[2026-07-14 16:28:31] INFO: [POLLING] 시작 | 큐: 0건 | 처리중: 4건 | 번들: ID:55698(1건), ID:55700(1건), ID:55701(1건), ID:55704(1건)
[2026-07-14 16:28:31] INFO: [POLLING] 종료 | 큐: 0건 | 번들맵: 4개
[2026-07-14 16:28:41] INFO: [POLLING] 시작 | 큐: 0건 | 처리중: 4건 | 번들: ID:55698(1건), ID:55700(1건), ID:55701(1건), ID:55704(1건)
[2026-07-14 16:28:41] INFO: [POLLING] 종료 | 큐: 0건 | 번들맵: 4개
[2026-07-14 16:28:51] INFO: [POLLING] 시작 | 큐: 0건 | 처리중: 4건 | 번들: ID:55698(1건), ID:55700(1건), ID:55701(1건), ID:55704(1건)
[2026-07-14 16:28:51] INFO: [POLLING] 종료 | 큐: 0건 | 번들맵: 4개
[2026-07-14 16:29:01] INFO: [POLLING] 시작 | 큐: 0건 | 처리중: 4건 | 번들: ID:55698(1건), ID:55700(1건), ID:55701(1건), ID:55704(1건)
[2026-07-14 16:29:01] INFO: [POLLING] 종료 | 큐: 0건 | 번들맵: 4개
[2026-07-14 16:29:01] INFO: [REQ] contents=check-event | id=undefined
[2026-07-14 16:29:11] INFO: [POLLING] 시작 | 큐: 0건 | 처리중: 4건 | 번들: ID:55698(1건), ID:55700(1건), ID:55701(1건), ID:55704(1건)
[2026-07-14 16:29:11] INFO: [POLLING] 종료 | 큐: 0건 | 번들맵: 4개
[2026-07-14 16:29:21] INFO: [POLLING] 시작 | 큐: 0건 | 처리중: 4건 | 번들: ID:55698(1건), ID:55700(1건), ID:55701(1건), ID:55704(1건)
[2026-07-14 16:29:21] INFO: [POLLING] 종료 | 큐: 0건 | 번들맵: 4개
[2026-07-14 16:29:31] INFO: [POLLING] 시작 | 큐: 0건 | 처리중: 4건 | 번들: ID:55698(1건), ID:55700(1건), ID:55701(1건), ID:55704(1건)
[2026-07-14 16:29:31] INFO: [POLLING] 종료 | 큐: 0건 | 번들맵: 4개
[2026-07-14 16:29:38] INFO: [REQ] contents=check-event | id=undefined
[2026-07-14 16:29:41] INFO: [POLLING] 시작 | 큐: 0건 | 처리중: 4건 | 번들: ID:55698(1건), ID:55700(1건), ID:55701(1건), ID:55704(1건)
[2026-07-14 16:29:41] INFO: [POLLING] 종료 | 큐: 0건 | 번들맵: 4개
[2026-07-14 16:29:51] INFO: [POLLING] 시작 | 큐: 0건 | 처리중: 4건 | 번들: ID:55698(1건), ID:55700(1건), ID:55701(1건), ID:55704(1건)
[2026-07-14 16:29:51] INFO: [POLLING] 종료 | 큐: 0건 | 번들맵: 4개
[2026-07-14 16:30:01] INFO: [POLLING] 시작 | 큐: 0건 | 처리중: 4건 | 번들: ID:55698(1건), ID:55700(1건), ID:55701(1건), ID:55704(1건)
[2026-07-14 16:30:01] INFO: [POLLING] 종료 | 큐: 0건 | 번들맵: 4개
[2026-07-14 16:30:11] INFO: [POLLING] 시작 | 큐: 0건 | 처리중: 4건 | 번들: ID:55698(1건), ID:55700(1건), ID:55701(1건), ID:55704(1건)
[2026-07-14 16:30:11] INFO: [POLLING] 종료 | 큐: 0건 | 번들맵: 4개
[2026-07-14 16:30:21] INFO: [POLLING] 시작 | 큐: 0건 | 처리중: 4건 | 번들: ID:55698(1건), ID:55700(1건), ID:55701(1건), ID:55704(1건)
[2026-07-14 16:30:21] INFO: [POLLING] 종료 | 큐: 0건 | 번들맵: 4개
[2026-07-14 16:30:31] INFO: [POLLING] 시작 | 큐: 0건 | 처리중: 4건 | 번들: ID:55698(1건), ID:55700(1건), ID:55701(1건), ID:55704(1건)
[2026-07-14 16:30:31] INFO: [POLLING] 종료 | 큐: 0건 | 번들맵: 4개
[2026-07-14 16:30:31] INFO: [REQ] contents=check-event | id=undefined
[2026-07-14 16:30:41] INFO: [POLLING] 시작 | 큐: 0건 | 처리중: 4건 | 번들: ID:55698(1건), ID:55700(1건), ID:55701(1건), ID:55704(1건)
[2026-07-14 16:30:41] INFO: [POLLING] 종료 | 큐: 0건 | 번들맵: 4개
[2026-07-14 16:30:51] INFO: [POLLING] 시작 | 큐: 0건 | 처리중: 4건 | 번들: ID:55698(1건), ID:55700(1건), ID:55701(1건), ID:55704(1건)
[2026-07-14 16:30:51] INFO: [POLLING] 종료 | 큐: 0건 | 번들맵: 4개
[2026-07-14 16:31:01] INFO: [POLLING] 시작 | 큐: 0건 | 처리중: 4건 | 번들: ID:55698(1건), ID:55700(1건), ID:55701(1건), ID:55704(1건)
[2026-07-14 16:31:01] INFO: [POLLING] 종료 | 큐: 0건 | 번들맵: 4개
[2026-07-14 16:31:11] INFO: [POLLING] 시작 | 큐: 0건 | 처리중: 4건 | 번들: ID:55698(1건), ID:55700(1건), ID:55701(1건), ID:55704(1건)
[2026-07-14 16:31:11] INFO: [POLLING] 종료 | 큐: 0건 | 번들맵: 4개
[2026-07-14 16:31:21] INFO: [POLLING] 시작 | 큐: 0건 | 처리중: 4건 | 번들: ID:55698(1건), ID:55700(1건), ID:55701(1건), ID:55704(1건)
[2026-07-14 16:31:21] INFO: [POLLING] 종료 | 큐: 0건 | 번들맵: 4개
[2026-07-14 16:31:28] INFO: [REQ] contents=check-event | id=undefined
[2026-07-14 16:31:31] INFO: [POLLING] 시작 | 큐: 0건 | 처리중: 4건 | 번들: ID:55698(1건), ID:55700(1건), ID:55701(1건), ID:55704(1건)
[2026-07-14 16:31:31] INFO: [POLLING] 종료 | 큐: 0건 | 번들맵: 4개
[2026-07-14 16:31:41] INFO: [POLLING] 시작 | 큐: 0건 | 처리중: 4건 | 번들: ID:55698(1건), ID:55700(1건), ID:55701(1건), ID:55704(1건)
[2026-07-14 16:31:41] INFO: [POLLING] 종료 | 큐: 0건 | 번들맵: 4개
[2026-07-14 16:31:51] INFO: [POLLING] 시작 | 큐: 0건 | 처리중: 4건 | 번들: ID:55698(1건), ID:55700(1건), ID:55701(1건), ID:55704(1건)
[2026-07-14 16:31:51] INFO: [POLLING] 종료 | 큐: 0건 | 번들맵: 4개
[2026-07-14 16:32:01] INFO: [POLLING] 시작 | 큐: 0건 | 처리중: 4건 | 번들: ID:55698(1건), ID:55700(1건), ID:55701(1건), ID:55704(1건)
[2026-07-14 16:32:02] INFO: [POLLING] 종료 | 큐: 0건 | 번들맵: 4개
[2026-07-14 16:32:11] INFO: [POLLING] 시작 | 큐: 0건 | 처리중: 4건 | 번들: ID:55698(1건), ID:55700(1건), ID:55701(1건), ID:55704(1건)
[2026-07-14 16:32:12] INFO: [POLLING] 종료 | 큐: 0건 | 번들맵: 4개
[2026-07-14 16:32:21] INFO: [POLLING] 시작 | 큐: 0건 | 처리중: 4건 | 번들: ID:55698(1건), ID:55700(1건), ID:55701(1건), ID:55704(1건)
[2026-07-14 16:32:22] INFO: [POLLING] 종료 | 큐: 0건 | 번들맵: 4개
[2026-07-14 16:32:22] INFO: [REQ] contents=check-event | id=undefined
[2026-07-14 16:32:31] INFO: [POLLING] 시작 | 큐: 0건 | 처리중: 4건 | 번들: ID:55698(1건), ID:55700(1건), ID:55701(1건), ID:55704(1건)
[2026-07-14 16:32:32] INFO: [POLLING] 종료 | 큐: 0건 | 번들맵: 4개
[2026-07-14 16:32:41] INFO: [POLLING] 시작 | 큐: 0건 | 처리중: 4건 | 번들: ID:55698(1건), ID:55700(1건), ID:55701(1건), ID:55704(1건)
[2026-07-14 16:32:42] INFO: [POLLING] 종료 | 큐: 0건 | 번들맵: 4개
[2026-07-14 16:32:51] INFO: [POLLING] 시작 | 큐: 0건 | 처리중: 4건 | 번들: ID:55698(1건), ID:55700(1건), ID:55701(1건), ID:55704(1건)
[2026-07-14 16:32:52] INFO: [POLLING] 종료 | 큐: 0건 | 번들맵: 4개
[2026-07-14 16:33:01] INFO: [POLLING] 시작 | 큐: 0건 | 처리중: 4건 | 번들: ID:55698(1건), ID:55700(1건), ID:55701(1건), ID:55704(1건)
[2026-07-14 16:33:02] INFO: [POLLING] 종료 | 큐: 0건 | 번들맵: 4개
[2026-07-14 16:33:08] INFO: [REQ] contents=check-event | id=undefined
[2026-07-14 16:33:12] INFO: [POLLING] 시작 | 큐: 0건 | 처리중: 4건 | 번들: ID:55698(1건), ID:55700(1건), ID:55701(1건), ID:55704(1건)
[2026-07-14 16:33:12] INFO: [POLLING] 종료 | 큐: 0건 | 번들맵: 4개
[2026-07-14 16:33:22] INFO: [POLLING] 시작 | 큐: 0건 | 처리중: 4건 | 번들: ID:55698(1건), ID:55700(1건), ID:55701(1건), ID:55704(1건)
[2026-07-14 16:33:22] INFO: [POLLING] 종료 | 큐: 0건 | 번들맵: 4개
[2026-07-14 16:33:32] INFO: [POLLING] 시작 | 큐: 0건 | 처리중: 4건 | 번들: ID:55698(1건), ID:55700(1건), ID:55701(1건), ID:55704(1건)
[2026-07-14 16:33:32] INFO: [POLLING] 종료 | 큐: 0건 | 번들맵: 4개
[2026-07-14 16:33:42] INFO: [POLLING] 시작 | 큐: 0건 | 처리중: 4건 | 번들: ID:55698(1건), ID:55700(1건), ID:55701(1건), ID:55704(1건)
[2026-07-14 16:33:42] INFO: [POLLING] 종료 | 큐: 0건 | 번들맵: 4개
[2026-07-14 16:33:52] INFO: [POLLING] 시작 | 큐: 0건 | 처리중: 4건 | 번들: ID:55698(1건), ID:55700(1건), ID:55701(1건), ID:55704(1건)
[2026-07-14 16:33:52] INFO: [POLLING] 종료 | 큐: 0건 | 번들맵: 4개
[2026-07-14 16:34:02] INFO: [POLLING] 시작 | 큐: 0건 | 처리중: 4건 | 번들: ID:55698(1건), ID:55700(1건), ID:55701(1건), ID:55704(1건)
[2026-07-14 16:34:02] INFO: [POLLING] 종료 | 큐: 0건 | 번들맵: 4개
[2026-07-14 16:34:02] INFO: [REQ] contents=check-event | id=undefined
[2026-07-14 16:34:12] INFO: [POLLING] 시작 | 큐: 0건 | 처리중: 4건 | 번들: ID:55698(1건), ID:55700(1건), ID:55701(1건), ID:55704(1건)
[2026-07-14 16:34:12] INFO: [POLLING] 종료 | 큐: 0건 | 번들맵: 4개
[2026-07-14 16:34:22] INFO: [POLLING] 시작 | 큐: 0건 | 처리중: 4건 | 번들: ID:55698(1건), ID:55700(1건), ID:55701(1건), ID:55704(1건)
[2026-07-14 16:34:22] INFO: [POLLING] 종료 | 큐: 0건 | 번들맵: 4개
[2026-07-14 16:34:32] INFO: [POLLING] 시작 | 큐: 0건 | 처리중: 4건 | 번들: ID:55698(1건), ID:55700(1건), ID:55701(1건), ID:55704(1건)
[2026-07-14 16:34:32] INFO: [POLLING] 종료 | 큐: 0건 | 번들맵: 4개
[2026-07-14 16:34:38] INFO: [REQ] contents=check-event | id=undefined
[2026-07-14 16:34:42] INFO: [POLLING] 시작 | 큐: 0건 | 처리중: 4건 | 번들: ID:55698(1건), ID:55700(1건), ID:55701(1건), ID:55704(1건)
[2026-07-14 16:34:42] INFO: [POLLING] 종료 | 큐: 0건 | 번들맵: 4개
[2026-07-14 16:34:52] INFO: [POLLING] 시작 | 큐: 0건 | 처리중: 4건 | 번들: ID:55698(1건), ID:55700(1건), ID:55701(1건), ID:55704(1건)
[2026-07-14 16:34:52] INFO: [POLLING] 종료 | 큐: 0건 | 번들맵: 4개
[2026-07-14 16:35:02] INFO: [POLLING] 시작 | 큐: 0건 | 처리중: 4건 | 번들: ID:55698(1건), ID:55700(1건), ID:55701(1건), ID:55704(1건)
[2026-07-14 16:35:02] INFO: [POLLING] 종료 | 큐: 0건 | 번들맵: 4개
[2026-07-14 16:35:12] INFO: [POLLING] 시작 | 큐: 0건 | 처리중: 4건 | 번들: ID:55698(1건), ID:55700(1건), ID:55701(1건), ID:55704(1건)
[2026-07-14 16:35:12] INFO: [POLLING] 종료 | 큐: 0건 | 번들맵: 4개
[2026-07-14 16:35:22] INFO: [POLLING] 시작 | 큐: 0건 | 처리중: 4건 | 번들: ID:55698(1건), ID:55700(1건), ID:55701(1건), ID:55704(1건)
[2026-07-14 16:35:22] INFO: [POLLING] 종료 | 큐: 0건 | 번들맵: 4개
[2026-07-14 16:35:32] INFO: [POLLING] 시작 | 큐: 0건 | 처리중: 4건 | 번들: ID:55698(1건), ID:55700(1건), ID:55701(1건), ID:55704(1건)
[2026-07-14 16:35:32] INFO: [POLLING] 종료 | 큐: 0건 | 번들맵: 4개
[2026-07-14 16:35:32] INFO: [REQ] contents=check-event | id=undefined
[2026-07-14 16:35:42] INFO: [POLLING] 시작 | 큐: 0건 | 처리중: 4건 | 번들: ID:55698(1건), ID:55700(1건), ID:55701(1건), ID:55704(1건)
[2026-07-14 16:35:42] INFO: [POLLING] 종료 | 큐: 0건 | 번들맵: 4개
[2026-07-14 16:35:52] INFO: [POLLING] 시작 | 큐: 0건 | 처리중: 4건 | 번들: ID:55698(1건), ID:55700(1건), ID:55701(1건), ID:55704(1건)
[2026-07-14 16:35:52] INFO: [POLLING] 종료 | 큐: 0건 | 번들맵: 4개
[2026-07-14 16:36:02] INFO: [POLLING] 시작 | 큐: 0건 | 처리중: 4건 | 번들: ID:55698(1건), ID:55700(1건), ID:55701(1건), ID:55704(1건)
[2026-07-14 16:36:02] INFO: [POLLING] 종료 | 큐: 0건 | 번들맵: 4개
[2026-07-14 16:36:12] INFO: [POLLING] 시작 | 큐: 0건 | 처리중: 4건 | 번들: ID:55698(1건), ID:55700(1건), ID:55701(1건), ID:55704(1건)
[2026-07-14 16:36:12] INFO: [POLLING] 종료 | 큐: 0건 | 번들맵: 4개
[2026-07-14 16:36:22] INFO: [POLLING] 시작 | 큐: 0건 | 처리중: 4건 | 번들: ID:55698(1건), ID:55700(1건), ID:55701(1건), ID:55704(1건)
[2026-07-14 16:36:22] INFO: [POLLING] 종료 | 큐: 0건 | 번들맵: 4개
[2026-07-14 16:36:28] INFO: [REQ] contents=check-event | id=undefined
[2026-07-14 16:36:32] INFO: [POLLING] 시작 | 큐: 0건 | 처리중: 4건 | 번들: ID:55698(1건), ID:55700(1건), ID:55701(1건), ID:55704(1건)
[2026-07-14 16:36:32] INFO: [POLLING] 종료 | 큐: 0건 | 번들맵: 4개
[2026-07-14 16:36:42] INFO: [POLLING] 시작 | 큐: 0건 | 처리중: 4건 | 번들: ID:55698(1건), ID:55700(1건), ID:55701(1건), ID:55704(1건)
[2026-07-14 16:36:42] INFO: [POLLING] 종료 | 큐: 0건 | 번들맵: 4개
[2026-07-14 16:36:52] INFO: [POLLING] 시작 | 큐: 0건 | 처리중: 4건 | 번들: ID:55698(1건), ID:55700(1건), ID:55701(1건), ID:55704(1건)
[2026-07-14 16:36:52] INFO: [POLLING] 종료 | 큐: 0건 | 번들맵: 4개
[2026-07-14 16:37:02] INFO: [POLLING] 시작 | 큐: 0건 | 처리중: 4건 | 번들: ID:55698(1건), ID:55700(1건), ID:55701(1건), ID:55704(1건)
[2026-07-14 16:37:02] INFO: [POLLING] 종료 | 큐: 0건 | 번들맵: 4개
[2026-07-14 16:37:12] INFO: [POLLING] 시작 | 큐: 0건 | 처리중: 4건 | 번들: ID:55698(1건), ID:55700(1건), ID:55701(1건), ID:55704(1건)
[2026-07-14 16:37:12] INFO: [POLLING] 종료 | 큐: 0건 | 번들맵: 4개
[2026-07-14 16:37:22] INFO: [POLLING] 시작 | 큐: 0건 | 처리중: 4건 | 번들: ID:55698(1건), ID:55700(1건), ID:55701(1건), ID:55704(1건)
[2026-07-14 16:37:22] INFO: [POLLING] 종료 | 큐: 0건 | 번들맵: 4개
[2026-07-14 16:37:22] INFO: [REQ] contents=check-event | id=undefined
[2026-07-14 16:37:32] INFO: [POLLING] 시작 | 큐: 0건 | 처리중: 4건 | 번들: ID:55698(1건), ID:55700(1건), ID:55701(1건), ID:55704(1건)
[2026-07-14 16:37:32] INFO: [POLLING] 종료 | 큐: 0건 | 번들맵: 4개
[2026-07-14 16:37:42] INFO: [POLLING] 시작 | 큐: 0건 | 처리중: 4건 | 번들: ID:55698(1건), ID:55700(1건), ID:55701(1건), ID:55704(1건)
[2026-07-14 16:37:42] INFO: [POLLING] 종료 | 큐: 0건 | 번들맵: 4개
[2026-07-14 16:37:52] INFO: [POLLING] 시작 | 큐: 0건 | 처리중: 4건 | 번들: ID:55698(1건), ID:55700(1건), ID:55701(1건), ID:55704(1건)
[2026-07-14 16:37:52] INFO: [POLLING] 종료 | 큐: 0건 | 번들맵: 4개
[2026-07-14 16:38:02] INFO: [POLLING] 시작 | 큐: 0건 | 처리중: 4건 | 번들: ID:55698(1건), ID:55700(1건), ID:55701(1건), ID:55704(1건)
[2026-07-14 16:38:02] INFO: [POLLING] 종료 | 큐: 0건 | 번들맵: 4개
[2026-07-14 16:38:09] INFO: [REQ] contents=check-event | id=undefined
[2026-07-14 16:38:12] INFO: [POLLING] 시작 | 큐: 0건 | 처리중: 4건 | 번들: ID:55698(1건), ID:55700(1건), ID:55701(1건), ID:55704(1건)
[2026-07-14 16:38:12] INFO: [POLLING] 종료 | 큐: 0건 | 번들맵: 4개
[2026-07-14 16:38:22] INFO: [POLLING] 시작 | 큐: 0건 | 처리중: 4건 | 번들: ID:55698(1건), ID:55700(1건), ID:55701(1건), ID:55704(1건)
[2026-07-14 16:38:22] INFO: [POLLING] 종료 | 큐: 0건 | 번들맵: 4개
[2026-07-14 16:38:32] INFO: [POLLING] 시작 | 큐: 0건 | 처리중: 4건 | 번들: ID:55698(1건), ID:55700(1건), ID:55701(1건), ID:55704(1건)
[2026-07-14 16:38:32] INFO: [POLLING] 종료 | 큐: 0건 | 번들맵: 4개
[2026-07-14 16:38:42] INFO: [POLLING] 시작 | 큐: 0건 | 처리중: 4건 | 번들: ID:55698(1건), ID:55700(1건), ID:55701(1건), ID:55704(1건)
[2026-07-14 16:38:42] INFO: [POLLING] 종료 | 큐: 0건 | 번들맵: 4개
[2026-07-14 16:38:52] INFO: [POLLING] 시작 | 큐: 0건 | 처리중: 4건 | 번들: ID:55698(1건), ID:55700(1건), ID:55701(1건), ID:55704(1건)
[2026-07-14 16:38:52] INFO: [POLLING] 종료 | 큐: 0건 | 번들맵: 4개
[2026-07-14 16:39:02] INFO: [POLLING] 시작 | 큐: 0건 | 처리중: 4건 | 번들: ID:55698(1건), ID:55700(1건), ID:55701(1건), ID:55704(1건)
[2026-07-14 16:39:02] INFO: [POLLING] 종료 | 큐: 0건 | 번들맵: 4개
[2026-07-14 16:39:02] INFO: [REQ] contents=check-event | id=undefined
[2026-07-14 16:39:12] INFO: [POLLING] 시작 | 큐: 0건 | 처리중: 4건 | 번들: ID:55698(1건), ID:55700(1건), ID:55701(1건), ID:55704(1건)
[2026-07-14 16:39:12] INFO: [POLLING] 종료 | 큐: 0건 | 번들맵: 4개
[2026-07-14 16:39:22] INFO: [POLLING] 시작 | 큐: 0건 | 처리중: 4건 | 번들: ID:55698(1건), ID:55700(1건), ID:55701(1건), ID:55704(1건)
[2026-07-14 16:39:22] INFO: [POLLING] 종료 | 큐: 0건 | 번들맵: 4개
[2026-07-14 16:39:32] INFO: [POLLING] 시작 | 큐: 0건 | 처리중: 4건 | 번들: ID:55698(1건), ID:55700(1건), ID:55701(1건), ID:55704(1건)
[2026-07-14 16:39:32] INFO: [POLLING] 종료 | 큐: 0건 | 번들맵: 4개
[2026-07-14 16:39:39] INFO: [REQ] contents=check-event | id=undefined
[2026-07-14 16:39:42] INFO: [POLLING] 시작 | 큐: 0건 | 처리중: 4건 | 번들: ID:55698(1건), ID:55700(1건), ID:55701(1건), ID:55704(1건)
[2026-07-14 16:39:42] INFO: [POLLING] 종료 | 큐: 0건 | 번들맵: 4개
[2026-07-14 16:39:52] INFO: [POLLING] 시작 | 큐: 0건 | 처리중: 4건 | 번들: ID:55698(1건), ID:55700(1건), ID:55701(1건), ID:55704(1건)
[2026-07-14 16:39:52] INFO: [POLLING] 종료 | 큐: 0건 | 번들맵: 4개
[2026-07-14 16:40:02] INFO: [POLLING] 시작 | 큐: 0건 | 처리중: 4건 | 번들: ID:55698(1건), ID:55700(1건), ID:55701(1건), ID:55704(1건)
[2026-07-14 16:40:02] INFO: [POLLING] 종료 | 큐: 0건 | 번들맵: 4개
[2026-07-14 16:40:12] INFO: [POLLING] 시작 | 큐: 0건 | 처리중: 4건 | 번들: ID:55698(1건), ID:55700(1건), ID:55701(1건), ID:55704(1건)
[2026-07-14 16:40:12] INFO: [POLLING] 종료 | 큐: 0건 | 번들맵: 4개
[2026-07-14 16:40:22] INFO: [POLLING] 시작 | 큐: 0건 | 처리중: 4건 | 번들: ID:55698(1건), ID:55700(1건), ID:55701(1건), ID:55704(1건)
[2026-07-14 16:40:22] INFO: [POLLING] 종료 | 큐: 0건 | 번들맵: 4개
[2026-07-14 16:40:32] INFO: [POLLING] 시작 | 큐: 0건 | 처리중: 4건 | 번들: ID:55698(1건), ID:55700(1건), ID:55701(1건), ID:55704(1건)
[2026-07-14 16:40:32] INFO: [POLLING] 종료 | 큐: 0건 | 번들맵: 4개
[2026-07-14 16:40:32] INFO: [REQ] contents=check-event | id=undefined
[2026-07-14 16:40:42] INFO: [POLLING] 시작 | 큐: 0건 | 처리중: 4건 | 번들: ID:55698(1건), ID:55700(1건), ID:55701(1건), ID:55704(1건)
[2026-07-14 16:40:42] INFO: [POLLING] 종료 | 큐: 0건 | 번들맵: 4개
[2026-07-14 16:40:52] INFO: [POLLING] 시작 | 큐: 0건 | 처리중: 4건 | 번들: ID:55698(1건), ID:55700(1건), ID:55701(1건), ID:55704(1건)
[2026-07-14 16:40:52] INFO: [POLLING] 종료 | 큐: 0건 | 번들맵: 4개
[2026-07-14 16:41:02] INFO: [POLLING] 시작 | 큐: 0건 | 처리중: 4건 | 번들: ID:55698(1건), ID:55700(1건), ID:55701(1건), ID:55704(1건)
[2026-07-14 16:41:02] INFO: [POLLING] 종료 | 큐: 0건 | 번들맵: 4개
[2026-07-14 16:41:12] INFO: [POLLING] 시작 | 큐: 0건 | 처리중: 4건 | 번들: ID:55698(1건), ID:55700(1건), ID:55701(1건), ID:55704(1건)
[2026-07-14 16:41:12] INFO: [POLLING] 종료 | 큐: 0건 | 번들맵: 4개
[2026-07-14 16:41:22] INFO: [POLLING] 시작 | 큐: 0건 | 처리중: 4건 | 번들: ID:55698(1건), ID:55700(1건), ID:55701(1건), ID:55704(1건)
[2026-07-14 16:41:22] INFO: [POLLING] 종료 | 큐: 0건 | 번들맵: 4개
[2026-07-14 16:41:29] INFO: [REQ] contents=check-event | id=undefined
[2026-07-14 16:41:32] INFO: [POLLING] 시작 | 큐: 0건 | 처리중: 4건 | 번들: ID:55698(1건), ID:55700(1건), ID:55701(1건), ID:55704(1건)
[2026-07-14 16:41:32] INFO: [POLLING] 종료 | 큐: 0건 | 번들맵: 4개
[2026-07-14 16:41:42] INFO: [POLLING] 시작 | 큐: 0건 | 처리중: 4건 | 번들: ID:55698(1건), ID:55700(1건), ID:55701(1건), ID:55704(1건)
[2026-07-14 16:41:42] INFO: [POLLING] 종료 | 큐: 0건 | 번들맵: 4개
[2026-07-14 16:41:52] INFO: [POLLING] 시작 | 큐: 0건 | 처리중: 4건 | 번들: ID:55698(1건), ID:55700(1건), ID:55701(1건), ID:55704(1건)
[2026-07-14 16:41:52] INFO: [POLLING] 종료 | 큐: 0건 | 번들맵: 4개
[2026-07-14 16:42:02] INFO: [POLLING] 시작 | 큐: 0건 | 처리중: 4건 | 번들: ID:55698(1건), ID:55700(1건), ID:55701(1건), ID:55704(1건)
[2026-07-14 16:42:02] INFO: [POLLING] 종료 | 큐: 0건 | 번들맵: 4개
[2026-07-14 16:42:12] INFO: [POLLING] 시작 | 큐: 0건 | 처리중: 4건 | 번들: ID:55698(1건), ID:55700(1건), ID:55701(1건), ID:55704(1건)
[2026-07-14 16:42:12] INFO: [POLLING] 종료 | 큐: 0건 | 번들맵: 4개
[2026-07-14 16:42:22] INFO: [POLLING] 시작 | 큐: 0건 | 처리중: 4건 | 번들: ID:55698(1건), ID:55700(1건), ID:55701(1건), ID:55704(1건)
[2026-07-14 16:42:22] INFO: [POLLING] 종료 | 큐: 0건 | 번들맵: 4개
[2026-07-14 16:42:23] INFO: [REQ] contents=check-event | id=undefined
[2026-07-14 16:42:32] INFO: [POLLING] 시작 | 큐: 0건 | 처리중: 4건 | 번들: ID:55698(1건), ID:55700(1건), ID:55701(1건), ID:55704(1건)
[2026-07-14 16:42:32] INFO: [POLLING] 종료 | 큐: 0건 | 번들맵: 4개
[2026-07-14 16:42:42] INFO: [POLLING] 시작 | 큐: 0건 | 처리중: 4건 | 번들: ID:55698(1건), ID:55700(1건), ID:55701(1건), ID:55704(1건)
[2026-07-14 16:42:42] INFO: [POLLING] 종료 | 큐: 0건 | 번들맵: 4개
[2026-07-14 16:42:52] INFO: [POLLING] 시작 | 큐: 0건 | 처리중: 4건 | 번들: ID:55698(1건), ID:55700(1건), ID:55701(1건), ID:55704(1건)
[2026-07-14 16:42:52] INFO: [POLLING] 종료 | 큐: 0건 | 번들맵: 4개
[2026-07-14 16:43:02] INFO: [POLLING] 시작 | 큐: 0건 | 처리중: 4건 | 번들: ID:55698(1건), ID:55700(1건), ID:55701(1건), ID:55704(1건)
[2026-07-14 16:43:02] INFO: [POLLING] 종료 | 큐: 0건 | 번들맵: 4개
[2026-07-14 16:43:09] INFO: [REQ] contents=check-event | id=undefined
[2026-07-14 16:43:12] INFO: [POLLING] 시작 | 큐: 0건 | 처리중: 4건 | 번들: ID:55698(1건), ID:55700(1건), ID:55701(1건), ID:55704(1건)
[2026-07-14 16:43:12] INFO: [POLLING] 종료 | 큐: 0건 | 번들맵: 4개
[2026-07-14 16:43:22] INFO: [POLLING] 시작 | 큐: 0건 | 처리중: 4건 | 번들: ID:55698(1건), ID:55700(1건), ID:55701(1건), ID:55704(1건)
[2026-07-14 16:43:22] INFO: [POLLING] 종료 | 큐: 0건 | 번들맵: 4개
[2026-07-14 16:43:32] INFO: [POLLING] 시작 | 큐: 0건 | 처리중: 4건 | 번들: ID:55698(1건), ID:55700(1건), ID:55701(1건), ID:55704(1건)
[2026-07-14 16:43:32] INFO: [POLLING] 종료 | 큐: 0건 | 번들맵: 4개
[2026-07-14 16:43:42] INFO: [POLLING] 시작 | 큐: 0건 | 처리중: 4건 | 번들: ID:55698(1건), ID:55700(1건), ID:55701(1건), ID:55704(1건)
[2026-07-14 16:43:42] INFO: [POLLING] 종료 | 큐: 0건 | 번들맵: 4개
[2026-07-14 16:43:52] INFO: [POLLING] 시작 | 큐: 0건 | 처리중: 4건 | 번들: ID:55698(1건), ID:55700(1건), ID:55701(1건), ID:55704(1건)
[2026-07-14 16:43:52] INFO: [POLLING] 종료 | 큐: 0건 | 번들맵: 4개
[2026-07-14 16:44:02] INFO: [POLLING] 시작 | 큐: 0건 | 처리중: 4건 | 번들: ID:55698(1건), ID:55700(1건), ID:55701(1건), ID:55704(1건)
[2026-07-14 16:44:02] INFO: [POLLING] 종료 | 큐: 0건 | 번들맵: 4개
[2026-07-14 16:44:03] INFO: [REQ] contents=check-event | id=undefined
[2026-07-14 16:44:12] INFO: [POLLING] 시작 | 큐: 0건 | 처리중: 4건 | 번들: ID:55698(1건), ID:55700(1건), ID:55701(1건), ID:55704(1건)
[2026-07-14 16:44:12] INFO: [POLLING] 종료 | 큐: 0건 | 번들맵: 4개
[2026-07-14 16:44:22] INFO: [POLLING] 시작 | 큐: 0건 | 처리중: 4건 | 번들: ID:55698(1건), ID:55700(1건), ID:55701(1건), ID:55704(1건)
[2026-07-14 16:44:22] INFO: [POLLING] 종료 | 큐: 0건 | 번들맵: 4개
[2026-07-14 16:44:32] INFO: [POLLING] 시작 | 큐: 0건 | 처리중: 4건 | 번들: ID:55698(1건), ID:55700(1건), ID:55701(1건), ID:55704(1건)
[2026-07-14 16:44:32] INFO: [POLLING] 종료 | 큐: 0건 | 번들맵: 4개
[2026-07-14 16:44:39] INFO: [REQ] contents=check-event | id=undefined
[2026-07-14 16:44:42] INFO: [POLLING] 시작 | 큐: 0건 | 처리중: 4건 | 번들: ID:55698(1건), ID:55700(1건), ID:55701(1건), ID:55704(1건)
[2026-07-14 16:44:42] INFO: [POLLING] 종료 | 큐: 0건 | 번들맵: 4개
[2026-07-14 16:44:52] INFO: [POLLING] 시작 | 큐: 0건 | 처리중: 4건 | 번들: ID:55698(1건), ID:55700(1건), ID:55701(1건), ID:55704(1건)
[2026-07-14 16:44:52] INFO: [POLLING] 종료 | 큐: 0건 | 번들맵: 4개
[2026-07-14 16:45:02] INFO: [POLLING] 시작 | 큐: 0건 | 처리중: 4건 | 번들: ID:55698(1건), ID:55700(1건), ID:55701(1건), ID:55704(1건)
[2026-07-14 16:45:02] INFO: [POLLING] 종료 | 큐: 0건 | 번들맵: 4개
[2026-07-14 16:45:12] INFO: [POLLING] 시작 | 큐: 0건 | 처리중: 4건 | 번들: ID:55698(1건), ID:55700(1건), ID:55701(1건), ID:55704(1건)
[2026-07-14 16:45:12] INFO: [POLLING] 종료 | 큐: 0건 | 번들맵: 4개
[2026-07-14 16:45:22] INFO: [POLLING] 시작 | 큐: 0건 | 처리중: 4건 | 번들: ID:55698(1건), ID:55700(1건), ID:55701(1건), ID:55704(1건)
[2026-07-14 16:45:22] INFO: [POLLING] 종료 | 큐: 0건 | 번들맵: 4개
[2026-07-14 16:45:32] INFO: [POLLING] 시작 | 큐: 0건 | 처리중: 4건 | 번들: ID:55698(1건), ID:55700(1건), ID:55701(1건), ID:55704(1건)
[2026-07-14 16:45:32] INFO: [POLLING] 종료 | 큐: 0건 | 번들맵: 4개
[2026-07-14 16:45:33] INFO: [REQ] contents=check-event | id=undefined
[2026-07-14 16:45:42] INFO: [POLLING] 시작 | 큐: 0건 | 처리중: 4건 | 번들: ID:55698(1건), ID:55700(1건), ID:55701(1건), ID:55704(1건)
[2026-07-14 16:45:42] INFO: [POLLING] 종료 | 큐: 0건 | 번들맵: 4개
[2026-07-14 16:45:52] INFO: [POLLING] 시작 | 큐: 0건 | 처리중: 4건 | 번들: ID:55698(1건), ID:55700(1건), ID:55701(1건), ID:55704(1건)
[2026-07-14 16:45:52] INFO: [POLLING] 종료 | 큐: 0건 | 번들맵: 4개
[2026-07-14 16:46:02] INFO: [POLLING] 시작 | 큐: 0건 | 처리중: 4건 | 번들: ID:55698(1건), ID:55700(1건), ID:55701(1건), ID:55704(1건)
[2026-07-14 16:46:02] INFO: [POLLING] 종료 | 큐: 0건 | 번들맵: 4개
[2026-07-14 16:46:12] INFO: [POLLING] 시작 | 큐: 0건 | 처리중: 4건 | 번들: ID:55698(1건), ID:55700(1건), ID:55701(1건), ID:55704(1건)
[2026-07-14 16:46:12] INFO: [POLLING] 종료 | 큐: 0건 | 번들맵: 4개
[2026-07-14 16:46:22] INFO: [POLLING] 시작 | 큐: 0건 | 처리중: 4건 | 번들: ID:55698(1건), ID:55700(1건), ID:55701(1건), ID:55704(1건)
[2026-07-14 16:46:22] INFO: [POLLING] 종료 | 큐: 0건 | 번들맵: 4개
[2026-07-14 16:46:29] INFO: [REQ] contents=check-event | id=undefined
[2026-07-14 16:46:32] INFO: [POLLING] 시작 | 큐: 0건 | 처리중: 4건 | 번들: ID:55698(1건), ID:55700(1건), ID:55701(1건), ID:55704(1건)
[2026-07-14 16:46:32] INFO: [POLLING] 종료 | 큐: 0건 | 번들맵: 4개
[2026-07-14 16:46:42] INFO: [POLLING] 시작 | 큐: 0건 | 처리중: 4건 | 번들: ID:55698(1건), ID:55700(1건), ID:55701(1건), ID:55704(1건)
[2026-07-14 16:46:42] INFO: [POLLING] 종료 | 큐: 0건 | 번들맵: 4개
[2026-07-14 16:46:52] INFO: [POLLING] 시작 | 큐: 0건 | 처리중: 4건 | 번들: ID:55698(1건), ID:55700(1건), ID:55701(1건), ID:55704(1건)
[2026-07-14 16:46:52] INFO: [POLLING] 종료 | 큐: 0건 | 번들맵: 4개
[2026-07-14 16:47:02] INFO: [POLLING] 시작 | 큐: 0건 | 처리중: 4건 | 번들: ID:55698(1건), ID:55700(1건), ID:55701(1건), ID:55704(1건)
[2026-07-14 16:47:02] INFO: [POLLING] 종료 | 큐: 0건 | 번들맵: 4개
[2026-07-14 16:47:12] INFO: [POLLING] 시작 | 큐: 0건 | 처리중: 4건 | 번들: ID:55698(1건), ID:55700(1건), ID:55701(1건), ID:55704(1건)
[2026-07-14 16:47:12] INFO: [POLLING] 종료 | 큐: 0건 | 번들맵: 4개
[2026-07-14 16:47:22] INFO: [POLLING] 시작 | 큐: 0건 | 처리중: 4건 | 번들: ID:55698(1건), ID:55700(1건), ID:55701(1건), ID:55704(1건)
[2026-07-14 16:47:22] INFO: [POLLING] 종료 | 큐: 0건 | 번들맵: 4개
[2026-07-14 16:47:23] INFO: [REQ] contents=check-event | id=undefined
[2026-07-14 16:47:32] INFO: [POLLING] 시작 | 큐: 0건 | 처리중: 4건 | 번들: ID:55698(1건), ID:55700(1건), ID:55701(1건), ID:55704(1건)
[2026-07-14 16:47:32] INFO: [POLLING] 종료 | 큐: 0건 | 번들맵: 4개
[2026-07-14 16:47:42] INFO: [POLLING] 시작 | 큐: 0건 | 처리중: 4건 | 번들: ID:55698(1건), ID:55700(1건), ID:55701(1건), ID:55704(1건)
[2026-07-14 16:47:42] INFO: [POLLING] 종료 | 큐: 0건 | 번들맵: 4개
[2026-07-14 16:47:52] INFO: [POLLING] 시작 | 큐: 0건 | 처리중: 4건 | 번들: ID:55698(1건), ID:55700(1건), ID:55701(1건), ID:55704(1건)
[2026-07-14 16:47:52] INFO: [POLLING] 종료 | 큐: 0건 | 번들맵: 4개
[2026-07-14 16:48:02] INFO: [POLLING] 시작 | 큐: 0건 | 처리중: 4건 | 번들: ID:55698(1건), ID:55700(1건), ID:55701(1건), ID:55704(1건)
[2026-07-14 16:48:02] INFO: [POLLING] 종료 | 큐: 0건 | 번들맵: 4개
[2026-07-14 16:48:10] INFO: [REQ] contents=check-event | id=undefined
[2026-07-14 16:48:12] INFO: [POLLING] 시작 | 큐: 0건 | 처리중: 4건 | 번들: ID:55698(1건), ID:55700(1건), ID:55701(1건), ID:55704(1건)
[2026-07-14 16:48:12] INFO: [POLLING] 종료 | 큐: 0건 | 번들맵: 4개
[2026-07-14 16:48:22] INFO: [POLLING] 시작 | 큐: 0건 | 처리중: 4건 | 번들: ID:55698(1건), ID:55700(1건), ID:55701(1건), ID:55704(1건)
[2026-07-14 16:48:23] INFO: [POLLING] 종료 | 큐: 0건 | 번들맵: 4개
[2026-07-14 16:48:32] INFO: [POLLING] 시작 | 큐: 0건 | 처리중: 4건 | 번들: ID:55698(1건), ID:55700(1건), ID:55701(1건), ID:55704(1건)
[2026-07-14 16:48:33] INFO: [POLLING] 종료 | 큐: 0건 | 번들맵: 4개
[2026-07-14 16:48:42] INFO: [POLLING] 시작 | 큐: 0건 | 처리중: 4건 | 번들: ID:55698(1건), ID:55700(1건), ID:55701(1건), ID:55704(1건)
[2026-07-14 16:48:43] INFO: [POLLING] 종료 | 큐: 0건 | 번들맵: 4개
[2026-07-14 16:48:52] INFO: [POLLING] 시작 | 큐: 0건 | 처리중: 4건 | 번들: ID:55698(1건), ID:55700(1건), ID:55701(1건), ID:55704(1건)
[2026-07-14 16:48:53] INFO: [POLLING] 종료 | 큐: 0건 | 번들맵: 4개
[2026-07-14 16:49:02] INFO: [POLLING] 시작 | 큐: 0건 | 처리중: 4건 | 번들: ID:55698(1건), ID:55700(1건), ID:55701(1건), ID:55704(1건)
[2026-07-14 16:49:03] INFO: [POLLING] 종료 | 큐: 0건 | 번들맵: 4개
[2026-07-14 16:49:03] INFO: [REQ] contents=check-event | id=undefined
[2026-07-14 16:49:12] INFO: [POLLING] 시작 | 큐: 0건 | 처리중: 4건 | 번들: ID:55698(1건), ID:55700(1건), ID:55701(1건), ID:55704(1건)
[2026-07-14 16:49:13] INFO: [POLLING] 종료 | 큐: 0건 | 번들맵: 4개
[2026-07-14 16:49:23] INFO: [POLLING] 시작 | 큐: 0건 | 처리중: 4건 | 번들: ID:55698(1건), ID:55700(1건), ID:55701(1건), ID:55704(1건)
[2026-07-14 16:49:23] INFO: [POLLING] 종료 | 큐: 0건 | 번들맵: 4개
[2026-07-14 16:49:30] INFO: [REQ] contents=check-event | id=undefined
[2026-07-14 16:49:33] INFO: [POLLING] 시작 | 큐: 0건 | 처리중: 4건 | 번들: ID:55698(1건), ID:55700(1건), ID:55701(1건), ID:55704(1건)
[2026-07-14 16:49:33] INFO: [POLLING] 종료 | 큐: 0건 | 번들맵: 4개
[2026-07-14 16:49:43] INFO: [POLLING] 시작 | 큐: 0건 | 처리중: 4건 | 번들: ID:55698(1건), ID:55700(1건), ID:55701(1건), ID:55704(1건)
[2026-07-14 16:49:43] INFO: [POLLING] 종료 | 큐: 0건 | 번들맵: 4개
[2026-07-14 16:49:53] INFO: [POLLING] 시작 | 큐: 0건 | 처리중: 4건 | 번들: ID:55698(1건), ID:55700(1건), ID:55701(1건), ID:55704(1건)
[2026-07-14 16:49:53] INFO: [POLLING] 종료 | 큐: 0건 | 번들맵: 4개
[2026-07-14 16:50:03] INFO: [POLLING] 시작 | 큐: 0건 | 처리중: 4건 | 번들: ID:55698(1건), ID:55700(1건), ID:55701(1건), ID:55704(1건)
[2026-07-14 16:50:03] INFO: [POLLING] 종료 | 큐: 0건 | 번들맵: 4개
[2026-07-14 16:50:13] INFO: [POLLING] 시작 | 큐: 0건 | 처리중: 4건 | 번들: ID:55698(1건), ID:55700(1건), ID:55701(1건), ID:55704(1건)
[2026-07-14 16:50:13] INFO: [POLLING] 종료 | 큐: 0건 | 번들맵: 4개
[2026-07-14 16:50:23] INFO: [POLLING] 시작 | 큐: 0건 | 처리중: 4건 | 번들: ID:55698(1건), ID:55700(1건), ID:55701(1건), ID:55704(1건)
[2026-07-14 16:50:23] INFO: [POLLING] 종료 | 큐: 0건 | 번들맵: 4개
[2026-07-14 16:50:33] INFO: [POLLING] 시작 | 큐: 0건 | 처리중: 4건 | 번들: ID:55698(1건), ID:55700(1건), ID:55701(1건), ID:55704(1건)
[2026-07-14 16:50:33] INFO: [POLLING] 종료 | 큐: 0건 | 번들맵: 4개
[2026-07-14 16:50:33] INFO: [REQ] contents=check-event | id=undefined
[2026-07-14 16:50:43] INFO: [POLLING] 시작 | 큐: 0건 | 처리중: 4건 | 번들: ID:55698(1건), ID:55700(1건), ID:55701(1건), ID:55704(1건)
[2026-07-14 16:50:43] INFO: [POLLING] 종료 | 큐: 0건 | 번들맵: 4개
[2026-07-14 16:50:53] INFO: [POLLING] 시작 | 큐: 0건 | 처리중: 4건 | 번들: ID:55698(1건), ID:55700(1건), ID:55701(1건), ID:55704(1건)
[2026-07-14 16:50:53] INFO: [POLLING] 종료 | 큐: 0건 | 번들맵: 4개
[2026-07-14 16:51:03] INFO: [POLLING] 시작 | 큐: 0건 | 처리중: 4건 | 번들: ID:55698(1건), ID:55700(1건), ID:55701(1건), ID:55704(1건)
[2026-07-14 16:51:03] INFO: [POLLING] 종료 | 큐: 0건 | 번들맵: 4개
[2026-07-14 16:51:13] INFO: [POLLING] 시작 | 큐: 0건 | 처리중: 4건 | 번들: ID:55698(1건), ID:55700(1건), ID:55701(1건), ID:55704(1건)
[2026-07-14 16:51:13] INFO: [POLLING] 종료 | 큐: 0건 | 번들맵: 4개
[2026-07-14 16:51:20] INFO: [REQ] contents=check-event | id=undefined
[2026-07-14 16:51:23] INFO: [POLLING] 시작 | 큐: 0건 | 처리중: 4건 | 번들: ID:55698(1건), ID:55700(1건), ID:55701(1건), ID:55704(1건)
[2026-07-14 16:51:23] INFO: [POLLING] 종료 | 큐: 0건 | 번들맵: 4개
[2026-07-14 16:51:33] INFO: [POLLING] 시작 | 큐: 0건 | 처리중: 4건 | 번들: ID:55698(1건), ID:55700(1건), ID:55701(1건), ID:55704(1건)
[2026-07-14 16:51:33] INFO: [POLLING] 종료 | 큐: 0건 | 번들맵: 4개
[2026-07-14 16:51:43] INFO: [POLLING] 시작 | 큐: 0건 | 처리중: 4건 | 번들: ID:55698(1건), ID:55700(1건), ID:55701(1건), ID:55704(1건)
[2026-07-14 16:51:43] INFO: [POLLING] 종료 | 큐: 0건 | 번들맵: 4개
[2026-07-14 16:51:53] INFO: [POLLING] 시작 | 큐: 0건 | 처리중: 4건 | 번들: ID:55698(1건), ID:55700(1건), ID:55701(1건), ID:55704(1건)
[2026-07-14 16:51:53] INFO: [POLLING] 종료 | 큐: 0건 | 번들맵: 4개
[2026-07-14 16:52:03] INFO: [POLLING] 시작 | 큐: 0건 | 처리중: 4건 | 번들: ID:55698(1건), ID:55700(1건), ID:55701(1건), ID:55704(1건)
[2026-07-14 16:52:03] INFO: [POLLING] 종료 | 큐: 0건 | 번들맵: 4개
[2026-07-14 16:52:13] INFO: [POLLING] 시작 | 큐: 0건 | 처리중: 4건 | 번들: ID:55698(1건), ID:55700(1건), ID:55701(1건), ID:55704(1건)
[2026-07-14 16:52:13] INFO: [POLLING] 종료 | 큐: 0건 | 번들맵: 4개
[2026-07-14 16:52:23] INFO: [POLLING] 시작 | 큐: 0건 | 처리중: 4건 | 번들: ID:55698(1건), ID:55700(1건), ID:55701(1건), ID:55704(1건)
[2026-07-14 16:52:23] INFO: [POLLING] 종료 | 큐: 0건 | 번들맵: 4개
[2026-07-14 16:52:24] INFO: [REQ] contents=check-event | id=undefined
[2026-07-14 16:52:33] INFO: [POLLING] 시작 | 큐: 0건 | 처리중: 4건 | 번들: ID:55698(1건), ID:55700(1건), ID:55701(1건), ID:55704(1건)
[2026-07-14 16:52:33] INFO: [POLLING] 종료 | 큐: 0건 | 번들맵: 4개
[2026-07-14 16:52:43] INFO: [POLLING] 시작 | 큐: 0건 | 처리중: 4건 | 번들: ID:55698(1건), ID:55700(1건), ID:55701(1건), ID:55704(1건)
[2026-07-14 16:52:43] INFO: [POLLING] 종료 | 큐: 0건 | 번들맵: 4개
[2026-07-14 16:52:53] INFO: [POLLING] 시작 | 큐: 0건 | 처리중: 4건 | 번들: ID:55698(1건), ID:55700(1건), ID:55701(1건), ID:55704(1건)
[2026-07-14 16:52:53] INFO: [POLLING] 종료 | 큐: 0건 | 번들맵: 4개
[2026-07-14 16:53:00] INFO: [REQ] contents=check-event | id=undefined
[2026-07-14 16:53:03] INFO: [POLLING] 시작 | 큐: 0건 | 처리중: 4건 | 번들: ID:55698(1건), ID:55700(1건), ID:55701(1건), ID:55704(1건)
[2026-07-14 16:53:03] INFO: [POLLING] 종료 | 큐: 0건 | 번들맵: 4개
[2026-07-14 16:53:13] INFO: [POLLING] 시작 | 큐: 0건 | 처리중: 4건 | 번들: ID:55698(1건), ID:55700(1건), ID:55701(1건), ID:55704(1건)
[2026-07-14 16:53:13] INFO: [POLLING] 종료 | 큐: 0건 | 번들맵: 4개
[2026-07-14 16:53:23] INFO: [POLLING] 시작 | 큐: 0건 | 처리중: 4건 | 번들: ID:55698(1건), ID:55700(1건), ID:55701(1건), ID:55704(1건)
[2026-07-14 16:53:23] INFO: [POLLING] 종료 | 큐: 0건 | 번들맵: 4개
[2026-07-14 16:53:33] INFO: [POLLING] 시작 | 큐: 0건 | 처리중: 4건 | 번들: ID:55698(1건), ID:55700(1건), ID:55701(1건), ID:55704(1건)
[2026-07-14 16:53:33] INFO: [POLLING] 종료 | 큐: 0건 | 번들맵: 4개
[2026-07-14 16:53:43] INFO: [POLLING] 시작 | 큐: 0건 | 처리중: 4건 | 번들: ID:55698(1건), ID:55700(1건), ID:55701(1건), ID:55704(1건)
[2026-07-14 16:53:43] INFO: [POLLING] 종료 | 큐: 0건 | 번들맵: 4개
[2026-07-14 16:53:53] INFO: [POLLING] 시작 | 큐: 0건 | 처리중: 4건 | 번들: ID:55698(1건), ID:55700(1건), ID:55701(1건), ID:55704(1건)
[2026-07-14 16:53:53] INFO: [POLLING] 종료 | 큐: 0건 | 번들맵: 4개
[2026-07-14 16:54:03] INFO: [POLLING] 시작 | 큐: 0건 | 처리중: 4건 | 번들: ID:55698(1건), ID:55700(1건), ID:55701(1건), ID:55704(1건)
[2026-07-14 16:54:03] INFO: [POLLING] 종료 | 큐: 0건 | 번들맵: 4개
[2026-07-14 16:54:04] INFO: [REQ] contents=check-event | id=undefined
[2026-07-14 16:54:13] INFO: [POLLING] 시작 | 큐: 0건 | 처리중: 4건 | 번들: ID:55698(1건), ID:55700(1건), ID:55701(1건), ID:55704(1건)
[2026-07-14 16:54:13] INFO: [POLLING] 종료 | 큐: 0건 | 번들맵: 4개
[2026-07-14 16:54:23] INFO: [POLLING] 시작 | 큐: 0건 | 처리중: 4건 | 번들: ID:55698(1건), ID:55700(1건), ID:55701(1건), ID:55704(1건)
[2026-07-14 16:54:23] INFO: [POLLING] 종료 | 큐: 0건 | 번들맵: 4개
[2026-07-14 16:54:30] INFO: [REQ] contents=check-event | id=undefined
[2026-07-14 16:54:33] INFO: [POLLING] 시작 | 큐: 0건 | 처리중: 4건 | 번들: ID:55698(1건), ID:55700(1건), ID:55701(1건), ID:55704(1건)
[2026-07-14 16:54:33] INFO: [POLLING] 종료 | 큐: 0건 | 번들맵: 4개
[2026-07-14 16:54:43] INFO: [POLLING] 시작 | 큐: 0건 | 처리중: 4건 | 번들: ID:55698(1건), ID:55700(1건), ID:55701(1건), ID:55704(1건)
[2026-07-14 16:54:43] INFO: [POLLING] 종료 | 큐: 0건 | 번들맵: 4개
[2026-07-14 16:54:53] INFO: [POLLING] 시작 | 큐: 0건 | 처리중: 4건 | 번들: ID:55698(1건), ID:55700(1건), ID:55701(1건), ID:55704(1건)
[2026-07-14 16:54:53] INFO: [POLLING] 종료 | 큐: 0건 | 번들맵: 4개
[2026-07-14 16:55:03] INFO: [POLLING] 시작 | 큐: 0건 | 처리중: 4건 | 번들: ID:55698(1건), ID:55700(1건), ID:55701(1건), ID:55704(1건)
[2026-07-14 16:55:03] INFO: [POLLING] 종료 | 큐: 0건 | 번들맵: 4개
[2026-07-14 16:55:13] INFO: [POLLING] 시작 | 큐: 0건 | 처리중: 4건 | 번들: ID:55698(1건), ID:55700(1건), ID:55701(1건), ID:55704(1건)
[2026-07-14 16:55:13] INFO: [POLLING] 종료 | 큐: 0건 | 번들맵: 4개
[2026-07-14 16:55:23] INFO: [POLLING] 시작 | 큐: 0건 | 처리중: 4건 | 번들: ID:55698(1건), ID:55700(1건), ID:55701(1건), ID:55704(1건)
[2026-07-14 16:55:23] INFO: [POLLING] 종료 | 큐: 0건 | 번들맵: 4개
[2026-07-14 16:55:33] INFO: [POLLING] 시작 | 큐: 0건 | 처리중: 4건 | 번들: ID:55698(1건), ID:55700(1건), ID:55701(1건), ID:55704(1건)
[2026-07-14 16:55:33] INFO: [POLLING] 종료 | 큐: 0건 | 번들맵: 4개
[2026-07-14 16:55:34] INFO: [REQ] contents=check-event | id=undefined
[2026-07-14 16:55:43] INFO: [POLLING] 시작 | 큐: 0건 | 처리중: 4건 | 번들: ID:55698(1건), ID:55700(1건), ID:55701(1건), ID:55704(1건)
[2026-07-14 16:55:43] INFO: [POLLING] 종료 | 큐: 0건 | 번들맵: 4개
[2026-07-14 16:55:53] INFO: [POLLING] 시작 | 큐: 0건 | 처리중: 4건 | 번들: ID:55698(1건), ID:55700(1건), ID:55701(1건), ID:55704(1건)
[2026-07-14 16:55:53] INFO: [POLLING] 종료 | 큐: 0건 | 번들맵: 4개
[2026-07-14 16:56:03] INFO: [POLLING] 시작 | 큐: 0건 | 처리중: 4건 | 번들: ID:55698(1건), ID:55700(1건), ID:55701(1건), ID:55704(1건)
[2026-07-14 16:56:03] INFO: [POLLING] 종료 | 큐: 0건 | 번들맵: 4개
[2026-07-14 16:56:13] INFO: [POLLING] 시작 | 큐: 0건 | 처리중: 4건 | 번들: ID:55698(1건), ID:55700(1건), ID:55701(1건), ID:55704(1건)
[2026-07-14 16:56:13] INFO: [POLLING] 종료 | 큐: 0건 | 번들맵: 4개
[2026-07-14 16:56:20] INFO: [REQ] contents=check-event | id=undefined
[2026-07-14 16:56:23] INFO: [POLLING] 시작 | 큐: 0건 | 처리중: 4건 | 번들: ID:55698(1건), ID:55700(1건), ID:55701(1건), ID:55704(1건)
[2026-07-14 16:56:23] INFO: [POLLING] 종료 | 큐: 0건 | 번들맵: 4개
[2026-07-14 16:56:33] INFO: [POLLING] 시작 | 큐: 0건 | 처리중: 4건 | 번들: ID:55698(1건), ID:55700(1건), ID:55701(1건), ID:55704(1건)
[2026-07-14 16:56:33] INFO: [POLLING] 종료 | 큐: 0건 | 번들맵: 4개
[2026-07-14 16:56:43] INFO: [POLLING] 시작 | 큐: 0건 | 처리중: 4건 | 번들: ID:55698(1건), ID:55700(1건), ID:55701(1건), ID:55704(1건)
[2026-07-14 16:56:43] INFO: [POLLING] 종료 | 큐: 0건 | 번들맵: 4개
[2026-07-14 16:56:53] INFO: [POLLING] 시작 | 큐: 0건 | 처리중: 4건 | 번들: ID:55698(1건), ID:55700(1건), ID:55701(1건), ID:55704(1건)
[2026-07-14 16:56:53] INFO: [POLLING] 종료 | 큐: 0건 | 번들맵: 4개
[2026-07-14 16:57:03] INFO: [POLLING] 시작 | 큐: 0건 | 처리중: 4건 | 번들: ID:55698(1건), ID:55700(1건), ID:55701(1건), ID:55704(1건)
[2026-07-14 16:57:03] INFO: [POLLING] 종료 | 큐: 0건 | 번들맵: 4개
[2026-07-14 16:57:13] INFO: [POLLING] 시작 | 큐: 0건 | 처리중: 4건 | 번들: ID:55698(1건), ID:55700(1건), ID:55701(1건), ID:55704(1건)
[2026-07-14 16:57:13] INFO: [POLLING] 종료 | 큐: 0건 | 번들맵: 4개
[2026-07-14 16:57:23] INFO: [POLLING] 시작 | 큐: 0건 | 처리중: 4건 | 번들: ID:55698(1건), ID:55700(1건), ID:55701(1건), ID:55704(1건)
[2026-07-14 16:57:23] INFO: [POLLING] 종료 | 큐: 0건 | 번들맵: 4개
[2026-07-14 16:57:24] INFO: [REQ] contents=check-event | id=undefined
[2026-07-14 16:57:33] INFO: [POLLING] 시작 | 큐: 0건 | 처리중: 4건 | 번들: ID:55698(1건), ID:55700(1건), ID:55701(1건), ID:55704(1건)
[2026-07-14 16:57:33] INFO: [POLLING] 종료 | 큐: 0건 | 번들맵: 4개
[2026-07-14 16:57:43] INFO: [POLLING] 시작 | 큐: 0건 | 처리중: 4건 | 번들: ID:55698(1건), ID:55700(1건), ID:55701(1건), ID:55704(1건)
[2026-07-14 16:57:43] INFO: [POLLING] 종료 | 큐: 0건 | 번들맵: 4개
[2026-07-14 16:57:53] INFO: [POLLING] 시작 | 큐: 0건 | 처리중: 4건 | 번들: ID:55698(1건), ID:55700(1건), ID:55701(1건), ID:55704(1건)
[2026-07-14 16:57:53] INFO: [POLLING] 종료 | 큐: 0건 | 번들맵: 4개
[2026-07-14 16:58:01] INFO: [REQ] contents=check-event | id=undefined
[2026-07-14 16:58:03] INFO: [POLLING] 시작 | 큐: 0건 | 처리중: 4건 | 번들: ID:55698(1건), ID:55700(1건), ID:55701(1건), ID:55704(1건)
[2026-07-14 16:58:03] INFO: [POLLING] 종료 | 큐: 0건 | 번들맵: 4개
[2026-07-14 16:58:13] INFO: [POLLING] 시작 | 큐: 0건 | 처리중: 4건 | 번들: ID:55698(1건), ID:55700(1건), ID:55701(1건), ID:55704(1건)
[2026-07-14 16:58:13] INFO: [POLLING] 종료 | 큐: 0건 | 번들맵: 4개
[2026-07-14 16:58:23] INFO: [POLLING] 시작 | 큐: 0건 | 처리중: 4건 | 번들: ID:55698(1건), ID:55700(1건), ID:55701(1건), ID:55704(1건)
[2026-07-14 16:58:23] INFO: [POLLING] 종료 | 큐: 0건 | 번들맵: 4개
[2026-07-14 16:58:33] INFO: [POLLING] 시작 | 큐: 0건 | 처리중: 4건 | 번들: ID:55698(1건), ID:55700(1건), ID:55701(1건), ID:55704(1건)
[2026-07-14 16:58:33] INFO: [POLLING] 종료 | 큐: 0건 | 번들맵: 4개
[2026-07-14 16:58:43] INFO: [POLLING] 시작 | 큐: 0건 | 처리중: 4건 | 번들: ID:55698(1건), ID:55700(1건), ID:55701(1건), ID:55704(1건)
[2026-07-14 16:58:43] INFO: [POLLING] 종료 | 큐: 0건 | 번들맵: 4개
[2026-07-14 16:58:53] INFO: [POLLING] 시작 | 큐: 0건 | 처리중: 4건 | 번들: ID:55698(1건), ID:55700(1건), ID:55701(1건), ID:55704(1건)
[2026-07-14 16:58:53] INFO: [POLLING] 종료 | 큐: 0건 | 번들맵: 4개
[2026-07-14 16:59:03] INFO: [POLLING] 시작 | 큐: 0건 | 처리중: 4건 | 번들: ID:55698(1건), ID:55700(1건), ID:55701(1건), ID:55704(1건)
[2026-07-14 16:59:03] INFO: [POLLING] 종료 | 큐: 0건 | 번들맵: 4개
[2026-07-14 16:59:04] INFO: [REQ] contents=check-event | id=undefined
[2026-07-14 16:59:13] INFO: [POLLING] 시작 | 큐: 0건 | 처리중: 4건 | 번들: ID:55698(1건), ID:55700(1건), ID:55701(1건), ID:55704(1건)
[2026-07-14 16:59:13] INFO: [POLLING] 종료 | 큐: 0건 | 번들맵: 4개
[2026-07-14 16:59:23] INFO: [POLLING] 시작 | 큐: 0건 | 처리중: 4건 | 번들: ID:55698(1건), ID:55700(1건), ID:55701(1건), ID:55704(1건)
[2026-07-14 16:59:23] INFO: [POLLING] 종료 | 큐: 0건 | 번들맵: 4개
[2026-07-14 16:59:31] INFO: [REQ] contents=check-event | id=undefined
[2026-07-14 16:59:33] INFO: [POLLING] 시작 | 큐: 0건 | 처리중: 4건 | 번들: ID:55698(1건), ID:55700(1건), ID:55701(1건), ID:55704(1건)
[2026-07-14 16:59:33] INFO: [POLLING] 종료 | 큐: 0건 | 번들맵: 4개
[2026-07-14 16:59:43] INFO: [POLLING] 시작 | 큐: 0건 | 처리중: 4건 | 번들: ID:55698(1건), ID:55700(1건), ID:55701(1건), ID:55704(1건)
[2026-07-14 16:59:43] INFO: [POLLING] 종료 | 큐: 0건 | 번들맵: 4개
[2026-07-14 16:59:53] INFO: [POLLING] 시작 | 큐: 0건 | 처리중: 4건 | 번들: ID:55698(1건), ID:55700(1건), ID:55701(1건), ID:55704(1건)
[2026-07-14 16:59:53] INFO: [POLLING] 종료 | 큐: 0건 | 번들맵: 4개
[2026-07-14 17:00:03] INFO: [POLLING] 시작 | 큐: 0건 | 처리중: 4건 | 번들: ID:55698(1건), ID:55700(1건), ID:55701(1건), ID:55704(1건)
[2026-07-14 17:00:03] INFO: [POLLING] 종료 | 큐: 0건 | 번들맵: 4개
[2026-07-14 17:00:13] INFO: [POLLING] 시작 | 큐: 0건 | 처리중: 4건 | 번들: ID:55698(1건), ID:55700(1건), ID:55701(1건), ID:55704(1건)
[2026-07-14 17:00:13] INFO: [POLLING] 종료 | 큐: 0건 | 번들맵: 4개
[2026-07-14 17:00:23] INFO: [POLLING] 시작 | 큐: 0건 | 처리중: 4건 | 번들: ID:55698(1건), ID:55700(1건), ID:55701(1건), ID:55704(1건)
[2026-07-14 17:00:23] INFO: [POLLING] 종료 | 큐: 0건 | 번들맵: 4개
[2026-07-14 17:00:33] INFO: [POLLING] 시작 | 큐: 0건 | 처리중: 4건 | 번들: ID:55698(1건), ID:55700(1건), ID:55701(1건), ID:55704(1건)
[2026-07-14 17:00:33] INFO: [POLLING] 종료 | 큐: 0건 | 번들맵: 4개
[2026-07-14 17:00:34] INFO: [REQ] contents=check-event | id=undefined
[2026-07-14 17:00:43] INFO: [POLLING] 시작 | 큐: 0건 | 처리중: 4건 | 번들: ID:55698(1건), ID:55700(1건), ID:55701(1건), ID:55704(1건)
[2026-07-14 17:00:43] INFO: [POLLING] 종료 | 큐: 0건 | 번들맵: 4개
[2026-07-14 17:00:53] INFO: [POLLING] 시작 | 큐: 0건 | 처리중: 4건 | 번들: ID:55698(1건), ID:55700(1건), ID:55701(1건), ID:55704(1건)
[2026-07-14 17:00:53] INFO: [POLLING] 종료 | 큐: 0건 | 번들맵: 4개
[2026-07-14 17:01:03] INFO: [POLLING] 시작 | 큐: 0건 | 처리중: 4건 | 번들: ID:55698(1건), ID:55700(1건), ID:55701(1건), ID:55704(1건)
[2026-07-14 17:01:03] INFO: [POLLING] 종료 | 큐: 0건 | 번들맵: 4개
[2026-07-14 17:01:13] INFO: [POLLING] 시작 | 큐: 0건 | 처리중: 4건 | 번들: ID:55698(1건), ID:55700(1건), ID:55701(1건), ID:55704(1건)
[2026-07-14 17:01:13] INFO: [POLLING] 종료 | 큐: 0건 | 번들맵: 4개
[2026-07-14 17:01:21] INFO: [REQ] contents=check-event | id=undefined
[2026-07-14 17:01:23] INFO: [POLLING] 시작 | 큐: 0건 | 처리중: 4건 | 번들: ID:55698(1건), ID:55700(1건), ID:55701(1건), ID:55704(1건)
[2026-07-14 17:01:23] INFO: [POLLING] 종료 | 큐: 0건 | 번들맵: 4개
[2026-07-14 17:01:33] INFO: [POLLING] 시작 | 큐: 0건 | 처리중: 4건 | 번들: ID:55698(1건), ID:55700(1건), ID:55701(1건), ID:55704(1건)
[2026-07-14 17:01:33] INFO: [POLLING] 종료 | 큐: 0건 | 번들맵: 4개
[2026-07-14 17:01:43] INFO: [POLLING] 시작 | 큐: 0건 | 처리중: 4건 | 번들: ID:55698(1건), ID:55700(1건), ID:55701(1건), ID:55704(1건)
[2026-07-14 17:01:43] INFO: [POLLING] 종료 | 큐: 0건 | 번들맵: 4개
[2026-07-14 17:01:53] INFO: [POLLING] 시작 | 큐: 0건 | 처리중: 4건 | 번들: ID:55698(1건), ID:55700(1건), ID:55701(1건), ID:55704(1건)
[2026-07-14 17:01:53] INFO: [POLLING] 종료 | 큐: 0건 | 번들맵: 4개
[2026-07-14 17:02:03] INFO: [POLLING] 시작 | 큐: 0건 | 처리중: 4건 | 번들: ID:55698(1건), ID:55700(1건), ID:55701(1건), ID:55704(1건)
[2026-07-14 17:02:03] INFO: [POLLING] 종료 | 큐: 0건 | 번들맵: 4개
[2026-07-14 17:02:13] INFO: [POLLING] 시작 | 큐: 0건 | 처리중: 4건 | 번들: ID:55698(1건), ID:55700(1건), ID:55701(1건), ID:55704(1건)
[2026-07-14 17:02:13] INFO: [POLLING] 종료 | 큐: 0건 | 번들맵: 4개
[2026-07-14 17:02:23] INFO: [POLLING] 시작 | 큐: 0건 | 처리중: 4건 | 번들: ID:55698(1건), ID:55700(1건), ID:55701(1건), ID:55704(1건)
[2026-07-14 17:02:23] INFO: [POLLING] 종료 | 큐: 0건 | 번들맵: 4개
[2026-07-14 17:02:25] INFO: [REQ] contents=check-event | id=undefined
[2026-07-14 17:02:33] INFO: [POLLING] 시작 | 큐: 0건 | 처리중: 4건 | 번들: ID:55698(1건), ID:55700(1건), ID:55701(1건), ID:55704(1건)
[2026-07-14 17:02:33] INFO: [POLLING] 종료 | 큐: 0건 | 번들맵: 4개
[2026-07-14 17:02:43] INFO: [POLLING] 시작 | 큐: 0건 | 처리중: 4건 | 번들: ID:55698(1건), ID:55700(1건), ID:55701(1건), ID:55704(1건)
[2026-07-14 17:02:43] INFO: [POLLING] 종료 | 큐: 0건 | 번들맵: 4개
[2026-07-14 17:02:53] INFO: [POLLING] 시작 | 큐: 0건 | 처리중: 4건 | 번들: ID:55698(1건), ID:55700(1건), ID:55701(1건), ID:55704(1건)
[2026-07-14 17:02:53] INFO: [POLLING] 종료 | 큐: 0건 | 번들맵: 4개
[2026-07-14 17:03:01] INFO: [REQ] contents=check-event | id=undefined
[2026-07-14 17:03:03] INFO: [POLLING] 시작 | 큐: 0건 | 처리중: 4건 | 번들: ID:55698(1건), ID:55700(1건), ID:55701(1건), ID:55704(1건)
[2026-07-14 17:03:03] INFO: [POLLING] 종료 | 큐: 0건 | 번들맵: 4개
[2026-07-14 17:03:13] INFO: [POLLING] 시작 | 큐: 0건 | 처리중: 4건 | 번들: ID:55698(1건), ID:55700(1건), ID:55701(1건), ID:55704(1건)
[2026-07-14 17:03:13] INFO: [POLLING] 종료 | 큐: 0건 | 번들맵: 4개
[2026-07-14 17:03:23] INFO: [POLLING] 시작 | 큐: 0건 | 처리중: 4건 | 번들: ID:55698(1건), ID:55700(1건), ID:55701(1건), ID:55704(1건)
[2026-07-14 17:03:23] INFO: [POLLING] 종료 | 큐: 0건 | 번들맵: 4개
[2026-07-14 17:03:33] INFO: [POLLING] 시작 | 큐: 0건 | 처리중: 4건 | 번들: ID:55698(1건), ID:55700(1건), ID:55701(1건), ID:55704(1건)
[2026-07-14 17:03:33] INFO: [POLLING] 종료 | 큐: 0건 | 번들맵: 4개
[2026-07-14 17:03:43] INFO: [POLLING] 시작 | 큐: 0건 | 처리중: 4건 | 번들: ID:55698(1건), ID:55700(1건), ID:55701(1건), ID:55704(1건)
[2026-07-14 17:03:43] INFO: [POLLING] 종료 | 큐: 0건 | 번들맵: 4개
[2026-07-14 17:03:53] INFO: [POLLING] 시작 | 큐: 0건 | 처리중: 4건 | 번들: ID:55698(1건), ID:55700(1건), ID:55701(1건), ID:55704(1건)
[2026-07-14 17:03:53] INFO: [POLLING] 종료 | 큐: 0건 | 번들맵: 4개
[2026-07-14 17:04:03] INFO: [POLLING] 시작 | 큐: 0건 | 처리중: 4건 | 번들: ID:55698(1건), ID:55700(1건), ID:55701(1건), ID:55704(1건)
[2026-07-14 17:04:03] INFO: [POLLING] 종료 | 큐: 0건 | 번들맵: 4개
[2026-07-14 17:04:05] INFO: [REQ] contents=check-event | id=undefined
[2026-07-14 17:04:13] INFO: [POLLING] 시작 | 큐: 0건 | 처리중: 4건 | 번들: ID:55698(1건), ID:55700(1건), ID:55701(1건), ID:55704(1건)
[2026-07-14 17:04:14] INFO: [POLLING] 종료 | 큐: 0건 | 번들맵: 4개
[2026-07-14 17:04:23] INFO: [POLLING] 시작 | 큐: 0건 | 처리중: 4건 | 번들: ID:55698(1건), ID:55700(1건), ID:55701(1건), ID:55704(1건)
[2026-07-14 17:04:24] INFO: [POLLING] 종료 | 큐: 0건 | 번들맵: 4개
[2026-07-14 17:04:31] INFO: [REQ] contents=check-event | id=undefined
[2026-07-14 17:04:33] INFO: [POLLING] 시작 | 큐: 0건 | 처리중: 4건 | 번들: ID:55698(1건), ID:55700(1건), ID:55701(1건), ID:55704(1건)
[2026-07-14 17:04:34] INFO: [POLLING] 종료 | 큐: 0건 | 번들맵: 4개
[2026-07-14 17:04:43] INFO: [POLLING] 시작 | 큐: 0건 | 처리중: 4건 | 번들: ID:55698(1건), ID:55700(1건), ID:55701(1건), ID:55704(1건)
[2026-07-14 17:04:44] INFO: [POLLING] 종료 | 큐: 0건 | 번들맵: 4개
[2026-07-14 17:04:53] INFO: [POLLING] 시작 | 큐: 0건 | 처리중: 4건 | 번들: ID:55698(1건), ID:55700(1건), ID:55701(1건), ID:55704(1건)
[2026-07-14 17:04:54] INFO: [POLLING] 종료 | 큐: 0건 | 번들맵: 4개
[2026-07-14 17:05:03] INFO: [POLLING] 시작 | 큐: 0건 | 처리중: 4건 | 번들: ID:55698(1건), ID:55700(1건), ID:55701(1건), ID:55704(1건)
[2026-07-14 17:05:04] INFO: [POLLING] 종료 | 큐: 0건 | 번들맵: 4개
[2026-07-14 17:05:14] INFO: [POLLING] 시작 | 큐: 0건 | 처리중: 4건 | 번들: ID:55698(1건), ID:55700(1건), ID:55701(1건), ID:55704(1건)
[2026-07-14 17:05:14] INFO: [POLLING] 종료 | 큐: 0건 | 번들맵: 4개
[2026-07-14 17:05:24] INFO: [POLLING] 시작 | 큐: 0건 | 처리중: 4건 | 번들: ID:55698(1건), ID:55700(1건), ID:55701(1건), ID:55704(1건)
[2026-07-14 17:05:24] INFO: [POLLING] 종료 | 큐: 0건 | 번들맵: 4개
[2026-07-14 17:05:34] INFO: [POLLING] 시작 | 큐: 0건 | 처리중: 4건 | 번들: ID:55698(1건), ID:55700(1건), ID:55701(1건), ID:55704(1건)
[2026-07-14 17:05:34] INFO: [POLLING] 종료 | 큐: 0건 | 번들맵: 4개
[2026-07-14 17:05:35] INFO: [REQ] contents=check-event | id=undefined
[2026-07-14 17:05:44] INFO: [POLLING] 시작 | 큐: 0건 | 처리중: 4건 | 번들: ID:55698(1건), ID:55700(1건), ID:55701(1건), ID:55704(1건)
[2026-07-14 17:05:44] INFO: [POLLING] 종료 | 큐: 0건 | 번들맵: 4개
[2026-07-14 17:05:54] INFO: [POLLING] 시작 | 큐: 0건 | 처리중: 4건 | 번들: ID:55698(1건), ID:55700(1건), ID:55701(1건), ID:55704(1건)
[2026-07-14 17:05:54] INFO: [POLLING] 종료 | 큐: 0건 | 번들맵: 4개
[2026-07-14 17:06:04] INFO: [POLLING] 시작 | 큐: 0건 | 처리중: 4건 | 번들: ID:55698(1건), ID:55700(1건), ID:55701(1건), ID:55704(1건)
[2026-07-14 17:06:04] INFO: [POLLING] 종료 | 큐: 0건 | 번들맵: 4개
[2026-07-14 17:06:14] INFO: [POLLING] 시작 | 큐: 0건 | 처리중: 4건 | 번들: ID:55698(1건), ID:55700(1건), ID:55701(1건), ID:55704(1건)
[2026-07-14 17:06:14] INFO: [POLLING] 종료 | 큐: 0건 | 번들맵: 4개
[2026-07-14 17:06:21] INFO: [REQ] contents=check-event | id=undefined
[2026-07-14 17:06:24] INFO: [POLLING] 시작 | 큐: 0건 | 처리중: 4건 | 번들: ID:55698(1건), ID:55700(1건), ID:55701(1건), ID:55704(1건)
[2026-07-14 17:06:24] INFO: [POLLING] 종료 | 큐: 0건 | 번들맵: 4개
[2026-07-14 17:06:34] INFO: [POLLING] 시작 | 큐: 0건 | 처리중: 4건 | 번들: ID:55698(1건), ID:55700(1건), ID:55701(1건), ID:55704(1건)
[2026-07-14 17:06:34] INFO: [POLLING] 종료 | 큐: 0건 | 번들맵: 4개
[2026-07-14 17:06:44] INFO: [POLLING] 시작 | 큐: 0건 | 처리중: 4건 | 번들: ID:55698(1건), ID:55700(1건), ID:55701(1건), ID:55704(1건)
[2026-07-14 17:06:44] INFO: [POLLING] 종료 | 큐: 0건 | 번들맵: 4개
[2026-07-14 17:06:54] INFO: [POLLING] 시작 | 큐: 0건 | 처리중: 4건 | 번들: ID:55698(1건), ID:55700(1건), ID:55701(1건), ID:55704(1건)
[2026-07-14 17:06:54] INFO: [POLLING] 종료 | 큐: 0건 | 번들맵: 4개
[2026-07-14 17:07:04] INFO: [POLLING] 시작 | 큐: 0건 | 처리중: 4건 | 번들: ID:55698(1건), ID:55700(1건), ID:55701(1건), ID:55704(1건)
[2026-07-14 17:07:04] INFO: [POLLING] 종료 | 큐: 0건 | 번들맵: 4개
[2026-07-14 17:07:14] INFO: [POLLING] 시작 | 큐: 0건 | 처리중: 4건 | 번들: ID:55698(1건), ID:55700(1건), ID:55701(1건), ID:55704(1건)
[2026-07-14 17:07:14] INFO: [POLLING] 종료 | 큐: 0건 | 번들맵: 4개
[2026-07-14 17:07:24] INFO: [POLLING] 시작 | 큐: 0건 | 처리중: 4건 | 번들: ID:55698(1건), ID:55700(1건), ID:55701(1건), ID:55704(1건)
[2026-07-14 17:07:24] INFO: [POLLING] 종료 | 큐: 0건 | 번들맵: 4개
[2026-07-14 17:07:25] INFO: [REQ] contents=check-event | id=undefined
[2026-07-14 17:07:34] INFO: [POLLING] 시작 | 큐: 0건 | 처리중: 4건 | 번들: ID:55698(1건), ID:55700(1건), ID:55701(1건), ID:55704(1건)
[2026-07-14 17:07:34] INFO: [POLLING] 종료 | 큐: 0건 | 번들맵: 4개
[2026-07-14 17:07:44] INFO: [POLLING] 시작 | 큐: 0건 | 처리중: 4건 | 번들: ID:55698(1건), ID:55700(1건), ID:55701(1건), ID:55704(1건)
[2026-07-14 17:07:44] INFO: [POLLING] 종료 | 큐: 0건 | 번들맵: 4개
[2026-07-14 17:07:54] INFO: [POLLING] 시작 | 큐: 0건 | 처리중: 4건 | 번들: ID:55698(1건), ID:55700(1건), ID:55701(1건), ID:55704(1건)
[2026-07-14 17:07:54] INFO: [POLLING] 종료 | 큐: 0건 | 번들맵: 4개
[2026-07-14 17:08:02] INFO: [REQ] contents=check-event | id=undefined
[2026-07-14 17:08:04] INFO: [POLLING] 시작 | 큐: 0건 | 처리중: 4건 | 번들: ID:55698(1건), ID:55700(1건), ID:55701(1건), ID:55704(1건)
[2026-07-14 17:08:04] INFO: [POLLING] 종료 | 큐: 0건 | 번들맵: 4개
[2026-07-14 17:08:14] INFO: [POLLING] 시작 | 큐: 0건 | 처리중: 4건 | 번들: ID:55698(1건), ID:55700(1건), ID:55701(1건), ID:55704(1건)
[2026-07-14 17:08:14] INFO: [POLLING] 종료 | 큐: 0건 | 번들맵: 4개
[2026-07-14 17:08:24] INFO: [POLLING] 시작 | 큐: 0건 | 처리중: 4건 | 번들: ID:55698(1건), ID:55700(1건), ID:55701(1건), ID:55704(1건)
[2026-07-14 17:08:24] INFO: [POLLING] 종료 | 큐: 0건 | 번들맵: 4개
[2026-07-14 17:08:34] INFO: [POLLING] 시작 | 큐: 0건 | 처리중: 4건 | 번들: ID:55698(1건), ID:55700(1건), ID:55701(1건), ID:55704(1건)
[2026-07-14 17:08:34] INFO: [POLLING] 종료 | 큐: 0건 | 번들맵: 4개
[2026-07-14 17:08:44] INFO: [POLLING] 시작 | 큐: 0건 | 처리중: 4건 | 번들: ID:55698(1건), ID:55700(1건), ID:55701(1건), ID:55704(1건)
[2026-07-14 17:08:44] INFO: [POLLING] 종료 | 큐: 0건 | 번들맵: 4개
[2026-07-14 17:08:54] INFO: [POLLING] 시작 | 큐: 0건 | 처리중: 4건 | 번들: ID:55698(1건), ID:55700(1건), ID:55701(1건), ID:55704(1건)
[2026-07-14 17:08:54] INFO: [POLLING] 종료 | 큐: 0건 | 번들맵: 4개
[2026-07-14 17:09:04] INFO: [POLLING] 시작 | 큐: 0건 | 처리중: 4건 | 번들: ID:55698(1건), ID:55700(1건), ID:55701(1건), ID:55704(1건)
[2026-07-14 17:09:04] INFO: [POLLING] 종료 | 큐: 0건 | 번들맵: 4개
[2026-07-14 17:09:05] INFO: [REQ] contents=check-event | id=undefined
[2026-07-14 17:09:14] INFO: [POLLING] 시작 | 큐: 0건 | 처리중: 4건 | 번들: ID:55698(1건), ID:55700(1건), ID:55701(1건), ID:55704(1건)
[2026-07-14 17:09:14] INFO: [POLLING] 종료 | 큐: 0건 | 번들맵: 4개
[2026-07-14 17:09:24] INFO: [POLLING] 시작 | 큐: 0건 | 처리중: 4건 | 번들: ID:55698(1건), ID:55700(1건), ID:55701(1건), ID:55704(1건)
[2026-07-14 17:09:24] INFO: [POLLING] 종료 | 큐: 0건 | 번들맵: 4개
[2026-07-14 17:09:32] INFO: [REQ] contents=check-event | id=undefined
[2026-07-14 17:09:34] INFO: [POLLING] 시작 | 큐: 0건 | 처리중: 4건 | 번들: ID:55698(1건), ID:55700(1건), ID:55701(1건), ID:55704(1건)
[2026-07-14 17:09:34] INFO: [POLLING] 종료 | 큐: 0건 | 번들맵: 4개
[2026-07-14 17:09:44] INFO: [POLLING] 시작 | 큐: 0건 | 처리중: 4건 | 번들: ID:55698(1건), ID:55700(1건), ID:55701(1건), ID:55704(1건)
[2026-07-14 17:09:44] INFO: [POLLING] 종료 | 큐: 0건 | 번들맵: 4개
[2026-07-14 17:09:54] INFO: [POLLING] 시작 | 큐: 0건 | 처리중: 4건 | 번들: ID:55698(1건), ID:55700(1건), ID:55701(1건), ID:55704(1건)
[2026-07-14 17:09:54] INFO: [POLLING] 종료 | 큐: 0건 | 번들맵: 4개
[2026-07-14 17:10:04] INFO: [POLLING] 시작 | 큐: 0건 | 처리중: 4건 | 번들: ID:55698(1건), ID:55700(1건), ID:55701(1건), ID:55704(1건)
[2026-07-14 17:10:04] INFO: [POLLING] 종료 | 큐: 0건 | 번들맵: 4개
[2026-07-14 17:10:14] INFO: [POLLING] 시작 | 큐: 0건 | 처리중: 4건 | 번들: ID:55698(1건), ID:55700(1건), ID:55701(1건), ID:55704(1건)
[2026-07-14 17:10:14] INFO: [POLLING] 종료 | 큐: 0건 | 번들맵: 4개
[2026-07-14 17:10:24] INFO: [POLLING] 시작 | 큐: 0건 | 처리중: 4건 | 번들: ID:55698(1건), ID:55700(1건), ID:55701(1건), ID:55704(1건)
[2026-07-14 17:10:24] INFO: [POLLING] 종료 | 큐: 0건 | 번들맵: 4개
[2026-07-14 17:10:34] INFO: [POLLING] 시작 | 큐: 0건 | 처리중: 4건 | 번들: ID:55698(1건), ID:55700(1건), ID:55701(1건), ID:55704(1건)
[2026-07-14 17:10:34] INFO: [POLLING] 종료 | 큐: 0건 | 번들맵: 4개
[2026-07-14 17:10:35] INFO: [REQ] contents=check-event | id=undefined
[2026-07-14 17:10:44] INFO: [POLLING] 시작 | 큐: 0건 | 처리중: 4건 | 번들: ID:55698(1건), ID:55700(1건), ID:55701(1건), ID:55704(1건)
[2026-07-14 17:10:44] INFO: [POLLING] 종료 | 큐: 0건 | 번들맵: 4개
[2026-07-14 17:10:54] INFO: [POLLING] 시작 | 큐: 0건 | 처리중: 4건 | 번들: ID:55698(1건), ID:55700(1건), ID:55701(1건), ID:55704(1건)
[2026-07-14 17:10:54] INFO: [POLLING] 종료 | 큐: 0건 | 번들맵: 4개
[2026-07-14 17:11:04] INFO: [POLLING] 시작 | 큐: 0건 | 처리중: 4건 | 번들: ID:55698(1건), ID:55700(1건), ID:55701(1건), ID:55704(1건)
[2026-07-14 17:11:04] INFO: [POLLING] 종료 | 큐: 0건 | 번들맵: 4개
[2026-07-14 17:11:14] INFO: [POLLING] 시작 | 큐: 0건 | 처리중: 4건 | 번들: ID:55698(1건), ID:55700(1건), ID:55701(1건), ID:55704(1건)
[2026-07-14 17:11:14] INFO: [POLLING] 종료 | 큐: 0건 | 번들맵: 4개
[2026-07-14 17:11:22] INFO: [REQ] contents=check-event | id=undefined
[2026-07-14 17:11:24] INFO: [POLLING] 시작 | 큐: 0건 | 처리중: 4건 | 번들: ID:55698(1건), ID:55700(1건), ID:55701(1건), ID:55704(1건)
[2026-07-14 17:11:24] INFO: [POLLING] 종료 | 큐: 0건 | 번들맵: 4개
[2026-07-14 17:11:34] INFO: [POLLING] 시작 | 큐: 0건 | 처리중: 4건 | 번들: ID:55698(1건), ID:55700(1건), ID:55701(1건), ID:55704(1건)
[2026-07-14 17:11:34] INFO: [POLLING] 종료 | 큐: 0건 | 번들맵: 4개
[2026-07-14 17:11:44] INFO: [POLLING] 시작 | 큐: 0건 | 처리중: 4건 | 번들: ID:55698(1건), ID:55700(1건), ID:55701(1건), ID:55704(1건)
[2026-07-14 17:11:44] INFO: [POLLING] 종료 | 큐: 0건 | 번들맵: 4개
[2026-07-14 17:11:54] INFO: [POLLING] 시작 | 큐: 0건 | 처리중: 4건 | 번들: ID:55698(1건), ID:55700(1건), ID:55701(1건), ID:55704(1건)
[2026-07-14 17:11:54] INFO: [POLLING] 종료 | 큐: 0건 | 번들맵: 4개
[2026-07-14 17:12:04] INFO: [POLLING] 시작 | 큐: 0건 | 처리중: 4건 | 번들: ID:55698(1건), ID:55700(1건), ID:55701(1건), ID:55704(1건)
[2026-07-14 17:12:04] INFO: [POLLING] 종료 | 큐: 0건 | 번들맵: 4개
[2026-07-14 17:12:14] INFO: [POLLING] 시작 | 큐: 0건 | 처리중: 4건 | 번들: ID:55698(1건), ID:55700(1건), ID:55701(1건), ID:55704(1건)
[2026-07-14 17:12:14] INFO: [POLLING] 종료 | 큐: 0건 | 번들맵: 4개
[2026-07-14 17:12:24] INFO: [POLLING] 시작 | 큐: 0건 | 처리중: 4건 | 번들: ID:55698(1건), ID:55700(1건), ID:55701(1건), ID:55704(1건)
[2026-07-14 17:12:24] INFO: [POLLING] 종료 | 큐: 0건 | 번들맵: 4개
[2026-07-14 17:12:25] INFO: [REQ] contents=check-event | id=undefined
[2026-07-14 17:12:34] INFO: [POLLING] 시작 | 큐: 0건 | 처리중: 4건 | 번들: ID:55698(1건), ID:55700(1건), ID:55701(1건), ID:55704(1건)
[2026-07-14 17:12:34] INFO: [POLLING] 종료 | 큐: 0건 | 번들맵: 4개
[2026-07-14 17:12:44] INFO: [POLLING] 시작 | 큐: 0건 | 처리중: 4건 | 번들: ID:55698(1건), ID:55700(1건), ID:55701(1건), ID:55704(1건)
[2026-07-14 17:12:44] INFO: [POLLING] 종료 | 큐: 0건 | 번들맵: 4개
[2026-07-14 17:12:54] INFO: [POLLING] 시작 | 큐: 0건 | 처리중: 4건 | 번들: ID:55698(1건), ID:55700(1건), ID:55701(1건), ID:55704(1건)
[2026-07-14 17:12:54] INFO: [POLLING] 종료 | 큐: 0건 | 번들맵: 4개
[2026-07-14 17:13:02] INFO: [REQ] contents=check-event | id=undefined
[2026-07-14 17:13:04] INFO: [POLLING] 시작 | 큐: 0건 | 처리중: 4건 | 번들: ID:55698(1건), ID:55700(1건), ID:55701(1건), ID:55704(1건)
[2026-07-14 17:13:04] INFO: [POLLING] 종료 | 큐: 0건 | 번들맵: 4개
[2026-07-14 17:13:14] INFO: [POLLING] 시작 | 큐: 0건 | 처리중: 4건 | 번들: ID:55698(1건), ID:55700(1건), ID:55701(1건), ID:55704(1건)
[2026-07-14 17:13:14] INFO: [POLLING] 종료 | 큐: 0건 | 번들맵: 4개
[2026-07-14 17:13:24] INFO: [POLLING] 시작 | 큐: 0건 | 처리중: 4건 | 번들: ID:55698(1건), ID:55700(1건), ID:55701(1건), ID:55704(1건)
[2026-07-14 17:13:24] INFO: [POLLING] 종료 | 큐: 0건 | 번들맵: 4개
[2026-07-14 17:13:34] INFO: [POLLING] 시작 | 큐: 0건 | 처리중: 4건 | 번들: ID:55698(1건), ID:55700(1건), ID:55701(1건), ID:55704(1건)
[2026-07-14 17:13:34] INFO: [POLLING] 종료 | 큐: 0건 | 번들맵: 4개
[2026-07-14 17:13:44] INFO: [POLLING] 시작 | 큐: 0건 | 처리중: 4건 | 번들: ID:55698(1건), ID:55700(1건), ID:55701(1건), ID:55704(1건)
[2026-07-14 17:13:44] INFO: [POLLING] 종료 | 큐: 0건 | 번들맵: 4개
[2026-07-14 17:13:54] INFO: [POLLING] 시작 | 큐: 0건 | 처리중: 4건 | 번들: ID:55698(1건), ID:55700(1건), ID:55701(1건), ID:55704(1건)
[2026-07-14 17:13:54] INFO: [POLLING] 종료 | 큐: 0건 | 번들맵: 4개
[2026-07-14 17:14:04] INFO: [POLLING] 시작 | 큐: 0건 | 처리중: 4건 | 번들: ID:55698(1건), ID:55700(1건), ID:55701(1건), ID:55704(1건)
[2026-07-14 17:14:04] INFO: [POLLING] 종료 | 큐: 0건 | 번들맵: 4개
[2026-07-14 17:14:06] INFO: [REQ] contents=check-event | id=undefined
[2026-07-14 17:14:14] INFO: [POLLING] 시작 | 큐: 0건 | 처리중: 4건 | 번들: ID:55698(1건), ID:55700(1건), ID:55701(1건), ID:55704(1건)
[2026-07-14 17:14:14] INFO: [POLLING] 종료 | 큐: 0건 | 번들맵: 4개
[2026-07-14 17:14:24] INFO: [POLLING] 시작 | 큐: 0건 | 처리중: 4건 | 번들: ID:55698(1건), ID:55700(1건), ID:55701(1건), ID:55704(1건)
[2026-07-14 17:14:24] INFO: [POLLING] 종료 | 큐: 0건 | 번들맵: 4개
[2026-07-14 17:14:32] INFO: [REQ] contents=check-event | id=undefined
[2026-07-14 17:14:34] INFO: [POLLING] 시작 | 큐: 0건 | 처리중: 4건 | 번들: ID:55698(1건), ID:55700(1건), ID:55701(1건), ID:55704(1건)
[2026-07-14 17:14:34] INFO: [POLLING] 종료 | 큐: 0건 | 번들맵: 4개
[2026-07-14 17:14:44] INFO: [POLLING] 시작 | 큐: 0건 | 처리중: 4건 | 번들: ID:55698(1건), ID:55700(1건), ID:55701(1건), ID:55704(1건)
[2026-07-14 17:14:44] INFO: [POLLING] 종료 | 큐: 0건 | 번들맵: 4개
[2026-07-14 17:14:54] INFO: [POLLING] 시작 | 큐: 0건 | 처리중: 4건 | 번들: ID:55698(1건), ID:55700(1건), ID:55701(1건), ID:55704(1건)
[2026-07-14 17:14:54] INFO: [POLLING] 종료 | 큐: 0건 | 번들맵: 4개
[2026-07-14 17:15:04] INFO: [POLLING] 시작 | 큐: 0건 | 처리중: 4건 | 번들: ID:55698(1건), ID:55700(1건), ID:55701(1건), ID:55704(1건)
[2026-07-14 17:15:04] INFO: [POLLING] 종료 | 큐: 0건 | 번들맵: 4개
[2026-07-14 17:15:14] INFO: [POLLING] 시작 | 큐: 0건 | 처리중: 4건 | 번들: ID:55698(1건), ID:55700(1건), ID:55701(1건), ID:55704(1건)
[2026-07-14 17:15:14] INFO: [POLLING] 종료 | 큐: 0건 | 번들맵: 4개
[2026-07-14 17:15:24] INFO: [POLLING] 시작 | 큐: 0건 | 처리중: 4건 | 번들: ID:55698(1건), ID:55700(1건), ID:55701(1건), ID:55704(1건)
[2026-07-14 17:15:24] INFO: [POLLING] 종료 | 큐: 0건 | 번들맵: 4개
[2026-07-14 17:15:34] INFO: [POLLING] 시작 | 큐: 0건 | 처리중: 4건 | 번들: ID:55698(1건), ID:55700(1건), ID:55701(1건), ID:55704(1건)
[2026-07-14 17:15:34] INFO: [POLLING] 종료 | 큐: 0건 | 번들맵: 4개
[2026-07-14 17:15:36] INFO: [REQ] contents=check-event | id=undefined
[2026-07-14 17:15:44] INFO: [POLLING] 시작 | 큐: 0건 | 처리중: 4건 | 번들: ID:55698(1건), ID:55700(1건), ID:55701(1건), ID:55704(1건)
[2026-07-14 17:15:44] INFO: [POLLING] 종료 | 큐: 0건 | 번들맵: 4개
[2026-07-14 17:15:54] INFO: [POLLING] 시작 | 큐: 0건 | 처리중: 4건 | 번들: ID:55698(1건), ID:55700(1건), ID:55701(1건), ID:55704(1건)
[2026-07-14 17:15:54] INFO: [POLLING] 종료 | 큐: 0건 | 번들맵: 4개
[2026-07-14 17:16:04] INFO: [POLLING] 시작 | 큐: 0건 | 처리중: 4건 | 번들: ID:55698(1건), ID:55700(1건), ID:55701(1건), ID:55704(1건)
[2026-07-14 17:16:04] INFO: [POLLING] 종료 | 큐: 0건 | 번들맵: 4개
[2026-07-14 17:16:14] INFO: [POLLING] 시작 | 큐: 0건 | 처리중: 4건 | 번들: ID:55698(1건), ID:55700(1건), ID:55701(1건), ID:55704(1건)
[2026-07-14 17:16:14] INFO: [POLLING] 종료 | 큐: 0건 | 번들맵: 4개
[2026-07-14 17:16:22] INFO: [REQ] contents=check-event | id=undefined
[2026-07-14 17:16:24] INFO: [POLLING] 시작 | 큐: 0건 | 처리중: 4건 | 번들: ID:55698(1건), ID:55700(1건), ID:55701(1건), ID:55704(1건)
[2026-07-14 17:16:24] INFO: [POLLING] 종료 | 큐: 0건 | 번들맵: 4개
[2026-07-14 17:16:34] INFO: [POLLING] 시작 | 큐: 0건 | 처리중: 4건 | 번들: ID:55698(1건), ID:55700(1건), ID:55701(1건), ID:55704(1건)
[2026-07-14 17:16:34] INFO: [POLLING] 종료 | 큐: 0건 | 번들맵: 4개
[2026-07-14 17:16:44] INFO: [POLLING] 시작 | 큐: 0건 | 처리중: 4건 | 번들: ID:55698(1건), ID:55700(1건), ID:55701(1건), ID:55704(1건)
[2026-07-14 17:16:44] INFO: [POLLING] 종료 | 큐: 0건 | 번들맵: 4개
[2026-07-14 17:16:54] INFO: [POLLING] 시작 | 큐: 0건 | 처리중: 4건 | 번들: ID:55698(1건), ID:55700(1건), ID:55701(1건), ID:55704(1건)
[2026-07-14 17:16:54] INFO: [POLLING] 종료 | 큐: 0건 | 번들맵: 4개
[2026-07-14 17:17:04] INFO: [POLLING] 시작 | 큐: 0건 | 처리중: 4건 | 번들: ID:55698(1건), ID:55700(1건), ID:55701(1건), ID:55704(1건)
[2026-07-14 17:17:04] INFO: [POLLING] 종료 | 큐: 0건 | 번들맵: 4개
[2026-07-14 17:17:14] INFO: [POLLING] 시작 | 큐: 0건 | 처리중: 4건 | 번들: ID:55698(1건), ID:55700(1건), ID:55701(1건), ID:55704(1건)
[2026-07-14 17:17:14] INFO: [POLLING] 종료 | 큐: 0건 | 번들맵: 4개
[2026-07-14 17:17:24] INFO: [POLLING] 시작 | 큐: 0건 | 처리중: 4건 | 번들: ID:55698(1건), ID:55700(1건), ID:55701(1건), ID:55704(1건)
[2026-07-14 17:17:24] INFO: [POLLING] 종료 | 큐: 0건 | 번들맵: 4개
[2026-07-14 17:17:26] INFO: [REQ] contents=check-event | id=undefined
[2026-07-14 17:17:34] INFO: [POLLING] 시작 | 큐: 0건 | 처리중: 4건 | 번들: ID:55698(1건), ID:55700(1건), ID:55701(1건), ID:55704(1건)
[2026-07-14 17:17:34] INFO: [POLLING] 종료 | 큐: 0건 | 번들맵: 4개
[2026-07-14 17:17:44] INFO: [POLLING] 시작 | 큐: 0건 | 처리중: 4건 | 번들: ID:55698(1건), ID:55700(1건), ID:55701(1건), ID:55704(1건)
[2026-07-14 17:17:44] INFO: [POLLING] 종료 | 큐: 0건 | 번들맵: 4개
[2026-07-14 17:17:54] INFO: [POLLING] 시작 | 큐: 0건 | 처리중: 4건 | 번들: ID:55698(1건), ID:55700(1건), ID:55701(1건), ID:55704(1건)
[2026-07-14 17:17:54] INFO: [POLLING] 종료 | 큐: 0건 | 번들맵: 4개
[2026-07-14 17:18:03] INFO: [REQ] contents=check-event | id=undefined
[2026-07-14 17:18:04] INFO: [POLLING] 시작 | 큐: 0건 | 처리중: 4건 | 번들: ID:55698(1건), ID:55700(1건), ID:55701(1건), ID:55704(1건)
[2026-07-14 17:18:04] INFO: [POLLING] 종료 | 큐: 0건 | 번들맵: 4개
[2026-07-14 17:18:14] INFO: [POLLING] 시작 | 큐: 0건 | 처리중: 4건 | 번들: ID:55698(1건), ID:55700(1건), ID:55701(1건), ID:55704(1건)
[2026-07-14 17:18:14] INFO: [POLLING] 종료 | 큐: 0건 | 번들맵: 4개
[2026-07-14 17:18:24] INFO: [POLLING] 시작 | 큐: 0건 | 처리중: 4건 | 번들: ID:55698(1건), ID:55700(1건), ID:55701(1건), ID:55704(1건)
[2026-07-14 17:18:24] INFO: [POLLING] 종료 | 큐: 0건 | 번들맵: 4개
[2026-07-14 17:18:34] INFO: [POLLING] 시작 | 큐: 0건 | 처리중: 4건 | 번들: ID:55698(1건), ID:55700(1건), ID:55701(1건), ID:55704(1건)
[2026-07-14 17:18:34] INFO: [POLLING] 종료 | 큐: 0건 | 번들맵: 4개
[2026-07-14 17:18:44] INFO: [POLLING] 시작 | 큐: 0건 | 처리중: 4건 | 번들: ID:55698(1건), ID:55700(1건), ID:55701(1건), ID:55704(1건)
[2026-07-14 17:18:44] INFO: [POLLING] 종료 | 큐: 0건 | 번들맵: 4개
[2026-07-14 17:18:54] INFO: [POLLING] 시작 | 큐: 0건 | 처리중: 4건 | 번들: ID:55698(1건), ID:55700(1건), ID:55701(1건), ID:55704(1건)
[2026-07-14 17:18:54] INFO: [POLLING] 종료 | 큐: 0건 | 번들맵: 4개
[2026-07-14 17:19:04] INFO: [POLLING] 시작 | 큐: 0건 | 처리중: 4건 | 번들: ID:55698(1건), ID:55700(1건), ID:55701(1건), ID:55704(1건)
[2026-07-14 17:19:04] INFO: [POLLING] 종료 | 큐: 0건 | 번들맵: 4개
[2026-07-14 17:19:06] INFO: [REQ] contents=check-event | id=undefined
[2026-07-14 17:19:14] INFO: [POLLING] 시작 | 큐: 0건 | 처리중: 4건 | 번들: ID:55698(1건), ID:55700(1건), ID:55701(1건), ID:55704(1건)
[2026-07-14 17:19:14] INFO: [POLLING] 종료 | 큐: 0건 | 번들맵: 4개
[2026-07-14 17:19:24] INFO: [POLLING] 시작 | 큐: 0건 | 처리중: 4건 | 번들: ID:55698(1건), ID:55700(1건), ID:55701(1건), ID:55704(1건)
[2026-07-14 17:19:24] INFO: [POLLING] 종료 | 큐: 0건 | 번들맵: 4개
[2026-07-14 17:19:33] INFO: [REQ] contents=check-event | id=undefined
[2026-07-14 17:19:34] INFO: [POLLING] 시작 | 큐: 0건 | 처리중: 4건 | 번들: ID:55698(1건), ID:55700(1건), ID:55701(1건), ID:55704(1건)
[2026-07-14 17:19:34] INFO: [POLLING] 종료 | 큐: 0건 | 번들맵: 4개
[2026-07-14 17:19:44] INFO: [POLLING] 시작 | 큐: 0건 | 처리중: 4건 | 번들: ID:55698(1건), ID:55700(1건), ID:55701(1건), ID:55704(1건)
[2026-07-14 17:19:45] INFO: [POLLING] 종료 | 큐: 0건 | 번들맵: 4개
[2026-07-14 17:19:54] INFO: [POLLING] 시작 | 큐: 0건 | 처리중: 4건 | 번들: ID:55698(1건), ID:55700(1건), ID:55701(1건), ID:55704(1건)
[2026-07-14 17:19:55] INFO: [POLLING] 종료 | 큐: 0건 | 번들맵: 4개
[2026-07-14 17:20:04] INFO: [POLLING] 시작 | 큐: 0건 | 처리중: 4건 | 번들: ID:55698(1건), ID:55700(1건), ID:55701(1건), ID:55704(1건)
[2026-07-14 17:20:05] INFO: [POLLING] 종료 | 큐: 0건 | 번들맵: 4개
[2026-07-14 17:20:14] INFO: [POLLING] 시작 | 큐: 0건 | 처리중: 4건 | 번들: ID:55698(1건), ID:55700(1건), ID:55701(1건), ID:55704(1건)
[2026-07-14 17:20:15] INFO: [POLLING] 종료 | 큐: 0건 | 번들맵: 4개
[2026-07-14 17:20:24] INFO: [POLLING] 시작 | 큐: 0건 | 처리중: 4건 | 번들: ID:55698(1건), ID:55700(1건), ID:55701(1건), ID:55704(1건)
[2026-07-14 17:20:25] INFO: [POLLING] 종료 | 큐: 0건 | 번들맵: 4개
[2026-07-14 17:20:34] INFO: [POLLING] 시작 | 큐: 0건 | 처리중: 4건 | 번들: ID:55698(1건), ID:55700(1건), ID:55701(1건), ID:55704(1건)
[2026-07-14 17:20:35] INFO: [POLLING] 종료 | 큐: 0건 | 번들맵: 4개
[2026-07-14 17:20:36] INFO: [REQ] contents=check-event | id=undefined
[2026-07-14 17:20:44] INFO: [POLLING] 시작 | 큐: 0건 | 처리중: 4건 | 번들: ID:55698(1건), ID:55700(1건), ID:55701(1건), ID:55704(1건)
[2026-07-14 17:20:45] INFO: [POLLING] 종료 | 큐: 0건 | 번들맵: 4개
[2026-07-14 17:20:55] INFO: [POLLING] 시작 | 큐: 0건 | 처리중: 4건 | 번들: ID:55698(1건), ID:55700(1건), ID:55701(1건), ID:55704(1건)
[2026-07-14 17:20:55] INFO: [POLLING] 종료 | 큐: 0건 | 번들맵: 4개
[2026-07-14 17:21:05] INFO: [POLLING] 시작 | 큐: 0건 | 처리중: 4건 | 번들: ID:55698(1건), ID:55700(1건), ID:55701(1건), ID:55704(1건)
[2026-07-14 17:21:05] INFO: [POLLING] 종료 | 큐: 0건 | 번들맵: 4개
[2026-07-14 17:21:15] INFO: [POLLING] 시작 | 큐: 0건 | 처리중: 4건 | 번들: ID:55698(1건), ID:55700(1건), ID:55701(1건), ID:55704(1건)
[2026-07-14 17:21:15] INFO: [POLLING] 종료 | 큐: 0건 | 번들맵: 4개
[2026-07-14 17:21:23] INFO: [REQ] contents=check-event | id=undefined
[2026-07-14 17:21:25] INFO: [POLLING] 시작 | 큐: 0건 | 처리중: 4건 | 번들: ID:55698(1건), ID:55700(1건), ID:55701(1건), ID:55704(1건)
[2026-07-14 17:21:25] INFO: [POLLING] 종료 | 큐: 0건 | 번들맵: 4개
[2026-07-14 17:21:35] INFO: [POLLING] 시작 | 큐: 0건 | 처리중: 4건 | 번들: ID:55698(1건), ID:55700(1건), ID:55701(1건), ID:55704(1건)
[2026-07-14 17:21:35] INFO: [POLLING] 종료 | 큐: 0건 | 번들맵: 4개
[2026-07-14 17:21:45] INFO: [POLLING] 시작 | 큐: 0건 | 처리중: 4건 | 번들: ID:55698(1건), ID:55700(1건), ID:55701(1건), ID:55704(1건)
[2026-07-14 17:21:45] INFO: [POLLING] 종료 | 큐: 0건 | 번들맵: 4개
[2026-07-14 17:21:55] INFO: [POLLING] 시작 | 큐: 0건 | 처리중: 4건 | 번들: ID:55698(1건), ID:55700(1건), ID:55701(1건), ID:55704(1건)
[2026-07-14 17:21:55] INFO: [POLLING] 종료 | 큐: 0건 | 번들맵: 4개
[2026-07-14 17:22:05] INFO: [POLLING] 시작 | 큐: 0건 | 처리중: 4건 | 번들: ID:55698(1건), ID:55700(1건), ID:55701(1건), ID:55704(1건)
[2026-07-14 17:22:05] INFO: [POLLING] 종료 | 큐: 0건 | 번들맵: 4개
[2026-07-14 17:22:15] INFO: [POLLING] 시작 | 큐: 0건 | 처리중: 4건 | 번들: ID:55698(1건), ID:55700(1건), ID:55701(1건), ID:55704(1건)
[2026-07-14 17:22:15] INFO: [POLLING] 종료 | 큐: 0건 | 번들맵: 4개
[2026-07-14 17:22:25] INFO: [POLLING] 시작 | 큐: 0건 | 처리중: 4건 | 번들: ID:55698(1건), ID:55700(1건), ID:55701(1건), ID:55704(1건)
[2026-07-14 17:22:25] INFO: [POLLING] 종료 | 큐: 0건 | 번들맵: 4개
[2026-07-14 17:22:26] INFO: [REQ] contents=check-event | id=undefined
[2026-07-14 17:22:35] INFO: [POLLING] 시작 | 큐: 0건 | 처리중: 4건 | 번들: ID:55698(1건), ID:55700(1건), ID:55701(1건), ID:55704(1건)
[2026-07-14 17:22:35] INFO: [POLLING] 종료 | 큐: 0건 | 번들맵: 4개
[2026-07-14 17:22:45] INFO: [POLLING] 시작 | 큐: 0건 | 처리중: 4건 | 번들: ID:55698(1건), ID:55700(1건), ID:55701(1건), ID:55704(1건)
[2026-07-14 17:22:45] INFO: [POLLING] 종료 | 큐: 0건 | 번들맵: 4개
[2026-07-14 17:22:55] INFO: [POLLING] 시작 | 큐: 0건 | 처리중: 4건 | 번들: ID:55698(1건), ID:55700(1건), ID:55701(1건), ID:55704(1건)
[2026-07-14 17:22:55] INFO: [POLLING] 종료 | 큐: 0건 | 번들맵: 4개
[2026-07-14 17:23:03] INFO: [REQ] contents=check-event | id=undefined
[2026-07-14 17:23:05] INFO: [POLLING] 시작 | 큐: 0건 | 처리중: 4건 | 번들: ID:55698(1건), ID:55700(1건), ID:55701(1건), ID:55704(1건)
[2026-07-14 17:23:05] INFO: [POLLING] 종료 | 큐: 0건 | 번들맵: 4개
[2026-07-14 17:23:15] INFO: [POLLING] 시작 | 큐: 0건 | 처리중: 4건 | 번들: ID:55698(1건), ID:55700(1건), ID:55701(1건), ID:55704(1건)
[2026-07-14 17:23:15] INFO: [POLLING] 종료 | 큐: 0건 | 번들맵: 4개
[2026-07-14 17:23:25] INFO: [POLLING] 시작 | 큐: 0건 | 처리중: 4건 | 번들: ID:55698(1건), ID:55700(1건), ID:55701(1건), ID:55704(1건)
[2026-07-14 17:23:25] INFO: [POLLING] 종료 | 큐: 0건 | 번들맵: 4개
[2026-07-14 17:23:35] INFO: [POLLING] 시작 | 큐: 0건 | 처리중: 4건 | 번들: ID:55698(1건), ID:55700(1건), ID:55701(1건), ID:55704(1건)
[2026-07-14 17:23:35] INFO: [POLLING] 종료 | 큐: 0건 | 번들맵: 4개
[2026-07-14 17:23:45] INFO: [POLLING] 시작 | 큐: 0건 | 처리중: 4건 | 번들: ID:55698(1건), ID:55700(1건), ID:55701(1건), ID:55704(1건)
[2026-07-14 17:23:45] INFO: [POLLING] 종료 | 큐: 0건 | 번들맵: 4개
[2026-07-14 17:23:55] INFO: [POLLING] 시작 | 큐: 0건 | 처리중: 4건 | 번들: ID:55698(1건), ID:55700(1건), ID:55701(1건), ID:55704(1건)
[2026-07-14 17:23:55] INFO: [POLLING] 종료 | 큐: 0건 | 번들맵: 4개
[2026-07-14 17:24:05] INFO: [POLLING] 시작 | 큐: 0건 | 처리중: 4건 | 번들: ID:55698(1건), ID:55700(1건), ID:55701(1건), ID:55704(1건)
[2026-07-14 17:24:05] INFO: [POLLING] 종료 | 큐: 0건 | 번들맵: 4개
[2026-07-14 17:24:07] INFO: [REQ] contents=check-event | id=undefined
[2026-07-14 17:24:15] INFO: [POLLING] 시작 | 큐: 0건 | 처리중: 4건 | 번들: ID:55698(1건), ID:55700(1건), ID:55701(1건), ID:55704(1건)
[2026-07-14 17:24:15] INFO: [POLLING] 종료 | 큐: 0건 | 번들맵: 4개
[2026-07-14 17:24:25] INFO: [POLLING] 시작 | 큐: 0건 | 처리중: 4건 | 번들: ID:55698(1건), ID:55700(1건), ID:55701(1건), ID:55704(1건)
[2026-07-14 17:24:25] INFO: [POLLING] 종료 | 큐: 0건 | 번들맵: 4개
[2026-07-14 17:24:33] INFO: [REQ] contents=check-event | id=undefined
[2026-07-14 17:24:35] INFO: [POLLING] 시작 | 큐: 0건 | 처리중: 4건 | 번들: ID:55698(1건), ID:55700(1건), ID:55701(1건), ID:55704(1건)
[2026-07-14 17:24:35] INFO: [POLLING] 종료 | 큐: 0건 | 번들맵: 4개
[2026-07-14 17:24:45] INFO: [POLLING] 시작 | 큐: 0건 | 처리중: 4건 | 번들: ID:55698(1건), ID:55700(1건), ID:55701(1건), ID:55704(1건)
[2026-07-14 17:24:45] INFO: [POLLING] 종료 | 큐: 0건 | 번들맵: 4개
[2026-07-14 17:24:55] INFO: [POLLING] 시작 | 큐: 0건 | 처리중: 4건 | 번들: ID:55698(1건), ID:55700(1건), ID:55701(1건), ID:55704(1건)
[2026-07-14 17:24:55] INFO: [POLLING] 종료 | 큐: 0건 | 번들맵: 4개
[2026-07-14 17:25:05] INFO: [POLLING] 시작 | 큐: 0건 | 처리중: 4건 | 번들: ID:55698(1건), ID:55700(1건), ID:55701(1건), ID:55704(1건)
[2026-07-14 17:25:05] INFO: [POLLING] 종료 | 큐: 0건 | 번들맵: 4개
[2026-07-14 17:25:15] INFO: [POLLING] 시작 | 큐: 0건 | 처리중: 4건 | 번들: ID:55698(1건), ID:55700(1건), ID:55701(1건), ID:55704(1건)
[2026-07-14 17:25:15] INFO: [POLLING] 종료 | 큐: 0건 | 번들맵: 4개
[2026-07-14 17:25:25] INFO: [POLLING] 시작 | 큐: 0건 | 처리중: 4건 | 번들: ID:55698(1건), ID:55700(1건), ID:55701(1건), ID:55704(1건)
[2026-07-14 17:25:25] INFO: [POLLING] 종료 | 큐: 0건 | 번들맵: 4개
[2026-07-14 17:25:35] INFO: [POLLING] 시작 | 큐: 0건 | 처리중: 4건 | 번들: ID:55698(1건), ID:55700(1건), ID:55701(1건), ID:55704(1건)
[2026-07-14 17:25:35] INFO: [POLLING] 종료 | 큐: 0건 | 번들맵: 4개
[2026-07-14 17:25:37] INFO: [REQ] contents=check-event | id=undefined
[2026-07-14 17:25:45] INFO: [POLLING] 시작 | 큐: 0건 | 처리중: 4건 | 번들: ID:55698(1건), ID:55700(1건), ID:55701(1건), ID:55704(1건)
[2026-07-14 17:25:45] INFO: [POLLING] 종료 | 큐: 0건 | 번들맵: 4개
[2026-07-14 17:25:55] INFO: [POLLING] 시작 | 큐: 0건 | 처리중: 4건 | 번들: ID:55698(1건), ID:55700(1건), ID:55701(1건), ID:55704(1건)
[2026-07-14 17:25:55] INFO: [POLLING] 종료 | 큐: 0건 | 번들맵: 4개
[2026-07-14 17:26:05] INFO: [POLLING] 시작 | 큐: 0건 | 처리중: 4건 | 번들: ID:55698(1건), ID:55700(1건), ID:55701(1건), ID:55704(1건)
[2026-07-14 17:26:05] INFO: [POLLING] 종료 | 큐: 0건 | 번들맵: 4개
[2026-07-14 17:26:15] INFO: [POLLING] 시작 | 큐: 0건 | 처리중: 4건 | 번들: ID:55698(1건), ID:55700(1건), ID:55701(1건), ID:55704(1건)
[2026-07-14 17:26:15] INFO: [POLLING] 종료 | 큐: 0건 | 번들맵: 4개
[2026-07-14 17:26:23] INFO: [REQ] contents=check-event | id=undefined
[2026-07-14 17:26:25] INFO: [POLLING] 시작 | 큐: 0건 | 처리중: 4건 | 번들: ID:55698(1건), ID:55700(1건), ID:55701(1건), ID:55704(1건)
[2026-07-14 17:26:25] INFO: [POLLING] 종료 | 큐: 0건 | 번들맵: 4개
[2026-07-14 17:26:35] INFO: [POLLING] 시작 | 큐: 0건 | 처리중: 4건 | 번들: ID:55698(1건), ID:55700(1건), ID:55701(1건), ID:55704(1건)
[2026-07-14 17:26:35] INFO: [POLLING] 종료 | 큐: 0건 | 번들맵: 4개
[2026-07-14 17:26:45] INFO: [POLLING] 시작 | 큐: 0건 | 처리중: 4건 | 번들: ID:55698(1건), ID:55700(1건), ID:55701(1건), ID:55704(1건)
[2026-07-14 17:26:45] INFO: [POLLING] 종료 | 큐: 0건 | 번들맵: 4개
[2026-07-14 17:26:55] INFO: [POLLING] 시작 | 큐: 0건 | 처리중: 4건 | 번들: ID:55698(1건), ID:55700(1건), ID:55701(1건), ID:55704(1건)
[2026-07-14 17:26:55] INFO: [POLLING] 종료 | 큐: 0건 | 번들맵: 4개
[2026-07-14 17:27:05] INFO: [POLLING] 시작 | 큐: 0건 | 처리중: 4건 | 번들: ID:55698(1건), ID:55700(1건), ID:55701(1건), ID:55704(1건)
[2026-07-14 17:27:05] INFO: [POLLING] 종료 | 큐: 0건 | 번들맵: 4개
[2026-07-14 17:27:15] INFO: [POLLING] 시작 | 큐: 0건 | 처리중: 4건 | 번들: ID:55698(1건), ID:55700(1건), ID:55701(1건), ID:55704(1건)
[2026-07-14 17:27:15] INFO: [POLLING] 종료 | 큐: 0건 | 번들맵: 4개
[2026-07-14 17:27:25] INFO: [POLLING] 시작 | 큐: 0건 | 처리중: 4건 | 번들: ID:55698(1건), ID:55700(1건), ID:55701(1건), ID:55704(1건)
[2026-07-14 17:27:25] INFO: [POLLING] 종료 | 큐: 0건 | 번들맵: 4개
[2026-07-14 17:27:27] INFO: [REQ] contents=check-event | id=undefined
[2026-07-14 17:27:35] INFO: [POLLING] 시작 | 큐: 0건 | 처리중: 4건 | 번들: ID:55698(1건), ID:55700(1건), ID:55701(1건), ID:55704(1건)
[2026-07-14 17:27:35] INFO: [POLLING] 종료 | 큐: 0건 | 번들맵: 4개
[2026-07-14 17:27:45] INFO: [POLLING] 시작 | 큐: 0건 | 처리중: 4건 | 번들: ID:55698(1건), ID:55700(1건), ID:55701(1건), ID:55704(1건)
[2026-07-14 17:27:45] INFO: [POLLING] 종료 | 큐: 0건 | 번들맵: 4개
[2026-07-14 17:27:55] INFO: [POLLING] 시작 | 큐: 0건 | 처리중: 4건 | 번들: ID:55698(1건), ID:55700(1건), ID:55701(1건), ID:55704(1건)
[2026-07-14 17:27:55] INFO: [POLLING] 종료 | 큐: 0건 | 번들맵: 4개
[2026-07-14 17:28:04] INFO: [REQ] contents=check-event | id=undefined
[2026-07-14 17:28:05] INFO: [POLLING] 시작 | 큐: 0건 | 처리중: 4건 | 번들: ID:55698(1건), ID:55700(1건), ID:55701(1건), ID:55704(1건)
[2026-07-14 17:28:05] INFO: [POLLING] 종료 | 큐: 0건 | 번들맵: 4개
[2026-07-14 17:28:15] INFO: [POLLING] 시작 | 큐: 0건 | 처리중: 4건 | 번들: ID:55698(1건), ID:55700(1건), ID:55701(1건), ID:55704(1건)
[2026-07-14 17:28:15] INFO: [POLLING] 종료 | 큐: 0건 | 번들맵: 4개
[2026-07-14 17:28:25] INFO: [POLLING] 시작 | 큐: 0건 | 처리중: 4건 | 번들: ID:55698(1건), ID:55700(1건), ID:55701(1건), ID:55704(1건)
[2026-07-14 17:28:25] INFO: [POLLING] 종료 | 큐: 0건 | 번들맵: 4개
[2026-07-14 17:28:35] INFO: [POLLING] 시작 | 큐: 0건 | 처리중: 4건 | 번들: ID:55698(1건), ID:55700(1건), ID:55701(1건), ID:55704(1건)
[2026-07-14 17:28:35] INFO: [POLLING] 종료 | 큐: 0건 | 번들맵: 4개
[2026-07-14 17:28:45] INFO: [POLLING] 시작 | 큐: 0건 | 처리중: 4건 | 번들: ID:55698(1건), ID:55700(1건), ID:55701(1건), ID:55704(1건)
[2026-07-14 17:28:45] INFO: [POLLING] 종료 | 큐: 0건 | 번들맵: 4개
[2026-07-14 17:28:55] INFO: [POLLING] 시작 | 큐: 0건 | 처리중: 4건 | 번들: ID:55698(1건), ID:55700(1건), ID:55701(1건), ID:55704(1건)
[2026-07-14 17:28:55] INFO: [POLLING] 종료 | 큐: 0건 | 번들맵: 4개
[2026-07-14 17:29:05] INFO: [POLLING] 시작 | 큐: 0건 | 처리중: 4건 | 번들: ID:55698(1건), ID:55700(1건), ID:55701(1건), ID:55704(1건)
[2026-07-14 17:29:05] INFO: [POLLING] 종료 | 큐: 0건 | 번들맵: 4개
[2026-07-14 17:29:07] INFO: [REQ] contents=check-event | id=undefined
[2026-07-14 17:29:15] INFO: [POLLING] 시작 | 큐: 0건 | 처리중: 4건 | 번들: ID:55698(1건), ID:55700(1건), ID:55701(1건), ID:55704(1건)
[2026-07-14 17:29:15] INFO: [POLLING] 종료 | 큐: 0건 | 번들맵: 4개
[2026-07-14 17:29:25] INFO: [POLLING] 시작 | 큐: 0건 | 처리중: 4건 | 번들: ID:55698(1건), ID:55700(1건), ID:55701(1건), ID:55704(1건)
[2026-07-14 17:29:25] INFO: [POLLING] 종료 | 큐: 0건 | 번들맵: 4개
[2026-07-14 17:29:34] INFO: [REQ] contents=check-event | id=undefined
[2026-07-14 17:29:35] INFO: [POLLING] 시작 | 큐: 0건 | 처리중: 4건 | 번들: ID:55698(1건), ID:55700(1건), ID:55701(1건), ID:55704(1건)
[2026-07-14 17:29:35] INFO: [POLLING] 종료 | 큐: 0건 | 번들맵: 4개
[2026-07-14 17:29:45] INFO: [POLLING] 시작 | 큐: 0건 | 처리중: 4건 | 번들: ID:55698(1건), ID:55700(1건), ID:55701(1건), ID:55704(1건)
[2026-07-14 17:29:45] INFO: [POLLING] 종료 | 큐: 0건 | 번들맵: 4개
[2026-07-14 17:29:55] INFO: [POLLING] 시작 | 큐: 0건 | 처리중: 4건 | 번들: ID:55698(1건), ID:55700(1건), ID:55701(1건), ID:55704(1건)
[2026-07-14 17:29:55] INFO: [POLLING] 종료 | 큐: 0건 | 번들맵: 4개
[2026-07-14 17:30:05] INFO: [POLLING] 시작 | 큐: 0건 | 처리중: 4건 | 번들: ID:55698(1건), ID:55700(1건), ID:55701(1건), ID:55704(1건)
[2026-07-14 17:30:05] INFO: [POLLING] 종료 | 큐: 0건 | 번들맵: 4개
[2026-07-14 17:30:15] INFO: [POLLING] 시작 | 큐: 0건 | 처리중: 4건 | 번들: ID:55698(1건), ID:55700(1건), ID:55701(1건), ID:55704(1건)
[2026-07-14 17:30:15] INFO: [POLLING] 종료 | 큐: 0건 | 번들맵: 4개
[2026-07-14 17:30:25] INFO: [POLLING] 시작 | 큐: 0건 | 처리중: 4건 | 번들: ID:55698(1건), ID:55700(1건), ID:55701(1건), ID:55704(1건)
[2026-07-14 17:30:25] INFO: [POLLING] 종료 | 큐: 0건 | 번들맵: 4개
[2026-07-14 17:30:35] INFO: [POLLING] 시작 | 큐: 0건 | 처리중: 4건 | 번들: ID:55698(1건), ID:55700(1건), ID:55701(1건), ID:55704(1건)
[2026-07-14 17:30:35] INFO: [POLLING] 종료 | 큐: 0건 | 번들맵: 4개
[2026-07-14 17:30:37] INFO: [REQ] contents=check-event | id=undefined
[2026-07-14 17:30:45] INFO: [POLLING] 시작 | 큐: 0건 | 처리중: 4건 | 번들: ID:55698(1건), ID:55700(1건), ID:55701(1건), ID:55704(1건)
[2026-07-14 17:30:45] INFO: [POLLING] 종료 | 큐: 0건 | 번들맵: 4개
[2026-07-14 17:30:55] INFO: [POLLING] 시작 | 큐: 0건 | 처리중: 4건 | 번들: ID:55698(1건), ID:55700(1건), ID:55701(1건), ID:55704(1건)
[2026-07-14 17:30:55] INFO: [POLLING] 종료 | 큐: 0건 | 번들맵: 4개
[2026-07-14 17:31:05] INFO: [POLLING] 시작 | 큐: 0건 | 처리중: 4건 | 번들: ID:55698(1건), ID:55700(1건), ID:55701(1건), ID:55704(1건)
[2026-07-14 17:31:05] INFO: [POLLING] 종료 | 큐: 0건 | 번들맵: 4개
[2026-07-14 17:31:15] INFO: [POLLING] 시작 | 큐: 0건 | 처리중: 4건 | 번들: ID:55698(1건), ID:55700(1건), ID:55701(1건), ID:55704(1건)
[2026-07-14 17:31:15] INFO: [POLLING] 종료 | 큐: 0건 | 번들맵: 4개
[2026-07-14 17:31:24] INFO: [REQ] contents=check-event | id=undefined
[2026-07-14 17:31:25] INFO: [POLLING] 시작 | 큐: 0건 | 처리중: 4건 | 번들: ID:55698(1건), ID:55700(1건), ID:55701(1건), ID:55704(1건)
[2026-07-14 17:31:25] INFO: [POLLING] 종료 | 큐: 0건 | 번들맵: 4개
[2026-07-14 17:31:35] INFO: [POLLING] 시작 | 큐: 0건 | 처리중: 4건 | 번들: ID:55698(1건), ID:55700(1건), ID:55701(1건), ID:55704(1건)
[2026-07-14 17:31:35] INFO: [POLLING] 종료 | 큐: 0건 | 번들맵: 4개
[2026-07-14 17:31:45] INFO: [POLLING] 시작 | 큐: 0건 | 처리중: 4건 | 번들: ID:55698(1건), ID:55700(1건), ID:55701(1건), ID:55704(1건)
[2026-07-14 17:31:45] INFO: [POLLING] 종료 | 큐: 0건 | 번들맵: 4개
[2026-07-14 17:31:55] INFO: [POLLING] 시작 | 큐: 0건 | 처리중: 4건 | 번들: ID:55698(1건), ID:55700(1건), ID:55701(1건), ID:55704(1건)
[2026-07-14 17:31:55] INFO: [POLLING] 종료 | 큐: 0건 | 번들맵: 4개
[2026-07-14 17:32:05] INFO: [POLLING] 시작 | 큐: 0건 | 처리중: 4건 | 번들: ID:55698(1건), ID:55700(1건), ID:55701(1건), ID:55704(1건)
[2026-07-14 17:32:05] INFO: [POLLING] 종료 | 큐: 0건 | 번들맵: 4개
[2026-07-14 17:32:15] INFO: [POLLING] 시작 | 큐: 0건 | 처리중: 4건 | 번들: ID:55698(1건), ID:55700(1건), ID:55701(1건), ID:55704(1건)
[2026-07-14 17:32:15] INFO: [POLLING] 종료 | 큐: 0건 | 번들맵: 4개
[2026-07-14 17:32:25] INFO: [POLLING] 시작 | 큐: 0건 | 처리중: 4건 | 번들: ID:55698(1건), ID:55700(1건), ID:55701(1건), ID:55704(1건)
[2026-07-14 17:32:25] INFO: [POLLING] 종료 | 큐: 0건 | 번들맵: 4개
[2026-07-14 17:32:27] INFO: [REQ] contents=check-event | id=undefined
[2026-07-14 17:32:35] INFO: [POLLING] 시작 | 큐: 0건 | 처리중: 4건 | 번들: ID:55698(1건), ID:55700(1건), ID:55701(1건), ID:55704(1건)
[2026-07-14 17:32:35] INFO: [POLLING] 종료 | 큐: 0건 | 번들맵: 4개
[2026-07-14 17:32:45] INFO: [POLLING] 시작 | 큐: 0건 | 처리중: 4건 | 번들: ID:55698(1건), ID:55700(1건), ID:55701(1건), ID:55704(1건)
[2026-07-14 17:32:45] INFO: [POLLING] 종료 | 큐: 0건 | 번들맵: 4개
[2026-07-14 17:32:55] INFO: [POLLING] 시작 | 큐: 0건 | 처리중: 4건 | 번들: ID:55698(1건), ID:55700(1건), ID:55701(1건), ID:55704(1건)
[2026-07-14 17:32:55] INFO: [POLLING] 종료 | 큐: 0건 | 번들맵: 4개
[2026-07-14 17:33:04] INFO: [REQ] contents=check-event | id=undefined
[2026-07-14 17:33:05] INFO: [POLLING] 시작 | 큐: 0건 | 처리중: 4건 | 번들: ID:55698(1건), ID:55700(1건), ID:55701(1건), ID:55704(1건)
[2026-07-14 17:33:05] INFO: [POLLING] 종료 | 큐: 0건 | 번들맵: 4개
[2026-07-14 17:33:15] INFO: [POLLING] 시작 | 큐: 0건 | 처리중: 4건 | 번들: ID:55698(1건), ID:55700(1건), ID:55701(1건), ID:55704(1건)
[2026-07-14 17:33:15] INFO: [POLLING] 종료 | 큐: 0건 | 번들맵: 4개
[2026-07-14 17:33:25] INFO: [POLLING] 시작 | 큐: 0건 | 처리중: 4건 | 번들: ID:55698(1건), ID:55700(1건), ID:55701(1건), ID:55704(1건)
[2026-07-14 17:33:25] INFO: [POLLING] 종료 | 큐: 0건 | 번들맵: 4개
[2026-07-14 17:33:35] INFO: [POLLING] 시작 | 큐: 0건 | 처리중: 4건 | 번들: ID:55698(1건), ID:55700(1건), ID:55701(1건), ID:55704(1건)
[2026-07-14 17:33:35] INFO: [POLLING] 종료 | 큐: 0건 | 번들맵: 4개
[2026-07-14 17:33:45] INFO: [POLLING] 시작 | 큐: 0건 | 처리중: 4건 | 번들: ID:55698(1건), ID:55700(1건), ID:55701(1건), ID:55704(1건)
[2026-07-14 17:33:45] INFO: [POLLING] 종료 | 큐: 0건 | 번들맵: 4개
[2026-07-14 17:33:55] INFO: [POLLING] 시작 | 큐: 0건 | 처리중: 4건 | 번들: ID:55698(1건), ID:55700(1건), ID:55701(1건), ID:55704(1건)
[2026-07-14 17:33:55] INFO: [POLLING] 종료 | 큐: 0건 | 번들맵: 4개
[2026-07-14 17:34:05] INFO: [POLLING] 시작 | 큐: 0건 | 처리중: 4건 | 번들: ID:55698(1건), ID:55700(1건), ID:55701(1건), ID:55704(1건)
[2026-07-14 17:34:05] INFO: [POLLING] 종료 | 큐: 0건 | 번들맵: 4개
[2026-07-14 17:34:08] INFO: [REQ] contents=check-event | id=undefined
[2026-07-14 17:34:15] INFO: [POLLING] 시작 | 큐: 0건 | 처리중: 4건 | 번들: ID:55698(1건), ID:55700(1건), ID:55701(1건), ID:55704(1건)
[2026-07-14 17:34:15] INFO: [POLLING] 종료 | 큐: 0건 | 번들맵: 4개
[2026-07-14 17:34:25] INFO: [POLLING] 시작 | 큐: 0건 | 처리중: 4건 | 번들: ID:55698(1건), ID:55700(1건), ID:55701(1건), ID:55704(1건)
[2026-07-14 17:34:25] INFO: [POLLING] 종료 | 큐: 0건 | 번들맵: 4개
[2026-07-14 17:34:34] INFO: [REQ] contents=check-event | id=undefined
[2026-07-14 17:34:35] INFO: [POLLING] 시작 | 큐: 0건 | 처리중: 4건 | 번들: ID:55698(1건), ID:55700(1건), ID:55701(1건), ID:55704(1건)
[2026-07-14 17:34:35] INFO: [POLLING] 종료 | 큐: 0건 | 번들맵: 4개
[2026-07-14 17:34:45] INFO: [POLLING] 시작 | 큐: 0건 | 처리중: 4건 | 번들: ID:55698(1건), ID:55700(1건), ID:55701(1건), ID:55704(1건)
[2026-07-14 17:34:45] INFO: [POLLING] 종료 | 큐: 0건 | 번들맵: 4개
[2026-07-14 17:34:55] INFO: [POLLING] 시작 | 큐: 0건 | 처리중: 4건 | 번들: ID:55698(1건), ID:55700(1건), ID:55701(1건), ID:55704(1건)
[2026-07-14 17:34:55] INFO: [POLLING] 종료 | 큐: 0건 | 번들맵: 4개
[2026-07-14 17:35:05] INFO: [POLLING] 시작 | 큐: 0건 | 처리중: 4건 | 번들: ID:55698(1건), ID:55700(1건), ID:55701(1건), ID:55704(1건)
[2026-07-14 17:35:05] INFO: [POLLING] 종료 | 큐: 0건 | 번들맵: 4개
[2026-07-14 17:35:15] INFO: [POLLING] 시작 | 큐: 0건 | 처리중: 4건 | 번들: ID:55698(1건), ID:55700(1건), ID:55701(1건), ID:55704(1건)
[2026-07-14 17:35:15] INFO: [POLLING] 종료 | 큐: 0건 | 번들맵: 4개
[2026-07-14 17:35:25] INFO: [POLLING] 시작 | 큐: 0건 | 처리중: 4건 | 번들: ID:55698(1건), ID:55700(1건), ID:55701(1건), ID:55704(1건)
[2026-07-14 17:35:25] INFO: [POLLING] 종료 | 큐: 0건 | 번들맵: 4개
[2026-07-14 17:35:35] INFO: [POLLING] 시작 | 큐: 0건 | 처리중: 4건 | 번들: ID:55698(1건), ID:55700(1건), ID:55701(1건), ID:55704(1건)
[2026-07-14 17:35:35] INFO: [POLLING] 종료 | 큐: 0건 | 번들맵: 4개
[2026-07-14 17:35:38] INFO: [REQ] contents=check-event | id=undefined
[2026-07-14 17:35:45] INFO: [POLLING] 시작 | 큐: 0건 | 처리중: 4건 | 번들: ID:55698(1건), ID:55700(1건), ID:55701(1건), ID:55704(1건)
[2026-07-14 17:35:45] INFO: [POLLING] 종료 | 큐: 0건 | 번들맵: 4개
[2026-07-14 17:35:55] INFO: [POLLING] 시작 | 큐: 0건 | 처리중: 4건 | 번들: ID:55698(1건), ID:55700(1건), ID:55701(1건), ID:55704(1건)
[2026-07-14 17:35:55] INFO: [POLLING] 종료 | 큐: 0건 | 번들맵: 4개
[2026-07-14 17:36:05] INFO: [POLLING] 시작 | 큐: 0건 | 처리중: 4건 | 번들: ID:55698(1건), ID:55700(1건), ID:55701(1건), ID:55704(1건)
[2026-07-14 17:36:05] INFO: [POLLING] 종료 | 큐: 0건 | 번들맵: 4개
[2026-07-14 17:36:15] INFO: [POLLING] 시작 | 큐: 0건 | 처리중: 4건 | 번들: ID:55698(1건), ID:55700(1건), ID:55701(1건), ID:55704(1건)
[2026-07-14 17:36:15] INFO: [POLLING] 종료 | 큐: 0건 | 번들맵: 4개
[2026-07-14 17:36:24] INFO: [REQ] contents=check-event | id=undefined
[2026-07-14 17:36:25] INFO: [POLLING] 시작 | 큐: 0건 | 처리중: 4건 | 번들: ID:55698(1건), ID:55700(1건), ID:55701(1건), ID:55704(1건)
[2026-07-14 17:36:25] INFO: [POLLING] 종료 | 큐: 0건 | 번들맵: 4개
[2026-07-14 17:36:35] INFO: [POLLING] 시작 | 큐: 0건 | 처리중: 4건 | 번들: ID:55698(1건), ID:55700(1건), ID:55701(1건), ID:55704(1건)
[2026-07-14 17:36:35] INFO: [POLLING] 종료 | 큐: 0건 | 번들맵: 4개
[2026-07-14 17:36:45] INFO: [POLLING] 시작 | 큐: 0건 | 처리중: 4건 | 번들: ID:55698(1건), ID:55700(1건), ID:55701(1건), ID:55704(1건)
[2026-07-14 17:36:45] INFO: [POLLING] 종료 | 큐: 0건 | 번들맵: 4개
[2026-07-14 17:36:55] INFO: [POLLING] 시작 | 큐: 0건 | 처리중: 4건 | 번들: ID:55698(1건), ID:55700(1건), ID:55701(1건), ID:55704(1건)
[2026-07-14 17:36:55] INFO: [POLLING] 종료 | 큐: 0건 | 번들맵: 4개
[2026-07-14 17:37:05] INFO: [POLLING] 시작 | 큐: 0건 | 처리중: 4건 | 번들: ID:55698(1건), ID:55700(1건), ID:55701(1건), ID:55704(1건)
[2026-07-14 17:37:05] INFO: [POLLING] 종료 | 큐: 0건 | 번들맵: 4개
[2026-07-14 17:37:15] INFO: [POLLING] 시작 | 큐: 0건 | 처리중: 4건 | 번들: ID:55698(1건), ID:55700(1건), ID:55701(1건), ID:55704(1건)
[2026-07-14 17:37:15] INFO: [POLLING] 종료 | 큐: 0건 | 번들맵: 4개
[2026-07-14 17:37:25] INFO: [POLLING] 시작 | 큐: 0건 | 처리중: 4건 | 번들: ID:55698(1건), ID:55700(1건), ID:55701(1건), ID:55704(1건)
[2026-07-14 17:37:26] INFO: [POLLING] 종료 | 큐: 0건 | 번들맵: 4개
[2026-07-14 17:37:28] INFO: [REQ] contents=check-event | id=undefined
[2026-07-14 17:37:35] INFO: [POLLING] 시작 | 큐: 0건 | 처리중: 4건 | 번들: ID:55698(1건), ID:55700(1건), ID:55701(1건), ID:55704(1건)
[2026-07-14 17:37:36] INFO: [POLLING] 종료 | 큐: 0건 | 번들맵: 4개
[2026-07-14 17:37:45] INFO: [POLLING] 시작 | 큐: 0건 | 처리중: 4건 | 번들: ID:55698(1건), ID:55700(1건), ID:55701(1건), ID:55704(1건)
[2026-07-14 17:37:46] INFO: [POLLING] 종료 | 큐: 0건 | 번들맵: 4개
[2026-07-14 17:37:55] INFO: [POLLING] 시작 | 큐: 0건 | 처리중: 4건 | 번들: ID:55698(1건), ID:55700(1건), ID:55701(1건), ID:55704(1건)
[2026-07-14 17:37:56] INFO: [POLLING] 종료 | 큐: 0건 | 번들맵: 4개
[2026-07-14 17:38:04] INFO: [REQ] contents=check-event | id=undefined
[2026-07-14 17:38:05] INFO: [POLLING] 시작 | 큐: 0건 | 처리중: 4건 | 번들: ID:55698(1건), ID:55700(1건), ID:55701(1건), ID:55704(1건)
[2026-07-14 17:38:06] INFO: [POLLING] 종료 | 큐: 0건 | 번들맵: 4개
[2026-07-14 17:38:15] INFO: [POLLING] 시작 | 큐: 0건 | 처리중: 4건 | 번들: ID:55698(1건), ID:55700(1건), ID:55701(1건), ID:55704(1건)
[2026-07-14 17:38:16] INFO: [POLLING] 종료 | 큐: 0건 | 번들맵: 4개
[2026-07-14 17:38:25] INFO: [POLLING] 시작 | 큐: 0건 | 처리중: 4건 | 번들: ID:55698(1건), ID:55700(1건), ID:55701(1건), ID:55704(1건)
[2026-07-14 17:38:26] INFO: [POLLING] 종료 | 큐: 0건 | 번들맵: 4개
[2026-07-14 17:38:36] INFO: [POLLING] 시작 | 큐: 0건 | 처리중: 4건 | 번들: ID:55698(1건), ID:55700(1건), ID:55701(1건), ID:55704(1건)
[2026-07-14 17:38:36] INFO: [POLLING] 종료 | 큐: 0건 | 번들맵: 4개
[2026-07-14 17:38:46] INFO: [POLLING] 시작 | 큐: 0건 | 처리중: 4건 | 번들: ID:55698(1건), ID:55700(1건), ID:55701(1건), ID:55704(1건)
[2026-07-14 17:38:46] INFO: [POLLING] 종료 | 큐: 0건 | 번들맵: 4개
[2026-07-14 17:38:56] INFO: [POLLING] 시작 | 큐: 0건 | 처리중: 4건 | 번들: ID:55698(1건), ID:55700(1건), ID:55701(1건), ID:55704(1건)
[2026-07-14 17:38:56] INFO: [POLLING] 종료 | 큐: 0건 | 번들맵: 4개
[2026-07-14 17:39:06] INFO: [POLLING] 시작 | 큐: 0건 | 처리중: 4건 | 번들: ID:55698(1건), ID:55700(1건), ID:55701(1건), ID:55704(1건)
[2026-07-14 17:39:06] INFO: [POLLING] 종료 | 큐: 0건 | 번들맵: 4개
[2026-07-14 17:39:08] INFO: [REQ] contents=check-event | id=undefined
[2026-07-14 17:39:16] INFO: [POLLING] 시작 | 큐: 0건 | 처리중: 4건 | 번들: ID:55698(1건), ID:55700(1건), ID:55701(1건), ID:55704(1건)
[2026-07-14 17:39:16] INFO: [POLLING] 종료 | 큐: 0건 | 번들맵: 4개
[2026-07-14 17:39:26] INFO: [POLLING] 시작 | 큐: 0건 | 처리중: 4건 | 번들: ID:55698(1건), ID:55700(1건), ID:55701(1건), ID:55704(1건)
[2026-07-14 17:39:26] INFO: [POLLING] 종료 | 큐: 0건 | 번들맵: 4개
[2026-07-14 17:39:35] INFO: [REQ] contents=check-event | id=undefined
[2026-07-14 17:39:36] INFO: [POLLING] 시작 | 큐: 0건 | 처리중: 4건 | 번들: ID:55698(1건), ID:55700(1건), ID:55701(1건), ID:55704(1건)
[2026-07-14 17:39:36] INFO: [POLLING] 종료 | 큐: 0건 | 번들맵: 4개
[2026-07-14 17:39:46] INFO: [POLLING] 시작 | 큐: 0건 | 처리중: 4건 | 번들: ID:55698(1건), ID:55700(1건), ID:55701(1건), ID:55704(1건)
[2026-07-14 17:39:46] INFO: [POLLING] 종료 | 큐: 0건 | 번들맵: 4개
[2026-07-14 17:39:56] INFO: [POLLING] 시작 | 큐: 0건 | 처리중: 4건 | 번들: ID:55698(1건), ID:55700(1건), ID:55701(1건), ID:55704(1건)
[2026-07-14 17:39:56] INFO: [POLLING] 종료 | 큐: 0건 | 번들맵: 4개
[2026-07-14 17:40:06] INFO: [POLLING] 시작 | 큐: 0건 | 처리중: 4건 | 번들: ID:55698(1건), ID:55700(1건), ID:55701(1건), ID:55704(1건)
[2026-07-14 17:40:06] INFO: [POLLING] 종료 | 큐: 0건 | 번들맵: 4개
[2026-07-14 17:40:16] INFO: [POLLING] 시작 | 큐: 0건 | 처리중: 4건 | 번들: ID:55698(1건), ID:55700(1건), ID:55701(1건), ID:55704(1건)
[2026-07-14 17:40:16] INFO: [POLLING] 종료 | 큐: 0건 | 번들맵: 4개
[2026-07-14 17:40:26] INFO: [POLLING] 시작 | 큐: 0건 | 처리중: 4건 | 번들: ID:55698(1건), ID:55700(1건), ID:55701(1건), ID:55704(1건)
[2026-07-14 17:40:26] INFO: [POLLING] 종료 | 큐: 0건 | 번들맵: 4개
[2026-07-14 17:40:36] INFO: [POLLING] 시작 | 큐: 0건 | 처리중: 4건 | 번들: ID:55698(1건), ID:55700(1건), ID:55701(1건), ID:55704(1건)
[2026-07-14 17:40:36] INFO: [POLLING] 종료 | 큐: 0건 | 번들맵: 4개
[2026-07-14 17:40:38] INFO: [REQ] contents=check-event | id=undefined
[2026-07-14 17:40:46] INFO: [POLLING] 시작 | 큐: 0건 | 처리중: 4건 | 번들: ID:55698(1건), ID:55700(1건), ID:55701(1건), ID:55704(1건)
[2026-07-14 17:40:46] INFO: [POLLING] 종료 | 큐: 0건 | 번들맵: 4개
[2026-07-14 17:40:56] INFO: [POLLING] 시작 | 큐: 0건 | 처리중: 4건 | 번들: ID:55698(1건), ID:55700(1건), ID:55701(1건), ID:55704(1건)
[2026-07-14 17:40:56] INFO: [POLLING] 종료 | 큐: 0건 | 번들맵: 4개
[2026-07-14 17:41:06] INFO: [POLLING] 시작 | 큐: 0건 | 처리중: 4건 | 번들: ID:55698(1건), ID:55700(1건), ID:55701(1건), ID:55704(1건)
[2026-07-14 17:41:06] INFO: [POLLING] 종료 | 큐: 0건 | 번들맵: 4개
[2026-07-14 17:41:16] INFO: [POLLING] 시작 | 큐: 0건 | 처리중: 4건 | 번들: ID:55698(1건), ID:55700(1건), ID:55701(1건), ID:55704(1건)
[2026-07-14 17:41:16] INFO: [POLLING] 종료 | 큐: 0건 | 번들맵: 4개
[2026-07-14 17:41:25] INFO: [REQ] contents=check-event | id=undefined
[2026-07-14 17:41:26] INFO: [POLLING] 시작 | 큐: 0건 | 처리중: 4건 | 번들: ID:55698(1건), ID:55700(1건), ID:55701(1건), ID:55704(1건)
[2026-07-14 17:41:26] INFO: [POLLING] 종료 | 큐: 0건 | 번들맵: 4개
[2026-07-14 17:41:36] INFO: [POLLING] 시작 | 큐: 0건 | 처리중: 4건 | 번들: ID:55698(1건), ID:55700(1건), ID:55701(1건), ID:55704(1건)
[2026-07-14 17:41:36] INFO: [POLLING] 종료 | 큐: 0건 | 번들맵: 4개
[2026-07-14 17:41:46] INFO: [POLLING] 시작 | 큐: 0건 | 처리중: 4건 | 번들: ID:55698(1건), ID:55700(1건), ID:55701(1건), ID:55704(1건)
[2026-07-14 17:41:46] INFO: [POLLING] 종료 | 큐: 0건 | 번들맵: 4개
[2026-07-14 17:41:56] INFO: [POLLING] 시작 | 큐: 0건 | 처리중: 4건 | 번들: ID:55698(1건), ID:55700(1건), ID:55701(1건), ID:55704(1건)
[2026-07-14 17:41:56] INFO: [POLLING] 종료 | 큐: 0건 | 번들맵: 4개
[2026-07-14 17:42:06] INFO: [POLLING] 시작 | 큐: 0건 | 처리중: 4건 | 번들: ID:55698(1건), ID:55700(1건), ID:55701(1건), ID:55704(1건)
[2026-07-14 17:42:06] INFO: [POLLING] 종료 | 큐: 0건 | 번들맵: 4개
[2026-07-14 17:42:16] INFO: [POLLING] 시작 | 큐: 0건 | 처리중: 4건 | 번들: ID:55698(1건), ID:55700(1건), ID:55701(1건), ID:55704(1건)
[2026-07-14 17:42:16] INFO: [POLLING] 종료 | 큐: 0건 | 번들맵: 4개
[2026-07-14 17:42:26] INFO: [POLLING] 시작 | 큐: 0건 | 처리중: 4건 | 번들: ID:55698(1건), ID:55700(1건), ID:55701(1건), ID:55704(1건)
[2026-07-14 17:42:26] INFO: [POLLING] 종료 | 큐: 0건 | 번들맵: 4개
[2026-07-14 17:42:28] INFO: [REQ] contents=check-event | id=undefined
[2026-07-14 17:42:36] INFO: [POLLING] 시작 | 큐: 0건 | 처리중: 4건 | 번들: ID:55698(1건), ID:55700(1건), ID:55701(1건), ID:55704(1건)
[2026-07-14 17:42:36] INFO: [POLLING] 종료 | 큐: 0건 | 번들맵: 4개
[2026-07-14 17:42:46] INFO: [POLLING] 시작 | 큐: 0건 | 처리중: 4건 | 번들: ID:55698(1건), ID:55700(1건), ID:55701(1건), ID:55704(1건)
[2026-07-14 17:42:46] INFO: [POLLING] 종료 | 큐: 0건 | 번들맵: 4개
[2026-07-14 17:42:56] INFO: [POLLING] 시작 | 큐: 0건 | 처리중: 4건 | 번들: ID:55698(1건), ID:55700(1건), ID:55701(1건), ID:55704(1건)
[2026-07-14 17:42:56] INFO: [POLLING] 종료 | 큐: 0건 | 번들맵: 4개
[2026-07-14 17:43:05] INFO: [REQ] contents=check-event | id=undefined
[2026-07-14 17:43:06] INFO: [POLLING] 시작 | 큐: 0건 | 처리중: 4건 | 번들: ID:55698(1건), ID:55700(1건), ID:55701(1건), ID:55704(1건)
[2026-07-14 17:43:06] INFO: [POLLING] 종료 | 큐: 0건 | 번들맵: 4개
[2026-07-14 17:43:16] INFO: [POLLING] 시작 | 큐: 0건 | 처리중: 4건 | 번들: ID:55698(1건), ID:55700(1건), ID:55701(1건), ID:55704(1건)
[2026-07-14 17:43:16] INFO: [POLLING] 종료 | 큐: 0건 | 번들맵: 4개
[2026-07-14 17:43:26] INFO: [POLLING] 시작 | 큐: 0건 | 처리중: 4건 | 번들: ID:55698(1건), ID:55700(1건), ID:55701(1건), ID:55704(1건)
[2026-07-14 17:43:26] INFO: [POLLING] 종료 | 큐: 0건 | 번들맵: 4개
[2026-07-14 17:43:36] INFO: [POLLING] 시작 | 큐: 0건 | 처리중: 4건 | 번들: ID:55698(1건), ID:55700(1건), ID:55701(1건), ID:55704(1건)
[2026-07-14 17:43:36] INFO: [POLLING] 종료 | 큐: 0건 | 번들맵: 4개
[2026-07-14 17:43:46] INFO: [POLLING] 시작 | 큐: 0건 | 처리중: 4건 | 번들: ID:55698(1건), ID:55700(1건), ID:55701(1건), ID:55704(1건)
[2026-07-14 17:43:46] INFO: [POLLING] 종료 | 큐: 0건 | 번들맵: 4개
[2026-07-14 17:43:56] INFO: [POLLING] 시작 | 큐: 0건 | 처리중: 4건 | 번들: ID:55698(1건), ID:55700(1건), ID:55701(1건), ID:55704(1건)
[2026-07-14 17:43:56] INFO: [POLLING] 종료 | 큐: 0건 | 번들맵: 4개
[2026-07-14 17:44:06] INFO: [POLLING] 시작 | 큐: 0건 | 처리중: 4건 | 번들: ID:55698(1건), ID:55700(1건), ID:55701(1건), ID:55704(1건)
[2026-07-14 17:44:06] INFO: [POLLING] 종료 | 큐: 0건 | 번들맵: 4개
[2026-07-14 17:44:09] INFO: [REQ] contents=check-event | id=undefined
[2026-07-14 17:44:16] INFO: [POLLING] 시작 | 큐: 0건 | 처리중: 4건 | 번들: ID:55698(1건), ID:55700(1건), ID:55701(1건), ID:55704(1건)
[2026-07-14 17:44:16] INFO: [POLLING] 종료 | 큐: 0건 | 번들맵: 4개
[2026-07-14 17:44:26] INFO: [POLLING] 시작 | 큐: 0건 | 처리중: 4건 | 번들: ID:55698(1건), ID:55700(1건), ID:55701(1건), ID:55704(1건)
[2026-07-14 17:44:26] INFO: [POLLING] 종료 | 큐: 0건 | 번들맵: 4개
[2026-07-14 17:44:35] INFO: [REQ] contents=check-event | id=undefined
[2026-07-14 17:44:36] INFO: [POLLING] 시작 | 큐: 0건 | 처리중: 4건 | 번들: ID:55698(1건), ID:55700(1건), ID:55701(1건), ID:55704(1건)
[2026-07-14 17:44:36] INFO: [POLLING] 종료 | 큐: 0건 | 번들맵: 4개
[2026-07-14 17:44:46] INFO: [POLLING] 시작 | 큐: 0건 | 처리중: 4건 | 번들: ID:55698(1건), ID:55700(1건), ID:55701(1건), ID:55704(1건)
[2026-07-14 17:44:46] INFO: [POLLING] 종료 | 큐: 0건 | 번들맵: 4개
[2026-07-14 17:44:56] INFO: [POLLING] 시작 | 큐: 0건 | 처리중: 4건 | 번들: ID:55698(1건), ID:55700(1건), ID:55701(1건), ID:55704(1건)
[2026-07-14 17:44:56] INFO: [POLLING] 종료 | 큐: 0건 | 번들맵: 4개
[2026-07-14 17:45:06] INFO: [POLLING] 시작 | 큐: 0건 | 처리중: 4건 | 번들: ID:55698(1건), ID:55700(1건), ID:55701(1건), ID:55704(1건)
[2026-07-14 17:45:06] INFO: [POLLING] 종료 | 큐: 0건 | 번들맵: 4개
[2026-07-14 17:45:16] INFO: [POLLING] 시작 | 큐: 0건 | 처리중: 4건 | 번들: ID:55698(1건), ID:55700(1건), ID:55701(1건), ID:55704(1건)
[2026-07-14 17:45:16] INFO: [POLLING] 종료 | 큐: 0건 | 번들맵: 4개
[2026-07-14 17:45:26] INFO: [POLLING] 시작 | 큐: 0건 | 처리중: 4건 | 번들: ID:55698(1건), ID:55700(1건), ID:55701(1건), ID:55704(1건)
[2026-07-14 17:45:26] INFO: [POLLING] 종료 | 큐: 0건 | 번들맵: 4개
[2026-07-14 17:45:36] INFO: [POLLING] 시작 | 큐: 0건 | 처리중: 4건 | 번들: ID:55698(1건), ID:55700(1건), ID:55701(1건), ID:55704(1건)
[2026-07-14 17:45:36] INFO: [POLLING] 종료 | 큐: 0건 | 번들맵: 4개
[2026-07-14 17:45:39] INFO: [REQ] contents=check-event | id=undefined
[2026-07-14 17:45:46] INFO: [POLLING] 시작 | 큐: 0건 | 처리중: 4건 | 번들: ID:55698(1건), ID:55700(1건), ID:55701(1건), ID:55704(1건)
[2026-07-14 17:45:46] INFO: [POLLING] 종료 | 큐: 0건 | 번들맵: 4개
[2026-07-14 17:45:56] INFO: [POLLING] 시작 | 큐: 0건 | 처리중: 4건 | 번들: ID:55698(1건), ID:55700(1건), ID:55701(1건), ID:55704(1건)
[2026-07-14 17:45:56] INFO: [POLLING] 종료 | 큐: 0건 | 번들맵: 4개
[2026-07-14 17:46:06] INFO: [POLLING] 시작 | 큐: 0건 | 처리중: 4건 | 번들: ID:55698(1건), ID:55700(1건), ID:55701(1건), ID:55704(1건)
[2026-07-14 17:46:06] INFO: [POLLING] 종료 | 큐: 0건 | 번들맵: 4개
[2026-07-14 17:46:16] INFO: [POLLING] 시작 | 큐: 0건 | 처리중: 4건 | 번들: ID:55698(1건), ID:55700(1건), ID:55701(1건), ID:55704(1건)
[2026-07-14 17:46:16] INFO: [POLLING] 종료 | 큐: 0건 | 번들맵: 4개
[2026-07-14 17:46:25] INFO: [REQ] contents=check-event | id=undefined
[2026-07-14 17:46:26] INFO: [POLLING] 시작 | 큐: 0건 | 처리중: 4건 | 번들: ID:55698(1건), ID:55700(1건), ID:55701(1건), ID:55704(1건)
[2026-07-14 17:46:26] INFO: [POLLING] 종료 | 큐: 0건 | 번들맵: 4개
[2026-07-14 17:46:36] INFO: [POLLING] 시작 | 큐: 0건 | 처리중: 4건 | 번들: ID:55698(1건), ID:55700(1건), ID:55701(1건), ID:55704(1건)
[2026-07-14 17:46:36] INFO: [POLLING] 종료 | 큐: 0건 | 번들맵: 4개
[2026-07-14 17:46:46] INFO: [POLLING] 시작 | 큐: 0건 | 처리중: 4건 | 번들: ID:55698(1건), ID:55700(1건), ID:55701(1건), ID:55704(1건)
[2026-07-14 17:46:46] INFO: [POLLING] 종료 | 큐: 0건 | 번들맵: 4개
[2026-07-14 17:46:56] INFO: [POLLING] 시작 | 큐: 0건 | 처리중: 4건 | 번들: ID:55698(1건), ID:55700(1건), ID:55701(1건), ID:55704(1건)
[2026-07-14 17:46:56] INFO: [POLLING] 종료 | 큐: 0건 | 번들맵: 4개
[2026-07-14 17:47:06] INFO: [POLLING] 시작 | 큐: 0건 | 처리중: 4건 | 번들: ID:55698(1건), ID:55700(1건), ID:55701(1건), ID:55704(1건)
[2026-07-14 17:47:06] INFO: [POLLING] 종료 | 큐: 0건 | 번들맵: 4개
[2026-07-14 17:47:16] INFO: [POLLING] 시작 | 큐: 0건 | 처리중: 4건 | 번들: ID:55698(1건), ID:55700(1건), ID:55701(1건), ID:55704(1건)
[2026-07-14 17:47:16] INFO: [POLLING] 종료 | 큐: 0건 | 번들맵: 4개
[2026-07-14 17:47:26] INFO: [POLLING] 시작 | 큐: 0건 | 처리중: 4건 | 번들: ID:55698(1건), ID:55700(1건), ID:55701(1건), ID:55704(1건)
[2026-07-14 17:47:26] INFO: [POLLING] 종료 | 큐: 0건 | 번들맵: 4개
[2026-07-14 17:47:29] INFO: [REQ] contents=check-event | id=undefined
[2026-07-14 17:47:36] INFO: [POLLING] 시작 | 큐: 0건 | 처리중: 4건 | 번들: ID:55698(1건), ID:55700(1건), ID:55701(1건), ID:55704(1건)
[2026-07-14 17:47:36] INFO: [POLLING] 종료 | 큐: 0건 | 번들맵: 4개
[2026-07-14 17:47:46] INFO: [POLLING] 시작 | 큐: 0건 | 처리중: 4건 | 번들: ID:55698(1건), ID:55700(1건), ID:55701(1건), ID:55704(1건)
[2026-07-14 17:47:46] INFO: [POLLING] 종료 | 큐: 0건 | 번들맵: 4개
[2026-07-14 17:47:56] INFO: [POLLING] 시작 | 큐: 0건 | 처리중: 4건 | 번들: ID:55698(1건), ID:55700(1건), ID:55701(1건), ID:55704(1건)
[2026-07-14 17:47:56] INFO: [POLLING] 종료 | 큐: 0건 | 번들맵: 4개
[2026-07-14 17:48:05] INFO: [REQ] contents=check-event | id=undefined
[2026-07-14 17:48:06] INFO: [POLLING] 시작 | 큐: 0건 | 처리중: 4건 | 번들: ID:55698(1건), ID:55700(1건), ID:55701(1건), ID:55704(1건)
[2026-07-14 17:48:06] INFO: [POLLING] 종료 | 큐: 0건 | 번들맵: 4개
[2026-07-14 17:48:16] INFO: [POLLING] 시작 | 큐: 0건 | 처리중: 4건 | 번들: ID:55698(1건), ID:55700(1건), ID:55701(1건), ID:55704(1건)
[2026-07-14 17:48:16] INFO: [POLLING] 종료 | 큐: 0건 | 번들맵: 4개
[2026-07-14 17:48:26] INFO: [POLLING] 시작 | 큐: 0건 | 처리중: 4건 | 번들: ID:55698(1건), ID:55700(1건), ID:55701(1건), ID:55704(1건)
[2026-07-14 17:48:26] INFO: [POLLING] 종료 | 큐: 0건 | 번들맵: 4개
[2026-07-14 17:48:36] INFO: [POLLING] 시작 | 큐: 0건 | 처리중: 4건 | 번들: ID:55698(1건), ID:55700(1건), ID:55701(1건), ID:55704(1건)
[2026-07-14 17:48:36] INFO: [POLLING] 종료 | 큐: 0건 | 번들맵: 4개
[2026-07-14 17:48:46] INFO: [POLLING] 시작 | 큐: 0건 | 처리중: 4건 | 번들: ID:55698(1건), ID:55700(1건), ID:55701(1건), ID:55704(1건)
[2026-07-14 17:48:46] INFO: [POLLING] 종료 | 큐: 0건 | 번들맵: 4개
[2026-07-14 17:48:56] INFO: [POLLING] 시작 | 큐: 0건 | 처리중: 4건 | 번들: ID:55698(1건), ID:55700(1건), ID:55701(1건), ID:55704(1건)
[2026-07-14 17:48:56] INFO: [POLLING] 종료 | 큐: 0건 | 번들맵: 4개
[2026-07-14 17:49:06] INFO: [POLLING] 시작 | 큐: 0건 | 처리중: 4건 | 번들: ID:55698(1건), ID:55700(1건), ID:55701(1건), ID:55704(1건)
[2026-07-14 17:49:06] INFO: [POLLING] 종료 | 큐: 0건 | 번들맵: 4개
[2026-07-14 17:49:09] INFO: [REQ] contents=check-event | id=undefined
[2026-07-14 17:49:16] INFO: [POLLING] 시작 | 큐: 0건 | 처리중: 4건 | 번들: ID:55698(1건), ID:55700(1건), ID:55701(1건), ID:55704(1건)
[2026-07-14 17:49:16] INFO: [POLLING] 종료 | 큐: 0건 | 번들맵: 4개
[2026-07-14 17:49:26] INFO: [POLLING] 시작 | 큐: 0건 | 처리중: 4건 | 번들: ID:55698(1건), ID:55700(1건), ID:55701(1건), ID:55704(1건)
[2026-07-14 17:49:26] INFO: [POLLING] 종료 | 큐: 0건 | 번들맵: 4개
[2026-07-14 17:49:36] INFO: [REQ] contents=check-event | id=undefined
[2026-07-14 17:49:36] INFO: [POLLING] 시작 | 큐: 0건 | 처리중: 4건 | 번들: ID:55698(1건), ID:55700(1건), ID:55701(1건), ID:55704(1건)
[2026-07-14 17:49:36] INFO: [POLLING] 종료 | 큐: 0건 | 번들맵: 4개
[2026-07-14 17:49:46] INFO: [POLLING] 시작 | 큐: 0건 | 처리중: 4건 | 번들: ID:55698(1건), ID:55700(1건), ID:55701(1건), ID:55704(1건)
[2026-07-14 17:49:46] INFO: [POLLING] 종료 | 큐: 0건 | 번들맵: 4개
[2026-07-14 17:49:56] INFO: [POLLING] 시작 | 큐: 0건 | 처리중: 4건 | 번들: ID:55698(1건), ID:55700(1건), ID:55701(1건), ID:55704(1건)
[2026-07-14 17:49:56] INFO: [POLLING] 종료 | 큐: 0건 | 번들맵: 4개
[2026-07-14 17:50:06] INFO: [POLLING] 시작 | 큐: 0건 | 처리중: 4건 | 번들: ID:55698(1건), ID:55700(1건), ID:55701(1건), ID:55704(1건)
[2026-07-14 17:50:06] INFO: [POLLING] 종료 | 큐: 0건 | 번들맵: 4개
[2026-07-14 17:50:16] INFO: [POLLING] 시작 | 큐: 0건 | 처리중: 4건 | 번들: ID:55698(1건), ID:55700(1건), ID:55701(1건), ID:55704(1건)
[2026-07-14 17:50:16] INFO: [POLLING] 종료 | 큐: 0건 | 번들맵: 4개
[2026-07-14 17:50:26] INFO: [POLLING] 시작 | 큐: 0건 | 처리중: 4건 | 번들: ID:55698(1건), ID:55700(1건), ID:55701(1건), ID:55704(1건)
[2026-07-14 17:50:26] INFO: [POLLING] 종료 | 큐: 0건 | 번들맵: 4개
[2026-07-14 17:50:36] INFO: [POLLING] 시작 | 큐: 0건 | 처리중: 4건 | 번들: ID:55698(1건), ID:55700(1건), ID:55701(1건), ID:55704(1건)
[2026-07-14 17:50:36] INFO: [POLLING] 종료 | 큐: 0건 | 번들맵: 4개
[2026-07-14 17:50:39] INFO: [REQ] contents=check-event | id=undefined
[2026-07-14 17:50:46] INFO: [POLLING] 시작 | 큐: 0건 | 처리중: 4건 | 번들: ID:55698(1건), ID:55700(1건), ID:55701(1건), ID:55704(1건)
[2026-07-14 17:50:46] INFO: [POLLING] 종료 | 큐: 0건 | 번들맵: 4개
[2026-07-14 17:50:56] INFO: [POLLING] 시작 | 큐: 0건 | 처리중: 4건 | 번들: ID:55698(1건), ID:55700(1건), ID:55701(1건), ID:55704(1건)
[2026-07-14 17:50:56] INFO: [POLLING] 종료 | 큐: 0건 | 번들맵: 4개
[2026-07-14 17:51:06] INFO: [POLLING] 시작 | 큐: 0건 | 처리중: 4건 | 번들: ID:55698(1건), ID:55700(1건), ID:55701(1건), ID:55704(1건)
[2026-07-14 17:51:06] INFO: [POLLING] 종료 | 큐: 0건 | 번들맵: 4개
[2026-07-14 17:51:16] INFO: [POLLING] 시작 | 큐: 0건 | 처리중: 4건 | 번들: ID:55698(1건), ID:55700(1건), ID:55701(1건), ID:55704(1건)
[2026-07-14 17:51:16] INFO: [POLLING] 종료 | 큐: 0건 | 번들맵: 4개
[2026-07-14 17:51:26] INFO: [REQ] contents=check-event | id=undefined
[2026-07-14 17:51:26] INFO: [POLLING] 시작 | 큐: 0건 | 처리중: 4건 | 번들: ID:55698(1건), ID:55700(1건), ID:55701(1건), ID:55704(1건)
[2026-07-14 17:51:26] INFO: [POLLING] 종료 | 큐: 0건 | 번들맵: 4개
[2026-07-14 17:51:36] INFO: [POLLING] 시작 | 큐: 0건 | 처리중: 4건 | 번들: ID:55698(1건), ID:55700(1건), ID:55701(1건), ID:55704(1건)
[2026-07-14 17:51:36] INFO: [POLLING] 종료 | 큐: 0건 | 번들맵: 4개
[2026-07-14 17:51:46] INFO: [POLLING] 시작 | 큐: 0건 | 처리중: 4건 | 번들: ID:55698(1건), ID:55700(1건), ID:55701(1건), ID:55704(1건)
[2026-07-14 17:51:46] INFO: [POLLING] 종료 | 큐: 0건 | 번들맵: 4개
[2026-07-14 17:51:56] INFO: [POLLING] 시작 | 큐: 0건 | 처리중: 4건 | 번들: ID:55698(1건), ID:55700(1건), ID:55701(1건), ID:55704(1건)
[2026-07-14 17:51:56] INFO: [POLLING] 종료 | 큐: 0건 | 번들맵: 4개
[2026-07-14 17:52:06] INFO: [POLLING] 시작 | 큐: 0건 | 처리중: 4건 | 번들: ID:55698(1건), ID:55700(1건), ID:55701(1건), ID:55704(1건)
[2026-07-14 17:52:06] INFO: [POLLING] 종료 | 큐: 0건 | 번들맵: 4개
[2026-07-14 17:52:16] INFO: [POLLING] 시작 | 큐: 0건 | 처리중: 4건 | 번들: ID:55698(1건), ID:55700(1건), ID:55701(1건), ID:55704(1건)
[2026-07-14 17:52:16] INFO: [POLLING] 종료 | 큐: 0건 | 번들맵: 4개
[2026-07-14 17:52:26] INFO: [POLLING] 시작 | 큐: 0건 | 처리중: 4건 | 번들: ID:55698(1건), ID:55700(1건), ID:55701(1건), ID:55704(1건)
[2026-07-14 17:52:26] INFO: [POLLING] 종료 | 큐: 0건 | 번들맵: 4개
[2026-07-14 17:52:29] INFO: [REQ] contents=check-event | id=undefined
[2026-07-14 17:52:36] INFO: [POLLING] 시작 | 큐: 0건 | 처리중: 4건 | 번들: ID:55698(1건), ID:55700(1건), ID:55701(1건), ID:55704(1건)
[2026-07-14 17:52:36] INFO: [POLLING] 종료 | 큐: 0건 | 번들맵: 4개
[2026-07-14 17:52:46] INFO: [POLLING] 시작 | 큐: 0건 | 처리중: 4건 | 번들: ID:55698(1건), ID:55700(1건), ID:55701(1건), ID:55704(1건)
[2026-07-14 17:52:46] INFO: [POLLING] 종료 | 큐: 0건 | 번들맵: 4개
[2026-07-14 17:52:56] INFO: [POLLING] 시작 | 큐: 0건 | 처리중: 4건 | 번들: ID:55698(1건), ID:55700(1건), ID:55701(1건), ID:55704(1건)
[2026-07-14 17:52:56] INFO: [POLLING] 종료 | 큐: 0건 | 번들맵: 4개
[2026-07-14 17:53:06] INFO: [REQ] contents=check-event | id=undefined
[2026-07-14 17:53:06] INFO: [POLLING] 시작 | 큐: 0건 | 처리중: 4건 | 번들: ID:55698(1건), ID:55700(1건), ID:55701(1건), ID:55704(1건)
[2026-07-14 17:53:06] INFO: [POLLING] 종료 | 큐: 0건 | 번들맵: 4개
[2026-07-14 17:53:16] INFO: [POLLING] 시작 | 큐: 0건 | 처리중: 4건 | 번들: ID:55698(1건), ID:55700(1건), ID:55701(1건), ID:55704(1건)
[2026-07-14 17:53:16] INFO: [POLLING] 종료 | 큐: 0건 | 번들맵: 4개
[2026-07-14 17:53:26] INFO: [POLLING] 시작 | 큐: 0건 | 처리중: 4건 | 번들: ID:55698(1건), ID:55700(1건), ID:55701(1건), ID:55704(1건)
[2026-07-14 17:53:26] INFO: [POLLING] 종료 | 큐: 0건 | 번들맵: 4개
[2026-07-14 17:53:36] INFO: [POLLING] 시작 | 큐: 0건 | 처리중: 4건 | 번들: ID:55698(1건), ID:55700(1건), ID:55701(1건), ID:55704(1건)
[2026-07-14 17:53:36] INFO: [POLLING] 종료 | 큐: 0건 | 번들맵: 4개
[2026-07-14 17:53:46] INFO: [POLLING] 시작 | 큐: 0건 | 처리중: 4건 | 번들: ID:55698(1건), ID:55700(1건), ID:55701(1건), ID:55704(1건)
[2026-07-14 17:53:46] INFO: [POLLING] 종료 | 큐: 0건 | 번들맵: 4개
[2026-07-14 17:53:56] INFO: [POLLING] 시작 | 큐: 0건 | 처리중: 4건 | 번들: ID:55698(1건), ID:55700(1건), ID:55701(1건), ID:55704(1건)
[2026-07-14 17:53:56] INFO: [POLLING] 종료 | 큐: 0건 | 번들맵: 4개
[2026-07-14 17:54:06] INFO: [POLLING] 시작 | 큐: 0건 | 처리중: 4건 | 번들: ID:55698(1건), ID:55700(1건), ID:55701(1건), ID:55704(1건)
[2026-07-14 17:54:06] INFO: [POLLING] 종료 | 큐: 0건 | 번들맵: 4개
[2026-07-14 17:54:10] INFO: [REQ] contents=check-event | id=undefined
[2026-07-14 17:54:16] INFO: [POLLING] 시작 | 큐: 0건 | 처리중: 4건 | 번들: ID:55698(1건), ID:55700(1건), ID:55701(1건), ID:55704(1건)
[2026-07-14 17:54:16] INFO: [POLLING] 종료 | 큐: 0건 | 번들맵: 4개
[2026-07-14 17:54:26] INFO: [POLLING] 시작 | 큐: 0건 | 처리중: 4건 | 번들: ID:55698(1건), ID:55700(1건), ID:55701(1건), ID:55704(1건)
[2026-07-14 17:54:26] INFO: [POLLING] 종료 | 큐: 0건 | 번들맵: 4개
[2026-07-14 17:54:36] INFO: [REQ] contents=check-event | id=undefined
[2026-07-14 17:54:36] INFO: [POLLING] 시작 | 큐: 0건 | 처리중: 4건 | 번들: ID:55698(1건), ID:55700(1건), ID:55701(1건), ID:55704(1건)
[2026-07-14 17:54:36] INFO: [POLLING] 종료 | 큐: 0건 | 번들맵: 4개
[2026-07-14 17:54:46] INFO: [POLLING] 시작 | 큐: 0건 | 처리중: 4건 | 번들: ID:55698(1건), ID:55700(1건), ID:55701(1건), ID:55704(1건)
[2026-07-14 17:54:46] INFO: [POLLING] 종료 | 큐: 0건 | 번들맵: 4개
[2026-07-14 17:54:56] INFO: [POLLING] 시작 | 큐: 0건 | 처리중: 4건 | 번들: ID:55698(1건), ID:55700(1건), ID:55701(1건), ID:55704(1건)
[2026-07-14 17:54:56] INFO: [POLLING] 종료 | 큐: 0건 | 번들맵: 4개
[2026-07-14 17:55:06] INFO: [POLLING] 시작 | 큐: 0건 | 처리중: 4건 | 번들: ID:55698(1건), ID:55700(1건), ID:55701(1건), ID:55704(1건)
[2026-07-14 17:55:06] INFO: [POLLING] 종료 | 큐: 0건 | 번들맵: 4개
[2026-07-14 17:55:16] INFO: [POLLING] 시작 | 큐: 0건 | 처리중: 4건 | 번들: ID:55698(1건), ID:55700(1건), ID:55701(1건), ID:55704(1건)
[2026-07-14 17:55:16] INFO: [POLLING] 종료 | 큐: 0건 | 번들맵: 4개
[2026-07-14 17:55:26] INFO: [POLLING] 시작 | 큐: 0건 | 처리중: 4건 | 번들: ID:55698(1건), ID:55700(1건), ID:55701(1건), ID:55704(1건)
[2026-07-14 17:55:26] INFO: [POLLING] 종료 | 큐: 0건 | 번들맵: 4개
[2026-07-14 17:55:30] INFO: [REQ] contents=check-event | id=undefined
[2026-07-14 17:55:36] INFO: [POLLING] 시작 | 큐: 0건 | 처리중: 4건 | 번들: ID:55698(1건), ID:55700(1건), ID:55701(1건), ID:55704(1건)
[2026-07-14 17:55:36] INFO: [POLLING] 종료 | 큐: 0건 | 번들맵: 4개
[2026-07-14 17:55:46] INFO: [POLLING] 시작 | 큐: 0건 | 처리중: 4건 | 번들: ID:55698(1건), ID:55700(1건), ID:55701(1건), ID:55704(1건)
[2026-07-14 17:55:46] INFO: [POLLING] 종료 | 큐: 0건 | 번들맵: 4개
[2026-07-14 17:55:56] INFO: [POLLING] 시작 | 큐: 0건 | 처리중: 4건 | 번들: ID:55698(1건), ID:55700(1건), ID:55701(1건), ID:55704(1건)
[2026-07-14 17:55:56] INFO: [POLLING] 종료 | 큐: 0건 | 번들맵: 4개
[2026-07-14 17:56:06] INFO: [POLLING] 시작 | 큐: 0건 | 처리중: 4건 | 번들: ID:55698(1건), ID:55700(1건), ID:55701(1건), ID:55704(1건)
[2026-07-14 17:56:07] INFO: [POLLING] 종료 | 큐: 0건 | 번들맵: 4개
[2026-07-14 17:56:16] INFO: [POLLING] 시작 | 큐: 0건 | 처리중: 4건 | 번들: ID:55698(1건), ID:55700(1건), ID:55701(1건), ID:55704(1건)
[2026-07-14 17:56:17] INFO: [POLLING] 종료 | 큐: 0건 | 번들맵: 4개
[2026-07-14 17:56:26] INFO: [REQ] contents=check-event | id=undefined
[2026-07-14 17:56:26] INFO: [POLLING] 시작 | 큐: 0건 | 처리중: 4건 | 번들: ID:55698(1건), ID:55700(1건), ID:55701(1건), ID:55704(1건)
[2026-07-14 17:56:27] INFO: [POLLING] 종료 | 큐: 0건 | 번들맵: 4개
[2026-07-14 17:56:36] INFO: [POLLING] 시작 | 큐: 0건 | 처리중: 4건 | 번들: ID:55698(1건), ID:55700(1건), ID:55701(1건), ID:55704(1건)
[2026-07-14 17:56:37] INFO: [POLLING] 종료 | 큐: 0건 | 번들맵: 4개
[2026-07-14 17:56:46] INFO: [POLLING] 시작 | 큐: 0건 | 처리중: 4건 | 번들: ID:55698(1건), ID:55700(1건), ID:55701(1건), ID:55704(1건)
[2026-07-14 17:56:47] INFO: [POLLING] 종료 | 큐: 0건 | 번들맵: 4개
[2026-07-14 17:56:56] INFO: [POLLING] 시작 | 큐: 0건 | 처리중: 4건 | 번들: ID:55698(1건), ID:55700(1건), ID:55701(1건), ID:55704(1건)
[2026-07-14 17:56:57] INFO: [POLLING] 종료 | 큐: 0건 | 번들맵: 4개
[2026-07-14 17:57:06] INFO: [POLLING] 시작 | 큐: 0건 | 처리중: 4건 | 번들: ID:55698(1건), ID:55700(1건), ID:55701(1건), ID:55704(1건)
[2026-07-14 17:57:07] INFO: [POLLING] 종료 | 큐: 0건 | 번들맵: 4개
[2026-07-14 17:57:17] INFO: [POLLING] 시작 | 큐: 0건 | 처리중: 4건 | 번들: ID:55698(1건), ID:55700(1건), ID:55701(1건), ID:55704(1건)
[2026-07-14 17:57:17] INFO: [POLLING] 종료 | 큐: 0건 | 번들맵: 4개
[2026-07-14 17:57:20] INFO: [REQ] contents=check-event | id=undefined
[2026-07-14 17:57:27] INFO: [POLLING] 시작 | 큐: 0건 | 처리중: 4건 | 번들: ID:55698(1건), ID:55700(1건), ID:55701(1건), ID:55704(1건)
[2026-07-14 17:57:27] INFO: [POLLING] 종료 | 큐: 0건 | 번들맵: 4개
[2026-07-14 17:57:37] INFO: [POLLING] 시작 | 큐: 0건 | 처리중: 4건 | 번들: ID:55698(1건), ID:55700(1건), ID:55701(1건), ID:55704(1건)
[2026-07-14 17:57:37] INFO: [POLLING] 종료 | 큐: 0건 | 번들맵: 4개
[2026-07-14 17:57:47] INFO: [POLLING] 시작 | 큐: 0건 | 처리중: 4건 | 번들: ID:55698(1건), ID:55700(1건), ID:55701(1건), ID:55704(1건)
[2026-07-14 17:57:47] INFO: [POLLING] 종료 | 큐: 0건 | 번들맵: 4개
[2026-07-14 17:57:57] INFO: [POLLING] 시작 | 큐: 0건 | 처리중: 4건 | 번들: ID:55698(1건), ID:55700(1건), ID:55701(1건), ID:55704(1건)
[2026-07-14 17:57:57] INFO: [POLLING] 종료 | 큐: 0건 | 번들맵: 4개
[2026-07-14 17:58:06] INFO: [REQ] contents=check-event | id=undefined
[2026-07-14 17:58:07] INFO: [POLLING] 시작 | 큐: 0건 | 처리중: 4건 | 번들: ID:55698(1건), ID:55700(1건), ID:55701(1건), ID:55704(1건)
[2026-07-14 17:58:07] INFO: [POLLING] 종료 | 큐: 0건 | 번들맵: 4개
[2026-07-14 17:58:17] INFO: [POLLING] 시작 | 큐: 0건 | 처리중: 4건 | 번들: ID:55698(1건), ID:55700(1건), ID:55701(1건), ID:55704(1건)
[2026-07-14 17:58:17] INFO: [POLLING] 종료 | 큐: 0건 | 번들맵: 4개
[2026-07-14 17:58:27] INFO: [POLLING] 시작 | 큐: 0건 | 처리중: 4건 | 번들: ID:55698(1건), ID:55700(1건), ID:55701(1건), ID:55704(1건)
[2026-07-14 17:58:27] INFO: [POLLING] 종료 | 큐: 0건 | 번들맵: 4개
[2026-07-14 17:58:37] INFO: [POLLING] 시작 | 큐: 0건 | 처리중: 4건 | 번들: ID:55698(1건), ID:55700(1건), ID:55701(1건), ID:55704(1건)
[2026-07-14 17:58:37] INFO: [POLLING] 종료 | 큐: 0건 | 번들맵: 4개
[2026-07-14 17:58:47] INFO: [POLLING] 시작 | 큐: 0건 | 처리중: 4건 | 번들: ID:55698(1건), ID:55700(1건), ID:55701(1건), ID:55704(1건)
[2026-07-14 17:58:47] INFO: [POLLING] 종료 | 큐: 0건 | 번들맵: 4개
[2026-07-14 17:58:57] INFO: [POLLING] 시작 | 큐: 0건 | 처리중: 4건 | 번들: ID:55698(1건), ID:55700(1건), ID:55701(1건), ID:55704(1건)
[2026-07-14 17:58:57] INFO: [POLLING] 종료 | 큐: 0건 | 번들맵: 4개
[2026-07-14 17:59:00] INFO: [REQ] contents=check-event | id=undefined
[2026-07-14 17:59:07] INFO: [POLLING] 시작 | 큐: 0건 | 처리중: 4건 | 번들: ID:55698(1건), ID:55700(1건), ID:55701(1건), ID:55704(1건)
[2026-07-14 17:59:07] INFO: [POLLING] 종료 | 큐: 0건 | 번들맵: 4개
[2026-07-14 17:59:17] INFO: [POLLING] 시작 | 큐: 0건 | 처리중: 4건 | 번들: ID:55698(1건), ID:55700(1건), ID:55701(1건), ID:55704(1건)
[2026-07-14 17:59:17] INFO: [POLLING] 종료 | 큐: 0건 | 번들맵: 4개
[2026-07-14 17:59:27] INFO: [POLLING] 시작 | 큐: 0건 | 처리중: 4건 | 번들: ID:55698(1건), ID:55700(1건), ID:55701(1건), ID:55704(1건)
[2026-07-14 17:59:27] INFO: [POLLING] 종료 | 큐: 0건 | 번들맵: 4개
[2026-07-14 17:59:37] INFO: [REQ] contents=check-event | id=undefined
[2026-07-14 17:59:37] INFO: [POLLING] 시작 | 큐: 0건 | 처리중: 4건 | 번들: ID:55698(1건), ID:55700(1건), ID:55701(1건), ID:55704(1건)
[2026-07-14 17:59:37] INFO: [POLLING] 종료 | 큐: 0건 | 번들맵: 4개
[2026-07-14 17:59:47] INFO: [POLLING] 시작 | 큐: 0건 | 처리중: 4건 | 번들: ID:55698(1건), ID:55700(1건), ID:55701(1건), ID:55704(1건)
[2026-07-14 17:59:47] INFO: [POLLING] 종료 | 큐: 0건 | 번들맵: 4개
[2026-07-14 17:59:57] INFO: [POLLING] 시작 | 큐: 0건 | 처리중: 4건 | 번들: ID:55698(1건), ID:55700(1건), ID:55701(1건), ID:55704(1건)
[2026-07-14 17:59:57] INFO: [POLLING] 종료 | 큐: 0건 | 번들맵: 4개
[2026-07-14 18:00:07] INFO: [POLLING] 시작 | 큐: 0건 | 처리중: 4건 | 번들: ID:55698(1건), ID:55700(1건), ID:55701(1건), ID:55704(1건)
[2026-07-14 18:00:07] INFO: [POLLING] 종료 | 큐: 0건 | 번들맵: 4개
[2026-07-14 18:00:17] INFO: [POLLING] 시작 | 큐: 0건 | 처리중: 4건 | 번들: ID:55698(1건), ID:55700(1건), ID:55701(1건), ID:55704(1건)
[2026-07-14 18:00:17] INFO: [POLLING] 종료 | 큐: 0건 | 번들맵: 4개
[2026-07-14 18:00:27] INFO: [POLLING] 시작 | 큐: 0건 | 처리중: 4건 | 번들: ID:55698(1건), ID:55700(1건), ID:55701(1건), ID:55704(1건)
[2026-07-14 18:00:27] INFO: [POLLING] 종료 | 큐: 0건 | 번들맵: 4개
[2026-07-14 18:00:30] INFO: [REQ] contents=check-event | id=undefined
[2026-07-14 18:00:37] INFO: [POLLING] 시작 | 큐: 0건 | 처리중: 4건 | 번들: ID:55698(1건), ID:55700(1건), ID:55701(1건), ID:55704(1건)
[2026-07-14 18:00:37] INFO: [POLLING] 종료 | 큐: 0건 | 번들맵: 4개
[2026-07-14 18:00:47] INFO: [POLLING] 시작 | 큐: 0건 | 처리중: 4건 | 번들: ID:55698(1건), ID:55700(1건), ID:55701(1건), ID:55704(1건)
[2026-07-14 18:00:47] INFO: [POLLING] 종료 | 큐: 0건 | 번들맵: 4개
[2026-07-14 18:00:57] INFO: [POLLING] 시작 | 큐: 0건 | 처리중: 4건 | 번들: ID:55698(1건), ID:55700(1건), ID:55701(1건), ID:55704(1건)
[2026-07-14 18:00:57] INFO: [POLLING] 종료 | 큐: 0건 | 번들맵: 4개
[2026-07-14 18:01:07] INFO: [POLLING] 시작 | 큐: 0건 | 처리중: 4건 | 번들: ID:55698(1건), ID:55700(1건), ID:55701(1건), ID:55704(1건)
[2026-07-14 18:01:07] INFO: [POLLING] 종료 | 큐: 0건 | 번들맵: 4개
[2026-07-14 18:01:17] INFO: [POLLING] 시작 | 큐: 0건 | 처리중: 4건 | 번들: ID:55698(1건), ID:55700(1건), ID:55701(1건), ID:55704(1건)
[2026-07-14 18:01:17] INFO: [POLLING] 종료 | 큐: 0건 | 번들맵: 4개
[2026-07-14 18:01:27] INFO: [POLLING] 시작 | 큐: 0건 | 처리중: 4건 | 번들: ID:55698(1건), ID:55700(1건), ID:55701(1건), ID:55704(1건)
[2026-07-14 18:01:27] INFO: [REQ] contents=check-event | id=undefined
[2026-07-14 18:01:27] INFO: [POLLING] 종료 | 큐: 0건 | 번들맵: 4개
[2026-07-14 18:01:37] INFO: [POLLING] 시작 | 큐: 0건 | 처리중: 4건 | 번들: ID:55698(1건), ID:55700(1건), ID:55701(1건), ID:55704(1건)
[2026-07-14 18:01:37] INFO: [POLLING] 종료 | 큐: 0건 | 번들맵: 4개
[2026-07-14 18:01:47] INFO: [POLLING] 시작 | 큐: 0건 | 처리중: 4건 | 번들: ID:55698(1건), ID:55700(1건), ID:55701(1건), ID:55704(1건)
[2026-07-14 18:01:47] INFO: [POLLING] 종료 | 큐: 0건 | 번들맵: 4개
[2026-07-14 18:01:57] INFO: [POLLING] 시작 | 큐: 0건 | 처리중: 4건 | 번들: ID:55698(1건), ID:55700(1건), ID:55701(1건), ID:55704(1건)
[2026-07-14 18:01:57] INFO: [POLLING] 종료 | 큐: 0건 | 번들맵: 4개
[2026-07-14 18:02:07] INFO: [POLLING] 시작 | 큐: 0건 | 처리중: 4건 | 번들: ID:55698(1건), ID:55700(1건), ID:55701(1건), ID:55704(1건)
[2026-07-14 18:02:07] INFO: [POLLING] 종료 | 큐: 0건 | 번들맵: 4개
[2026-07-14 18:02:17] INFO: [POLLING] 시작 | 큐: 0건 | 처리중: 4건 | 번들: ID:55698(1건), ID:55700(1건), ID:55701(1건), ID:55704(1건)
[2026-07-14 18:02:17] INFO: [POLLING] 종료 | 큐: 0건 | 번들맵: 4개
[2026-07-14 18:02:20] INFO: [REQ] contents=check-event | id=undefined
[2026-07-14 18:02:27] INFO: [POLLING] 시작 | 큐: 0건 | 처리중: 4건 | 번들: ID:55698(1건), ID:55700(1건), ID:55701(1건), ID:55704(1건)
[2026-07-14 18:02:27] INFO: [POLLING] 종료 | 큐: 0건 | 번들맵: 4개
[2026-07-14 18:02:37] INFO: [POLLING] 시작 | 큐: 0건 | 처리중: 4건 | 번들: ID:55698(1건), ID:55700(1건), ID:55701(1건), ID:55704(1건)
[2026-07-14 18:02:37] INFO: [POLLING] 종료 | 큐: 0건 | 번들맵: 4개
[2026-07-14 18:02:47] INFO: [POLLING] 시작 | 큐: 0건 | 처리중: 4건 | 번들: ID:55698(1건), ID:55700(1건), ID:55701(1건), ID:55704(1건)
[2026-07-14 18:02:47] INFO: [POLLING] 종료 | 큐: 0건 | 번들맵: 4개
[2026-07-14 18:02:57] INFO: [POLLING] 시작 | 큐: 0건 | 처리중: 4건 | 번들: ID:55698(1건), ID:55700(1건), ID:55701(1건), ID:55704(1건)
[2026-07-14 18:02:57] INFO: [POLLING] 종료 | 큐: 0건 | 번들맵: 4개
[2026-07-14 18:03:07] INFO: [POLLING] 시작 | 큐: 0건 | 처리중: 4건 | 번들: ID:55698(1건), ID:55700(1건), ID:55701(1건), ID:55704(1건)
[2026-07-14 18:03:07] INFO: [REQ] contents=check-event | id=undefined
[2026-07-14 18:03:07] INFO: [POLLING] 종료 | 큐: 0건 | 번들맵: 4개
[2026-07-14 18:03:17] INFO: [POLLING] 시작 | 큐: 0건 | 처리중: 4건 | 번들: ID:55698(1건), ID:55700(1건), ID:55701(1건), ID:55704(1건)
[2026-07-14 18:03:17] INFO: [POLLING] 종료 | 큐: 0건 | 번들맵: 4개
[2026-07-14 18:03:27] INFO: [POLLING] 시작 | 큐: 0건 | 처리중: 4건 | 번들: ID:55698(1건), ID:55700(1건), ID:55701(1건), ID:55704(1건)
[2026-07-14 18:03:27] INFO: [POLLING] 종료 | 큐: 0건 | 번들맵: 4개
[2026-07-14 18:03:37] INFO: [POLLING] 시작 | 큐: 0건 | 처리중: 4건 | 번들: ID:55698(1건), ID:55700(1건), ID:55701(1건), ID:55704(1건)
[2026-07-14 18:03:37] INFO: [POLLING] 종료 | 큐: 0건 | 번들맵: 4개
[2026-07-14 18:03:47] INFO: [POLLING] 시작 | 큐: 0건 | 처리중: 4건 | 번들: ID:55698(1건), ID:55700(1건), ID:55701(1건), ID:55704(1건)
[2026-07-14 18:03:47] INFO: [POLLING] 종료 | 큐: 0건 | 번들맵: 4개
[2026-07-14 18:03:57] INFO: [POLLING] 시작 | 큐: 0건 | 처리중: 4건 | 번들: ID:55698(1건), ID:55700(1건), ID:55701(1건), ID:55704(1건)
[2026-07-14 18:03:58] INFO: [POLLING] 종료 | 큐: 0건 | 번들맵: 4개
[2026-07-14 18:04:01] INFO: [REQ] contents=check-event | id=undefined
[2026-07-14 18:04:07] INFO: [POLLING] 시작 | 큐: 0건 | 처리중: 4건 | 번들: ID:55698(1건), ID:55700(1건), ID:55701(1건), ID:55704(1건)
[2026-07-14 18:04:08] INFO: [POLLING] 종료 | 큐: 0건 | 번들맵: 4개
[2026-07-14 18:04:17] INFO: [POLLING] 시작 | 큐: 0건 | 처리중: 4건 | 번들: ID:55698(1건), ID:55700(1건), ID:55701(1건), ID:55704(1건)
[2026-07-14 18:04:18] INFO: [POLLING] 종료 | 큐: 0건 | 번들맵: 4개
[2026-07-14 18:04:27] INFO: [POLLING] 시작 | 큐: 0건 | 처리중: 4건 | 번들: ID:55698(1건), ID:55700(1건), ID:55701(1건), ID:55704(1건)
[2026-07-14 18:04:28] INFO: [POLLING] 종료 | 큐: 0건 | 번들맵: 4개
[2026-07-14 18:04:37] INFO: [POLLING] 시작 | 큐: 0건 | 처리중: 4건 | 번들: ID:55698(1건), ID:55700(1건), ID:55701(1건), ID:55704(1건)
[2026-07-14 18:04:37] INFO: [REQ] contents=check-event | id=undefined
[2026-07-14 18:04:38] INFO: [POLLING] 종료 | 큐: 0건 | 번들맵: 4개
[2026-07-14 18:04:47] INFO: [POLLING] 시작 | 큐: 0건 | 처리중: 4건 | 번들: ID:55698(1건), ID:55700(1건), ID:55701(1건), ID:55704(1건)
[2026-07-14 18:04:48] INFO: [POLLING] 종료 | 큐: 0건 | 번들맵: 4개
[2026-07-14 18:04:57] INFO: [POLLING] 시작 | 큐: 0건 | 처리중: 4건 | 번들: ID:55698(1건), ID:55700(1건), ID:55701(1건), ID:55704(1건)
[2026-07-14 18:04:58] INFO: [POLLING] 종료 | 큐: 0건 | 번들맵: 4개
[2026-07-14 18:05:07] INFO: [POLLING] 시작 | 큐: 0건 | 처리중: 4건 | 번들: ID:55698(1건), ID:55700(1건), ID:55701(1건), ID:55704(1건)
[2026-07-14 18:05:08] INFO: [POLLING] 종료 | 큐: 0건 | 번들맵: 4개
[2026-07-14 18:05:17] INFO: [POLLING] 시작 | 큐: 0건 | 처리중: 4건 | 번들: ID:55698(1건), ID:55700(1건), ID:55701(1건), ID:55704(1건)
[2026-07-14 18:05:18] INFO: [POLLING] 종료 | 큐: 0건 | 번들맵: 4개
[2026-07-14 18:05:27] INFO: [POLLING] 시작 | 큐: 0건 | 처리중: 4건 | 번들: ID:55698(1건), ID:55700(1건), ID:55701(1건), ID:55704(1건)
[2026-07-14 18:05:28] INFO: [POLLING] 종료 | 큐: 0건 | 번들맵: 4개
[2026-07-14 18:05:31] INFO: [REQ] contents=check-event | id=undefined
[2026-07-14 18:05:37] INFO: [POLLING] 시작 | 큐: 0건 | 처리중: 4건 | 번들: ID:55698(1건), ID:55700(1건), ID:55701(1건), ID:55704(1건)
[2026-07-14 18:05:38] INFO: [POLLING] 종료 | 큐: 0건 | 번들맵: 4개
[2026-07-14 18:05:47] INFO: [POLLING] 시작 | 큐: 0건 | 처리중: 4건 | 번들: ID:55698(1건), ID:55700(1건), ID:55701(1건), ID:55704(1건)
[2026-07-14 18:05:48] INFO: [POLLING] 종료 | 큐: 0건 | 번들맵: 4개
[2026-07-14 18:05:57] INFO: [POLLING] 시작 | 큐: 0건 | 처리중: 4건 | 번들: ID:55698(1건), ID:55700(1건), ID:55701(1건), ID:55704(1건)
[2026-07-14 18:05:58] INFO: [POLLING] 종료 | 큐: 0건 | 번들맵: 4개
[2026-07-14 18:06:07] INFO: [POLLING] 시작 | 큐: 0건 | 처리중: 4건 | 번들: ID:55698(1건), ID:55700(1건), ID:55701(1건), ID:55704(1건)
[2026-07-14 18:06:08] INFO: [POLLING] 종료 | 큐: 0건 | 번들맵: 4개
[2026-07-14 18:06:17] INFO: [POLLING] 시작 | 큐: 0건 | 처리중: 4건 | 번들: ID:55698(1건), ID:55700(1건), ID:55701(1건), ID:55704(1건)
[2026-07-14 18:06:18] INFO: [POLLING] 종료 | 큐: 0건 | 번들맵: 4개
[2026-07-14 18:06:27] INFO: [POLLING] 시작 | 큐: 0건 | 처리중: 4건 | 번들: ID:55698(1건), ID:55700(1건), ID:55701(1건), ID:55704(1건)
[2026-07-14 18:06:27] INFO: [REQ] contents=check-event | id=undefined
[2026-07-14 18:06:28] INFO: [POLLING] 종료 | 큐: 0건 | 번들맵: 4개
[2026-07-14 18:06:37] INFO: [POLLING] 시작 | 큐: 0건 | 처리중: 4건 | 번들: ID:55698(1건), ID:55700(1건), ID:55701(1건), ID:55704(1건)
[2026-07-14 18:06:38] INFO: [POLLING] 종료 | 큐: 0건 | 번들맵: 4개
[2026-07-14 18:06:47] INFO: [POLLING] 시작 | 큐: 0건 | 처리중: 4건 | 번들: ID:55698(1건), ID:55700(1건), ID:55701(1건), ID:55704(1건)
[2026-07-14 18:06:48] INFO: [POLLING] 종료 | 큐: 0건 | 번들맵: 4개
[2026-07-14 18:06:57] INFO: [POLLING] 시작 | 큐: 0건 | 처리중: 4건 | 번들: ID:55698(1건), ID:55700(1건), ID:55701(1건), ID:55704(1건)
[2026-07-14 18:06:58] INFO: [POLLING] 종료 | 큐: 0건 | 번들맵: 4개
[2026-07-14 18:07:07] INFO: [POLLING] 시작 | 큐: 0건 | 처리중: 4건 | 번들: ID:55698(1건), ID:55700(1건), ID:55701(1건), ID:55704(1건)
[2026-07-14 18:07:08] INFO: [POLLING] 종료 | 큐: 0건 | 번들맵: 4개
[2026-07-14 18:07:17] INFO: [POLLING] 시작 | 큐: 0건 | 처리중: 4건 | 번들: ID:55698(1건), ID:55700(1건), ID:55701(1건), ID:55704(1건)
[2026-07-14 18:07:18] INFO: [POLLING] 종료 | 큐: 0건 | 번들맵: 4개
[2026-07-14 18:07:21] INFO: [REQ] contents=check-event | id=undefined
[2026-07-14 18:07:27] INFO: [POLLING] 시작 | 큐: 0건 | 처리중: 4건 | 번들: ID:55698(1건), ID:55700(1건), ID:55701(1건), ID:55704(1건)
[2026-07-14 18:07:28] INFO: [POLLING] 종료 | 큐: 0건 | 번들맵: 4개
[2026-07-14 18:07:37] INFO: [POLLING] 시작 | 큐: 0건 | 처리중: 4건 | 번들: ID:55698(1건), ID:55700(1건), ID:55701(1건), ID:55704(1건)
[2026-07-14 18:07:38] INFO: [POLLING] 종료 | 큐: 0건 | 번들맵: 4개
[2026-07-14 18:07:47] INFO: [POLLING] 시작 | 큐: 0건 | 처리중: 4건 | 번들: ID:55698(1건), ID:55700(1건), ID:55701(1건), ID:55704(1건)
[2026-07-14 18:07:48] INFO: [POLLING] 종료 | 큐: 0건 | 번들맵: 4개
[2026-07-14 18:07:57] INFO: [POLLING] 시작 | 큐: 0건 | 처리중: 4건 | 번들: ID:55698(1건), ID:55700(1건), ID:55701(1건), ID:55704(1건)
[2026-07-14 18:07:58] INFO: [POLLING] 종료 | 큐: 0건 | 번들맵: 4개
[2026-07-14 18:08:07] INFO: [POLLING] 시작 | 큐: 0건 | 처리중: 4건 | 번들: ID:55698(1건), ID:55700(1건), ID:55701(1건), ID:55704(1건)
[2026-07-14 18:08:07] INFO: [REQ] contents=check-event | id=undefined
[2026-07-14 18:08:08] INFO: [POLLING] 종료 | 큐: 0건 | 번들맵: 4개
[2026-07-14 18:08:17] INFO: [POLLING] 시작 | 큐: 0건 | 처리중: 4건 | 번들: ID:55698(1건), ID:55700(1건), ID:55701(1건), ID:55704(1건)
[2026-07-14 18:08:18] INFO: [POLLING] 종료 | 큐: 0건 | 번들맵: 4개
[2026-07-14 18:08:27] INFO: [POLLING] 시작 | 큐: 0건 | 처리중: 4건 | 번들: ID:55698(1건), ID:55700(1건), ID:55701(1건), ID:55704(1건)
[2026-07-14 18:08:28] INFO: [POLLING] 종료 | 큐: 0건 | 번들맵: 4개
[2026-07-14 18:08:37] INFO: [POLLING] 시작 | 큐: 0건 | 처리중: 4건 | 번들: ID:55698(1건), ID:55700(1건), ID:55701(1건), ID:55704(1건)
[2026-07-14 18:08:38] INFO: [POLLING] 종료 | 큐: 0건 | 번들맵: 4개
[2026-07-14 18:08:47] INFO: [POLLING] 시작 | 큐: 0건 | 처리중: 4건 | 번들: ID:55698(1건), ID:55700(1건), ID:55701(1건), ID:55704(1건)
[2026-07-14 18:08:48] INFO: [POLLING] 종료 | 큐: 0건 | 번들맵: 4개
[2026-07-14 18:08:57] INFO: [POLLING] 시작 | 큐: 0건 | 처리중: 4건 | 번들: ID:55698(1건), ID:55700(1건), ID:55701(1건), ID:55704(1건)
[2026-07-14 18:08:58] INFO: [POLLING] 종료 | 큐: 0건 | 번들맵: 4개
[2026-07-14 18:09:01] INFO: [REQ] contents=check-event | id=undefined
[2026-07-14 18:09:07] INFO: [POLLING] 시작 | 큐: 0건 | 처리중: 4건 | 번들: ID:55698(1건), ID:55700(1건), ID:55701(1건), ID:55704(1건)
[2026-07-14 18:09:08] INFO: [POLLING] 종료 | 큐: 0건 | 번들맵: 4개
[2026-07-14 18:09:17] INFO: [POLLING] 시작 | 큐: 0건 | 처리중: 4건 | 번들: ID:55698(1건), ID:55700(1건), ID:55701(1건), ID:55704(1건)
[2026-07-14 18:09:18] INFO: [POLLING] 종료 | 큐: 0건 | 번들맵: 4개
[2026-07-14 18:09:27] INFO: [POLLING] 시작 | 큐: 0건 | 처리중: 4건 | 번들: ID:55698(1건), ID:55700(1건), ID:55701(1건), ID:55704(1건)
[2026-07-14 18:09:28] INFO: [POLLING] 종료 | 큐: 0건 | 번들맵: 4개
[2026-07-14 18:09:37] INFO: [POLLING] 시작 | 큐: 0건 | 처리중: 4건 | 번들: ID:55698(1건), ID:55700(1건), ID:55701(1건), ID:55704(1건)
[2026-07-14 18:09:38] INFO: [REQ] contents=check-event | id=undefined
[2026-07-14 18:09:38] INFO: [POLLING] 종료 | 큐: 0건 | 번들맵: 4개
[2026-07-14 18:09:47] INFO: [POLLING] 시작 | 큐: 0건 | 처리중: 4건 | 번들: ID:55698(1건), ID:55700(1건), ID:55701(1건), ID:55704(1건)
[2026-07-14 18:09:48] INFO: [POLLING] 종료 | 큐: 0건 | 번들맵: 4개
[2026-07-14 18:09:57] INFO: [POLLING] 시작 | 큐: 0건 | 처리중: 4건 | 번들: ID:55698(1건), ID:55700(1건), ID:55701(1건), ID:55704(1건)
[2026-07-14 18:09:58] INFO: [POLLING] 종료 | 큐: 0건 | 번들맵: 4개
[2026-07-14 18:10:07] INFO: [POLLING] 시작 | 큐: 0건 | 처리중: 4건 | 번들: ID:55698(1건), ID:55700(1건), ID:55701(1건), ID:55704(1건)
[2026-07-14 18:10:08] INFO: [POLLING] 종료 | 큐: 0건 | 번들맵: 4개
[2026-07-14 18:10:17] INFO: [POLLING] 시작 | 큐: 0건 | 처리중: 4건 | 번들: ID:55698(1건), ID:55700(1건), ID:55701(1건), ID:55704(1건)
[2026-07-14 18:10:18] INFO: [POLLING] 종료 | 큐: 0건 | 번들맵: 4개
[2026-07-14 18:10:27] INFO: [POLLING] 시작 | 큐: 0건 | 처리중: 4건 | 번들: ID:55698(1건), ID:55700(1건), ID:55701(1건), ID:55704(1건)
[2026-07-14 18:10:28] INFO: [POLLING] 종료 | 큐: 0건 | 번들맵: 4개
[2026-07-14 18:10:31] INFO: [REQ] contents=check-event | id=undefined
[2026-07-14 18:10:37] INFO: [POLLING] 시작 | 큐: 0건 | 처리중: 4건 | 번들: ID:55698(1건), ID:55700(1건), ID:55701(1건), ID:55704(1건)
[2026-07-14 18:10:38] INFO: [POLLING] 종료 | 큐: 0건 | 번들맵: 4개
[2026-07-14 18:10:47] INFO: [POLLING] 시작 | 큐: 0건 | 처리중: 4건 | 번들: ID:55698(1건), ID:55700(1건), ID:55701(1건), ID:55704(1건)
[2026-07-14 18:10:48] INFO: [POLLING] 종료 | 큐: 0건 | 번들맵: 4개
[2026-07-14 18:10:57] INFO: [POLLING] 시작 | 큐: 0건 | 처리중: 4건 | 번들: ID:55698(1건), ID:55700(1건), ID:55701(1건), ID:55704(1건)
[2026-07-14 18:10:58] INFO: [POLLING] 종료 | 큐: 0건 | 번들맵: 4개
[2026-07-14 18:11:07] INFO: [POLLING] 시작 | 큐: 0건 | 처리중: 4건 | 번들: ID:55698(1건), ID:55700(1건), ID:55701(1건), ID:55704(1건)
[2026-07-14 18:11:08] INFO: [POLLING] 종료 | 큐: 0건 | 번들맵: 4개
[2026-07-14 18:11:17] INFO: [POLLING] 시작 | 큐: 0건 | 처리중: 4건 | 번들: ID:55698(1건), ID:55700(1건), ID:55701(1건), ID:55704(1건)
[2026-07-14 18:11:18] INFO: [POLLING] 종료 | 큐: 0건 | 번들맵: 4개
[2026-07-14 18:11:27] INFO: [POLLING] 시작 | 큐: 0건 | 처리중: 4건 | 번들: ID:55698(1건), ID:55700(1건), ID:55701(1건), ID:55704(1건)
[2026-07-14 18:11:28] INFO: [REQ] contents=check-event | id=undefined
[2026-07-14 18:11:28] INFO: [POLLING] 종료 | 큐: 0건 | 번들맵: 4개
[2026-07-14 18:11:37] INFO: [POLLING] 시작 | 큐: 0건 | 처리중: 4건 | 번들: ID:55698(1건), ID:55700(1건), ID:55701(1건), ID:55704(1건)
[2026-07-14 18:11:38] INFO: [POLLING] 종료 | 큐: 0건 | 번들맵: 4개
[2026-07-14 18:11:47] INFO: [POLLING] 시작 | 큐: 0건 | 처리중: 4건 | 번들: ID:55698(1건), ID:55700(1건), ID:55701(1건), ID:55704(1건)
[2026-07-14 18:11:48] INFO: [POLLING] 종료 | 큐: 0건 | 번들맵: 4개
[2026-07-14 18:11:57] INFO: [POLLING] 시작 | 큐: 0건 | 처리중: 4건 | 번들: ID:55698(1건), ID:55700(1건), ID:55701(1건), ID:55704(1건)
[2026-07-14 18:11:58] INFO: [POLLING] 종료 | 큐: 0건 | 번들맵: 4개
[2026-07-14 18:12:07] INFO: [POLLING] 시작 | 큐: 0건 | 처리중: 4건 | 번들: ID:55698(1건), ID:55700(1건), ID:55701(1건), ID:55704(1건)
[2026-07-14 18:12:08] INFO: [POLLING] 종료 | 큐: 0건 | 번들맵: 4개
[2026-07-14 18:12:17] INFO: [POLLING] 시작 | 큐: 0건 | 처리중: 4건 | 번들: ID:55698(1건), ID:55700(1건), ID:55701(1건), ID:55704(1건)
[2026-07-14 18:12:18] INFO: [POLLING] 종료 | 큐: 0건 | 번들맵: 4개
[2026-07-14 18:12:21] INFO: [REQ] contents=check-event | id=undefined
[2026-07-14 18:12:27] INFO: [POLLING] 시작 | 큐: 0건 | 처리중: 4건 | 번들: ID:55698(1건), ID:55700(1건), ID:55701(1건), ID:55704(1건)
[2026-07-14 18:12:28] INFO: [POLLING] 종료 | 큐: 0건 | 번들맵: 4개
[2026-07-14 18:12:37] INFO: [POLLING] 시작 | 큐: 0건 | 처리중: 4건 | 번들: ID:55698(1건), ID:55700(1건), ID:55701(1건), ID:55704(1건)
[2026-07-14 18:12:38] INFO: [POLLING] 종료 | 큐: 0건 | 번들맵: 4개
[2026-07-14 18:12:47] INFO: [POLLING] 시작 | 큐: 0건 | 처리중: 4건 | 번들: ID:55698(1건), ID:55700(1건), ID:55701(1건), ID:55704(1건)
[2026-07-14 18:12:48] INFO: [POLLING] 종료 | 큐: 0건 | 번들맵: 4개
[2026-07-14 18:12:57] INFO: [POLLING] 시작 | 큐: 0건 | 처리중: 4건 | 번들: ID:55698(1건), ID:55700(1건), ID:55701(1건), ID:55704(1건)
[2026-07-14 18:12:58] INFO: [POLLING] 종료 | 큐: 0건 | 번들맵: 4개
[2026-07-14 18:13:07] INFO: [POLLING] 시작 | 큐: 0건 | 처리중: 4건 | 번들: ID:55698(1건), ID:55700(1건), ID:55701(1건), ID:55704(1건)
[2026-07-14 18:13:08] INFO: [REQ] contents=check-event | id=undefined
[2026-07-14 18:13:08] INFO: [POLLING] 종료 | 큐: 0건 | 번들맵: 4개
[2026-07-14 18:13:17] INFO: [POLLING] 시작 | 큐: 0건 | 처리중: 4건 | 번들: ID:55698(1건), ID:55700(1건), ID:55701(1건), ID:55704(1건)
[2026-07-14 18:13:18] INFO: [POLLING] 종료 | 큐: 0건 | 번들맵: 4개
[2026-07-14 18:13:27] INFO: [POLLING] 시작 | 큐: 0건 | 처리중: 4건 | 번들: ID:55698(1건), ID:55700(1건), ID:55701(1건), ID:55704(1건)
[2026-07-14 18:13:28] INFO: [POLLING] 종료 | 큐: 0건 | 번들맵: 4개
[2026-07-14 18:13:37] INFO: [POLLING] 시작 | 큐: 0건 | 처리중: 4건 | 번들: ID:55698(1건), ID:55700(1건), ID:55701(1건), ID:55704(1건)
[2026-07-14 18:13:38] INFO: [POLLING] 종료 | 큐: 0건 | 번들맵: 4개
[2026-07-14 18:13:47] INFO: [POLLING] 시작 | 큐: 0건 | 처리중: 4건 | 번들: ID:55698(1건), ID:55700(1건), ID:55701(1건), ID:55704(1건)
[2026-07-14 18:13:48] INFO: [POLLING] 종료 | 큐: 0건 | 번들맵: 4개
[2026-07-14 18:13:58] INFO: [POLLING] 시작 | 큐: 0건 | 처리중: 4건 | 번들: ID:55698(1건), ID:55700(1건), ID:55701(1건), ID:55704(1건)
[2026-07-14 18:13:58] INFO: [POLLING] 종료 | 큐: 0건 | 번들맵: 4개
[2026-07-14 18:14:02] INFO: [REQ] contents=check-event | id=undefined
[2026-07-14 18:14:08] INFO: [POLLING] 시작 | 큐: 0건 | 처리중: 4건 | 번들: ID:55698(1건), ID:55700(1건), ID:55701(1건), ID:55704(1건)
[2026-07-14 18:14:08] INFO: [POLLING] 종료 | 큐: 0건 | 번들맵: 4개
[2026-07-14 18:14:18] INFO: [POLLING] 시작 | 큐: 0건 | 처리중: 4건 | 번들: ID:55698(1건), ID:55700(1건), ID:55701(1건), ID:55704(1건)
[2026-07-14 18:14:18] INFO: [POLLING] 종료 | 큐: 0건 | 번들맵: 4개
[2026-07-14 18:14:28] INFO: [POLLING] 시작 | 큐: 0건 | 처리중: 4건 | 번들: ID:55698(1건), ID:55700(1건), ID:55701(1건), ID:55704(1건)
[2026-07-14 18:14:28] INFO: [POLLING] 종료 | 큐: 0건 | 번들맵: 4개
[2026-07-14 18:14:38] INFO: [POLLING] 시작 | 큐: 0건 | 처리중: 4건 | 번들: ID:55698(1건), ID:55700(1건), ID:55701(1건), ID:55704(1건)
[2026-07-14 18:14:38] INFO: [POLLING] 종료 | 큐: 0건 | 번들맵: 4개
[2026-07-14 18:14:38] INFO: [REQ] contents=check-event | id=undefined
[2026-07-14 18:14:48] INFO: [POLLING] 시작 | 큐: 0건 | 처리중: 4건 | 번들: ID:55698(1건), ID:55700(1건), ID:55701(1건), ID:55704(1건)
[2026-07-14 18:14:48] INFO: [POLLING] 종료 | 큐: 0건 | 번들맵: 4개
[2026-07-14 18:14:58] INFO: [POLLING] 시작 | 큐: 0건 | 처리중: 4건 | 번들: ID:55698(1건), ID:55700(1건), ID:55701(1건), ID:55704(1건)
[2026-07-14 18:14:58] INFO: [POLLING] 종료 | 큐: 0건 | 번들맵: 4개
[2026-07-14 18:15:08] INFO: [POLLING] 시작 | 큐: 0건 | 처리중: 4건 | 번들: ID:55698(1건), ID:55700(1건), ID:55701(1건), ID:55704(1건)
[2026-07-14 18:15:08] INFO: [POLLING] 종료 | 큐: 0건 | 번들맵: 4개
[2026-07-14 18:15:18] INFO: [POLLING] 시작 | 큐: 0건 | 처리중: 4건 | 번들: ID:55698(1건), ID:55700(1건), ID:55701(1건), ID:55704(1건)
[2026-07-14 18:15:18] INFO: [POLLING] 종료 | 큐: 0건 | 번들맵: 4개
[2026-07-14 18:15:28] INFO: [POLLING] 시작 | 큐: 0건 | 처리중: 4건 | 번들: ID:55698(1건), ID:55700(1건), ID:55701(1건), ID:55704(1건)
[2026-07-14 18:15:28] INFO: [POLLING] 종료 | 큐: 0건 | 번들맵: 4개
[2026-07-14 18:15:32] INFO: [REQ] contents=check-event | id=undefined
[2026-07-14 18:15:38] INFO: [POLLING] 시작 | 큐: 0건 | 처리중: 4건 | 번들: ID:55698(1건), ID:55700(1건), ID:55701(1건), ID:55704(1건)
[2026-07-14 18:15:38] INFO: [POLLING] 종료 | 큐: 0건 | 번들맵: 4개
[2026-07-14 18:15:48] INFO: [POLLING] 시작 | 큐: 0건 | 처리중: 4건 | 번들: ID:55698(1건), ID:55700(1건), ID:55701(1건), ID:55704(1건)
[2026-07-14 18:15:48] INFO: [POLLING] 종료 | 큐: 0건 | 번들맵: 4개
[2026-07-14 18:15:58] INFO: [POLLING] 시작 | 큐: 0건 | 처리중: 4건 | 번들: ID:55698(1건), ID:55700(1건), ID:55701(1건), ID:55704(1건)
[2026-07-14 18:15:58] INFO: [POLLING] 종료 | 큐: 0건 | 번들맵: 4개
[2026-07-14 18:16:08] INFO: [POLLING] 시작 | 큐: 0건 | 처리중: 4건 | 번들: ID:55698(1건), ID:55700(1건), ID:55701(1건), ID:55704(1건)
[2026-07-14 18:16:08] INFO: [POLLING] 종료 | 큐: 0건 | 번들맵: 4개
[2026-07-14 18:16:18] INFO: [POLLING] 시작 | 큐: 0건 | 처리중: 4건 | 번들: ID:55698(1건), ID:55700(1건), ID:55701(1건), ID:55704(1건)
[2026-07-14 18:16:18] INFO: [POLLING] 종료 | 큐: 0건 | 번들맵: 4개
[2026-07-14 18:16:28] INFO: [POLLING] 시작 | 큐: 0건 | 처리중: 4건 | 번들: ID:55698(1건), ID:55700(1건), ID:55701(1건), ID:55704(1건)
[2026-07-14 18:16:28] INFO: [POLLING] 종료 | 큐: 0건 | 번들맵: 4개
[2026-07-14 18:16:28] INFO: [REQ] contents=check-event | id=undefined
[2026-07-14 18:16:38] INFO: [POLLING] 시작 | 큐: 0건 | 처리중: 4건 | 번들: ID:55698(1건), ID:55700(1건), ID:55701(1건), ID:55704(1건)
[2026-07-14 18:16:38] INFO: [POLLING] 종료 | 큐: 0건 | 번들맵: 4개
[2026-07-14 18:16:48] INFO: [POLLING] 시작 | 큐: 0건 | 처리중: 4건 | 번들: ID:55698(1건), ID:55700(1건), ID:55701(1건), ID:55704(1건)
[2026-07-14 18:16:48] INFO: [POLLING] 종료 | 큐: 0건 | 번들맵: 4개
[2026-07-14 18:16:58] INFO: [POLLING] 시작 | 큐: 0건 | 처리중: 4건 | 번들: ID:55698(1건), ID:55700(1건), ID:55701(1건), ID:55704(1건)
[2026-07-14 18:16:58] INFO: [POLLING] 종료 | 큐: 0건 | 번들맵: 4개
[2026-07-14 18:17:08] INFO: [POLLING] 시작 | 큐: 0건 | 처리중: 4건 | 번들: ID:55698(1건), ID:55700(1건), ID:55701(1건), ID:55704(1건)
[2026-07-14 18:17:08] INFO: [POLLING] 종료 | 큐: 0건 | 번들맵: 4개
[2026-07-14 18:17:18] INFO: [POLLING] 시작 | 큐: 0건 | 처리중: 4건 | 번들: ID:55698(1건), ID:55700(1건), ID:55701(1건), ID:55704(1건)
[2026-07-14 18:17:18] INFO: [POLLING] 종료 | 큐: 0건 | 번들맵: 4개
[2026-07-14 18:17:22] INFO: [REQ] contents=check-event | id=undefined
[2026-07-14 18:17:28] INFO: [POLLING] 시작 | 큐: 0건 | 처리중: 4건 | 번들: ID:55698(1건), ID:55700(1건), ID:55701(1건), ID:55704(1건)
[2026-07-14 18:17:28] INFO: [POLLING] 종료 | 큐: 0건 | 번들맵: 4개
[2026-07-14 18:17:38] INFO: [POLLING] 시작 | 큐: 0건 | 처리중: 4건 | 번들: ID:55698(1건), ID:55700(1건), ID:55701(1건), ID:55704(1건)
[2026-07-14 18:17:38] INFO: [POLLING] 종료 | 큐: 0건 | 번들맵: 4개
[2026-07-14 18:17:48] INFO: [POLLING] 시작 | 큐: 0건 | 처리중: 4건 | 번들: ID:55698(1건), ID:55700(1건), ID:55701(1건), ID:55704(1건)
[2026-07-14 18:17:48] INFO: [POLLING] 종료 | 큐: 0건 | 번들맵: 4개
[2026-07-14 18:17:58] INFO: [POLLING] 시작 | 큐: 0건 | 처리중: 4건 | 번들: ID:55698(1건), ID:55700(1건), ID:55701(1건), ID:55704(1건)
[2026-07-14 18:17:58] INFO: [POLLING] 종료 | 큐: 0건 | 번들맵: 4개
[2026-07-14 18:18:08] INFO: [POLLING] 시작 | 큐: 0건 | 처리중: 4건 | 번들: ID:55698(1건), ID:55700(1건), ID:55701(1건), ID:55704(1건)
[2026-07-14 18:18:08] INFO: [POLLING] 종료 | 큐: 0건 | 번들맵: 4개
[2026-07-14 18:18:08] INFO: [REQ] contents=check-event | id=undefined
[2026-07-14 18:18:18] INFO: [POLLING] 시작 | 큐: 0건 | 처리중: 4건 | 번들: ID:55698(1건), ID:55700(1건), ID:55701(1건), ID:55704(1건)
[2026-07-14 18:18:18] INFO: [POLLING] 종료 | 큐: 0건 | 번들맵: 4개
[2026-07-14 18:18:28] INFO: [POLLING] 시작 | 큐: 0건 | 처리중: 4건 | 번들: ID:55698(1건), ID:55700(1건), ID:55701(1건), ID:55704(1건)
[2026-07-14 18:18:28] INFO: [POLLING] 종료 | 큐: 0건 | 번들맵: 4개
[2026-07-14 18:18:38] INFO: [POLLING] 시작 | 큐: 0건 | 처리중: 4건 | 번들: ID:55698(1건), ID:55700(1건), ID:55701(1건), ID:55704(1건)
[2026-07-14 18:18:38] INFO: [POLLING] 종료 | 큐: 0건 | 번들맵: 4개
[2026-07-14 18:18:48] INFO: [POLLING] 시작 | 큐: 0건 | 처리중: 4건 | 번들: ID:55698(1건), ID:55700(1건), ID:55701(1건), ID:55704(1건)
[2026-07-14 18:18:48] INFO: [POLLING] 종료 | 큐: 0건 | 번들맵: 4개
[2026-07-14 18:18:58] INFO: [POLLING] 시작 | 큐: 0건 | 처리중: 4건 | 번들: ID:55698(1건), ID:55700(1건), ID:55701(1건), ID:55704(1건)
[2026-07-14 18:18:58] INFO: [POLLING] 종료 | 큐: 0건 | 번들맵: 4개
[2026-07-14 18:19:02] INFO: [REQ] contents=check-event | id=undefined
[2026-07-14 18:19:08] INFO: [POLLING] 시작 | 큐: 0건 | 처리중: 4건 | 번들: ID:55698(1건), ID:55700(1건), ID:55701(1건), ID:55704(1건)
[2026-07-14 18:19:08] INFO: [POLLING] 종료 | 큐: 0건 | 번들맵: 4개
[2026-07-14 18:19:18] INFO: [POLLING] 시작 | 큐: 0건 | 처리중: 4건 | 번들: ID:55698(1건), ID:55700(1건), ID:55701(1건), ID:55704(1건)
[2026-07-14 18:19:18] INFO: [POLLING] 종료 | 큐: 0건 | 번들맵: 4개
[2026-07-14 18:19:28] INFO: [POLLING] 시작 | 큐: 0건 | 처리중: 4건 | 번들: ID:55698(1건), ID:55700(1건), ID:55701(1건), ID:55704(1건)
[2026-07-14 18:19:28] INFO: [POLLING] 종료 | 큐: 0건 | 번들맵: 4개
[2026-07-14 18:19:38] INFO: [POLLING] 시작 | 큐: 0건 | 처리중: 4건 | 번들: ID:55698(1건), ID:55700(1건), ID:55701(1건), ID:55704(1건)
[2026-07-14 18:19:38] INFO: [POLLING] 종료 | 큐: 0건 | 번들맵: 4개
[2026-07-14 18:19:39] INFO: [REQ] contents=check-event | id=undefined
[2026-07-14 18:19:48] INFO: [POLLING] 시작 | 큐: 0건 | 처리중: 4건 | 번들: ID:55698(1건), ID:55700(1건), ID:55701(1건), ID:55704(1건)
[2026-07-14 18:19:48] INFO: [POLLING] 종료 | 큐: 0건 | 번들맵: 4개
[2026-07-14 18:19:58] INFO: [POLLING] 시작 | 큐: 0건 | 처리중: 4건 | 번들: ID:55698(1건), ID:55700(1건), ID:55701(1건), ID:55704(1건)
[2026-07-14 18:19:58] INFO: [POLLING] 종료 | 큐: 0건 | 번들맵: 4개
[2026-07-14 18:20:08] INFO: [POLLING] 시작 | 큐: 0건 | 처리중: 4건 | 번들: ID:55698(1건), ID:55700(1건), ID:55701(1건), ID:55704(1건)
[2026-07-14 18:20:08] INFO: [POLLING] 종료 | 큐: 0건 | 번들맵: 4개
[2026-07-14 18:20:18] INFO: [POLLING] 시작 | 큐: 0건 | 처리중: 4건 | 번들: ID:55698(1건), ID:55700(1건), ID:55701(1건), ID:55704(1건)
[2026-07-14 18:20:18] INFO: [POLLING] 종료 | 큐: 0건 | 번들맵: 4개
[2026-07-14 18:20:28] INFO: [POLLING] 시작 | 큐: 0건 | 처리중: 4건 | 번들: ID:55698(1건), ID:55700(1건), ID:55701(1건), ID:55704(1건)
[2026-07-14 18:20:28] INFO: [POLLING] 종료 | 큐: 0건 | 번들맵: 4개
[2026-07-14 18:20:32] INFO: [REQ] contents=check-event | id=undefined
[2026-07-14 18:20:38] INFO: [POLLING] 시작 | 큐: 0건 | 처리중: 4건 | 번들: ID:55698(1건), ID:55700(1건), ID:55701(1건), ID:55704(1건)
[2026-07-14 18:20:39] INFO: [POLLING] 종료 | 큐: 0건 | 번들맵: 4개
[2026-07-14 18:20:48] INFO: [POLLING] 시작 | 큐: 0건 | 처리중: 4건 | 번들: ID:55698(1건), ID:55700(1건), ID:55701(1건), ID:55704(1건)
[2026-07-14 18:20:48] INFO: [POLLING] 종료 | 큐: 0건 | 번들맵: 4개
[2026-07-14 18:20:58] INFO: [POLLING] 시작 | 큐: 0건 | 처리중: 4건 | 번들: ID:55698(1건), ID:55700(1건), ID:55701(1건), ID:55704(1건)
[2026-07-14 18:20:58] INFO: [POLLING] 종료 | 큐: 0건 | 번들맵: 4개
[2026-07-14 18:21:08] INFO: [POLLING] 시작 | 큐: 0건 | 처리중: 4건 | 번들: ID:55698(1건), ID:55700(1건), ID:55701(1건), ID:55704(1건)
[2026-07-14 18:21:08] INFO: [POLLING] 종료 | 큐: 0건 | 번들맵: 4개
[2026-07-14 18:21:18] INFO: [POLLING] 시작 | 큐: 0건 | 처리중: 4건 | 번들: ID:55698(1건), ID:55700(1건), ID:55701(1건), ID:55704(1건)
[2026-07-14 18:21:19] INFO: [POLLING] 종료 | 큐: 0건 | 번들맵: 4개
[2026-07-14 18:21:28] INFO: [POLLING] 시작 | 큐: 0건 | 처리중: 4건 | 번들: ID:55698(1건), ID:55700(1건), ID:55701(1건), ID:55704(1건)
[2026-07-14 18:21:29] INFO: [POLLING] 종료 | 큐: 0건 | 번들맵: 4개
[2026-07-14 18:21:29] INFO: [REQ] contents=check-event | id=undefined
[2026-07-14 18:21:38] INFO: [POLLING] 시작 | 큐: 0건 | 처리중: 4건 | 번들: ID:55698(1건), ID:55700(1건), ID:55701(1건), ID:55704(1건)
[2026-07-14 18:21:39] INFO: [POLLING] 종료 | 큐: 0건 | 번들맵: 4개
[2026-07-14 18:21:48] INFO: [POLLING] 시작 | 큐: 0건 | 처리중: 4건 | 번들: ID:55698(1건), ID:55700(1건), ID:55701(1건), ID:55704(1건)
[2026-07-14 18:21:49] INFO: [POLLING] 종료 | 큐: 0건 | 번들맵: 4개
[2026-07-14 18:21:58] INFO: [POLLING] 시작 | 큐: 0건 | 처리중: 4건 | 번들: ID:55698(1건), ID:55700(1건), ID:55701(1건), ID:55704(1건)
[2026-07-14 18:21:59] INFO: [POLLING] 종료 | 큐: 0건 | 번들맵: 4개
[2026-07-14 18:22:08] INFO: [POLLING] 시작 | 큐: 0건 | 처리중: 4건 | 번들: ID:55698(1건), ID:55700(1건), ID:55701(1건), ID:55704(1건)
[2026-07-14 18:22:09] INFO: [POLLING] 종료 | 큐: 0건 | 번들맵: 4개
[2026-07-14 18:22:18] INFO: [POLLING] 시작 | 큐: 0건 | 처리중: 4건 | 번들: ID:55698(1건), ID:55700(1건), ID:55701(1건), ID:55704(1건)
[2026-07-14 18:22:19] INFO: [POLLING] 종료 | 큐: 0건 | 번들맵: 4개
[2026-07-14 18:22:22] INFO: [REQ] contents=check-event | id=undefined
[2026-07-14 18:22:28] INFO: [POLLING] 시작 | 큐: 0건 | 처리중: 4건 | 번들: ID:55698(1건), ID:55700(1건), ID:55701(1건), ID:55704(1건)
[2026-07-14 18:22:29] INFO: [POLLING] 종료 | 큐: 0건 | 번들맵: 4개
[2026-07-14 18:22:38] INFO: [POLLING] 시작 | 큐: 0건 | 처리중: 4건 | 번들: ID:55698(1건), ID:55700(1건), ID:55701(1건), ID:55704(1건)
[2026-07-14 18:22:39] INFO: [POLLING] 종료 | 큐: 0건 | 번들맵: 4개
[2026-07-14 18:22:48] INFO: [POLLING] 시작 | 큐: 0건 | 처리중: 4건 | 번들: ID:55698(1건), ID:55700(1건), ID:55701(1건), ID:55704(1건)
[2026-07-14 18:22:49] INFO: [POLLING] 종료 | 큐: 0건 | 번들맵: 4개
[2026-07-14 18:22:58] INFO: [POLLING] 시작 | 큐: 0건 | 처리중: 4건 | 번들: ID:55698(1건), ID:55700(1건), ID:55701(1건), ID:55704(1건)
[2026-07-14 18:22:59] INFO: [POLLING] 종료 | 큐: 0건 | 번들맵: 4개
[2026-07-14 18:23:08] INFO: [POLLING] 시작 | 큐: 0건 | 처리중: 4건 | 번들: ID:55698(1건), ID:55700(1건), ID:55701(1건), ID:55704(1건)
[2026-07-14 18:23:09] INFO: [POLLING] 종료 | 큐: 0건 | 번들맵: 4개
[2026-07-14 18:23:09] INFO: [REQ] contents=check-event | id=undefined
[2026-07-14 18:23:18] INFO: [POLLING] 시작 | 큐: 0건 | 처리중: 4건 | 번들: ID:55698(1건), ID:55700(1건), ID:55701(1건), ID:55704(1건)
[2026-07-14 18:23:19] INFO: [POLLING] 종료 | 큐: 0건 | 번들맵: 4개
[2026-07-14 18:23:28] INFO: [POLLING] 시작 | 큐: 0건 | 처리중: 4건 | 번들: ID:55698(1건), ID:55700(1건), ID:55701(1건), ID:55704(1건)
[2026-07-14 18:23:29] INFO: [POLLING] 종료 | 큐: 0건 | 번들맵: 4개
[2026-07-14 18:23:38] INFO: [POLLING] 시작 | 큐: 0건 | 처리중: 4건 | 번들: ID:55698(1건), ID:55700(1건), ID:55701(1건), ID:55704(1건)
[2026-07-14 18:23:39] INFO: [POLLING] 종료 | 큐: 0건 | 번들맵: 4개
[2026-07-14 18:23:48] INFO: [POLLING] 시작 | 큐: 0건 | 처리중: 4건 | 번들: ID:55698(1건), ID:55700(1건), ID:55701(1건), ID:55704(1건)
[2026-07-14 18:23:49] INFO: [POLLING] 종료 | 큐: 0건 | 번들맵: 4개
[2026-07-14 18:23:58] INFO: [POLLING] 시작 | 큐: 0건 | 처리중: 4건 | 번들: ID:55698(1건), ID:55700(1건), ID:55701(1건), ID:55704(1건)
[2026-07-14 18:23:59] INFO: [POLLING] 종료 | 큐: 0건 | 번들맵: 4개
[2026-07-14 18:24:02] INFO: [REQ] contents=check-event | id=undefined
[2026-07-14 18:24:08] INFO: [POLLING] 시작 | 큐: 0건 | 처리중: 4건 | 번들: ID:55698(1건), ID:55700(1건), ID:55701(1건), ID:55704(1건)
[2026-07-14 18:24:09] INFO: [POLLING] 종료 | 큐: 0건 | 번들맵: 4개
[2026-07-14 18:24:18] INFO: [POLLING] 시작 | 큐: 0건 | 처리중: 4건 | 번들: ID:55698(1건), ID:55700(1건), ID:55701(1건), ID:55704(1건)
[2026-07-14 18:24:19] INFO: [POLLING] 종료 | 큐: 0건 | 번들맵: 4개
[2026-07-14 18:24:28] INFO: [POLLING] 시작 | 큐: 0건 | 처리중: 4건 | 번들: ID:55698(1건), ID:55700(1건), ID:55701(1건), ID:55704(1건)
[2026-07-14 18:24:29] INFO: [POLLING] 종료 | 큐: 0건 | 번들맵: 4개
[2026-07-14 18:24:38] INFO: [POLLING] 시작 | 큐: 0건 | 처리중: 4건 | 번들: ID:55698(1건), ID:55700(1건), ID:55701(1건), ID:55704(1건)
[2026-07-14 18:24:39] INFO: [POLLING] 종료 | 큐: 0건 | 번들맵: 4개
[2026-07-14 18:24:39] INFO: [REQ] contents=check-event | id=undefined
[2026-07-14 18:24:48] INFO: [POLLING] 시작 | 큐: 0건 | 처리중: 4건 | 번들: ID:55698(1건), ID:55700(1건), ID:55701(1건), ID:55704(1건)
[2026-07-14 18:24:49] INFO: [POLLING] 종료 | 큐: 0건 | 번들맵: 4개
[2026-07-14 18:24:58] INFO: [POLLING] 시작 | 큐: 0건 | 처리중: 4건 | 번들: ID:55698(1건), ID:55700(1건), ID:55701(1건), ID:55704(1건)
[2026-07-14 18:24:59] INFO: [POLLING] 종료 | 큐: 0건 | 번들맵: 4개
[2026-07-14 18:25:08] INFO: [POLLING] 시작 | 큐: 0건 | 처리중: 4건 | 번들: ID:55698(1건), ID:55700(1건), ID:55701(1건), ID:55704(1건)
[2026-07-14 18:25:09] INFO: [POLLING] 종료 | 큐: 0건 | 번들맵: 4개
[2026-07-14 18:25:18] INFO: [POLLING] 시작 | 큐: 0건 | 처리중: 4건 | 번들: ID:55698(1건), ID:55700(1건), ID:55701(1건), ID:55704(1건)
[2026-07-14 18:25:19] INFO: [POLLING] 종료 | 큐: 0건 | 번들맵: 4개
[2026-07-14 18:25:28] INFO: [POLLING] 시작 | 큐: 0건 | 처리중: 4건 | 번들: ID:55698(1건), ID:55700(1건), ID:55701(1건), ID:55704(1건)
[2026-07-14 18:25:29] INFO: [POLLING] 종료 | 큐: 0건 | 번들맵: 4개
[2026-07-14 18:25:33] INFO: [REQ] contents=check-event | id=undefined
[2026-07-14 18:25:38] INFO: [POLLING] 시작 | 큐: 0건 | 처리중: 4건 | 번들: ID:55698(1건), ID:55700(1건), ID:55701(1건), ID:55704(1건)
[2026-07-14 18:25:39] INFO: [POLLING] 종료 | 큐: 0건 | 번들맵: 4개
[2026-07-14 18:25:48] INFO: [POLLING] 시작 | 큐: 0건 | 처리중: 4건 | 번들: ID:55698(1건), ID:55700(1건), ID:55701(1건), ID:55704(1건)
[2026-07-14 18:25:49] INFO: [POLLING] 종료 | 큐: 0건 | 번들맵: 4개
[2026-07-14 18:25:58] INFO: [POLLING] 시작 | 큐: 0건 | 처리중: 4건 | 번들: ID:55698(1건), ID:55700(1건), ID:55701(1건), ID:55704(1건)
[2026-07-14 18:25:59] INFO: [POLLING] 종료 | 큐: 0건 | 번들맵: 4개
[2026-07-14 18:26:08] INFO: [POLLING] 시작 | 큐: 0건 | 처리중: 4건 | 번들: ID:55698(1건), ID:55700(1건), ID:55701(1건), ID:55704(1건)
[2026-07-14 18:26:09] INFO: [POLLING] 종료 | 큐: 0건 | 번들맵: 4개
[2026-07-14 18:26:18] INFO: [POLLING] 시작 | 큐: 0건 | 처리중: 4건 | 번들: ID:55698(1건), ID:55700(1건), ID:55701(1건), ID:55704(1건)
[2026-07-14 18:26:19] INFO: [POLLING] 종료 | 큐: 0건 | 번들맵: 4개
[2026-07-14 18:26:28] INFO: [POLLING] 시작 | 큐: 0건 | 처리중: 4건 | 번들: ID:55698(1건), ID:55700(1건), ID:55701(1건), ID:55704(1건)
[2026-07-14 18:26:29] INFO: [POLLING] 종료 | 큐: 0건 | 번들맵: 4개
[2026-07-14 18:26:29] INFO: [REQ] contents=check-event | id=undefined
[2026-07-14 18:26:38] INFO: [POLLING] 시작 | 큐: 0건 | 처리중: 4건 | 번들: ID:55698(1건), ID:55700(1건), ID:55701(1건), ID:55704(1건)
[2026-07-14 18:26:39] INFO: [POLLING] 종료 | 큐: 0건 | 번들맵: 4개
[2026-07-14 18:26:48] INFO: [POLLING] 시작 | 큐: 0건 | 처리중: 4건 | 번들: ID:55698(1건), ID:55700(1건), ID:55701(1건), ID:55704(1건)
[2026-07-14 18:26:49] INFO: [POLLING] 종료 | 큐: 0건 | 번들맵: 4개
[2026-07-14 18:26:58] INFO: [POLLING] 시작 | 큐: 0건 | 처리중: 4건 | 번들: ID:55698(1건), ID:55700(1건), ID:55701(1건), ID:55704(1건)
[2026-07-14 18:26:59] INFO: [POLLING] 종료 | 큐: 0건 | 번들맵: 4개
[2026-07-14 18:27:08] INFO: [POLLING] 시작 | 큐: 0건 | 처리중: 4건 | 번들: ID:55698(1건), ID:55700(1건), ID:55701(1건), ID:55704(1건)
[2026-07-14 18:27:09] INFO: [POLLING] 종료 | 큐: 0건 | 번들맵: 4개
[2026-07-14 18:27:18] INFO: [POLLING] 시작 | 큐: 0건 | 처리중: 4건 | 번들: ID:55698(1건), ID:55700(1건), ID:55701(1건), ID:55704(1건)
[2026-07-14 18:27:19] INFO: [POLLING] 종료 | 큐: 0건 | 번들맵: 4개
[2026-07-14 18:27:23] INFO: [REQ] contents=check-event | id=undefined
[2026-07-14 18:27:28] INFO: [POLLING] 시작 | 큐: 0건 | 처리중: 4건 | 번들: ID:55698(1건), ID:55700(1건), ID:55701(1건), ID:55704(1건)
[2026-07-14 18:27:29] INFO: [POLLING] 종료 | 큐: 0건 | 번들맵: 4개
[2026-07-14 18:27:38] INFO: [POLLING] 시작 | 큐: 0건 | 처리중: 4건 | 번들: ID:55698(1건), ID:55700(1건), ID:55701(1건), ID:55704(1건)
[2026-07-14 18:27:39] INFO: [POLLING] 종료 | 큐: 0건 | 번들맵: 4개
[2026-07-14 18:27:48] INFO: [POLLING] 시작 | 큐: 0건 | 처리중: 4건 | 번들: ID:55698(1건), ID:55700(1건), ID:55701(1건), ID:55704(1건)
[2026-07-14 18:27:49] INFO: [POLLING] 종료 | 큐: 0건 | 번들맵: 4개
[2026-07-14 18:27:58] INFO: [POLLING] 시작 | 큐: 0건 | 처리중: 4건 | 번들: ID:55698(1건), ID:55700(1건), ID:55701(1건), ID:55704(1건)
[2026-07-14 18:27:59] INFO: [POLLING] 종료 | 큐: 0건 | 번들맵: 4개
[2026-07-14 18:28:08] INFO: [POLLING] 시작 | 큐: 0건 | 처리중: 4건 | 번들: ID:55698(1건), ID:55700(1건), ID:55701(1건), ID:55704(1건)
[2026-07-14 18:28:09] INFO: [POLLING] 종료 | 큐: 0건 | 번들맵: 4개
[2026-07-14 18:28:09] INFO: [REQ] contents=check-event | id=undefined
[2026-07-14 18:28:18] INFO: [POLLING] 시작 | 큐: 0건 | 처리중: 4건 | 번들: ID:55698(1건), ID:55700(1건), ID:55701(1건), ID:55704(1건)
[2026-07-14 18:28:19] INFO: [POLLING] 종료 | 큐: 0건 | 번들맵: 4개
[2026-07-14 18:28:28] INFO: [POLLING] 시작 | 큐: 0건 | 처리중: 4건 | 번들: ID:55698(1건), ID:55700(1건), ID:55701(1건), ID:55704(1건)
[2026-07-14 18:28:29] INFO: [POLLING] 종료 | 큐: 0건 | 번들맵: 4개
[2026-07-14 18:28:38] INFO: [POLLING] 시작 | 큐: 0건 | 처리중: 4건 | 번들: ID:55698(1건), ID:55700(1건), ID:55701(1건), ID:55704(1건)
[2026-07-14 18:28:39] INFO: [POLLING] 종료 | 큐: 0건 | 번들맵: 4개
[2026-07-14 18:28:48] INFO: [POLLING] 시작 | 큐: 0건 | 처리중: 4건 | 번들: ID:55698(1건), ID:55700(1건), ID:55701(1건), ID:55704(1건)
[2026-07-14 18:28:49] INFO: [POLLING] 종료 | 큐: 0건 | 번들맵: 4개
[2026-07-14 18:28:58] INFO: [POLLING] 시작 | 큐: 0건 | 처리중: 4건 | 번들: ID:55698(1건), ID:55700(1건), ID:55701(1건), ID:55704(1건)
[2026-07-14 18:28:59] INFO: [POLLING] 종료 | 큐: 0건 | 번들맵: 4개
[2026-07-14 18:29:03] INFO: [REQ] contents=check-event | id=undefined
[2026-07-14 18:29:08] INFO: [POLLING] 시작 | 큐: 0건 | 처리중: 4건 | 번들: ID:55698(1건), ID:55700(1건), ID:55701(1건), ID:55704(1건)
[2026-07-14 18:29:09] INFO: [POLLING] 종료 | 큐: 0건 | 번들맵: 4개
[2026-07-14 18:29:18] INFO: [POLLING] 시작 | 큐: 0건 | 처리중: 4건 | 번들: ID:55698(1건), ID:55700(1건), ID:55701(1건), ID:55704(1건)
[2026-07-14 18:29:19] INFO: [POLLING] 종료 | 큐: 0건 | 번들맵: 4개
[2026-07-14 18:29:28] INFO: [POLLING] 시작 | 큐: 0건 | 처리중: 4건 | 번들: ID:55698(1건), ID:55700(1건), ID:55701(1건), ID:55704(1건)
[2026-07-14 18:29:29] INFO: [POLLING] 종료 | 큐: 0건 | 번들맵: 4개
[2026-07-14 18:29:30] INFO: [REQ] contents=check-event | id=undefined
[2026-07-14 18:29:38] INFO: [POLLING] 시작 | 큐: 0건 | 처리중: 4건 | 번들: ID:55698(1건), ID:55700(1건), ID:55701(1건), ID:55704(1건)
[2026-07-14 18:29:39] INFO: [POLLING] 종료 | 큐: 0건 | 번들맵: 4개
[2026-07-14 18:29:48] INFO: [POLLING] 시작 | 큐: 0건 | 처리중: 4건 | 번들: ID:55698(1건), ID:55700(1건), ID:55701(1건), ID:55704(1건)
[2026-07-14 18:29:49] INFO: [POLLING] 종료 | 큐: 0건 | 번들맵: 4개
[2026-07-14 18:29:58] INFO: [POLLING] 시작 | 큐: 0건 | 처리중: 4건 | 번들: ID:55698(1건), ID:55700(1건), ID:55701(1건), ID:55704(1건)
[2026-07-14 18:29:59] INFO: [POLLING] 종료 | 큐: 0건 | 번들맵: 4개
[2026-07-14 18:30:08] INFO: [POLLING] 시작 | 큐: 0건 | 처리중: 4건 | 번들: ID:55698(1건), ID:55700(1건), ID:55701(1건), ID:55704(1건)
[2026-07-14 18:30:09] INFO: [POLLING] 종료 | 큐: 0건 | 번들맵: 4개
[2026-07-14 18:30:18] INFO: [POLLING] 시작 | 큐: 0건 | 처리중: 4건 | 번들: ID:55698(1건), ID:55700(1건), ID:55701(1건), ID:55704(1건)
[2026-07-14 18:30:19] INFO: [POLLING] 종료 | 큐: 0건 | 번들맵: 4개
[2026-07-14 18:30:28] INFO: [POLLING] 시작 | 큐: 0건 | 처리중: 4건 | 번들: ID:55698(1건), ID:55700(1건), ID:55701(1건), ID:55704(1건)
[2026-07-14 18:30:29] INFO: [POLLING] 종료 | 큐: 0건 | 번들맵: 4개
[2026-07-14 18:30:33] INFO: [REQ] contents=check-event | id=undefined
[2026-07-14 18:30:38] INFO: [POLLING] 시작 | 큐: 0건 | 처리중: 4건 | 번들: ID:55698(1건), ID:55700(1건), ID:55701(1건), ID:55704(1건)
[2026-07-14 18:30:39] INFO: [POLLING] 종료 | 큐: 0건 | 번들맵: 4개
[2026-07-14 18:30:48] INFO: [POLLING] 시작 | 큐: 0건 | 처리중: 4건 | 번들: ID:55698(1건), ID:55700(1건), ID:55701(1건), ID:55704(1건)
[2026-07-14 18:30:49] INFO: [POLLING] 종료 | 큐: 0건 | 번들맵: 4개
[2026-07-14 18:30:58] INFO: [POLLING] 시작 | 큐: 0건 | 처리중: 4건 | 번들: ID:55698(1건), ID:55700(1건), ID:55701(1건), ID:55704(1건)
[2026-07-14 18:30:59] INFO: [POLLING] 종료 | 큐: 0건 | 번들맵: 4개
[2026-07-14 18:31:08] INFO: [POLLING] 시작 | 큐: 0건 | 처리중: 4건 | 번들: ID:55698(1건), ID:55700(1건), ID:55701(1건), ID:55704(1건)
[2026-07-14 18:31:09] INFO: [POLLING] 종료 | 큐: 0건 | 번들맵: 4개
[2026-07-14 18:31:18] INFO: [POLLING] 시작 | 큐: 0건 | 처리중: 4건 | 번들: ID:55698(1건), ID:55700(1건), ID:55701(1건), ID:55704(1건)
[2026-07-14 18:31:19] INFO: [POLLING] 종료 | 큐: 0건 | 번들맵: 4개
[2026-07-14 18:31:20] INFO: [REQ] contents=check-event | id=undefined
[2026-07-14 18:31:28] INFO: [POLLING] 시작 | 큐: 0건 | 처리중: 4건 | 번들: ID:55698(1건), ID:55700(1건), ID:55701(1건), ID:55704(1건)
[2026-07-14 18:31:29] INFO: [POLLING] 종료 | 큐: 0건 | 번들맵: 4개
[2026-07-14 18:31:38] INFO: [POLLING] 시작 | 큐: 0건 | 처리중: 4건 | 번들: ID:55698(1건), ID:55700(1건), ID:55701(1건), ID:55704(1건)
[2026-07-14 18:31:39] INFO: [POLLING] 종료 | 큐: 0건 | 번들맵: 4개
[2026-07-14 18:31:48] INFO: [POLLING] 시작 | 큐: 0건 | 처리중: 4건 | 번들: ID:55698(1건), ID:55700(1건), ID:55701(1건), ID:55704(1건)
[2026-07-14 18:31:49] INFO: [POLLING] 종료 | 큐: 0건 | 번들맵: 4개
[2026-07-14 18:31:59] INFO: [POLLING] 시작 | 큐: 0건 | 처리중: 4건 | 번들: ID:55698(1건), ID:55700(1건), ID:55701(1건), ID:55704(1건)
[2026-07-14 18:31:59] INFO: [POLLING] 종료 | 큐: 0건 | 번들맵: 4개
[2026-07-14 18:32:09] INFO: [POLLING] 시작 | 큐: 0건 | 처리중: 4건 | 번들: ID:55698(1건), ID:55700(1건), ID:55701(1건), ID:55704(1건)
[2026-07-14 18:32:09] INFO: [POLLING] 종료 | 큐: 0건 | 번들맵: 4개
[2026-07-14 18:32:19] INFO: [POLLING] 시작 | 큐: 0건 | 처리중: 4건 | 번들: ID:55698(1건), ID:55700(1건), ID:55701(1건), ID:55704(1건)
[2026-07-14 18:32:19] INFO: [POLLING] 종료 | 큐: 0건 | 번들맵: 4개
[2026-07-14 18:32:23] INFO: [REQ] contents=check-event | id=undefined
[2026-07-14 18:32:29] INFO: [POLLING] 시작 | 큐: 0건 | 처리중: 4건 | 번들: ID:55698(1건), ID:55700(1건), ID:55701(1건), ID:55704(1건)
[2026-07-14 18:32:29] INFO: [POLLING] 종료 | 큐: 0건 | 번들맵: 4개
[2026-07-14 18:32:39] INFO: [POLLING] 시작 | 큐: 0건 | 처리중: 4건 | 번들: ID:55698(1건), ID:55700(1건), ID:55701(1건), ID:55704(1건)
[2026-07-14 18:32:39] INFO: [POLLING] 종료 | 큐: 0건 | 번들맵: 4개
[2026-07-14 18:32:49] INFO: [POLLING] 시작 | 큐: 0건 | 처리중: 4건 | 번들: ID:55698(1건), ID:55700(1건), ID:55701(1건), ID:55704(1건)
[2026-07-14 18:32:49] INFO: [POLLING] 종료 | 큐: 0건 | 번들맵: 4개
[2026-07-14 18:32:59] INFO: [POLLING] 시작 | 큐: 0건 | 처리중: 4건 | 번들: ID:55698(1건), ID:55700(1건), ID:55701(1건), ID:55704(1건)
[2026-07-14 18:32:59] INFO: [POLLING] 종료 | 큐: 0건 | 번들맵: 4개
[2026-07-14 18:33:00] INFO: [REQ] contents=check-event | id=undefined
[2026-07-14 18:33:09] INFO: [POLLING] 시작 | 큐: 0건 | 처리중: 4건 | 번들: ID:55698(1건), ID:55700(1건), ID:55701(1건), ID:55704(1건)
[2026-07-14 18:33:09] INFO: [POLLING] 종료 | 큐: 0건 | 번들맵: 4개
[2026-07-14 18:33:19] INFO: [POLLING] 시작 | 큐: 0건 | 처리중: 4건 | 번들: ID:55698(1건), ID:55700(1건), ID:55701(1건), ID:55704(1건)
[2026-07-14 18:33:19] INFO: [POLLING] 종료 | 큐: 0건 | 번들맵: 4개
[2026-07-14 18:33:29] INFO: [POLLING] 시작 | 큐: 0건 | 처리중: 4건 | 번들: ID:55698(1건), ID:55700(1건), ID:55701(1건), ID:55704(1건)
[2026-07-14 18:33:29] INFO: [POLLING] 종료 | 큐: 0건 | 번들맵: 4개
[2026-07-14 18:33:39] INFO: [POLLING] 시작 | 큐: 0건 | 처리중: 4건 | 번들: ID:55698(1건), ID:55700(1건), ID:55701(1건), ID:55704(1건)
[2026-07-14 18:33:39] INFO: [POLLING] 종료 | 큐: 0건 | 번들맵: 4개
[2026-07-14 18:33:49] INFO: [POLLING] 시작 | 큐: 0건 | 처리중: 4건 | 번들: ID:55698(1건), ID:55700(1건), ID:55701(1건), ID:55704(1건)
[2026-07-14 18:33:49] INFO: [POLLING] 종료 | 큐: 0건 | 번들맵: 4개
[2026-07-14 18:33:59] INFO: [POLLING] 시작 | 큐: 0건 | 처리중: 4건 | 번들: ID:55698(1건), ID:55700(1건), ID:55701(1건), ID:55704(1건)
[2026-07-14 18:33:59] INFO: [POLLING] 종료 | 큐: 0건 | 번들맵: 4개
[2026-07-14 18:34:03] INFO: [REQ] contents=check-event | id=undefined
[2026-07-14 18:34:09] INFO: [POLLING] 시작 | 큐: 0건 | 처리중: 4건 | 번들: ID:55698(1건), ID:55700(1건), ID:55701(1건), ID:55704(1건)
[2026-07-14 18:34:09] INFO: [POLLING] 종료 | 큐: 0건 | 번들맵: 4개
[2026-07-14 18:34:19] INFO: [POLLING] 시작 | 큐: 0건 | 처리중: 4건 | 번들: ID:55698(1건), ID:55700(1건), ID:55701(1건), ID:55704(1건)
[2026-07-14 18:34:19] INFO: [POLLING] 종료 | 큐: 0건 | 번들맵: 4개
[2026-07-14 18:34:29] INFO: [POLLING] 시작 | 큐: 0건 | 처리중: 4건 | 번들: ID:55698(1건), ID:55700(1건), ID:55701(1건), ID:55704(1건)
[2026-07-14 18:34:29] INFO: [POLLING] 종료 | 큐: 0건 | 번들맵: 4개
[2026-07-14 18:34:30] INFO: [REQ] contents=check-event | id=undefined
[2026-07-14 18:34:39] INFO: [POLLING] 시작 | 큐: 0건 | 처리중: 4건 | 번들: ID:55698(1건), ID:55700(1건), ID:55701(1건), ID:55704(1건)
[2026-07-14 18:34:39] INFO: [POLLING] 종료 | 큐: 0건 | 번들맵: 4개
[2026-07-14 18:34:49] INFO: [POLLING] 시작 | 큐: 0건 | 처리중: 4건 | 번들: ID:55698(1건), ID:55700(1건), ID:55701(1건), ID:55704(1건)
[2026-07-14 18:34:49] INFO: [POLLING] 종료 | 큐: 0건 | 번들맵: 4개
[2026-07-14 18:34:59] INFO: [POLLING] 시작 | 큐: 0건 | 처리중: 4건 | 번들: ID:55698(1건), ID:55700(1건), ID:55701(1건), ID:55704(1건)
[2026-07-14 18:34:59] INFO: [POLLING] 종료 | 큐: 0건 | 번들맵: 4개
[2026-07-14 18:35:09] INFO: [POLLING] 시작 | 큐: 0건 | 처리중: 4건 | 번들: ID:55698(1건), ID:55700(1건), ID:55701(1건), ID:55704(1건)
[2026-07-14 18:35:09] INFO: [POLLING] 종료 | 큐: 0건 | 번들맵: 4개
[2026-07-14 18:35:19] INFO: [POLLING] 시작 | 큐: 0건 | 처리중: 4건 | 번들: ID:55698(1건), ID:55700(1건), ID:55701(1건), ID:55704(1건)
[2026-07-14 18:35:19] INFO: [POLLING] 종료 | 큐: 0건 | 번들맵: 4개
[2026-07-14 18:35:29] INFO: [POLLING] 시작 | 큐: 0건 | 처리중: 4건 | 번들: ID:55698(1건), ID:55700(1건), ID:55701(1건), ID:55704(1건)
[2026-07-14 18:35:29] INFO: [POLLING] 종료 | 큐: 0건 | 번들맵: 4개
[2026-07-14 18:35:34] INFO: [REQ] contents=check-event | id=undefined
[2026-07-14 18:35:39] INFO: [POLLING] 시작 | 큐: 0건 | 처리중: 4건 | 번들: ID:55698(1건), ID:55700(1건), ID:55701(1건), ID:55704(1건)
[2026-07-14 18:35:39] INFO: [POLLING] 종료 | 큐: 0건 | 번들맵: 4개
[2026-07-14 18:35:49] INFO: [POLLING] 시작 | 큐: 0건 | 처리중: 4건 | 번들: ID:55698(1건), ID:55700(1건), ID:55701(1건), ID:55704(1건)
[2026-07-14 18:35:49] INFO: [POLLING] 종료 | 큐: 0건 | 번들맵: 4개
[2026-07-14 18:35:59] INFO: [POLLING] 시작 | 큐: 0건 | 처리중: 4건 | 번들: ID:55698(1건), ID:55700(1건), ID:55701(1건), ID:55704(1건)
[2026-07-14 18:35:59] INFO: [POLLING] 종료 | 큐: 0건 | 번들맵: 4개
[2026-07-14 18:36:09] INFO: [POLLING] 시작 | 큐: 0건 | 처리중: 4건 | 번들: ID:55698(1건), ID:55700(1건), ID:55701(1건), ID:55704(1건)
[2026-07-14 18:36:09] INFO: [POLLING] 종료 | 큐: 0건 | 번들맵: 4개
[2026-07-14 18:36:19] INFO: [POLLING] 시작 | 큐: 0건 | 처리중: 4건 | 번들: ID:55698(1건), ID:55700(1건), ID:55701(1건), ID:55704(1건)
[2026-07-14 18:36:19] INFO: [POLLING] 종료 | 큐: 0건 | 번들맵: 4개
[2026-07-14 18:36:20] INFO: [REQ] contents=check-event | id=undefined
[2026-07-14 18:36:29] INFO: [POLLING] 시작 | 큐: 0건 | 처리중: 4건 | 번들: ID:55698(1건), ID:55700(1건), ID:55701(1건), ID:55704(1건)
[2026-07-14 18:36:29] INFO: [POLLING] 종료 | 큐: 0건 | 번들맵: 4개
[2026-07-14 18:36:39] INFO: [POLLING] 시작 | 큐: 0건 | 처리중: 4건 | 번들: ID:55698(1건), ID:55700(1건), ID:55701(1건), ID:55704(1건)
[2026-07-14 18:36:39] INFO: [POLLING] 종료 | 큐: 0건 | 번들맵: 4개
[2026-07-14 18:36:49] INFO: [POLLING] 시작 | 큐: 0건 | 처리중: 4건 | 번들: ID:55698(1건), ID:55700(1건), ID:55701(1건), ID:55704(1건)
[2026-07-14 18:36:49] INFO: [POLLING] 종료 | 큐: 0건 | 번들맵: 4개
[2026-07-14 18:36:59] INFO: [POLLING] 시작 | 큐: 0건 | 처리중: 4건 | 번들: ID:55698(1건), ID:55700(1건), ID:55701(1건), ID:55704(1건)
[2026-07-14 18:36:59] INFO: [POLLING] 종료 | 큐: 0건 | 번들맵: 4개
[2026-07-14 18:37:09] INFO: [POLLING] 시작 | 큐: 0건 | 처리중: 4건 | 번들: ID:55698(1건), ID:55700(1건), ID:55701(1건), ID:55704(1건)
[2026-07-14 18:37:09] INFO: [POLLING] 종료 | 큐: 0건 | 번들맵: 4개
[2026-07-14 18:37:19] INFO: [POLLING] 시작 | 큐: 0건 | 처리중: 4건 | 번들: ID:55698(1건), ID:55700(1건), ID:55701(1건), ID:55704(1건)
[2026-07-14 18:37:19] INFO: [POLLING] 종료 | 큐: 0건 | 번들맵: 4개
[2026-07-14 18:37:24] INFO: [REQ] contents=check-event | id=undefined
[2026-07-14 18:37:29] INFO: [POLLING] 시작 | 큐: 0건 | 처리중: 4건 | 번들: ID:55698(1건), ID:55700(1건), ID:55701(1건), ID:55704(1건)
[2026-07-14 18:37:29] INFO: [POLLING] 종료 | 큐: 0건 | 번들맵: 4개
[2026-07-14 18:37:39] INFO: [POLLING] 시작 | 큐: 0건 | 처리중: 4건 | 번들: ID:55698(1건), ID:55700(1건), ID:55701(1건), ID:55704(1건)
[2026-07-14 18:37:39] INFO: [POLLING] 종료 | 큐: 0건 | 번들맵: 4개
[2026-07-14 18:37:49] INFO: [POLLING] 시작 | 큐: 0건 | 처리중: 4건 | 번들: ID:55698(1건), ID:55700(1건), ID:55701(1건), ID:55704(1건)
[2026-07-14 18:37:49] INFO: [POLLING] 종료 | 큐: 0건 | 번들맵: 4개
[2026-07-14 18:37:59] INFO: [POLLING] 시작 | 큐: 0건 | 처리중: 4건 | 번들: ID:55698(1건), ID:55700(1건), ID:55701(1건), ID:55704(1건)
[2026-07-14 18:37:59] INFO: [POLLING] 종료 | 큐: 0건 | 번들맵: 4개
[2026-07-14 18:38:00] INFO: [REQ] contents=check-event | id=undefined
[2026-07-14 18:38:09] INFO: [POLLING] 시작 | 큐: 0건 | 처리중: 4건 | 번들: ID:55698(1건), ID:55700(1건), ID:55701(1건), ID:55704(1건)
[2026-07-14 18:38:09] INFO: [POLLING] 종료 | 큐: 0건 | 번들맵: 4개
[2026-07-14 18:38:19] INFO: [POLLING] 시작 | 큐: 0건 | 처리중: 4건 | 번들: ID:55698(1건), ID:55700(1건), ID:55701(1건), ID:55704(1건)
[2026-07-14 18:38:19] INFO: [POLLING] 종료 | 큐: 0건 | 번들맵: 4개
[2026-07-14 18:38:29] INFO: [POLLING] 시작 | 큐: 0건 | 처리중: 4건 | 번들: ID:55698(1건), ID:55700(1건), ID:55701(1건), ID:55704(1건)
[2026-07-14 18:38:30] INFO: [POLLING] 종료 | 큐: 0건 | 번들맵: 4개
[2026-07-14 18:38:39] INFO: [POLLING] 시작 | 큐: 0건 | 처리중: 4건 | 번들: ID:55698(1건), ID:55700(1건), ID:55701(1건), ID:55704(1건)
[2026-07-14 18:38:40] INFO: [POLLING] 종료 | 큐: 0건 | 번들맵: 4개
[2026-07-14 18:38:49] INFO: [POLLING] 시작 | 큐: 0건 | 처리중: 4건 | 번들: ID:55698(1건), ID:55700(1건), ID:55701(1건), ID:55704(1건)
[2026-07-14 18:38:50] INFO: [POLLING] 종료 | 큐: 0건 | 번들맵: 4개
[2026-07-14 18:38:59] INFO: [POLLING] 시작 | 큐: 0건 | 처리중: 4건 | 번들: ID:55698(1건), ID:55700(1건), ID:55701(1건), ID:55704(1건)
[2026-07-14 18:39:00] INFO: [POLLING] 종료 | 큐: 0건 | 번들맵: 4개
[2026-07-14 18:39:04] INFO: [REQ] contents=check-event | id=undefined
[2026-07-14 18:39:09] INFO: [POLLING] 시작 | 큐: 0건 | 처리중: 4건 | 번들: ID:55698(1건), ID:55700(1건), ID:55701(1건), ID:55704(1건)
[2026-07-14 18:39:10] INFO: [POLLING] 종료 | 큐: 0건 | 번들맵: 4개
[2026-07-14 18:39:19] INFO: [POLLING] 시작 | 큐: 0건 | 처리중: 4건 | 번들: ID:55698(1건), ID:55700(1건), ID:55701(1건), ID:55704(1건)
[2026-07-14 18:39:20] INFO: [POLLING] 종료 | 큐: 0건 | 번들맵: 4개
[2026-07-14 18:39:29] INFO: [POLLING] 시작 | 큐: 0건 | 처리중: 4건 | 번들: ID:55698(1건), ID:55700(1건), ID:55701(1건), ID:55704(1건)
[2026-07-14 18:39:30] INFO: [POLLING] 종료 | 큐: 0건 | 번들맵: 4개
[2026-07-14 18:39:31] INFO: [REQ] contents=check-event | id=undefined
[2026-07-14 18:39:39] INFO: [POLLING] 시작 | 큐: 0건 | 처리중: 4건 | 번들: ID:55698(1건), ID:55700(1건), ID:55701(1건), ID:55704(1건)
[2026-07-14 18:39:40] INFO: [POLLING] 종료 | 큐: 0건 | 번들맵: 4개
[2026-07-14 18:39:49] INFO: [POLLING] 시작 | 큐: 0건 | 처리중: 4건 | 번들: ID:55698(1건), ID:55700(1건), ID:55701(1건), ID:55704(1건)
[2026-07-14 18:39:50] INFO: [POLLING] 종료 | 큐: 0건 | 번들맵: 4개
[2026-07-14 18:39:59] INFO: [POLLING] 시작 | 큐: 0건 | 처리중: 4건 | 번들: ID:55698(1건), ID:55700(1건), ID:55701(1건), ID:55704(1건)
[2026-07-14 18:40:00] INFO: [POLLING] 종료 | 큐: 0건 | 번들맵: 4개
[2026-07-14 18:40:09] INFO: [POLLING] 시작 | 큐: 0건 | 처리중: 4건 | 번들: ID:55698(1건), ID:55700(1건), ID:55701(1건), ID:55704(1건)
[2026-07-14 18:40:10] INFO: [POLLING] 종료 | 큐: 0건 | 번들맵: 4개
[2026-07-14 18:40:19] INFO: [POLLING] 시작 | 큐: 0건 | 처리중: 4건 | 번들: ID:55698(1건), ID:55700(1건), ID:55701(1건), ID:55704(1건)
[2026-07-14 18:40:20] INFO: [POLLING] 종료 | 큐: 0건 | 번들맵: 4개
[2026-07-14 18:40:29] INFO: [POLLING] 시작 | 큐: 0건 | 처리중: 4건 | 번들: ID:55698(1건), ID:55700(1건), ID:55701(1건), ID:55704(1건)
[2026-07-14 18:40:30] INFO: [POLLING] 종료 | 큐: 0건 | 번들맵: 4개
[2026-07-14 18:40:34] INFO: [REQ] contents=check-event | id=undefined
[2026-07-14 18:40:39] INFO: [POLLING] 시작 | 큐: 0건 | 처리중: 4건 | 번들: ID:55698(1건), ID:55700(1건), ID:55701(1건), ID:55704(1건)
[2026-07-14 18:40:40] INFO: [POLLING] 종료 | 큐: 0건 | 번들맵: 4개
[2026-07-14 18:40:49] INFO: [POLLING] 시작 | 큐: 0건 | 처리중: 4건 | 번들: ID:55698(1건), ID:55700(1건), ID:55701(1건), ID:55704(1건)
[2026-07-14 18:40:50] INFO: [POLLING] 종료 | 큐: 0건 | 번들맵: 4개
[2026-07-14 18:40:59] INFO: [POLLING] 시작 | 큐: 0건 | 처리중: 4건 | 번들: ID:55698(1건), ID:55700(1건), ID:55701(1건), ID:55704(1건)
[2026-07-14 18:41:00] INFO: [POLLING] 종료 | 큐: 0건 | 번들맵: 4개
[2026-07-14 18:41:09] INFO: [POLLING] 시작 | 큐: 0건 | 처리중: 4건 | 번들: ID:55698(1건), ID:55700(1건), ID:55701(1건), ID:55704(1건)
[2026-07-14 18:41:10] INFO: [POLLING] 종료 | 큐: 0건 | 번들맵: 4개
[2026-07-14 18:41:19] INFO: [POLLING] 시작 | 큐: 0건 | 처리중: 4건 | 번들: ID:55698(1건), ID:55700(1건), ID:55701(1건), ID:55704(1건)
[2026-07-14 18:41:20] INFO: [POLLING] 종료 | 큐: 0건 | 번들맵: 4개
[2026-07-14 18:41:21] INFO: [REQ] contents=check-event | id=undefined
[2026-07-14 18:41:29] INFO: [POLLING] 시작 | 큐: 0건 | 처리중: 4건 | 번들: ID:55698(1건), ID:55700(1건), ID:55701(1건), ID:55704(1건)
[2026-07-14 18:41:30] INFO: [POLLING] 종료 | 큐: 0건 | 번들맵: 4개
[2026-07-14 18:41:39] INFO: [POLLING] 시작 | 큐: 0건 | 처리중: 4건 | 번들: ID:55698(1건), ID:55700(1건), ID:55701(1건), ID:55704(1건)
[2026-07-14 18:41:40] INFO: [POLLING] 종료 | 큐: 0건 | 번들맵: 4개
[2026-07-14 18:41:49] INFO: [POLLING] 시작 | 큐: 0건 | 처리중: 4건 | 번들: ID:55698(1건), ID:55700(1건), ID:55701(1건), ID:55704(1건)
[2026-07-14 18:41:50] INFO: [POLLING] 종료 | 큐: 0건 | 번들맵: 4개
[2026-07-14 18:41:59] INFO: [POLLING] 시작 | 큐: 0건 | 처리중: 4건 | 번들: ID:55698(1건), ID:55700(1건), ID:55701(1건), ID:55704(1건)
[2026-07-14 18:42:00] INFO: [POLLING] 종료 | 큐: 0건 | 번들맵: 4개
[2026-07-14 18:42:09] INFO: [POLLING] 시작 | 큐: 0건 | 처리중: 4건 | 번들: ID:55698(1건), ID:55700(1건), ID:55701(1건), ID:55704(1건)
[2026-07-14 18:42:10] INFO: [POLLING] 종료 | 큐: 0건 | 번들맵: 4개
[2026-07-14 18:42:19] INFO: [POLLING] 시작 | 큐: 0건 | 처리중: 4건 | 번들: ID:55698(1건), ID:55700(1건), ID:55701(1건), ID:55704(1건)
[2026-07-14 18:42:20] INFO: [POLLING] 종료 | 큐: 0건 | 번들맵: 4개
[2026-07-14 18:42:24] INFO: [REQ] contents=check-event | id=undefined
[2026-07-14 18:42:29] INFO: [POLLING] 시작 | 큐: 0건 | 처리중: 4건 | 번들: ID:55698(1건), ID:55700(1건), ID:55701(1건), ID:55704(1건)
[2026-07-14 18:42:30] INFO: [POLLING] 종료 | 큐: 0건 | 번들맵: 4개
[2026-07-14 18:42:39] INFO: [POLLING] 시작 | 큐: 0건 | 처리중: 4건 | 번들: ID:55698(1건), ID:55700(1건), ID:55701(1건), ID:55704(1건)
[2026-07-14 18:42:40] INFO: [POLLING] 종료 | 큐: 0건 | 번들맵: 4개
[2026-07-14 18:42:49] INFO: [POLLING] 시작 | 큐: 0건 | 처리중: 4건 | 번들: ID:55698(1건), ID:55700(1건), ID:55701(1건), ID:55704(1건)
[2026-07-14 18:42:50] INFO: [POLLING] 종료 | 큐: 0건 | 번들맵: 4개
[2026-07-14 18:42:59] INFO: [POLLING] 시작 | 큐: 0건 | 처리중: 4건 | 번들: ID:55698(1건), ID:55700(1건), ID:55701(1건), ID:55704(1건)
[2026-07-14 18:43:00] INFO: [POLLING] 종료 | 큐: 0건 | 번들맵: 4개
[2026-07-14 18:43:01] INFO: [REQ] contents=check-event | id=undefined
[2026-07-14 18:43:09] INFO: [POLLING] 시작 | 큐: 0건 | 처리중: 4건 | 번들: ID:55698(1건), ID:55700(1건), ID:55701(1건), ID:55704(1건)
[2026-07-14 18:43:10] INFO: [POLLING] 종료 | 큐: 0건 | 번들맵: 4개
[2026-07-14 18:43:19] INFO: [POLLING] 시작 | 큐: 0건 | 처리중: 4건 | 번들: ID:55698(1건), ID:55700(1건), ID:55701(1건), ID:55704(1건)
[2026-07-14 18:43:20] INFO: [POLLING] 종료 | 큐: 0건 | 번들맵: 4개
[2026-07-14 18:43:29] INFO: [POLLING] 시작 | 큐: 0건 | 처리중: 4건 | 번들: ID:55698(1건), ID:55700(1건), ID:55701(1건), ID:55704(1건)
[2026-07-14 18:43:30] INFO: [POLLING] 종료 | 큐: 0건 | 번들맵: 4개
[2026-07-14 18:43:39] INFO: [POLLING] 시작 | 큐: 0건 | 처리중: 4건 | 번들: ID:55698(1건), ID:55700(1건), ID:55701(1건), ID:55704(1건)
[2026-07-14 18:43:40] INFO: [POLLING] 종료 | 큐: 0건 | 번들맵: 4개
[2026-07-14 18:43:49] INFO: [POLLING] 시작 | 큐: 0건 | 처리중: 4건 | 번들: ID:55698(1건), ID:55700(1건), ID:55701(1건), ID:55704(1건)
[2026-07-14 18:43:50] INFO: [POLLING] 종료 | 큐: 0건 | 번들맵: 4개
[2026-07-14 18:43:59] INFO: [POLLING] 시작 | 큐: 0건 | 처리중: 4건 | 번들: ID:55698(1건), ID:55700(1건), ID:55701(1건), ID:55704(1건)
[2026-07-14 18:44:00] INFO: [POLLING] 종료 | 큐: 0건 | 번들맵: 4개
[2026-07-14 18:44:04] INFO: [REQ] contents=check-event | id=undefined
[2026-07-14 18:44:09] INFO: [POLLING] 시작 | 큐: 0건 | 처리중: 4건 | 번들: ID:55698(1건), ID:55700(1건), ID:55701(1건), ID:55704(1건)
[2026-07-14 18:44:10] INFO: [POLLING] 종료 | 큐: 0건 | 번들맵: 4개
[2026-07-14 18:44:19] INFO: [POLLING] 시작 | 큐: 0건 | 처리중: 4건 | 번들: ID:55698(1건), ID:55700(1건), ID:55701(1건), ID:55704(1건)
[2026-07-14 18:44:20] INFO: [POLLING] 종료 | 큐: 0건 | 번들맵: 4개
[2026-07-14 18:44:29] INFO: [POLLING] 시작 | 큐: 0건 | 처리중: 4건 | 번들: ID:55698(1건), ID:55700(1건), ID:55701(1건), ID:55704(1건)
[2026-07-14 18:44:30] INFO: [POLLING] 종료 | 큐: 0건 | 번들맵: 4개
[2026-07-14 18:44:31] INFO: [REQ] contents=check-event | id=undefined
[2026-07-14 18:44:39] INFO: [POLLING] 시작 | 큐: 0건 | 처리중: 4건 | 번들: ID:55698(1건), ID:55700(1건), ID:55701(1건), ID:55704(1건)
[2026-07-14 18:44:40] INFO: [POLLING] 종료 | 큐: 0건 | 번들맵: 4개
[2026-07-14 18:44:49] INFO: [POLLING] 시작 | 큐: 0건 | 처리중: 4건 | 번들: ID:55698(1건), ID:55700(1건), ID:55701(1건), ID:55704(1건)
[2026-07-14 18:44:50] INFO: [POLLING] 종료 | 큐: 0건 | 번들맵: 4개
[2026-07-14 18:44:59] INFO: [POLLING] 시작 | 큐: 0건 | 처리중: 4건 | 번들: ID:55698(1건), ID:55700(1건), ID:55701(1건), ID:55704(1건)
[2026-07-14 18:45:00] INFO: [POLLING] 종료 | 큐: 0건 | 번들맵: 4개
[2026-07-14 18:45:09] INFO: [POLLING] 시작 | 큐: 0건 | 처리중: 4건 | 번들: ID:55698(1건), ID:55700(1건), ID:55701(1건), ID:55704(1건)
[2026-07-14 18:45:10] INFO: [POLLING] 종료 | 큐: 0건 | 번들맵: 4개
[2026-07-14 18:45:19] INFO: [POLLING] 시작 | 큐: 0건 | 처리중: 4건 | 번들: ID:55698(1건), ID:55700(1건), ID:55701(1건), ID:55704(1건)
[2026-07-14 18:45:20] INFO: [POLLING] 종료 | 큐: 0건 | 번들맵: 4개
[2026-07-14 18:45:29] INFO: [POLLING] 시작 | 큐: 0건 | 처리중: 4건 | 번들: ID:55698(1건), ID:55700(1건), ID:55701(1건), ID:55704(1건)
[2026-07-14 18:45:30] INFO: [POLLING] 종료 | 큐: 0건 | 번들맵: 4개
[2026-07-14 18:45:35] INFO: [REQ] contents=check-event | id=undefined
[2026-07-14 18:45:39] INFO: [POLLING] 시작 | 큐: 0건 | 처리중: 4건 | 번들: ID:55698(1건), ID:55700(1건), ID:55701(1건), ID:55704(1건)
[2026-07-14 18:45:40] INFO: [POLLING] 종료 | 큐: 0건 | 번들맵: 4개
[2026-07-14 18:45:49] INFO: [POLLING] 시작 | 큐: 0건 | 처리중: 4건 | 번들: ID:55698(1건), ID:55700(1건), ID:55701(1건), ID:55704(1건)
[2026-07-14 18:45:50] INFO: [POLLING] 종료 | 큐: 0건 | 번들맵: 4개
[2026-07-14 18:45:59] INFO: [POLLING] 시작 | 큐: 0건 | 처리중: 4건 | 번들: ID:55698(1건), ID:55700(1건), ID:55701(1건), ID:55704(1건)
[2026-07-14 18:46:00] INFO: [POLLING] 종료 | 큐: 0건 | 번들맵: 4개
[2026-07-14 18:46:09] INFO: [POLLING] 시작 | 큐: 0건 | 처리중: 4건 | 번들: ID:55698(1건), ID:55700(1건), ID:55701(1건), ID:55704(1건)
[2026-07-14 18:46:10] INFO: [POLLING] 종료 | 큐: 0건 | 번들맵: 4개
[2026-07-14 18:46:19] INFO: [POLLING] 시작 | 큐: 0건 | 처리중: 4건 | 번들: ID:55698(1건), ID:55700(1건), ID:55701(1건), ID:55704(1건)
[2026-07-14 18:46:20] INFO: [POLLING] 종료 | 큐: 0건 | 번들맵: 4개
[2026-07-14 18:46:21] INFO: [REQ] contents=check-event | id=undefined
[2026-07-14 18:46:29] INFO: [POLLING] 시작 | 큐: 0건 | 처리중: 4건 | 번들: ID:55698(1건), ID:55700(1건), ID:55701(1건), ID:55704(1건)
[2026-07-14 18:46:30] INFO: [POLLING] 종료 | 큐: 0건 | 번들맵: 4개
[2026-07-14 18:46:39] INFO: [POLLING] 시작 | 큐: 0건 | 처리중: 4건 | 번들: ID:55698(1건), ID:55700(1건), ID:55701(1건), ID:55704(1건)
[2026-07-14 18:46:40] INFO: [POLLING] 종료 | 큐: 0건 | 번들맵: 4개
[2026-07-14 18:46:49] INFO: [POLLING] 시작 | 큐: 0건 | 처리중: 4건 | 번들: ID:55698(1건), ID:55700(1건), ID:55701(1건), ID:55704(1건)
[2026-07-14 18:46:50] INFO: [POLLING] 종료 | 큐: 0건 | 번들맵: 4개
[2026-07-14 18:46:59] INFO: [POLLING] 시작 | 큐: 0건 | 처리중: 4건 | 번들: ID:55698(1건), ID:55700(1건), ID:55701(1건), ID:55704(1건)
[2026-07-14 18:47:00] INFO: [POLLING] 종료 | 큐: 0건 | 번들맵: 4개
[2026-07-14 18:47:09] INFO: [POLLING] 시작 | 큐: 0건 | 처리중: 4건 | 번들: ID:55698(1건), ID:55700(1건), ID:55701(1건), ID:55704(1건)
[2026-07-14 18:47:10] INFO: [POLLING] 종료 | 큐: 0건 | 번들맵: 4개
[2026-07-14 18:47:19] INFO: [POLLING] 시작 | 큐: 0건 | 처리중: 4건 | 번들: ID:55698(1건), ID:55700(1건), ID:55701(1건), ID:55704(1건)
[2026-07-14 18:47:20] INFO: [POLLING] 종료 | 큐: 0건 | 번들맵: 4개
[2026-07-14 18:47:25] INFO: [REQ] contents=check-event | id=undefined
[2026-07-14 18:47:29] INFO: [POLLING] 시작 | 큐: 0건 | 처리중: 4건 | 번들: ID:55698(1건), ID:55700(1건), ID:55701(1건), ID:55704(1건)
[2026-07-14 18:47:30] INFO: [POLLING] 종료 | 큐: 0건 | 번들맵: 4개
[2026-07-14 18:47:39] INFO: [POLLING] 시작 | 큐: 0건 | 처리중: 4건 | 번들: ID:55698(1건), ID:55700(1건), ID:55701(1건), ID:55704(1건)
[2026-07-14 18:47:40] INFO: [POLLING] 종료 | 큐: 0건 | 번들맵: 4개
[2026-07-14 18:47:49] INFO: [POLLING] 시작 | 큐: 0건 | 처리중: 4건 | 번들: ID:55698(1건), ID:55700(1건), ID:55701(1건), ID:55704(1건)
[2026-07-14 18:47:50] INFO: [POLLING] 종료 | 큐: 0건 | 번들맵: 4개
[2026-07-14 18:47:59] INFO: [POLLING] 시작 | 큐: 0건 | 처리중: 4건 | 번들: ID:55698(1건), ID:55700(1건), ID:55701(1건), ID:55704(1건)
[2026-07-14 18:48:00] INFO: [POLLING] 종료 | 큐: 0건 | 번들맵: 4개
[2026-07-14 18:48:01] INFO: [REQ] contents=check-event | id=undefined
[2026-07-14 18:48:09] INFO: [POLLING] 시작 | 큐: 0건 | 처리중: 4건 | 번들: ID:55698(1건), ID:55700(1건), ID:55701(1건), ID:55704(1건)
[2026-07-14 18:48:10] INFO: [POLLING] 종료 | 큐: 0건 | 번들맵: 4개
[2026-07-14 18:48:20] INFO: [POLLING] 시작 | 큐: 0건 | 처리중: 4건 | 번들: ID:55698(1건), ID:55700(1건), ID:55701(1건), ID:55704(1건)
[2026-07-14 18:48:20] INFO: [POLLING] 종료 | 큐: 0건 | 번들맵: 4개
[2026-07-14 18:48:30] INFO: [POLLING] 시작 | 큐: 0건 | 처리중: 4건 | 번들: ID:55698(1건), ID:55700(1건), ID:55701(1건), ID:55704(1건)
[2026-07-14 18:48:30] INFO: [POLLING] 종료 | 큐: 0건 | 번들맵: 4개
[2026-07-14 18:48:40] INFO: [POLLING] 시작 | 큐: 0건 | 처리중: 4건 | 번들: ID:55698(1건), ID:55700(1건), ID:55701(1건), ID:55704(1건)
[2026-07-14 18:48:40] INFO: [POLLING] 종료 | 큐: 0건 | 번들맵: 4개
[2026-07-14 18:48:50] INFO: [POLLING] 시작 | 큐: 0건 | 처리중: 4건 | 번들: ID:55698(1건), ID:55700(1건), ID:55701(1건), ID:55704(1건)
[2026-07-14 18:48:50] INFO: [POLLING] 종료 | 큐: 0건 | 번들맵: 4개
[2026-07-14 18:49:00] INFO: [POLLING] 시작 | 큐: 0건 | 처리중: 4건 | 번들: ID:55698(1건), ID:55700(1건), ID:55701(1건), ID:55704(1건)
[2026-07-14 18:49:00] INFO: [POLLING] 종료 | 큐: 0건 | 번들맵: 4개
[2026-07-14 18:49:05] INFO: [REQ] contents=check-event | id=undefined
[2026-07-14 18:49:10] INFO: [POLLING] 시작 | 큐: 0건 | 처리중: 4건 | 번들: ID:55698(1건), ID:55700(1건), ID:55701(1건), ID:55704(1건)
[2026-07-14 18:49:10] INFO: [POLLING] 종료 | 큐: 0건 | 번들맵: 4개
[2026-07-14 18:49:20] INFO: [POLLING] 시작 | 큐: 0건 | 처리중: 4건 | 번들: ID:55698(1건), ID:55700(1건), ID:55701(1건), ID:55704(1건)
[2026-07-14 18:49:20] INFO: [POLLING] 종료 | 큐: 0건 | 번들맵: 4개
[2026-07-14 18:49:30] INFO: [POLLING] 시작 | 큐: 0건 | 처리중: 4건 | 번들: ID:55698(1건), ID:55700(1건), ID:55701(1건), ID:55704(1건)
[2026-07-14 18:49:30] INFO: [POLLING] 종료 | 큐: 0건 | 번들맵: 4개
[2026-07-14 18:49:32] INFO: [REQ] contents=check-event | id=undefined
[2026-07-14 18:49:40] INFO: [POLLING] 시작 | 큐: 0건 | 처리중: 4건 | 번들: ID:55698(1건), ID:55700(1건), ID:55701(1건), ID:55704(1건)
[2026-07-14 18:49:40] INFO: [POLLING] 종료 | 큐: 0건 | 번들맵: 4개
[2026-07-14 18:49:50] INFO: [POLLING] 시작 | 큐: 0건 | 처리중: 4건 | 번들: ID:55698(1건), ID:55700(1건), ID:55701(1건), ID:55704(1건)
[2026-07-14 18:49:50] INFO: [POLLING] 종료 | 큐: 0건 | 번들맵: 4개
[2026-07-14 18:50:00] INFO: [POLLING] 시작 | 큐: 0건 | 처리중: 4건 | 번들: ID:55698(1건), ID:55700(1건), ID:55701(1건), ID:55704(1건)
[2026-07-14 18:50:00] INFO: [POLLING] 종료 | 큐: 0건 | 번들맵: 4개
[2026-07-14 18:50:10] INFO: [POLLING] 시작 | 큐: 0건 | 처리중: 4건 | 번들: ID:55698(1건), ID:55700(1건), ID:55701(1건), ID:55704(1건)
[2026-07-14 18:50:10] INFO: [POLLING] 종료 | 큐: 0건 | 번들맵: 4개
[2026-07-14 18:50:20] INFO: [POLLING] 시작 | 큐: 0건 | 처리중: 4건 | 번들: ID:55698(1건), ID:55700(1건), ID:55701(1건), ID:55704(1건)
[2026-07-14 18:50:20] INFO: [POLLING] 종료 | 큐: 0건 | 번들맵: 4개
[2026-07-14 18:50:30] INFO: [POLLING] 시작 | 큐: 0건 | 처리중: 4건 | 번들: ID:55698(1건), ID:55700(1건), ID:55701(1건), ID:55704(1건)
[2026-07-14 18:50:30] INFO: [POLLING] 종료 | 큐: 0건 | 번들맵: 4개
[2026-07-14 18:50:35] INFO: [REQ] contents=check-event | id=undefined
[2026-07-14 18:50:40] INFO: [POLLING] 시작 | 큐: 0건 | 처리중: 4건 | 번들: ID:55698(1건), ID:55700(1건), ID:55701(1건), ID:55704(1건)
[2026-07-14 18:50:40] INFO: [POLLING] 종료 | 큐: 0건 | 번들맵: 4개
[2026-07-14 18:50:50] INFO: [POLLING] 시작 | 큐: 0건 | 처리중: 4건 | 번들: ID:55698(1건), ID:55700(1건), ID:55701(1건), ID:55704(1건)
[2026-07-14 18:50:50] INFO: [POLLING] 종료 | 큐: 0건 | 번들맵: 4개
[2026-07-14 18:51:00] INFO: [POLLING] 시작 | 큐: 0건 | 처리중: 4건 | 번들: ID:55698(1건), ID:55700(1건), ID:55701(1건), ID:55704(1건)
[2026-07-14 18:51:00] INFO: [POLLING] 종료 | 큐: 0건 | 번들맵: 4개
[2026-07-14 18:51:10] INFO: [POLLING] 시작 | 큐: 0건 | 처리중: 4건 | 번들: ID:55698(1건), ID:55700(1건), ID:55701(1건), ID:55704(1건)
[2026-07-14 18:51:10] INFO: [POLLING] 종료 | 큐: 0건 | 번들맵: 4개
[2026-07-14 18:51:20] INFO: [POLLING] 시작 | 큐: 0건 | 처리중: 4건 | 번들: ID:55698(1건), ID:55700(1건), ID:55701(1건), ID:55704(1건)
[2026-07-14 18:51:20] INFO: [POLLING] 종료 | 큐: 0건 | 번들맵: 4개
[2026-07-14 18:51:22] INFO: [REQ] contents=check-event | id=undefined
[2026-07-14 18:51:30] INFO: [POLLING] 시작 | 큐: 0건 | 처리중: 4건 | 번들: ID:55698(1건), ID:55700(1건), ID:55701(1건), ID:55704(1건)
[2026-07-14 18:51:30] INFO: [POLLING] 종료 | 큐: 0건 | 번들맵: 4개
[2026-07-14 18:51:40] INFO: [POLLING] 시작 | 큐: 0건 | 처리중: 4건 | 번들: ID:55698(1건), ID:55700(1건), ID:55701(1건), ID:55704(1건)
[2026-07-14 18:51:40] INFO: [POLLING] 종료 | 큐: 0건 | 번들맵: 4개
[2026-07-14 18:51:50] INFO: [POLLING] 시작 | 큐: 0건 | 처리중: 4건 | 번들: ID:55698(1건), ID:55700(1건), ID:55701(1건), ID:55704(1건)
[2026-07-14 18:51:50] INFO: [POLLING] 종료 | 큐: 0건 | 번들맵: 4개
[2026-07-14 18:52:00] INFO: [POLLING] 시작 | 큐: 0건 | 처리중: 4건 | 번들: ID:55698(1건), ID:55700(1건), ID:55701(1건), ID:55704(1건)
[2026-07-14 18:52:00] INFO: [POLLING] 종료 | 큐: 0건 | 번들맵: 4개
[2026-07-14 18:52:10] INFO: [POLLING] 시작 | 큐: 0건 | 처리중: 4건 | 번들: ID:55698(1건), ID:55700(1건), ID:55701(1건), ID:55704(1건)
[2026-07-14 18:52:10] INFO: [POLLING] 종료 | 큐: 0건 | 번들맵: 4개
[2026-07-14 18:52:20] INFO: [POLLING] 시작 | 큐: 0건 | 처리중: 4건 | 번들: ID:55698(1건), ID:55700(1건), ID:55701(1건), ID:55704(1건)
[2026-07-14 18:52:20] INFO: [POLLING] 종료 | 큐: 0건 | 번들맵: 4개
[2026-07-14 18:52:25] INFO: [REQ] contents=check-event | id=undefined
[2026-07-14 18:52:30] INFO: [POLLING] 시작 | 큐: 0건 | 처리중: 4건 | 번들: ID:55698(1건), ID:55700(1건), ID:55701(1건), ID:55704(1건)
[2026-07-14 18:52:30] INFO: [POLLING] 종료 | 큐: 0건 | 번들맵: 4개
[2026-07-14 18:52:40] INFO: [POLLING] 시작 | 큐: 0건 | 처리중: 4건 | 번들: ID:55698(1건), ID:55700(1건), ID:55701(1건), ID:55704(1건)
[2026-07-14 18:52:40] INFO: [POLLING] 종료 | 큐: 0건 | 번들맵: 4개
[2026-07-14 18:52:50] INFO: [POLLING] 시작 | 큐: 0건 | 처리중: 4건 | 번들: ID:55698(1건), ID:55700(1건), ID:55701(1건), ID:55704(1건)
[2026-07-14 18:52:50] INFO: [POLLING] 종료 | 큐: 0건 | 번들맵: 4개
[2026-07-14 18:53:00] INFO: [POLLING] 시작 | 큐: 0건 | 처리중: 4건 | 번들: ID:55698(1건), ID:55700(1건), ID:55701(1건), ID:55704(1건)
[2026-07-14 18:53:00] INFO: [POLLING] 종료 | 큐: 0건 | 번들맵: 4개
[2026-07-14 18:53:02] INFO: [REQ] contents=check-event | id=undefined
[2026-07-14 18:53:10] INFO: [POLLING] 시작 | 큐: 0건 | 처리중: 4건 | 번들: ID:55698(1건), ID:55700(1건), ID:55701(1건), ID:55704(1건)
[2026-07-14 18:53:10] INFO: [POLLING] 종료 | 큐: 0건 | 번들맵: 4개
[2026-07-14 18:53:20] INFO: [POLLING] 시작 | 큐: 0건 | 처리중: 4건 | 번들: ID:55698(1건), ID:55700(1건), ID:55701(1건), ID:55704(1건)
[2026-07-14 18:53:20] INFO: [POLLING] 종료 | 큐: 0건 | 번들맵: 4개
[2026-07-14 18:53:30] INFO: [POLLING] 시작 | 큐: 0건 | 처리중: 4건 | 번들: ID:55698(1건), ID:55700(1건), ID:55701(1건), ID:55704(1건)
[2026-07-14 18:53:30] INFO: [POLLING] 종료 | 큐: 0건 | 번들맵: 4개
[2026-07-14 18:53:40] INFO: [POLLING] 시작 | 큐: 0건 | 처리중: 4건 | 번들: ID:55698(1건), ID:55700(1건), ID:55701(1건), ID:55704(1건)
[2026-07-14 18:53:40] INFO: [POLLING] 종료 | 큐: 0건 | 번들맵: 4개
[2026-07-14 18:53:50] INFO: [POLLING] 시작 | 큐: 0건 | 처리중: 4건 | 번들: ID:55698(1건), ID:55700(1건), ID:55701(1건), ID:55704(1건)
[2026-07-14 18:53:50] INFO: [POLLING] 종료 | 큐: 0건 | 번들맵: 4개
[2026-07-14 18:54:00] INFO: [POLLING] 시작 | 큐: 0건 | 처리중: 4건 | 번들: ID:55698(1건), ID:55700(1건), ID:55701(1건), ID:55704(1건)
[2026-07-14 18:54:00] INFO: [POLLING] 종료 | 큐: 0건 | 번들맵: 4개
[2026-07-14 18:54:05] INFO: [REQ] contents=check-event | id=undefined
[2026-07-14 18:54:10] INFO: [POLLING] 시작 | 큐: 0건 | 처리중: 4건 | 번들: ID:55698(1건), ID:55700(1건), ID:55701(1건), ID:55704(1건)
[2026-07-14 18:54:10] INFO: [POLLING] 종료 | 큐: 0건 | 번들맵: 4개
[2026-07-14 18:54:20] INFO: [POLLING] 시작 | 큐: 0건 | 처리중: 4건 | 번들: ID:55698(1건), ID:55700(1건), ID:55701(1건), ID:55704(1건)
[2026-07-14 18:54:20] INFO: [POLLING] 종료 | 큐: 0건 | 번들맵: 4개
[2026-07-14 18:54:30] INFO: [POLLING] 시작 | 큐: 0건 | 처리중: 4건 | 번들: ID:55698(1건), ID:55700(1건), ID:55701(1건), ID:55704(1건)
[2026-07-14 18:54:30] INFO: [POLLING] 종료 | 큐: 0건 | 번들맵: 4개
[2026-07-14 18:54:32] INFO: [REQ] contents=check-event | id=undefined
[2026-07-14 18:54:40] INFO: [POLLING] 시작 | 큐: 0건 | 처리중: 4건 | 번들: ID:55698(1건), ID:55700(1건), ID:55701(1건), ID:55704(1건)
[2026-07-14 18:54:40] INFO: [POLLING] 종료 | 큐: 0건 | 번들맵: 4개
[2026-07-14 18:54:50] INFO: [POLLING] 시작 | 큐: 0건 | 처리중: 4건 | 번들: ID:55698(1건), ID:55700(1건), ID:55701(1건), ID:55704(1건)
[2026-07-14 18:54:50] INFO: [POLLING] 종료 | 큐: 0건 | 번들맵: 4개
[2026-07-14 18:55:00] INFO: [POLLING] 시작 | 큐: 0건 | 처리중: 4건 | 번들: ID:55698(1건), ID:55700(1건), ID:55701(1건), ID:55704(1건)
[2026-07-14 18:55:01] INFO: [POLLING] 종료 | 큐: 0건 | 번들맵: 4개
[2026-07-14 18:55:10] INFO: [POLLING] 시작 | 큐: 0건 | 처리중: 4건 | 번들: ID:55698(1건), ID:55700(1건), ID:55701(1건), ID:55704(1건)
[2026-07-14 18:55:11] INFO: [POLLING] 종료 | 큐: 0건 | 번들맵: 4개
[2026-07-14 18:55:20] INFO: [POLLING] 시작 | 큐: 0건 | 처리중: 4건 | 번들: ID:55698(1건), ID:55700(1건), ID:55701(1건), ID:55704(1건)
[2026-07-14 18:55:21] INFO: [POLLING] 종료 | 큐: 0건 | 번들맵: 4개
[2026-07-14 18:55:30] INFO: [POLLING] 시작 | 큐: 0건 | 처리중: 4건 | 번들: ID:55698(1건), ID:55700(1건), ID:55701(1건), ID:55704(1건)
[2026-07-14 18:55:31] INFO: [POLLING] 종료 | 큐: 0건 | 번들맵: 4개
[2026-07-14 18:55:36] INFO: [REQ] contents=check-event | id=undefined
[2026-07-14 18:55:40] INFO: [POLLING] 시작 | 큐: 0건 | 처리중: 4건 | 번들: ID:55698(1건), ID:55700(1건), ID:55701(1건), ID:55704(1건)
[2026-07-14 18:55:41] INFO: [POLLING] 종료 | 큐: 0건 | 번들맵: 4개
[2026-07-14 18:55:50] INFO: [POLLING] 시작 | 큐: 0건 | 처리중: 4건 | 번들: ID:55698(1건), ID:55700(1건), ID:55701(1건), ID:55704(1건)
[2026-07-14 18:55:51] INFO: [POLLING] 종료 | 큐: 0건 | 번들맵: 4개
[2026-07-14 18:56:00] INFO: [POLLING] 시작 | 큐: 0건 | 처리중: 4건 | 번들: ID:55698(1건), ID:55700(1건), ID:55701(1건), ID:55704(1건)
[2026-07-14 18:56:01] INFO: [POLLING] 종료 | 큐: 0건 | 번들맵: 4개
[2026-07-14 18:56:10] INFO: [POLLING] 시작 | 큐: 0건 | 처리중: 4건 | 번들: ID:55698(1건), ID:55700(1건), ID:55701(1건), ID:55704(1건)
[2026-07-14 18:56:11] INFO: [POLLING] 종료 | 큐: 0건 | 번들맵: 4개
[2026-07-14 18:56:20] INFO: [POLLING] 시작 | 큐: 0건 | 처리중: 4건 | 번들: ID:55698(1건), ID:55700(1건), ID:55701(1건), ID:55704(1건)
[2026-07-14 18:56:21] INFO: [POLLING] 종료 | 큐: 0건 | 번들맵: 4개
[2026-07-14 18:56:22] INFO: [REQ] contents=check-event | id=undefined
[2026-07-14 18:56:30] INFO: [POLLING] 시작 | 큐: 0건 | 처리중: 4건 | 번들: ID:55698(1건), ID:55700(1건), ID:55701(1건), ID:55704(1건)
[2026-07-14 18:56:31] INFO: [POLLING] 종료 | 큐: 0건 | 번들맵: 4개
[2026-07-14 18:56:40] INFO: [POLLING] 시작 | 큐: 0건 | 처리중: 4건 | 번들: ID:55698(1건), ID:55700(1건), ID:55701(1건), ID:55704(1건)
[2026-07-14 18:56:41] INFO: [POLLING] 종료 | 큐: 0건 | 번들맵: 4개
[2026-07-14 18:56:50] INFO: [POLLING] 시작 | 큐: 0건 | 처리중: 4건 | 번들: ID:55698(1건), ID:55700(1건), ID:55701(1건), ID:55704(1건)
[2026-07-14 18:56:51] INFO: [POLLING] 종료 | 큐: 0건 | 번들맵: 4개
[2026-07-14 18:57:00] INFO: [POLLING] 시작 | 큐: 0건 | 처리중: 4건 | 번들: ID:55698(1건), ID:55700(1건), ID:55701(1건), ID:55704(1건)
[2026-07-14 18:57:01] INFO: [POLLING] 종료 | 큐: 0건 | 번들맵: 4개
[2026-07-14 18:57:10] INFO: [POLLING] 시작 | 큐: 0건 | 처리중: 4건 | 번들: ID:55698(1건), ID:55700(1건), ID:55701(1건), ID:55704(1건)
[2026-07-14 18:57:11] INFO: [POLLING] 종료 | 큐: 0건 | 번들맵: 4개
[2026-07-14 18:57:20] INFO: [POLLING] 시작 | 큐: 0건 | 처리중: 4건 | 번들: ID:55698(1건), ID:55700(1건), ID:55701(1건), ID:55704(1건)
[2026-07-14 18:57:21] INFO: [POLLING] 종료 | 큐: 0건 | 번들맵: 4개
[2026-07-14 18:57:26] INFO: [REQ] contents=check-event | id=undefined
[2026-07-14 18:57:30] INFO: [POLLING] 시작 | 큐: 0건 | 처리중: 4건 | 번들: ID:55698(1건), ID:55700(1건), ID:55701(1건), ID:55704(1건)
[2026-07-14 18:57:31] INFO: [POLLING] 종료 | 큐: 0건 | 번들맵: 4개
[2026-07-14 18:57:40] INFO: [POLLING] 시작 | 큐: 0건 | 처리중: 4건 | 번들: ID:55698(1건), ID:55700(1건), ID:55701(1건), ID:55704(1건)
[2026-07-14 18:57:41] INFO: [POLLING] 종료 | 큐: 0건 | 번들맵: 4개
[2026-07-14 18:57:50] INFO: [POLLING] 시작 | 큐: 0건 | 처리중: 4건 | 번들: ID:55698(1건), ID:55700(1건), ID:55701(1건), ID:55704(1건)
[2026-07-14 18:57:51] INFO: [POLLING] 종료 | 큐: 0건 | 번들맵: 4개
[2026-07-14 18:58:00] INFO: [POLLING] 시작 | 큐: 0건 | 처리중: 4건 | 번들: ID:55698(1건), ID:55700(1건), ID:55701(1건), ID:55704(1건)
[2026-07-14 18:58:01] INFO: [POLLING] 종료 | 큐: 0건 | 번들맵: 4개
[2026-07-14 18:58:02] INFO: [REQ] contents=check-event | id=undefined
[2026-07-14 18:58:10] INFO: [POLLING] 시작 | 큐: 0건 | 처리중: 4건 | 번들: ID:55698(1건), ID:55700(1건), ID:55701(1건), ID:55704(1건)
[2026-07-14 18:58:11] INFO: [POLLING] 종료 | 큐: 0건 | 번들맵: 4개
[2026-07-14 18:58:20] INFO: [POLLING] 시작 | 큐: 0건 | 처리중: 4건 | 번들: ID:55698(1건), ID:55700(1건), ID:55701(1건), ID:55704(1건)
[2026-07-14 18:58:21] INFO: [POLLING] 종료 | 큐: 0건 | 번들맵: 4개
[2026-07-14 18:58:30] INFO: [POLLING] 시작 | 큐: 0건 | 처리중: 4건 | 번들: ID:55698(1건), ID:55700(1건), ID:55701(1건), ID:55704(1건)
[2026-07-14 18:58:31] INFO: [POLLING] 종료 | 큐: 0건 | 번들맵: 4개
[2026-07-14 18:58:40] INFO: [POLLING] 시작 | 큐: 0건 | 처리중: 4건 | 번들: ID:55698(1건), ID:55700(1건), ID:55701(1건), ID:55704(1건)
[2026-07-14 18:58:41] INFO: [POLLING] 종료 | 큐: 0건 | 번들맵: 4개
[2026-07-14 18:58:50] INFO: [POLLING] 시작 | 큐: 0건 | 처리중: 4건 | 번들: ID:55698(1건), ID:55700(1건), ID:55701(1건), ID:55704(1건)
[2026-07-14 18:58:51] INFO: [POLLING] 종료 | 큐: 0건 | 번들맵: 4개
[2026-07-14 18:59:00] INFO: [POLLING] 시작 | 큐: 0건 | 처리중: 4건 | 번들: ID:55698(1건), ID:55700(1건), ID:55701(1건), ID:55704(1건)
[2026-07-14 18:59:01] INFO: [POLLING] 종료 | 큐: 0건 | 번들맵: 4개
[2026-07-14 18:59:06] INFO: [REQ] contents=check-event | id=undefined
[2026-07-14 18:59:10] INFO: [POLLING] 시작 | 큐: 0건 | 처리중: 4건 | 번들: ID:55698(1건), ID:55700(1건), ID:55701(1건), ID:55704(1건)
[2026-07-14 18:59:11] INFO: [POLLING] 종료 | 큐: 0건 | 번들맵: 4개
[2026-07-14 18:59:20] INFO: [POLLING] 시작 | 큐: 0건 | 처리중: 4건 | 번들: ID:55698(1건), ID:55700(1건), ID:55701(1건), ID:55704(1건)
[2026-07-14 18:59:21] INFO: [POLLING] 종료 | 큐: 0건 | 번들맵: 4개
[2026-07-14 18:59:30] INFO: [POLLING] 시작 | 큐: 0건 | 처리중: 4건 | 번들: ID:55698(1건), ID:55700(1건), ID:55701(1건), ID:55704(1건)
[2026-07-14 18:59:31] INFO: [POLLING] 종료 | 큐: 0건 | 번들맵: 4개
[2026-07-14 18:59:32] INFO: [REQ] contents=check-event | id=undefined
[2026-07-14 18:59:40] INFO: [POLLING] 시작 | 큐: 0건 | 처리중: 4건 | 번들: ID:55698(1건), ID:55700(1건), ID:55701(1건), ID:55704(1건)
[2026-07-14 18:59:41] INFO: [POLLING] 종료 | 큐: 0건 | 번들맵: 4개
[2026-07-14 18:59:50] INFO: [POLLING] 시작 | 큐: 0건 | 처리중: 4건 | 번들: ID:55698(1건), ID:55700(1건), ID:55701(1건), ID:55704(1건)
[2026-07-14 18:59:51] INFO: [POLLING] 종료 | 큐: 0건 | 번들맵: 4개
[2026-07-14 19:00:00] INFO: [POLLING] 시작 | 큐: 0건 | 처리중: 4건 | 번들: ID:55698(1건), ID:55700(1건), ID:55701(1건), ID:55704(1건)
[2026-07-14 19:00:01] INFO: [POLLING] 종료 | 큐: 0건 | 번들맵: 4개
[2026-07-14 19:00:10] INFO: [POLLING] 시작 | 큐: 0건 | 처리중: 4건 | 번들: ID:55698(1건), ID:55700(1건), ID:55701(1건), ID:55704(1건)
[2026-07-14 19:00:11] INFO: [POLLING] 종료 | 큐: 0건 | 번들맵: 4개
[2026-07-14 19:00:20] INFO: [POLLING] 시작 | 큐: 0건 | 처리중: 4건 | 번들: ID:55698(1건), ID:55700(1건), ID:55701(1건), ID:55704(1건)
[2026-07-14 19:00:21] INFO: [POLLING] 종료 | 큐: 0건 | 번들맵: 4개
[2026-07-14 19:00:30] INFO: [POLLING] 시작 | 큐: 0건 | 처리중: 4건 | 번들: ID:55698(1건), ID:55700(1건), ID:55701(1건), ID:55704(1건)
[2026-07-14 19:00:31] INFO: [POLLING] 종료 | 큐: 0건 | 번들맵: 4개
[2026-07-14 19:00:36] INFO: [REQ] contents=check-event | id=undefined
[2026-07-14 19:00:40] INFO: [POLLING] 시작 | 큐: 0건 | 처리중: 4건 | 번들: ID:55698(1건), ID:55700(1건), ID:55701(1건), ID:55704(1건)
[2026-07-14 19:00:41] INFO: [POLLING] 종료 | 큐: 0건 | 번들맵: 4개
[2026-07-14 19:00:50] INFO: [POLLING] 시작 | 큐: 0건 | 처리중: 4건 | 번들: ID:55698(1건), ID:55700(1건), ID:55701(1건), ID:55704(1건)
[2026-07-14 19:00:51] INFO: [POLLING] 종료 | 큐: 0건 | 번들맵: 4개
[2026-07-14 19:01:00] INFO: [POLLING] 시작 | 큐: 0건 | 처리중: 4건 | 번들: ID:55698(1건), ID:55700(1건), ID:55701(1건), ID:55704(1건)
[2026-07-14 19:01:01] INFO: [POLLING] 종료 | 큐: 0건 | 번들맵: 4개
[2026-07-14 19:01:10] INFO: [POLLING] 시작 | 큐: 0건 | 처리중: 4건 | 번들: ID:55698(1건), ID:55700(1건), ID:55701(1건), ID:55704(1건)
[2026-07-14 19:01:11] INFO: [POLLING] 종료 | 큐: 0건 | 번들맵: 4개
[2026-07-14 19:01:20] INFO: [POLLING] 시작 | 큐: 0건 | 처리중: 4건 | 번들: ID:55698(1건), ID:55700(1건), ID:55701(1건), ID:55704(1건)
[2026-07-14 19:01:21] INFO: [POLLING] 종료 | 큐: 0건 | 번들맵: 4개
[2026-07-14 19:01:23] INFO: [REQ] contents=check-event | id=undefined
[2026-07-14 19:01:30] INFO: [POLLING] 시작 | 큐: 0건 | 처리중: 4건 | 번들: ID:55698(1건), ID:55700(1건), ID:55701(1건), ID:55704(1건)
[2026-07-14 19:01:31] INFO: [POLLING] 종료 | 큐: 0건 | 번들맵: 4개
[2026-07-14 19:01:40] INFO: [POLLING] 시작 | 큐: 0건 | 처리중: 4건 | 번들: ID:55698(1건), ID:55700(1건), ID:55701(1건), ID:55704(1건)
[2026-07-14 19:01:41] INFO: [POLLING] 종료 | 큐: 0건 | 번들맵: 4개
[2026-07-14 19:01:50] INFO: [POLLING] 시작 | 큐: 0건 | 처리중: 4건 | 번들: ID:55698(1건), ID:55700(1건), ID:55701(1건), ID:55704(1건)
[2026-07-14 19:01:51] INFO: [POLLING] 종료 | 큐: 0건 | 번들맵: 4개
[2026-07-14 19:02:00] INFO: [POLLING] 시작 | 큐: 0건 | 처리중: 4건 | 번들: ID:55698(1건), ID:55700(1건), ID:55701(1건), ID:55704(1건)
[2026-07-14 19:02:01] INFO: [POLLING] 종료 | 큐: 0건 | 번들맵: 4개
[2026-07-14 19:02:10] INFO: [POLLING] 시작 | 큐: 0건 | 처리중: 4건 | 번들: ID:55698(1건), ID:55700(1건), ID:55701(1건), ID:55704(1건)
[2026-07-14 19:02:11] INFO: [POLLING] 종료 | 큐: 0건 | 번들맵: 4개
[2026-07-14 19:02:20] INFO: [POLLING] 시작 | 큐: 0건 | 처리중: 4건 | 번들: ID:55698(1건), ID:55700(1건), ID:55701(1건), ID:55704(1건)
[2026-07-14 19:02:21] INFO: [POLLING] 종료 | 큐: 0건 | 번들맵: 4개
[2026-07-14 19:02:26] INFO: [REQ] contents=check-event | id=undefined
[2026-07-14 19:02:30] INFO: [POLLING] 시작 | 큐: 0건 | 처리중: 4건 | 번들: ID:55698(1건), ID:55700(1건), ID:55701(1건), ID:55704(1건)
[2026-07-14 19:02:31] INFO: [POLLING] 종료 | 큐: 0건 | 번들맵: 4개
[2026-07-14 19:02:40] INFO: [POLLING] 시작 | 큐: 0건 | 처리중: 4건 | 번들: ID:55698(1건), ID:55700(1건), ID:55701(1건), ID:55704(1건)
[2026-07-14 19:02:41] INFO: [POLLING] 종료 | 큐: 0건 | 번들맵: 4개
[2026-07-14 19:02:50] INFO: [POLLING] 시작 | 큐: 0건 | 처리중: 4건 | 번들: ID:55698(1건), ID:55700(1건), ID:55701(1건), ID:55704(1건)
[2026-07-14 19:02:51] INFO: [POLLING] 종료 | 큐: 0건 | 번들맵: 4개
[2026-07-14 19:03:00] INFO: [POLLING] 시작 | 큐: 0건 | 처리중: 4건 | 번들: ID:55698(1건), ID:55700(1건), ID:55701(1건), ID:55704(1건)
[2026-07-14 19:03:01] INFO: [POLLING] 종료 | 큐: 0건 | 번들맵: 4개
[2026-07-14 19:03:03] INFO: [REQ] contents=check-event | id=undefined
[2026-07-14 19:03:10] INFO: [POLLING] 시작 | 큐: 0건 | 처리중: 4건 | 번들: ID:55698(1건), ID:55700(1건), ID:55701(1건), ID:55704(1건)
[2026-07-14 19:03:11] INFO: [POLLING] 종료 | 큐: 0건 | 번들맵: 4개
[2026-07-14 19:03:20] INFO: [POLLING] 시작 | 큐: 0건 | 처리중: 4건 | 번들: ID:55698(1건), ID:55700(1건), ID:55701(1건), ID:55704(1건)
[2026-07-14 19:03:21] INFO: [POLLING] 종료 | 큐: 0건 | 번들맵: 4개
[2026-07-14 19:03:30] INFO: [POLLING] 시작 | 큐: 0건 | 처리중: 4건 | 번들: ID:55698(1건), ID:55700(1건), ID:55701(1건), ID:55704(1건)
[2026-07-14 19:03:31] INFO: [POLLING] 종료 | 큐: 0건 | 번들맵: 4개
[2026-07-14 19:03:40] INFO: [POLLING] 시작 | 큐: 0건 | 처리중: 4건 | 번들: ID:55698(1건), ID:55700(1건), ID:55701(1건), ID:55704(1건)
[2026-07-14 19:03:41] INFO: [POLLING] 종료 | 큐: 0건 | 번들맵: 4개
[2026-07-14 19:03:50] INFO: [POLLING] 시작 | 큐: 0건 | 처리중: 4건 | 번들: ID:55698(1건), ID:55700(1건), ID:55701(1건), ID:55704(1건)
[2026-07-14 19:03:51] INFO: [POLLING] 종료 | 큐: 0건 | 번들맵: 4개
[2026-07-14 19:04:00] INFO: [POLLING] 시작 | 큐: 0건 | 처리중: 4건 | 번들: ID:55698(1건), ID:55700(1건), ID:55701(1건), ID:55704(1건)
[2026-07-14 19:04:01] INFO: [POLLING] 종료 | 큐: 0건 | 번들맵: 4개
[2026-07-14 19:04:06] INFO: [REQ] contents=check-event | id=undefined
[2026-07-14 19:04:10] INFO: [POLLING] 시작 | 큐: 0건 | 처리중: 4건 | 번들: ID:55698(1건), ID:55700(1건), ID:55701(1건), ID:55704(1건)
[2026-07-14 19:04:11] INFO: [POLLING] 종료 | 큐: 0건 | 번들맵: 4개
[2026-07-14 19:04:20] INFO: [POLLING] 시작 | 큐: 0건 | 처리중: 4건 | 번들: ID:55698(1건), ID:55700(1건), ID:55701(1건), ID:55704(1건)
[2026-07-14 19:04:21] INFO: [POLLING] 종료 | 큐: 0건 | 번들맵: 4개
[2026-07-14 19:04:30] INFO: [POLLING] 시작 | 큐: 0건 | 처리중: 4건 | 번들: ID:55698(1건), ID:55700(1건), ID:55701(1건), ID:55704(1건)
[2026-07-14 19:04:31] INFO: [POLLING] 종료 | 큐: 0건 | 번들맵: 4개
[2026-07-14 19:04:33] INFO: [REQ] contents=check-event | id=undefined
[2026-07-14 19:04:40] INFO: [POLLING] 시작 | 큐: 0건 | 처리중: 4건 | 번들: ID:55698(1건), ID:55700(1건), ID:55701(1건), ID:55704(1건)
[2026-07-14 19:04:41] INFO: [POLLING] 종료 | 큐: 0건 | 번들맵: 4개
[2026-07-14 19:04:51] INFO: [POLLING] 시작 | 큐: 0건 | 처리중: 4건 | 번들: ID:55698(1건), ID:55700(1건), ID:55701(1건), ID:55704(1건)
[2026-07-14 19:04:51] INFO: [POLLING] 종료 | 큐: 0건 | 번들맵: 4개
[2026-07-14 19:05:01] INFO: [POLLING] 시작 | 큐: 0건 | 처리중: 4건 | 번들: ID:55698(1건), ID:55700(1건), ID:55701(1건), ID:55704(1건)
[2026-07-14 19:05:01] INFO: [POLLING] 종료 | 큐: 0건 | 번들맵: 4개
[2026-07-14 19:05:11] INFO: [POLLING] 시작 | 큐: 0건 | 처리중: 4건 | 번들: ID:55698(1건), ID:55700(1건), ID:55701(1건), ID:55704(1건)
[2026-07-14 19:05:11] INFO: [POLLING] 종료 | 큐: 0건 | 번들맵: 4개
[2026-07-14 19:05:21] INFO: [POLLING] 시작 | 큐: 0건 | 처리중: 4건 | 번들: ID:55698(1건), ID:55700(1건), ID:55701(1건), ID:55704(1건)
[2026-07-14 19:05:21] INFO: [POLLING] 종료 | 큐: 0건 | 번들맵: 4개
[2026-07-14 19:05:31] INFO: [POLLING] 시작 | 큐: 0건 | 처리중: 4건 | 번들: ID:55698(1건), ID:55700(1건), ID:55701(1건), ID:55704(1건)
[2026-07-14 19:05:31] INFO: [POLLING] 종료 | 큐: 0건 | 번들맵: 4개
[2026-07-14 19:05:37] INFO: [REQ] contents=check-event | id=undefined
[2026-07-14 19:05:41] INFO: [POLLING] 시작 | 큐: 0건 | 처리중: 4건 | 번들: ID:55698(1건), ID:55700(1건), ID:55701(1건), ID:55704(1건)
[2026-07-14 19:05:41] INFO: [POLLING] 종료 | 큐: 0건 | 번들맵: 4개
[2026-07-14 19:05:51] INFO: [POLLING] 시작 | 큐: 0건 | 처리중: 4건 | 번들: ID:55698(1건), ID:55700(1건), ID:55701(1건), ID:55704(1건)
[2026-07-14 19:05:51] INFO: [POLLING] 종료 | 큐: 0건 | 번들맵: 4개
[2026-07-14 19:06:01] INFO: [POLLING] 시작 | 큐: 0건 | 처리중: 4건 | 번들: ID:55698(1건), ID:55700(1건), ID:55701(1건), ID:55704(1건)
[2026-07-14 19:06:01] INFO: [POLLING] 종료 | 큐: 0건 | 번들맵: 4개
[2026-07-14 19:06:11] INFO: [POLLING] 시작 | 큐: 0건 | 처리중: 4건 | 번들: ID:55698(1건), ID:55700(1건), ID:55701(1건), ID:55704(1건)
[2026-07-14 19:06:11] INFO: [POLLING] 종료 | 큐: 0건 | 번들맵: 4개
[2026-07-14 19:06:21] INFO: [POLLING] 시작 | 큐: 0건 | 처리중: 4건 | 번들: ID:55698(1건), ID:55700(1건), ID:55701(1건), ID:55704(1건)
[2026-07-14 19:06:21] INFO: [POLLING] 종료 | 큐: 0건 | 번들맵: 4개
[2026-07-14 19:06:23] INFO: [REQ] contents=check-event | id=undefined
[2026-07-14 19:06:31] INFO: [POLLING] 시작 | 큐: 0건 | 처리중: 4건 | 번들: ID:55698(1건), ID:55700(1건), ID:55701(1건), ID:55704(1건)
[2026-07-14 19:06:31] INFO: [POLLING] 종료 | 큐: 0건 | 번들맵: 4개
[2026-07-14 19:06:41] INFO: [POLLING] 시작 | 큐: 0건 | 처리중: 4건 | 번들: ID:55698(1건), ID:55700(1건), ID:55701(1건), ID:55704(1건)
[2026-07-14 19:06:41] INFO: [POLLING] 종료 | 큐: 0건 | 번들맵: 4개
[2026-07-14 19:06:51] INFO: [POLLING] 시작 | 큐: 0건 | 처리중: 4건 | 번들: ID:55698(1건), ID:55700(1건), ID:55701(1건), ID:55704(1건)
[2026-07-14 19:06:51] INFO: [POLLING] 종료 | 큐: 0건 | 번들맵: 4개
[2026-07-14 19:07:01] INFO: [POLLING] 시작 | 큐: 0건 | 처리중: 4건 | 번들: ID:55698(1건), ID:55700(1건), ID:55701(1건), ID:55704(1건)
[2026-07-14 19:07:01] INFO: [POLLING] 종료 | 큐: 0건 | 번들맵: 4개
[2026-07-14 19:07:11] INFO: [POLLING] 시작 | 큐: 0건 | 처리중: 4건 | 번들: ID:55698(1건), ID:55700(1건), ID:55701(1건), ID:55704(1건)
[2026-07-14 19:07:11] INFO: [POLLING] 종료 | 큐: 0건 | 번들맵: 4개
[2026-07-14 19:07:21] INFO: [POLLING] 시작 | 큐: 0건 | 처리중: 4건 | 번들: ID:55698(1건), ID:55700(1건), ID:55701(1건), ID:55704(1건)
[2026-07-14 19:07:21] INFO: [POLLING] 종료 | 큐: 0건 | 번들맵: 4개
[2026-07-14 19:07:27] INFO: [REQ] contents=check-event | id=undefined
[2026-07-14 19:07:31] INFO: [POLLING] 시작 | 큐: 0건 | 처리중: 4건 | 번들: ID:55698(1건), ID:55700(1건), ID:55701(1건), ID:55704(1건)
[2026-07-14 19:07:31] INFO: [POLLING] 종료 | 큐: 0건 | 번들맵: 4개
[2026-07-14 19:07:41] INFO: [POLLING] 시작 | 큐: 0건 | 처리중: 4건 | 번들: ID:55698(1건), ID:55700(1건), ID:55701(1건), ID:55704(1건)
[2026-07-14 19:07:41] INFO: [POLLING] 종료 | 큐: 0건 | 번들맵: 4개
[2026-07-14 19:07:51] INFO: [POLLING] 시작 | 큐: 0건 | 처리중: 4건 | 번들: ID:55698(1건), ID:55700(1건), ID:55701(1건), ID:55704(1건)
[2026-07-14 19:07:51] INFO: [POLLING] 종료 | 큐: 0건 | 번들맵: 4개
[2026-07-14 19:08:01] INFO: [POLLING] 시작 | 큐: 0건 | 처리중: 4건 | 번들: ID:55698(1건), ID:55700(1건), ID:55701(1건), ID:55704(1건)
[2026-07-14 19:08:01] INFO: [POLLING] 종료 | 큐: 0건 | 번들맵: 4개
[2026-07-14 19:08:03] INFO: [REQ] contents=check-event | id=undefined
[2026-07-14 19:08:11] INFO: [POLLING] 시작 | 큐: 0건 | 처리중: 4건 | 번들: ID:55698(1건), ID:55700(1건), ID:55701(1건), ID:55704(1건)
[2026-07-14 19:08:11] INFO: [POLLING] 종료 | 큐: 0건 | 번들맵: 4개
[2026-07-14 19:08:21] INFO: [POLLING] 시작 | 큐: 0건 | 처리중: 4건 | 번들: ID:55698(1건), ID:55700(1건), ID:55701(1건), ID:55704(1건)
[2026-07-14 19:08:21] INFO: [POLLING] 종료 | 큐: 0건 | 번들맵: 4개
[2026-07-14 19:08:31] INFO: [POLLING] 시작 | 큐: 0건 | 처리중: 4건 | 번들: ID:55698(1건), ID:55700(1건), ID:55701(1건), ID:55704(1건)
[2026-07-14 19:08:31] INFO: [POLLING] 종료 | 큐: 0건 | 번들맵: 4개
[2026-07-14 19:08:41] INFO: [POLLING] 시작 | 큐: 0건 | 처리중: 4건 | 번들: ID:55698(1건), ID:55700(1건), ID:55701(1건), ID:55704(1건)
[2026-07-14 19:08:41] INFO: [POLLING] 종료 | 큐: 0건 | 번들맵: 4개
[2026-07-14 19:08:51] INFO: [POLLING] 시작 | 큐: 0건 | 처리중: 4건 | 번들: ID:55698(1건), ID:55700(1건), ID:55701(1건), ID:55704(1건)
[2026-07-14 19:08:51] INFO: [POLLING] 종료 | 큐: 0건 | 번들맵: 4개
[2026-07-14 19:09:01] INFO: [POLLING] 시작 | 큐: 0건 | 처리중: 4건 | 번들: ID:55698(1건), ID:55700(1건), ID:55701(1건), ID:55704(1건)
[2026-07-14 19:09:01] INFO: [POLLING] 종료 | 큐: 0건 | 번들맵: 4개
[2026-07-14 19:09:07] INFO: [REQ] contents=check-event | id=undefined
[2026-07-14 19:09:11] INFO: [POLLING] 시작 | 큐: 0건 | 처리중: 4건 | 번들: ID:55698(1건), ID:55700(1건), ID:55701(1건), ID:55704(1건)
[2026-07-14 19:09:11] INFO: [POLLING] 종료 | 큐: 0건 | 번들맵: 4개
[2026-07-14 19:09:21] INFO: [POLLING] 시작 | 큐: 0건 | 처리중: 4건 | 번들: ID:55698(1건), ID:55700(1건), ID:55701(1건), ID:55704(1건)
[2026-07-14 19:09:21] INFO: [POLLING] 종료 | 큐: 0건 | 번들맵: 4개
[2026-07-14 19:09:31] INFO: [POLLING] 시작 | 큐: 0건 | 처리중: 4건 | 번들: ID:55698(1건), ID:55700(1건), ID:55701(1건), ID:55704(1건)
[2026-07-14 19:09:31] INFO: [POLLING] 종료 | 큐: 0건 | 번들맵: 4개
[2026-07-14 19:09:33] INFO: [REQ] contents=check-event | id=undefined
[2026-07-14 19:09:41] INFO: [POLLING] 시작 | 큐: 0건 | 처리중: 4건 | 번들: ID:55698(1건), ID:55700(1건), ID:55701(1건), ID:55704(1건)
[2026-07-14 19:09:41] INFO: [POLLING] 종료 | 큐: 0건 | 번들맵: 4개
[2026-07-14 19:09:51] INFO: [POLLING] 시작 | 큐: 0건 | 처리중: 4건 | 번들: ID:55698(1건), ID:55700(1건), ID:55701(1건), ID:55704(1건)
[2026-07-14 19:09:51] INFO: [POLLING] 종료 | 큐: 0건 | 번들맵: 4개
[2026-07-14 19:10:01] INFO: [POLLING] 시작 | 큐: 0건 | 처리중: 4건 | 번들: ID:55698(1건), ID:55700(1건), ID:55701(1건), ID:55704(1건)
[2026-07-14 19:10:01] INFO: [POLLING] 종료 | 큐: 0건 | 번들맵: 4개
[2026-07-14 19:10:11] INFO: [POLLING] 시작 | 큐: 0건 | 처리중: 4건 | 번들: ID:55698(1건), ID:55700(1건), ID:55701(1건), ID:55704(1건)
[2026-07-14 19:10:11] INFO: [POLLING] 종료 | 큐: 0건 | 번들맵: 4개
[2026-07-14 19:10:21] INFO: [POLLING] 시작 | 큐: 0건 | 처리중: 4건 | 번들: ID:55698(1건), ID:55700(1건), ID:55701(1건), ID:55704(1건)
[2026-07-14 19:10:21] INFO: [POLLING] 종료 | 큐: 0건 | 번들맵: 4개
[2026-07-14 19:10:31] INFO: [POLLING] 시작 | 큐: 0건 | 처리중: 4건 | 번들: ID:55698(1건), ID:55700(1건), ID:55701(1건), ID:55704(1건)
[2026-07-14 19:10:31] INFO: [POLLING] 종료 | 큐: 0건 | 번들맵: 4개
[2026-07-14 19:10:37] INFO: [REQ] contents=check-event | id=undefined
[2026-07-14 19:10:41] INFO: [POLLING] 시작 | 큐: 0건 | 처리중: 4건 | 번들: ID:55698(1건), ID:55700(1건), ID:55701(1건), ID:55704(1건)
[2026-07-14 19:10:41] INFO: [POLLING] 종료 | 큐: 0건 | 번들맵: 4개
[2026-07-14 19:10:51] INFO: [POLLING] 시작 | 큐: 0건 | 처리중: 4건 | 번들: ID:55698(1건), ID:55700(1건), ID:55701(1건), ID:55704(1건)
[2026-07-14 19:10:51] INFO: [POLLING] 종료 | 큐: 0건 | 번들맵: 4개
[2026-07-14 19:11:01] INFO: [POLLING] 시작 | 큐: 0건 | 처리중: 4건 | 번들: ID:55698(1건), ID:55700(1건), ID:55701(1건), ID:55704(1건)
[2026-07-14 19:11:01] INFO: [POLLING] 종료 | 큐: 0건 | 번들맵: 4개
[2026-07-14 19:11:11] INFO: [POLLING] 시작 | 큐: 0건 | 처리중: 4건 | 번들: ID:55698(1건), ID:55700(1건), ID:55701(1건), ID:55704(1건)
[2026-07-14 19:11:11] INFO: [POLLING] 종료 | 큐: 0건 | 번들맵: 4개
[2026-07-14 19:11:21] INFO: [POLLING] 시작 | 큐: 0건 | 처리중: 4건 | 번들: ID:55698(1건), ID:55700(1건), ID:55701(1건), ID:55704(1건)
[2026-07-14 19:11:21] INFO: [POLLING] 종료 | 큐: 0건 | 번들맵: 4개
[2026-07-14 19:11:24] INFO: [REQ] contents=check-event | id=undefined
[2026-07-14 19:11:31] INFO: [POLLING] 시작 | 큐: 0건 | 처리중: 4건 | 번들: ID:55698(1건), ID:55700(1건), ID:55701(1건), ID:55704(1건)
[2026-07-14 19:11:31] INFO: [POLLING] 종료 | 큐: 0건 | 번들맵: 4개
[2026-07-14 19:11:41] INFO: [POLLING] 시작 | 큐: 0건 | 처리중: 4건 | 번들: ID:55698(1건), ID:55700(1건), ID:55701(1건), ID:55704(1건)
[2026-07-14 19:11:42] INFO: [POLLING] 종료 | 큐: 0건 | 번들맵: 4개
[2026-07-14 19:11:51] INFO: [POLLING] 시작 | 큐: 0건 | 처리중: 4건 | 번들: ID:55698(1건), ID:55700(1건), ID:55701(1건), ID:55704(1건)
[2026-07-14 19:11:52] INFO: [POLLING] 종료 | 큐: 0건 | 번들맵: 4개
[2026-07-14 19:12:01] INFO: [POLLING] 시작 | 큐: 0건 | 처리중: 4건 | 번들: ID:55698(1건), ID:55700(1건), ID:55701(1건), ID:55704(1건)
[2026-07-14 19:12:02] INFO: [POLLING] 종료 | 큐: 0건 | 번들맵: 4개
[2026-07-14 19:12:11] INFO: [POLLING] 시작 | 큐: 0건 | 처리중: 4건 | 번들: ID:55698(1건), ID:55700(1건), ID:55701(1건), ID:55704(1건)
[2026-07-14 19:12:12] INFO: [POLLING] 종료 | 큐: 0건 | 번들맵: 4개
[2026-07-14 19:12:21] INFO: [POLLING] 시작 | 큐: 0건 | 처리중: 4건 | 번들: ID:55698(1건), ID:55700(1건), ID:55701(1건), ID:55704(1건)
[2026-07-14 19:12:22] INFO: [POLLING] 종료 | 큐: 0건 | 번들맵: 4개
[2026-07-14 19:12:27] INFO: [REQ] contents=check-event | id=undefined
[2026-07-14 19:12:31] INFO: [POLLING] 시작 | 큐: 0건 | 처리중: 4건 | 번들: ID:55698(1건), ID:55700(1건), ID:55701(1건), ID:55704(1건)
[2026-07-14 19:12:32] INFO: [POLLING] 종료 | 큐: 0건 | 번들맵: 4개
[2026-07-14 19:12:41] INFO: [POLLING] 시작 | 큐: 0건 | 처리중: 4건 | 번들: ID:55698(1건), ID:55700(1건), ID:55701(1건), ID:55704(1건)
[2026-07-14 19:12:42] INFO: [POLLING] 종료 | 큐: 0건 | 번들맵: 4개
[2026-07-14 19:12:51] INFO: [POLLING] 시작 | 큐: 0건 | 처리중: 4건 | 번들: ID:55698(1건), ID:55700(1건), ID:55701(1건), ID:55704(1건)
[2026-07-14 19:12:52] INFO: [POLLING] 종료 | 큐: 0건 | 번들맵: 4개
[2026-07-14 19:13:01] INFO: [POLLING] 시작 | 큐: 0건 | 처리중: 4건 | 번들: ID:55698(1건), ID:55700(1건), ID:55701(1건), ID:55704(1건)
[2026-07-14 19:13:02] INFO: [POLLING] 종료 | 큐: 0건 | 번들맵: 4개
[2026-07-14 19:13:04] INFO: [REQ] contents=check-event | id=undefined
[2026-07-14 19:13:11] INFO: [POLLING] 시작 | 큐: 0건 | 처리중: 4건 | 번들: ID:55698(1건), ID:55700(1건), ID:55701(1건), ID:55704(1건)
[2026-07-14 19:13:12] INFO: [POLLING] 종료 | 큐: 0건 | 번들맵: 4개
[2026-07-14 19:13:21] INFO: [POLLING] 시작 | 큐: 0건 | 처리중: 4건 | 번들: ID:55698(1건), ID:55700(1건), ID:55701(1건), ID:55704(1건)
[2026-07-14 19:13:22] INFO: [POLLING] 종료 | 큐: 0건 | 번들맵: 4개
[2026-07-14 19:13:31] INFO: [POLLING] 시작 | 큐: 0건 | 처리중: 4건 | 번들: ID:55698(1건), ID:55700(1건), ID:55701(1건), ID:55704(1건)
[2026-07-14 19:13:32] INFO: [POLLING] 종료 | 큐: 0건 | 번들맵: 4개
[2026-07-14 19:13:41] INFO: [POLLING] 시작 | 큐: 0건 | 처리중: 4건 | 번들: ID:55698(1건), ID:55700(1건), ID:55701(1건), ID:55704(1건)
[2026-07-14 19:13:42] INFO: [POLLING] 종료 | 큐: 0건 | 번들맵: 4개
[2026-07-14 19:13:51] INFO: [POLLING] 시작 | 큐: 0건 | 처리중: 4건 | 번들: ID:55698(1건), ID:55700(1건), ID:55701(1건), ID:55704(1건)
[2026-07-14 19:13:52] INFO: [POLLING] 종료 | 큐: 0건 | 번들맵: 4개
[2026-07-14 19:14:01] INFO: [POLLING] 시작 | 큐: 0건 | 처리중: 4건 | 번들: ID:55698(1건), ID:55700(1건), ID:55701(1건), ID:55704(1건)
[2026-07-14 19:14:02] INFO: [POLLING] 종료 | 큐: 0건 | 번들맵: 4개
[2026-07-14 19:14:07] INFO: [REQ] contents=check-event | id=undefined
[2026-07-14 19:14:11] INFO: [POLLING] 시작 | 큐: 0건 | 처리중: 4건 | 번들: ID:55698(1건), ID:55700(1건), ID:55701(1건), ID:55704(1건)
[2026-07-14 19:14:12] INFO: [POLLING] 종료 | 큐: 0건 | 번들맵: 4개
[2026-07-14 19:14:21] INFO: [POLLING] 시작 | 큐: 0건 | 처리중: 4건 | 번들: ID:55698(1건), ID:55700(1건), ID:55701(1건), ID:55704(1건)
[2026-07-14 19:14:22] INFO: [POLLING] 종료 | 큐: 0건 | 번들맵: 4개
[2026-07-14 19:14:31] INFO: [POLLING] 시작 | 큐: 0건 | 처리중: 4건 | 번들: ID:55698(1건), ID:55700(1건), ID:55701(1건), ID:55704(1건)
[2026-07-14 19:14:32] INFO: [POLLING] 종료 | 큐: 0건 | 번들맵: 4개
[2026-07-14 19:14:34] INFO: [REQ] contents=check-event | id=undefined
[2026-07-14 19:14:41] INFO: [POLLING] 시작 | 큐: 0건 | 처리중: 4건 | 번들: ID:55698(1건), ID:55700(1건), ID:55701(1건), ID:55704(1건)
[2026-07-14 19:14:42] INFO: [POLLING] 종료 | 큐: 0건 | 번들맵: 4개
[2026-07-14 19:14:51] INFO: [POLLING] 시작 | 큐: 0건 | 처리중: 4건 | 번들: ID:55698(1건), ID:55700(1건), ID:55701(1건), ID:55704(1건)
[2026-07-14 19:14:52] INFO: [POLLING] 종료 | 큐: 0건 | 번들맵: 4개
[2026-07-14 19:15:01] INFO: [POLLING] 시작 | 큐: 0건 | 처리중: 4건 | 번들: ID:55698(1건), ID:55700(1건), ID:55701(1건), ID:55704(1건)
[2026-07-14 19:15:02] INFO: [POLLING] 종료 | 큐: 0건 | 번들맵: 4개
[2026-07-14 19:15:11] INFO: [POLLING] 시작 | 큐: 0건 | 처리중: 4건 | 번들: ID:55698(1건), ID:55700(1건), ID:55701(1건), ID:55704(1건)
[2026-07-14 19:15:12] INFO: [POLLING] 종료 | 큐: 0건 | 번들맵: 4개
[2026-07-14 19:15:21] INFO: [POLLING] 시작 | 큐: 0건 | 처리중: 4건 | 번들: ID:55698(1건), ID:55700(1건), ID:55701(1건), ID:55704(1건)
[2026-07-14 19:15:22] INFO: [POLLING] 종료 | 큐: 0건 | 번들맵: 4개
[2026-07-14 19:15:31] INFO: [POLLING] 시작 | 큐: 0건 | 처리중: 4건 | 번들: ID:55698(1건), ID:55700(1건), ID:55701(1건), ID:55704(1건)
[2026-07-14 19:15:32] INFO: [POLLING] 종료 | 큐: 0건 | 번들맵: 4개
[2026-07-14 19:15:37] INFO: [REQ] contents=check-event | id=undefined
[2026-07-14 19:15:41] INFO: [POLLING] 시작 | 큐: 0건 | 처리중: 4건 | 번들: ID:55698(1건), ID:55700(1건), ID:55701(1건), ID:55704(1건)
[2026-07-14 19:15:42] INFO: [POLLING] 종료 | 큐: 0건 | 번들맵: 4개
[2026-07-14 19:15:51] INFO: [POLLING] 시작 | 큐: 0건 | 처리중: 4건 | 번들: ID:55698(1건), ID:55700(1건), ID:55701(1건), ID:55704(1건)
[2026-07-14 19:15:52] INFO: [POLLING] 종료 | 큐: 0건 | 번들맵: 4개
[2026-07-14 19:16:01] INFO: [POLLING] 시작 | 큐: 0건 | 처리중: 4건 | 번들: ID:55698(1건), ID:55700(1건), ID:55701(1건), ID:55704(1건)
[2026-07-14 19:16:02] INFO: [POLLING] 종료 | 큐: 0건 | 번들맵: 4개
[2026-07-14 19:16:11] INFO: [POLLING] 시작 | 큐: 0건 | 처리중: 4건 | 번들: ID:55698(1건), ID:55700(1건), ID:55701(1건), ID:55704(1건)
[2026-07-14 19:16:12] INFO: [POLLING] 종료 | 큐: 0건 | 번들맵: 4개
[2026-07-14 19:16:21] INFO: [POLLING] 시작 | 큐: 0건 | 처리중: 4건 | 번들: ID:55698(1건), ID:55700(1건), ID:55701(1건), ID:55704(1건)
[2026-07-14 19:16:22] INFO: [POLLING] 종료 | 큐: 0건 | 번들맵: 4개
[2026-07-14 19:16:24] INFO: [REQ] contents=check-event | id=undefined
[2026-07-14 19:16:31] INFO: [POLLING] 시작 | 큐: 0건 | 처리중: 4건 | 번들: ID:55698(1건), ID:55700(1건), ID:55701(1건), ID:55704(1건)
[2026-07-14 19:16:32] INFO: [POLLING] 종료 | 큐: 0건 | 번들맵: 4개
[2026-07-14 19:16:41] INFO: [POLLING] 시작 | 큐: 0건 | 처리중: 4건 | 번들: ID:55698(1건), ID:55700(1건), ID:55701(1건), ID:55704(1건)
[2026-07-14 19:16:42] INFO: [POLLING] 종료 | 큐: 0건 | 번들맵: 4개
[2026-07-14 19:16:51] INFO: [POLLING] 시작 | 큐: 0건 | 처리중: 4건 | 번들: ID:55698(1건), ID:55700(1건), ID:55701(1건), ID:55704(1건)
[2026-07-14 19:16:52] INFO: [POLLING] 종료 | 큐: 0건 | 번들맵: 4개
[2026-07-14 19:17:01] INFO: [POLLING] 시작 | 큐: 0건 | 처리중: 4건 | 번들: ID:55698(1건), ID:55700(1건), ID:55701(1건), ID:55704(1건)
[2026-07-14 19:17:02] INFO: [POLLING] 종료 | 큐: 0건 | 번들맵: 4개
[2026-07-14 19:17:11] INFO: [POLLING] 시작 | 큐: 0건 | 처리중: 4건 | 번들: ID:55698(1건), ID:55700(1건), ID:55701(1건), ID:55704(1건)
[2026-07-14 19:17:12] INFO: [POLLING] 종료 | 큐: 0건 | 번들맵: 4개
[2026-07-14 19:17:21] INFO: [POLLING] 시작 | 큐: 0건 | 처리중: 4건 | 번들: ID:55698(1건), ID:55700(1건), ID:55701(1건), ID:55704(1건)
[2026-07-14 19:17:22] INFO: [POLLING] 종료 | 큐: 0건 | 번들맵: 4개
[2026-07-14 19:17:28] INFO: [REQ] contents=check-event | id=undefined
[2026-07-14 19:17:31] INFO: [POLLING] 시작 | 큐: 0건 | 처리중: 4건 | 번들: ID:55698(1건), ID:55700(1건), ID:55701(1건), ID:55704(1건)
[2026-07-14 19:17:32] INFO: [POLLING] 종료 | 큐: 0건 | 번들맵: 4개
[2026-07-14 19:17:41] INFO: [POLLING] 시작 | 큐: 0건 | 처리중: 4건 | 번들: ID:55698(1건), ID:55700(1건), ID:55701(1건), ID:55704(1건)
[2026-07-14 19:17:42] INFO: [POLLING] 종료 | 큐: 0건 | 번들맵: 4개
[2026-07-14 19:17:51] INFO: [POLLING] 시작 | 큐: 0건 | 처리중: 4건 | 번들: ID:55698(1건), ID:55700(1건), ID:55701(1건), ID:55704(1건)
[2026-07-14 19:17:52] INFO: [POLLING] 종료 | 큐: 0건 | 번들맵: 4개
[2026-07-14 19:18:01] INFO: [POLLING] 시작 | 큐: 0건 | 처리중: 4건 | 번들: ID:55698(1건), ID:55700(1건), ID:55701(1건), ID:55704(1건)
[2026-07-14 19:18:02] INFO: [POLLING] 종료 | 큐: 0건 | 번들맵: 4개
[2026-07-14 19:18:04] INFO: [REQ] contents=check-event | id=undefined
[2026-07-14 19:18:11] INFO: [POLLING] 시작 | 큐: 0건 | 처리중: 4건 | 번들: ID:55698(1건), ID:55700(1건), ID:55701(1건), ID:55704(1건)
[2026-07-14 19:18:12] INFO: [POLLING] 종료 | 큐: 0건 | 번들맵: 4개
[2026-07-14 19:18:21] INFO: [POLLING] 시작 | 큐: 0건 | 처리중: 4건 | 번들: ID:55698(1건), ID:55700(1건), ID:55701(1건), ID:55704(1건)
[2026-07-14 19:18:22] INFO: [POLLING] 종료 | 큐: 0건 | 번들맵: 4개
[2026-07-14 19:18:31] INFO: [POLLING] 시작 | 큐: 0건 | 처리중: 4건 | 번들: ID:55698(1건), ID:55700(1건), ID:55701(1건), ID:55704(1건)
[2026-07-14 19:18:32] INFO: [POLLING] 종료 | 큐: 0건 | 번들맵: 4개
[2026-07-14 19:18:41] INFO: [POLLING] 시작 | 큐: 0건 | 처리중: 4건 | 번들: ID:55698(1건), ID:55700(1건), ID:55701(1건), ID:55704(1건)
[2026-07-14 19:18:42] INFO: [POLLING] 종료 | 큐: 0건 | 번들맵: 4개
[2026-07-14 19:18:51] INFO: [POLLING] 시작 | 큐: 0건 | 처리중: 4건 | 번들: ID:55698(1건), ID:55700(1건), ID:55701(1건), ID:55704(1건)
[2026-07-14 19:18:52] INFO: [POLLING] 종료 | 큐: 0건 | 번들맵: 4개
[2026-07-14 19:19:01] INFO: [POLLING] 시작 | 큐: 0건 | 처리중: 4건 | 번들: ID:55698(1건), ID:55700(1건), ID:55701(1건), ID:55704(1건)
[2026-07-14 19:19:02] INFO: [POLLING] 종료 | 큐: 0건 | 번들맵: 4개
[2026-07-14 19:19:08] INFO: [REQ] contents=check-event | id=undefined
[2026-07-14 19:19:11] INFO: [POLLING] 시작 | 큐: 0건 | 처리중: 4건 | 번들: ID:55698(1건), ID:55700(1건), ID:55701(1건), ID:55704(1건)
[2026-07-14 19:19:12] INFO: [POLLING] 종료 | 큐: 0건 | 번들맵: 4개
[2026-07-14 19:19:21] INFO: [POLLING] 시작 | 큐: 0건 | 처리중: 4건 | 번들: ID:55698(1건), ID:55700(1건), ID:55701(1건), ID:55704(1건)
[2026-07-14 19:19:22] INFO: [POLLING] 종료 | 큐: 0건 | 번들맵: 4개
[2026-07-14 19:19:31] INFO: [POLLING] 시작 | 큐: 0건 | 처리중: 4건 | 번들: ID:55698(1건), ID:55700(1건), ID:55701(1건), ID:55704(1건)
[2026-07-14 19:19:32] INFO: [POLLING] 종료 | 큐: 0건 | 번들맵: 4개
[2026-07-14 19:19:34] INFO: [REQ] contents=check-event | id=undefined
[2026-07-14 19:19:41] INFO: [POLLING] 시작 | 큐: 0건 | 처리중: 4건 | 번들: ID:55698(1건), ID:55700(1건), ID:55701(1건), ID:55704(1건)
[2026-07-14 19:19:42] INFO: [POLLING] 종료 | 큐: 0건 | 번들맵: 4개
[2026-07-14 19:19:51] INFO: [POLLING] 시작 | 큐: 0건 | 처리중: 4건 | 번들: ID:55698(1건), ID:55700(1건), ID:55701(1건), ID:55704(1건)
[2026-07-14 19:19:52] INFO: [POLLING] 종료 | 큐: 0건 | 번들맵: 4개
[2026-07-14 19:20:01] INFO: [POLLING] 시작 | 큐: 0건 | 처리중: 4건 | 번들: ID:55698(1건), ID:55700(1건), ID:55701(1건), ID:55704(1건)
[2026-07-14 19:20:02] INFO: [POLLING] 종료 | 큐: 0건 | 번들맵: 4개
[2026-07-14 19:20:11] INFO: [POLLING] 시작 | 큐: 0건 | 처리중: 4건 | 번들: ID:55698(1건), ID:55700(1건), ID:55701(1건), ID:55704(1건)
[2026-07-14 19:20:12] INFO: [POLLING] 종료 | 큐: 0건 | 번들맵: 4개
[2026-07-14 19:20:21] INFO: [POLLING] 시작 | 큐: 0건 | 처리중: 4건 | 번들: ID:55698(1건), ID:55700(1건), ID:55701(1건), ID:55704(1건)
[2026-07-14 19:20:22] INFO: [POLLING] 종료 | 큐: 0건 | 번들맵: 4개
[2026-07-14 19:20:31] INFO: [POLLING] 시작 | 큐: 0건 | 처리중: 4건 | 번들: ID:55698(1건), ID:55700(1건), ID:55701(1건), ID:55704(1건)
[2026-07-14 19:20:32] INFO: [POLLING] 종료 | 큐: 0건 | 번들맵: 4개
[2026-07-14 19:20:38] INFO: [REQ] contents=check-event | id=undefined
[2026-07-14 19:20:41] INFO: [POLLING] 시작 | 큐: 0건 | 처리중: 4건 | 번들: ID:55698(1건), ID:55700(1건), ID:55701(1건), ID:55704(1건)
[2026-07-14 19:20:42] INFO: [POLLING] 종료 | 큐: 0건 | 번들맵: 4개
[2026-07-14 19:20:51] INFO: [POLLING] 시작 | 큐: 0건 | 처리중: 4건 | 번들: ID:55698(1건), ID:55700(1건), ID:55701(1건), ID:55704(1건)
[2026-07-14 19:20:52] INFO: [POLLING] 종료 | 큐: 0건 | 번들맵: 4개
[2026-07-14 19:21:02] INFO: [POLLING] 시작 | 큐: 0건 | 처리중: 4건 | 번들: ID:55698(1건), ID:55700(1건), ID:55701(1건), ID:55704(1건)
[2026-07-14 19:21:02] INFO: [POLLING] 종료 | 큐: 0건 | 번들맵: 4개
[2026-07-14 19:21:12] INFO: [POLLING] 시작 | 큐: 0건 | 처리중: 4건 | 번들: ID:55698(1건), ID:55700(1건), ID:55701(1건), ID:55704(1건)
[2026-07-14 19:21:12] INFO: [POLLING] 종료 | 큐: 0건 | 번들맵: 4개
[2026-07-14 19:21:22] INFO: [POLLING] 시작 | 큐: 0건 | 처리중: 4건 | 번들: ID:55698(1건), ID:55700(1건), ID:55701(1건), ID:55704(1건)
[2026-07-14 19:21:22] INFO: [POLLING] 종료 | 큐: 0건 | 번들맵: 4개
[2026-07-14 19:21:25] INFO: [REQ] contents=check-event | id=undefined
[2026-07-14 19:21:32] INFO: [POLLING] 시작 | 큐: 0건 | 처리중: 4건 | 번들: ID:55698(1건), ID:55700(1건), ID:55701(1건), ID:55704(1건)
[2026-07-14 19:21:32] INFO: [POLLING] 종료 | 큐: 0건 | 번들맵: 4개
[2026-07-14 19:21:42] INFO: [POLLING] 시작 | 큐: 0건 | 처리중: 4건 | 번들: ID:55698(1건), ID:55700(1건), ID:55701(1건), ID:55704(1건)
[2026-07-14 19:21:42] INFO: [POLLING] 종료 | 큐: 0건 | 번들맵: 4개
[2026-07-14 19:21:52] INFO: [POLLING] 시작 | 큐: 0건 | 처리중: 4건 | 번들: ID:55698(1건), ID:55700(1건), ID:55701(1건), ID:55704(1건)
[2026-07-14 19:21:52] INFO: [POLLING] 종료 | 큐: 0건 | 번들맵: 4개
[2026-07-14 19:22:02] INFO: [POLLING] 시작 | 큐: 0건 | 처리중: 4건 | 번들: ID:55698(1건), ID:55700(1건), ID:55701(1건), ID:55704(1건)
[2026-07-14 19:22:02] INFO: [POLLING] 종료 | 큐: 0건 | 번들맵: 4개
[2026-07-14 19:22:12] INFO: [POLLING] 시작 | 큐: 0건 | 처리중: 4건 | 번들: ID:55698(1건), ID:55700(1건), ID:55701(1건), ID:55704(1건)
[2026-07-14 19:22:12] INFO: [POLLING] 종료 | 큐: 0건 | 번들맵: 4개
[2026-07-14 19:22:22] INFO: [POLLING] 시작 | 큐: 0건 | 처리중: 4건 | 번들: ID:55698(1건), ID:55700(1건), ID:55701(1건), ID:55704(1건)
[2026-07-14 19:22:22] INFO: [POLLING] 종료 | 큐: 0건 | 번들맵: 4개
[2026-07-14 19:22:28] INFO: [REQ] contents=check-event | id=undefined
[2026-07-14 19:22:32] INFO: [POLLING] 시작 | 큐: 0건 | 처리중: 4건 | 번들: ID:55698(1건), ID:55700(1건), ID:55701(1건), ID:55704(1건)
[2026-07-14 19:22:32] INFO: [POLLING] 종료 | 큐: 0건 | 번들맵: 4개
[2026-07-14 19:22:42] INFO: [POLLING] 시작 | 큐: 0건 | 처리중: 4건 | 번들: ID:55698(1건), ID:55700(1건), ID:55701(1건), ID:55704(1건)
[2026-07-14 19:22:42] INFO: [POLLING] 종료 | 큐: 0건 | 번들맵: 4개
[2026-07-14 19:22:52] INFO: [POLLING] 시작 | 큐: 0건 | 처리중: 4건 | 번들: ID:55698(1건), ID:55700(1건), ID:55701(1건), ID:55704(1건)
[2026-07-14 19:22:52] INFO: [POLLING] 종료 | 큐: 0건 | 번들맵: 4개
[2026-07-14 19:23:02] INFO: [POLLING] 시작 | 큐: 0건 | 처리중: 4건 | 번들: ID:55698(1건), ID:55700(1건), ID:55701(1건), ID:55704(1건)
[2026-07-14 19:23:02] INFO: [POLLING] 종료 | 큐: 0건 | 번들맵: 4개
[2026-07-14 19:23:05] INFO: [REQ] contents=check-event | id=undefined
[2026-07-14 19:23:12] INFO: [POLLING] 시작 | 큐: 0건 | 처리중: 4건 | 번들: ID:55698(1건), ID:55700(1건), ID:55701(1건), ID:55704(1건)
[2026-07-14 19:23:12] INFO: [POLLING] 종료 | 큐: 0건 | 번들맵: 4개
[2026-07-14 19:23:22] INFO: [POLLING] 시작 | 큐: 0건 | 처리중: 4건 | 번들: ID:55698(1건), ID:55700(1건), ID:55701(1건), ID:55704(1건)
[2026-07-14 19:23:22] INFO: [POLLING] 종료 | 큐: 0건 | 번들맵: 4개
[2026-07-14 19:23:32] INFO: [POLLING] 시작 | 큐: 0건 | 처리중: 4건 | 번들: ID:55698(1건), ID:55700(1건), ID:55701(1건), ID:55704(1건)
[2026-07-14 19:23:32] INFO: [POLLING] 종료 | 큐: 0건 | 번들맵: 4개
[2026-07-14 19:23:42] INFO: [POLLING] 시작 | 큐: 0건 | 처리중: 4건 | 번들: ID:55698(1건), ID:55700(1건), ID:55701(1건), ID:55704(1건)
[2026-07-14 19:23:42] INFO: [POLLING] 종료 | 큐: 0건 | 번들맵: 4개
[2026-07-14 19:23:52] INFO: [POLLING] 시작 | 큐: 0건 | 처리중: 4건 | 번들: ID:55698(1건), ID:55700(1건), ID:55701(1건), ID:55704(1건)
[2026-07-14 19:23:52] INFO: [POLLING] 종료 | 큐: 0건 | 번들맵: 4개
[2026-07-14 19:24:02] INFO: [POLLING] 시작 | 큐: 0건 | 처리중: 4건 | 번들: ID:55698(1건), ID:55700(1건), ID:55701(1건), ID:55704(1건)
[2026-07-14 19:24:02] INFO: [POLLING] 종료 | 큐: 0건 | 번들맵: 4개
[2026-07-14 19:24:08] INFO: [REQ] contents=check-event | id=undefined
[2026-07-14 19:24:12] INFO: [POLLING] 시작 | 큐: 0건 | 처리중: 4건 | 번들: ID:55698(1건), ID:55700(1건), ID:55701(1건), ID:55704(1건)
[2026-07-14 19:24:12] INFO: [POLLING] 종료 | 큐: 0건 | 번들맵: 4개
[2026-07-14 19:24:22] INFO: [POLLING] 시작 | 큐: 0건 | 처리중: 4건 | 번들: ID:55698(1건), ID:55700(1건), ID:55701(1건), ID:55704(1건)
[2026-07-14 19:24:22] INFO: [POLLING] 종료 | 큐: 0건 | 번들맵: 4개
[2026-07-14 19:24:32] INFO: [POLLING] 시작 | 큐: 0건 | 처리중: 4건 | 번들: ID:55698(1건), ID:55700(1건), ID:55701(1건), ID:55704(1건)
[2026-07-14 19:24:32] INFO: [POLLING] 종료 | 큐: 0건 | 번들맵: 4개
[2026-07-14 19:24:35] INFO: [REQ] contents=check-event | id=undefined
[2026-07-14 19:24:42] INFO: [POLLING] 시작 | 큐: 0건 | 처리중: 4건 | 번들: ID:55698(1건), ID:55700(1건), ID:55701(1건), ID:55704(1건)
[2026-07-14 19:24:42] INFO: [POLLING] 종료 | 큐: 0건 | 번들맵: 4개
[2026-07-14 19:24:52] INFO: [POLLING] 시작 | 큐: 0건 | 처리중: 4건 | 번들: ID:55698(1건), ID:55700(1건), ID:55701(1건), ID:55704(1건)
[2026-07-14 19:24:52] INFO: [POLLING] 종료 | 큐: 0건 | 번들맵: 4개
[2026-07-14 19:25:02] INFO: [POLLING] 시작 | 큐: 0건 | 처리중: 4건 | 번들: ID:55698(1건), ID:55700(1건), ID:55701(1건), ID:55704(1건)
[2026-07-14 19:25:02] INFO: [POLLING] 종료 | 큐: 0건 | 번들맵: 4개
[2026-07-14 19:25:12] INFO: [POLLING] 시작 | 큐: 0건 | 처리중: 4건 | 번들: ID:55698(1건), ID:55700(1건), ID:55701(1건), ID:55704(1건)
[2026-07-14 19:25:12] INFO: [POLLING] 종료 | 큐: 0건 | 번들맵: 4개
[2026-07-14 19:25:22] INFO: [POLLING] 시작 | 큐: 0건 | 처리중: 4건 | 번들: ID:55698(1건), ID:55700(1건), ID:55701(1건), ID:55704(1건)
[2026-07-14 19:25:22] INFO: [POLLING] 종료 | 큐: 0건 | 번들맵: 4개
[2026-07-14 19:25:32] INFO: [POLLING] 시작 | 큐: 0건 | 처리중: 4건 | 번들: ID:55698(1건), ID:55700(1건), ID:55701(1건), ID:55704(1건)
[2026-07-14 19:25:32] INFO: [POLLING] 종료 | 큐: 0건 | 번들맵: 4개
[2026-07-14 19:25:39] INFO: [REQ] contents=check-event | id=undefined
[2026-07-14 19:25:42] INFO: [POLLING] 시작 | 큐: 0건 | 처리중: 4건 | 번들: ID:55698(1건), ID:55700(1건), ID:55701(1건), ID:55704(1건)
[2026-07-14 19:25:42] INFO: [POLLING] 종료 | 큐: 0건 | 번들맵: 4개
[2026-07-14 19:25:52] INFO: [POLLING] 시작 | 큐: 0건 | 처리중: 4건 | 번들: ID:55698(1건), ID:55700(1건), ID:55701(1건), ID:55704(1건)
[2026-07-14 19:25:52] INFO: [POLLING] 종료 | 큐: 0건 | 번들맵: 4개
[2026-07-14 19:26:02] INFO: [POLLING] 시작 | 큐: 0건 | 처리중: 4건 | 번들: ID:55698(1건), ID:55700(1건), ID:55701(1건), ID:55704(1건)
[2026-07-14 19:26:02] INFO: [POLLING] 종료 | 큐: 0건 | 번들맵: 4개
[2026-07-14 19:26:12] INFO: [POLLING] 시작 | 큐: 0건 | 처리중: 4건 | 번들: ID:55698(1건), ID:55700(1건), ID:55701(1건), ID:55704(1건)
[2026-07-14 19:26:12] INFO: [POLLING] 종료 | 큐: 0건 | 번들맵: 4개
[2026-07-14 19:26:22] INFO: [POLLING] 시작 | 큐: 0건 | 처리중: 4건 | 번들: ID:55698(1건), ID:55700(1건), ID:55701(1건), ID:55704(1건)
[2026-07-14 19:26:22] INFO: [POLLING] 종료 | 큐: 0건 | 번들맵: 4개
[2026-07-14 19:26:25] INFO: [REQ] contents=check-event | id=undefined
[2026-07-14 19:26:32] INFO: [POLLING] 시작 | 큐: 0건 | 처리중: 4건 | 번들: ID:55698(1건), ID:55700(1건), ID:55701(1건), ID:55704(1건)
[2026-07-14 19:26:32] INFO: [POLLING] 종료 | 큐: 0건 | 번들맵: 4개
[2026-07-14 19:26:42] INFO: [POLLING] 시작 | 큐: 0건 | 처리중: 4건 | 번들: ID:55698(1건), ID:55700(1건), ID:55701(1건), ID:55704(1건)
[2026-07-14 19:26:42] INFO: [POLLING] 종료 | 큐: 0건 | 번들맵: 4개
[2026-07-14 19:26:52] INFO: [POLLING] 시작 | 큐: 0건 | 처리중: 4건 | 번들: ID:55698(1건), ID:55700(1건), ID:55701(1건), ID:55704(1건)
[2026-07-14 19:26:52] INFO: [POLLING] 종료 | 큐: 0건 | 번들맵: 4개
[2026-07-14 19:27:02] INFO: [POLLING] 시작 | 큐: 0건 | 처리중: 4건 | 번들: ID:55698(1건), ID:55700(1건), ID:55701(1건), ID:55704(1건)
[2026-07-14 19:27:02] INFO: [POLLING] 종료 | 큐: 0건 | 번들맵: 4개
[2026-07-14 19:27:12] INFO: [POLLING] 시작 | 큐: 0건 | 처리중: 4건 | 번들: ID:55698(1건), ID:55700(1건), ID:55701(1건), ID:55704(1건)
[2026-07-14 19:27:12] INFO: [POLLING] 종료 | 큐: 0건 | 번들맵: 4개
[2026-07-14 19:27:22] INFO: [POLLING] 시작 | 큐: 0건 | 처리중: 4건 | 번들: ID:55698(1건), ID:55700(1건), ID:55701(1건), ID:55704(1건)
[2026-07-14 19:27:22] INFO: [POLLING] 종료 | 큐: 0건 | 번들맵: 4개
[2026-07-14 19:27:29] INFO: [REQ] contents=check-event | id=undefined
[2026-07-14 19:27:32] INFO: [POLLING] 시작 | 큐: 0건 | 처리중: 4건 | 번들: ID:55698(1건), ID:55700(1건), ID:55701(1건), ID:55704(1건)
[2026-07-14 19:27:32] INFO: [POLLING] 종료 | 큐: 0건 | 번들맵: 4개
[2026-07-14 19:27:42] INFO: [POLLING] 시작 | 큐: 0건 | 처리중: 4건 | 번들: ID:55698(1건), ID:55700(1건), ID:55701(1건), ID:55704(1건)
[2026-07-14 19:27:42] INFO: [POLLING] 종료 | 큐: 0건 | 번들맵: 4개
[2026-07-14 19:27:52] INFO: [POLLING] 시작 | 큐: 0건 | 처리중: 4건 | 번들: ID:55698(1건), ID:55700(1건), ID:55701(1건), ID:55704(1건)
[2026-07-14 19:27:52] INFO: [POLLING] 종료 | 큐: 0건 | 번들맵: 4개
[2026-07-14 19:28:02] INFO: [POLLING] 시작 | 큐: 0건 | 처리중: 4건 | 번들: ID:55698(1건), ID:55700(1건), ID:55701(1건), ID:55704(1건)
[2026-07-14 19:28:02] INFO: [POLLING] 종료 | 큐: 0건 | 번들맵: 4개
[2026-07-14 19:28:05] INFO: [REQ] contents=check-event | id=undefined
[2026-07-14 19:28:12] INFO: [POLLING] 시작 | 큐: 0건 | 처리중: 4건 | 번들: ID:55698(1건), ID:55700(1건), ID:55701(1건), ID:55704(1건)
[2026-07-14 19:28:12] INFO: [POLLING] 종료 | 큐: 0건 | 번들맵: 4개
[2026-07-14 19:28:22] INFO: [POLLING] 시작 | 큐: 0건 | 처리중: 4건 | 번들: ID:55698(1건), ID:55700(1건), ID:55701(1건), ID:55704(1건)
[2026-07-14 19:28:22] INFO: [POLLING] 종료 | 큐: 0건 | 번들맵: 4개
[2026-07-14 19:28:32] INFO: [POLLING] 시작 | 큐: 0건 | 처리중: 4건 | 번들: ID:55698(1건), ID:55700(1건), ID:55701(1건), ID:55704(1건)
[2026-07-14 19:28:32] INFO: [POLLING] 종료 | 큐: 0건 | 번들맵: 4개
[2026-07-14 19:28:42] INFO: [POLLING] 시작 | 큐: 0건 | 처리중: 4건 | 번들: ID:55698(1건), ID:55700(1건), ID:55701(1건), ID:55704(1건)
[2026-07-14 19:28:42] INFO: [POLLING] 종료 | 큐: 0건 | 번들맵: 4개
[2026-07-14 19:28:52] INFO: [POLLING] 시작 | 큐: 0건 | 처리중: 4건 | 번들: ID:55698(1건), ID:55700(1건), ID:55701(1건), ID:55704(1건)
[2026-07-14 19:28:52] INFO: [POLLING] 종료 | 큐: 0건 | 번들맵: 4개
[2026-07-14 19:29:02] INFO: [POLLING] 시작 | 큐: 0건 | 처리중: 4건 | 번들: ID:55698(1건), ID:55700(1건), ID:55701(1건), ID:55704(1건)
[2026-07-14 19:29:02] INFO: [POLLING] 종료 | 큐: 0건 | 번들맵: 4개
[2026-07-14 19:29:09] INFO: [REQ] contents=check-event | id=undefined
[2026-07-14 19:29:12] INFO: [POLLING] 시작 | 큐: 0건 | 처리중: 4건 | 번들: ID:55698(1건), ID:55700(1건), ID:55701(1건), ID:55704(1건)
[2026-07-14 19:29:12] INFO: [POLLING] 종료 | 큐: 0건 | 번들맵: 4개
[2026-07-14 19:29:22] INFO: [POLLING] 시작 | 큐: 0건 | 처리중: 4건 | 번들: ID:55698(1건), ID:55700(1건), ID:55701(1건), ID:55704(1건)
[2026-07-14 19:29:23] INFO: [POLLING] 종료 | 큐: 0건 | 번들맵: 4개
[2026-07-14 19:29:32] INFO: [POLLING] 시작 | 큐: 0건 | 처리중: 4건 | 번들: ID:55698(1건), ID:55700(1건), ID:55701(1건), ID:55704(1건)
[2026-07-14 19:29:32] INFO: [POLLING] 종료 | 큐: 0건 | 번들맵: 4개
[2026-07-14 19:29:35] INFO: [REQ] contents=check-event | id=undefined
[2026-07-14 19:29:42] INFO: [POLLING] 시작 | 큐: 0건 | 처리중: 4건 | 번들: ID:55698(1건), ID:55700(1건), ID:55701(1건), ID:55704(1건)
[2026-07-14 19:29:43] INFO: [POLLING] 종료 | 큐: 0건 | 번들맵: 4개
[2026-07-14 19:29:52] INFO: [POLLING] 시작 | 큐: 0건 | 처리중: 4건 | 번들: ID:55698(1건), ID:55700(1건), ID:55701(1건), ID:55704(1건)
[2026-07-14 19:29:53] INFO: [POLLING] 종료 | 큐: 0건 | 번들맵: 4개
[2026-07-14 19:30:02] INFO: [POLLING] 시작 | 큐: 0건 | 처리중: 4건 | 번들: ID:55698(1건), ID:55700(1건), ID:55701(1건), ID:55704(1건)
[2026-07-14 19:30:03] INFO: [POLLING] 종료 | 큐: 0건 | 번들맵: 4개
[2026-07-14 19:30:12] INFO: [POLLING] 시작 | 큐: 0건 | 처리중: 4건 | 번들: ID:55698(1건), ID:55700(1건), ID:55701(1건), ID:55704(1건)
[2026-07-14 19:30:13] INFO: [POLLING] 종료 | 큐: 0건 | 번들맵: 4개
[2026-07-14 19:30:22] INFO: [POLLING] 시작 | 큐: 0건 | 처리중: 4건 | 번들: ID:55698(1건), ID:55700(1건), ID:55701(1건), ID:55704(1건)
[2026-07-14 19:30:23] INFO: [POLLING] 종료 | 큐: 0건 | 번들맵: 4개
[2026-07-14 19:30:32] INFO: [POLLING] 시작 | 큐: 0건 | 처리중: 4건 | 번들: ID:55698(1건), ID:55700(1건), ID:55701(1건), ID:55704(1건)
[2026-07-14 19:30:33] INFO: [POLLING] 종료 | 큐: 0건 | 번들맵: 4개
[2026-07-14 19:30:39] INFO: [REQ] contents=check-event | id=undefined
[2026-07-14 19:30:42] INFO: [POLLING] 시작 | 큐: 0건 | 처리중: 4건 | 번들: ID:55698(1건), ID:55700(1건), ID:55701(1건), ID:55704(1건)
[2026-07-14 19:30:43] INFO: [POLLING] 종료 | 큐: 0건 | 번들맵: 4개
[2026-07-14 19:30:52] INFO: [POLLING] 시작 | 큐: 0건 | 처리중: 4건 | 번들: ID:55698(1건), ID:55700(1건), ID:55701(1건), ID:55704(1건)
[2026-07-14 19:30:53] INFO: [POLLING] 종료 | 큐: 0건 | 번들맵: 4개
[2026-07-14 19:31:02] INFO: [POLLING] 시작 | 큐: 0건 | 처리중: 4건 | 번들: ID:55698(1건), ID:55700(1건), ID:55701(1건), ID:55704(1건)
[2026-07-14 19:31:03] INFO: [POLLING] 종료 | 큐: 0건 | 번들맵: 4개
[2026-07-14 19:31:12] INFO: [POLLING] 시작 | 큐: 0건 | 처리중: 4건 | 번들: ID:55698(1건), ID:55700(1건), ID:55701(1건), ID:55704(1건)
[2026-07-14 19:31:13] INFO: [POLLING] 종료 | 큐: 0건 | 번들맵: 4개
[2026-07-14 19:31:22] INFO: [POLLING] 시작 | 큐: 0건 | 처리중: 4건 | 번들: ID:55698(1건), ID:55700(1건), ID:55701(1건), ID:55704(1건)
[2026-07-14 19:31:23] INFO: [POLLING] 종료 | 큐: 0건 | 번들맵: 4개
[2026-07-14 19:31:26] INFO: [REQ] contents=check-event | id=undefined
[2026-07-14 19:31:32] INFO: [POLLING] 시작 | 큐: 0건 | 처리중: 4건 | 번들: ID:55698(1건), ID:55700(1건), ID:55701(1건), ID:55704(1건)
[2026-07-14 19:31:33] INFO: [POLLING] 종료 | 큐: 0건 | 번들맵: 4개
[2026-07-14 19:31:42] INFO: [POLLING] 시작 | 큐: 0건 | 처리중: 4건 | 번들: ID:55698(1건), ID:55700(1건), ID:55701(1건), ID:55704(1건)
[2026-07-14 19:31:43] INFO: [POLLING] 종료 | 큐: 0건 | 번들맵: 4개
[2026-07-14 19:31:52] INFO: [POLLING] 시작 | 큐: 0건 | 처리중: 4건 | 번들: ID:55698(1건), ID:55700(1건), ID:55701(1건), ID:55704(1건)
[2026-07-14 19:31:53] INFO: [POLLING] 종료 | 큐: 0건 | 번들맵: 4개
[2026-07-14 19:32:02] INFO: [POLLING] 시작 | 큐: 0건 | 처리중: 4건 | 번들: ID:55698(1건), ID:55700(1건), ID:55701(1건), ID:55704(1건)
[2026-07-14 19:32:03] INFO: [POLLING] 종료 | 큐: 0건 | 번들맵: 4개
[2026-07-14 19:32:12] INFO: [POLLING] 시작 | 큐: 0건 | 처리중: 4건 | 번들: ID:55698(1건), ID:55700(1건), ID:55701(1건), ID:55704(1건)
[2026-07-14 19:32:13] INFO: [POLLING] 종료 | 큐: 0건 | 번들맵: 4개
[2026-07-14 19:32:22] INFO: [POLLING] 시작 | 큐: 0건 | 처리중: 4건 | 번들: ID:55698(1건), ID:55700(1건), ID:55701(1건), ID:55704(1건)
[2026-07-14 19:32:23] INFO: [POLLING] 종료 | 큐: 0건 | 번들맵: 4개
[2026-07-14 19:32:29] INFO: [REQ] contents=check-event | id=undefined
[2026-07-14 19:32:32] INFO: [POLLING] 시작 | 큐: 0건 | 처리중: 4건 | 번들: ID:55698(1건), ID:55700(1건), ID:55701(1건), ID:55704(1건)
[2026-07-14 19:32:33] INFO: [POLLING] 종료 | 큐: 0건 | 번들맵: 4개
[2026-07-14 19:32:42] INFO: [POLLING] 시작 | 큐: 0건 | 처리중: 4건 | 번들: ID:55698(1건), ID:55700(1건), ID:55701(1건), ID:55704(1건)
[2026-07-14 19:32:43] INFO: [POLLING] 종료 | 큐: 0건 | 번들맵: 4개
[2026-07-14 19:32:52] INFO: [POLLING] 시작 | 큐: 0건 | 처리중: 4건 | 번들: ID:55698(1건), ID:55700(1건), ID:55701(1건), ID:55704(1건)
[2026-07-14 19:32:53] INFO: [POLLING] 종료 | 큐: 0건 | 번들맵: 4개
[2026-07-14 19:33:02] INFO: [POLLING] 시작 | 큐: 0건 | 처리중: 4건 | 번들: ID:55698(1건), ID:55700(1건), ID:55701(1건), ID:55704(1건)
[2026-07-14 19:33:03] INFO: [POLLING] 종료 | 큐: 0건 | 번들맵: 4개
[2026-07-14 19:33:06] INFO: [REQ] contents=check-event | id=undefined
[2026-07-14 19:33:12] INFO: [POLLING] 시작 | 큐: 0건 | 처리중: 4건 | 번들: ID:55698(1건), ID:55700(1건), ID:55701(1건), ID:55704(1건)
[2026-07-14 19:33:13] INFO: [POLLING] 종료 | 큐: 0건 | 번들맵: 4개
[2026-07-14 19:33:22] INFO: [POLLING] 시작 | 큐: 0건 | 처리중: 4건 | 번들: ID:55698(1건), ID:55700(1건), ID:55701(1건), ID:55704(1건)
[2026-07-14 19:33:23] INFO: [POLLING] 종료 | 큐: 0건 | 번들맵: 4개
[2026-07-14 19:33:32] INFO: [POLLING] 시작 | 큐: 0건 | 처리중: 4건 | 번들: ID:55698(1건), ID:55700(1건), ID:55701(1건), ID:55704(1건)
[2026-07-14 19:33:33] INFO: [POLLING] 종료 | 큐: 0건 | 번들맵: 4개
[2026-07-14 19:33:42] INFO: [POLLING] 시작 | 큐: 0건 | 처리중: 4건 | 번들: ID:55698(1건), ID:55700(1건), ID:55701(1건), ID:55704(1건)
[2026-07-14 19:33:43] INFO: [POLLING] 종료 | 큐: 0건 | 번들맵: 4개
[2026-07-14 19:33:52] INFO: [POLLING] 시작 | 큐: 0건 | 처리중: 4건 | 번들: ID:55698(1건), ID:55700(1건), ID:55701(1건), ID:55704(1건)
[2026-07-14 19:33:53] INFO: [POLLING] 종료 | 큐: 0건 | 번들맵: 4개
[2026-07-14 19:34:02] INFO: [POLLING] 시작 | 큐: 0건 | 처리중: 4건 | 번들: ID:55698(1건), ID:55700(1건), ID:55701(1건), ID:55704(1건)
[2026-07-14 19:34:03] INFO: [POLLING] 종료 | 큐: 0건 | 번들맵: 4개
[2026-07-14 19:34:09] INFO: [REQ] contents=check-event | id=undefined
[2026-07-14 19:34:12] INFO: [POLLING] 시작 | 큐: 0건 | 처리중: 4건 | 번들: ID:55698(1건), ID:55700(1건), ID:55701(1건), ID:55704(1건)
[2026-07-14 19:34:13] INFO: [POLLING] 종료 | 큐: 0건 | 번들맵: 4개
[2026-07-14 19:34:22] INFO: [POLLING] 시작 | 큐: 0건 | 처리중: 4건 | 번들: ID:55698(1건), ID:55700(1건), ID:55701(1건), ID:55704(1건)
[2026-07-14 19:34:23] INFO: [POLLING] 종료 | 큐: 0건 | 번들맵: 4개
[2026-07-14 19:34:32] INFO: [POLLING] 시작 | 큐: 0건 | 처리중: 4건 | 번들: ID:55698(1건), ID:55700(1건), ID:55701(1건), ID:55704(1건)
[2026-07-14 19:34:33] INFO: [POLLING] 종료 | 큐: 0건 | 번들맵: 4개
[2026-07-14 19:34:36] INFO: [REQ] contents=check-event | id=undefined
[2026-07-14 19:34:42] INFO: [POLLING] 시작 | 큐: 0건 | 처리중: 4건 | 번들: ID:55698(1건), ID:55700(1건), ID:55701(1건), ID:55704(1건)
[2026-07-14 19:34:43] INFO: [POLLING] 종료 | 큐: 0건 | 번들맵: 4개
[2026-07-14 19:34:52] INFO: [POLLING] 시작 | 큐: 0건 | 처리중: 4건 | 번들: ID:55698(1건), ID:55700(1건), ID:55701(1건), ID:55704(1건)
[2026-07-14 19:34:53] INFO: [POLLING] 종료 | 큐: 0건 | 번들맵: 4개
[2026-07-14 19:35:02] INFO: [POLLING] 시작 | 큐: 0건 | 처리중: 4건 | 번들: ID:55698(1건), ID:55700(1건), ID:55701(1건), ID:55704(1건)
[2026-07-14 19:35:03] INFO: [POLLING] 종료 | 큐: 0건 | 번들맵: 4개
[2026-07-14 19:35:12] INFO: [POLLING] 시작 | 큐: 0건 | 처리중: 4건 | 번들: ID:55698(1건), ID:55700(1건), ID:55701(1건), ID:55704(1건)
[2026-07-14 19:35:13] INFO: [POLLING] 종료 | 큐: 0건 | 번들맵: 4개
[2026-07-14 19:35:22] INFO: [POLLING] 시작 | 큐: 0건 | 처리중: 4건 | 번들: ID:55698(1건), ID:55700(1건), ID:55701(1건), ID:55704(1건)
[2026-07-14 19:35:23] INFO: [POLLING] 종료 | 큐: 0건 | 번들맵: 4개
[2026-07-14 19:35:32] INFO: [POLLING] 시작 | 큐: 0건 | 처리중: 4건 | 번들: ID:55698(1건), ID:55700(1건), ID:55701(1건), ID:55704(1건)
[2026-07-14 19:35:33] INFO: [POLLING] 종료 | 큐: 0건 | 번들맵: 4개
[2026-07-14 19:35:40] INFO: [REQ] contents=check-event | id=undefined
[2026-07-14 19:35:42] INFO: [POLLING] 시작 | 큐: 0건 | 처리중: 4건 | 번들: ID:55698(1건), ID:55700(1건), ID:55701(1건), ID:55704(1건)
[2026-07-14 19:35:43] INFO: [POLLING] 종료 | 큐: 0건 | 번들맵: 4개
[2026-07-14 19:35:52] INFO: [POLLING] 시작 | 큐: 0건 | 처리중: 4건 | 번들: ID:55698(1건), ID:55700(1건), ID:55701(1건), ID:55704(1건)
[2026-07-14 19:35:53] INFO: [POLLING] 종료 | 큐: 0건 | 번들맵: 4개
[2026-07-14 19:36:02] INFO: [POLLING] 시작 | 큐: 0건 | 처리중: 4건 | 번들: ID:55698(1건), ID:55700(1건), ID:55701(1건), ID:55704(1건)
[2026-07-14 19:36:03] INFO: [POLLING] 종료 | 큐: 0건 | 번들맵: 4개
[2026-07-14 19:36:12] INFO: [POLLING] 시작 | 큐: 0건 | 처리중: 4건 | 번들: ID:55698(1건), ID:55700(1건), ID:55701(1건), ID:55704(1건)
[2026-07-14 19:36:13] INFO: [POLLING] 종료 | 큐: 0건 | 번들맵: 4개
[2026-07-14 19:36:22] INFO: [POLLING] 시작 | 큐: 0건 | 처리중: 4건 | 번들: ID:55698(1건), ID:55700(1건), ID:55701(1건), ID:55704(1건)
[2026-07-14 19:36:23] INFO: [POLLING] 종료 | 큐: 0건 | 번들맵: 4개
[2026-07-14 19:36:26] INFO: [REQ] contents=check-event | id=undefined
[2026-07-14 19:36:32] INFO: [POLLING] 시작 | 큐: 0건 | 처리중: 4건 | 번들: ID:55698(1건), ID:55700(1건), ID:55701(1건), ID:55704(1건)
[2026-07-14 19:36:33] INFO: [POLLING] 종료 | 큐: 0건 | 번들맵: 4개
[2026-07-14 19:36:42] INFO: [POLLING] 시작 | 큐: 0건 | 처리중: 4건 | 번들: ID:55698(1건), ID:55700(1건), ID:55701(1건), ID:55704(1건)
[2026-07-14 19:36:43] INFO: [POLLING] 종료 | 큐: 0건 | 번들맵: 4개
[2026-07-14 19:36:52] INFO: [POLLING] 시작 | 큐: 0건 | 처리중: 4건 | 번들: ID:55698(1건), ID:55700(1건), ID:55701(1건), ID:55704(1건)
[2026-07-14 19:36:53] INFO: [POLLING] 종료 | 큐: 0건 | 번들맵: 4개
[2026-07-14 19:37:02] INFO: [POLLING] 시작 | 큐: 0건 | 처리중: 4건 | 번들: ID:55698(1건), ID:55700(1건), ID:55701(1건), ID:55704(1건)
[2026-07-14 19:37:03] INFO: [POLLING] 종료 | 큐: 0건 | 번들맵: 4개
[2026-07-14 19:37:12] INFO: [POLLING] 시작 | 큐: 0건 | 처리중: 4건 | 번들: ID:55698(1건), ID:55700(1건), ID:55701(1건), ID:55704(1건)
[2026-07-14 19:37:13] INFO: [POLLING] 종료 | 큐: 0건 | 번들맵: 4개
[2026-07-14 19:37:22] INFO: [POLLING] 시작 | 큐: 0건 | 처리중: 4건 | 번들: ID:55698(1건), ID:55700(1건), ID:55701(1건), ID:55704(1건)
[2026-07-14 19:37:23] INFO: [POLLING] 종료 | 큐: 0건 | 번들맵: 4개
[2026-07-14 19:37:30] INFO: [REQ] contents=check-event | id=undefined
[2026-07-14 19:37:32] INFO: [POLLING] 시작 | 큐: 0건 | 처리중: 4건 | 번들: ID:55698(1건), ID:55700(1건), ID:55701(1건), ID:55704(1건)
[2026-07-14 19:37:33] INFO: [POLLING] 종료 | 큐: 0건 | 번들맵: 4개
[2026-07-14 19:37:42] INFO: [POLLING] 시작 | 큐: 0건 | 처리중: 4건 | 번들: ID:55698(1건), ID:55700(1건), ID:55701(1건), ID:55704(1건)
[2026-07-14 19:37:43] INFO: [POLLING] 종료 | 큐: 0건 | 번들맵: 4개
[2026-07-14 19:37:52] INFO: [POLLING] 시작 | 큐: 0건 | 처리중: 4건 | 번들: ID:55698(1건), ID:55700(1건), ID:55701(1건), ID:55704(1건)
[2026-07-14 19:37:53] INFO: [POLLING] 종료 | 큐: 0건 | 번들맵: 4개
[2026-07-14 19:38:02] INFO: [POLLING] 시작 | 큐: 0건 | 처리중: 4건 | 번들: ID:55698(1건), ID:55700(1건), ID:55701(1건), ID:55704(1건)
[2026-07-14 19:38:03] INFO: [POLLING] 종료 | 큐: 0건 | 번들맵: 4개
[2026-07-14 19:38:06] INFO: [REQ] contents=check-event | id=undefined
[2026-07-14 19:38:12] INFO: [POLLING] 시작 | 큐: 0건 | 처리중: 4건 | 번들: ID:55698(1건), ID:55700(1건), ID:55701(1건), ID:55704(1건)
[2026-07-14 19:38:13] INFO: [POLLING] 종료 | 큐: 0건 | 번들맵: 4개
[2026-07-14 19:38:22] INFO: [POLLING] 시작 | 큐: 0건 | 처리중: 4건 | 번들: ID:55698(1건), ID:55700(1건), ID:55701(1건), ID:55704(1건)
[2026-07-14 19:38:23] INFO: [POLLING] 종료 | 큐: 0건 | 번들맵: 4개
[2026-07-14 19:38:32] INFO: [POLLING] 시작 | 큐: 0건 | 처리중: 4건 | 번들: ID:55698(1건), ID:55700(1건), ID:55701(1건), ID:55704(1건)
[2026-07-14 19:38:33] INFO: [POLLING] 종료 | 큐: 0건 | 번들맵: 4개
[2026-07-14 19:38:42] INFO: [POLLING] 시작 | 큐: 0건 | 처리중: 4건 | 번들: ID:55698(1건), ID:55700(1건), ID:55701(1건), ID:55704(1건)
[2026-07-14 19:38:43] INFO: [POLLING] 종료 | 큐: 0건 | 번들맵: 4개
[2026-07-14 19:38:52] INFO: [POLLING] 시작 | 큐: 0건 | 처리중: 4건 | 번들: ID:55698(1건), ID:55700(1건), ID:55701(1건), ID:55704(1건)
[2026-07-14 19:38:53] INFO: [POLLING] 종료 | 큐: 0건 | 번들맵: 4개
[2026-07-14 19:39:02] INFO: [POLLING] 시작 | 큐: 0건 | 처리중: 4건 | 번들: ID:55698(1건), ID:55700(1건), ID:55701(1건), ID:55704(1건)
[2026-07-14 19:39:03] INFO: [POLLING] 종료 | 큐: 0건 | 번들맵: 4개
[2026-07-14 19:39:10] INFO: [REQ] contents=check-event | id=undefined
[2026-07-14 19:39:12] INFO: [POLLING] 시작 | 큐: 0건 | 처리중: 4건 | 번들: ID:55698(1건), ID:55700(1건), ID:55701(1건), ID:55704(1건)
[2026-07-14 19:39:13] INFO: [POLLING] 종료 | 큐: 0건 | 번들맵: 4개
[2026-07-14 19:39:22] INFO: [POLLING] 시작 | 큐: 0건 | 처리중: 4건 | 번들: ID:55698(1건), ID:55700(1건), ID:55701(1건), ID:55704(1건)
[2026-07-14 19:39:23] INFO: [POLLING] 종료 | 큐: 0건 | 번들맵: 4개
[2026-07-14 19:39:32] INFO: [POLLING] 시작 | 큐: 0건 | 처리중: 4건 | 번들: ID:55698(1건), ID:55700(1건), ID:55701(1건), ID:55704(1건)
[2026-07-14 19:39:33] INFO: [POLLING] 종료 | 큐: 0건 | 번들맵: 4개
[2026-07-14 19:39:36] INFO: [REQ] contents=check-event | id=undefined
[2026-07-14 19:39:42] INFO: [POLLING] 시작 | 큐: 0건 | 처리중: 4건 | 번들: ID:55698(1건), ID:55700(1건), ID:55701(1건), ID:55704(1건)
[2026-07-14 19:39:43] INFO: [POLLING] 종료 | 큐: 0건 | 번들맵: 4개
[2026-07-14 19:39:52] INFO: [POLLING] 시작 | 큐: 0건 | 처리중: 4건 | 번들: ID:55698(1건), ID:55700(1건), ID:55701(1건), ID:55704(1건)
[2026-07-14 19:39:53] INFO: [POLLING] 종료 | 큐: 0건 | 번들맵: 4개
[2026-07-14 19:40:03] INFO: [POLLING] 시작 | 큐: 0건 | 처리중: 4건 | 번들: ID:55698(1건), ID:55700(1건), ID:55701(1건), ID:55704(1건)
[2026-07-14 19:40:03] INFO: [POLLING] 종료 | 큐: 0건 | 번들맵: 4개
[2026-07-14 19:40:13] INFO: [POLLING] 시작 | 큐: 0건 | 처리중: 4건 | 번들: ID:55698(1건), ID:55700(1건), ID:55701(1건), ID:55704(1건)
[2026-07-14 19:40:13] INFO: [POLLING] 종료 | 큐: 0건 | 번들맵: 4개
[2026-07-14 19:40:23] INFO: [POLLING] 시작 | 큐: 0건 | 처리중: 4건 | 번들: ID:55698(1건), ID:55700(1건), ID:55701(1건), ID:55704(1건)
[2026-07-14 19:40:23] INFO: [POLLING] 종료 | 큐: 0건 | 번들맵: 4개
[2026-07-14 19:40:30] INFO: [REQ] contents=check-event | id=undefined
[2026-07-14 19:40:33] INFO: [POLLING] 시작 | 큐: 0건 | 처리중: 4건 | 번들: ID:55698(1건), ID:55700(1건), ID:55701(1건), ID:55704(1건)
[2026-07-14 19:40:33] INFO: [POLLING] 종료 | 큐: 0건 | 번들맵: 4개
[2026-07-14 19:40:43] INFO: [POLLING] 시작 | 큐: 0건 | 처리중: 4건 | 번들: ID:55698(1건), ID:55700(1건), ID:55701(1건), ID:55704(1건)
[2026-07-14 19:40:43] INFO: [POLLING] 종료 | 큐: 0건 | 번들맵: 4개
[2026-07-14 19:40:53] INFO: [POLLING] 시작 | 큐: 0건 | 처리중: 4건 | 번들: ID:55698(1건), ID:55700(1건), ID:55701(1건), ID:55704(1건)
[2026-07-14 19:40:53] INFO: [POLLING] 종료 | 큐: 0건 | 번들맵: 4개
[2026-07-14 19:41:03] INFO: [POLLING] 시작 | 큐: 0건 | 처리중: 4건 | 번들: ID:55698(1건), ID:55700(1건), ID:55701(1건), ID:55704(1건)
[2026-07-14 19:41:03] INFO: [POLLING] 종료 | 큐: 0건 | 번들맵: 4개
[2026-07-14 19:41:13] INFO: [POLLING] 시작 | 큐: 0건 | 처리중: 4건 | 번들: ID:55698(1건), ID:55700(1건), ID:55701(1건), ID:55704(1건)
[2026-07-14 19:41:13] INFO: [POLLING] 종료 | 큐: 0건 | 번들맵: 4개
[2026-07-14 19:41:23] INFO: [POLLING] 시작 | 큐: 0건 | 처리중: 4건 | 번들: ID:55698(1건), ID:55700(1건), ID:55701(1건), ID:55704(1건)
[2026-07-14 19:41:23] INFO: [POLLING] 종료 | 큐: 0건 | 번들맵: 4개
[2026-07-14 19:41:27] INFO: [REQ] contents=check-event | id=undefined
[2026-07-14 19:41:33] INFO: [POLLING] 시작 | 큐: 0건 | 처리중: 4건 | 번들: ID:55698(1건), ID:55700(1건), ID:55701(1건), ID:55704(1건)
[2026-07-14 19:41:33] INFO: [POLLING] 종료 | 큐: 0건 | 번들맵: 4개
[2026-07-14 19:41:43] INFO: [POLLING] 시작 | 큐: 0건 | 처리중: 4건 | 번들: ID:55698(1건), ID:55700(1건), ID:55701(1건), ID:55704(1건)
[2026-07-14 19:41:43] INFO: [POLLING] 종료 | 큐: 0건 | 번들맵: 4개
[2026-07-14 19:41:53] INFO: [POLLING] 시작 | 큐: 0건 | 처리중: 4건 | 번들: ID:55698(1건), ID:55700(1건), ID:55701(1건), ID:55704(1건)
[2026-07-14 19:41:53] INFO: [POLLING] 종료 | 큐: 0건 | 번들맵: 4개
[2026-07-14 19:42:03] INFO: [POLLING] 시작 | 큐: 0건 | 처리중: 4건 | 번들: ID:55698(1건), ID:55700(1건), ID:55701(1건), ID:55704(1건)
[2026-07-14 19:42:03] INFO: [POLLING] 종료 | 큐: 0건 | 번들맵: 4개
[2026-07-14 19:42:13] INFO: [POLLING] 시작 | 큐: 0건 | 처리중: 4건 | 번들: ID:55698(1건), ID:55700(1건), ID:55701(1건), ID:55704(1건)
[2026-07-14 19:42:13] INFO: [POLLING] 종료 | 큐: 0건 | 번들맵: 4개
[2026-07-14 19:42:20] INFO: [REQ] contents=check-event | id=undefined
[2026-07-14 19:42:23] INFO: [POLLING] 시작 | 큐: 0건 | 처리중: 4건 | 번들: ID:55698(1건), ID:55700(1건), ID:55701(1건), ID:55704(1건)
[2026-07-14 19:42:23] INFO: [POLLING] 종료 | 큐: 0건 | 번들맵: 4개
[2026-07-14 19:42:33] INFO: [POLLING] 시작 | 큐: 0건 | 처리중: 4건 | 번들: ID:55698(1건), ID:55700(1건), ID:55701(1건), ID:55704(1건)
[2026-07-14 19:42:33] INFO: [POLLING] 종료 | 큐: 0건 | 번들맵: 4개
[2026-07-14 19:42:43] INFO: [POLLING] 시작 | 큐: 0건 | 처리중: 4건 | 번들: ID:55698(1건), ID:55700(1건), ID:55701(1건), ID:55704(1건)
[2026-07-14 19:42:43] INFO: [POLLING] 종료 | 큐: 0건 | 번들맵: 4개
[2026-07-14 19:42:53] INFO: [POLLING] 시작 | 큐: 0건 | 처리중: 4건 | 번들: ID:55698(1건), ID:55700(1건), ID:55701(1건), ID:55704(1건)
[2026-07-14 19:42:53] INFO: [POLLING] 종료 | 큐: 0건 | 번들맵: 4개
[2026-07-14 19:43:03] INFO: [POLLING] 시작 | 큐: 0건 | 처리중: 4건 | 번들: ID:55698(1건), ID:55700(1건), ID:55701(1건), ID:55704(1건)
[2026-07-14 19:43:03] INFO: [POLLING] 종료 | 큐: 0건 | 번들맵: 4개
[2026-07-14 19:43:07] INFO: [REQ] contents=check-event | id=undefined
[2026-07-14 19:43:13] INFO: [POLLING] 시작 | 큐: 0건 | 처리중: 4건 | 번들: ID:55698(1건), ID:55700(1건), ID:55701(1건), ID:55704(1건)
[2026-07-14 19:43:13] INFO: [POLLING] 종료 | 큐: 0건 | 번들맵: 4개
[2026-07-14 19:43:23] INFO: [POLLING] 시작 | 큐: 0건 | 처리중: 4건 | 번들: ID:55698(1건), ID:55700(1건), ID:55701(1건), ID:55704(1건)
[2026-07-14 19:43:23] INFO: [POLLING] 종료 | 큐: 0건 | 번들맵: 4개
[2026-07-14 19:43:33] INFO: [POLLING] 시작 | 큐: 0건 | 처리중: 4건 | 번들: ID:55698(1건), ID:55700(1건), ID:55701(1건), ID:55704(1건)
[2026-07-14 19:43:33] INFO: [POLLING] 종료 | 큐: 0건 | 번들맵: 4개
[2026-07-14 19:43:43] INFO: [POLLING] 시작 | 큐: 0건 | 처리중: 4건 | 번들: ID:55698(1건), ID:55700(1건), ID:55701(1건), ID:55704(1건)
[2026-07-14 19:43:43] INFO: [POLLING] 종료 | 큐: 0건 | 번들맵: 4개
[2026-07-14 19:43:53] INFO: [POLLING] 시작 | 큐: 0건 | 처리중: 4건 | 번들: ID:55698(1건), ID:55700(1건), ID:55701(1건), ID:55704(1건)
[2026-07-14 19:43:53] INFO: [POLLING] 종료 | 큐: 0건 | 번들맵: 4개
[2026-07-14 19:44:00] INFO: [REQ] contents=check-event | id=undefined
[2026-07-14 19:44:03] INFO: [POLLING] 시작 | 큐: 0건 | 처리중: 4건 | 번들: ID:55698(1건), ID:55700(1건), ID:55701(1건), ID:55704(1건)
[2026-07-14 19:44:03] INFO: [POLLING] 종료 | 큐: 0건 | 번들맵: 4개
[2026-07-14 19:44:13] INFO: [POLLING] 시작 | 큐: 0건 | 처리중: 4건 | 번들: ID:55698(1건), ID:55700(1건), ID:55701(1건), ID:55704(1건)
[2026-07-14 19:44:13] INFO: [POLLING] 종료 | 큐: 0건 | 번들맵: 4개
[2026-07-14 19:44:23] INFO: [POLLING] 시작 | 큐: 0건 | 처리중: 4건 | 번들: ID:55698(1건), ID:55700(1건), ID:55701(1건), ID:55704(1건)
[2026-07-14 19:44:23] INFO: [POLLING] 종료 | 큐: 0건 | 번들맵: 4개
[2026-07-14 19:44:33] INFO: [POLLING] 시작 | 큐: 0건 | 처리중: 4건 | 번들: ID:55698(1건), ID:55700(1건), ID:55701(1건), ID:55704(1건)
[2026-07-14 19:44:33] INFO: [POLLING] 종료 | 큐: 0건 | 번들맵: 4개
[2026-07-14 19:44:37] INFO: [REQ] contents=check-event | id=undefined
[2026-07-14 19:44:43] INFO: [POLLING] 시작 | 큐: 0건 | 처리중: 4건 | 번들: ID:55698(1건), ID:55700(1건), ID:55701(1건), ID:55704(1건)
[2026-07-14 19:44:43] INFO: [POLLING] 종료 | 큐: 0건 | 번들맵: 4개
[2026-07-14 19:44:53] INFO: [POLLING] 시작 | 큐: 0건 | 처리중: 4건 | 번들: ID:55698(1건), ID:55700(1건), ID:55701(1건), ID:55704(1건)
[2026-07-14 19:44:53] INFO: [POLLING] 종료 | 큐: 0건 | 번들맵: 4개
[2026-07-14 19:45:03] INFO: [POLLING] 시작 | 큐: 0건 | 처리중: 4건 | 번들: ID:55698(1건), ID:55700(1건), ID:55701(1건), ID:55704(1건)
[2026-07-14 19:45:03] INFO: [POLLING] 종료 | 큐: 0건 | 번들맵: 4개
[2026-07-14 19:45:13] INFO: [POLLING] 시작 | 큐: 0건 | 처리중: 4건 | 번들: ID:55698(1건), ID:55700(1건), ID:55701(1건), ID:55704(1건)
[2026-07-14 19:45:13] INFO: [POLLING] 종료 | 큐: 0건 | 번들맵: 4개
[2026-07-14 19:45:23] INFO: [POLLING] 시작 | 큐: 0건 | 처리중: 4건 | 번들: ID:55698(1건), ID:55700(1건), ID:55701(1건), ID:55704(1건)
[2026-07-14 19:45:23] INFO: [POLLING] 종료 | 큐: 0건 | 번들맵: 4개
[2026-07-14 19:45:30] INFO: [REQ] contents=check-event | id=undefined
[2026-07-14 19:45:33] INFO: [POLLING] 시작 | 큐: 0건 | 처리중: 4건 | 번들: ID:55698(1건), ID:55700(1건), ID:55701(1건), ID:55704(1건)
[2026-07-14 19:45:33] INFO: [POLLING] 종료 | 큐: 0건 | 번들맵: 4개
[2026-07-14 19:45:43] INFO: [POLLING] 시작 | 큐: 0건 | 처리중: 4건 | 번들: ID:55698(1건), ID:55700(1건), ID:55701(1건), ID:55704(1건)
[2026-07-14 19:45:43] INFO: [POLLING] 종료 | 큐: 0건 | 번들맵: 4개
[2026-07-14 19:45:53] INFO: [POLLING] 시작 | 큐: 0건 | 처리중: 4건 | 번들: ID:55698(1건), ID:55700(1건), ID:55701(1건), ID:55704(1건)
[2026-07-14 19:45:53] INFO: [POLLING] 종료 | 큐: 0건 | 번들맵: 4개
[2026-07-14 19:46:03] INFO: [POLLING] 시작 | 큐: 0건 | 처리중: 4건 | 번들: ID:55698(1건), ID:55700(1건), ID:55701(1건), ID:55704(1건)
[2026-07-14 19:46:03] INFO: [POLLING] 종료 | 큐: 0건 | 번들맵: 4개
[2026-07-14 19:46:13] INFO: [POLLING] 시작 | 큐: 0건 | 처리중: 4건 | 번들: ID:55698(1건), ID:55700(1건), ID:55701(1건), ID:55704(1건)
[2026-07-14 19:46:13] INFO: [POLLING] 종료 | 큐: 0건 | 번들맵: 4개
[2026-07-14 19:46:23] INFO: [POLLING] 시작 | 큐: 0건 | 처리중: 4건 | 번들: ID:55698(1건), ID:55700(1건), ID:55701(1건), ID:55704(1건)
[2026-07-14 19:46:23] INFO: [POLLING] 종료 | 큐: 0건 | 번들맵: 4개
[2026-07-14 19:46:27] INFO: [REQ] contents=check-event | id=undefined
[2026-07-14 19:46:33] INFO: [POLLING] 시작 | 큐: 0건 | 처리중: 4건 | 번들: ID:55698(1건), ID:55700(1건), ID:55701(1건), ID:55704(1건)
[2026-07-14 19:46:33] INFO: [POLLING] 종료 | 큐: 0건 | 번들맵: 4개
[2026-07-14 19:46:43] INFO: [POLLING] 시작 | 큐: 0건 | 처리중: 4건 | 번들: ID:55698(1건), ID:55700(1건), ID:55701(1건), ID:55704(1건)
[2026-07-14 19:46:44] INFO: [POLLING] 종료 | 큐: 0건 | 번들맵: 4개
[2026-07-14 19:46:53] INFO: [POLLING] 시작 | 큐: 0건 | 처리중: 4건 | 번들: ID:55698(1건), ID:55700(1건), ID:55701(1건), ID:55704(1건)
[2026-07-14 19:46:54] INFO: [POLLING] 종료 | 큐: 0건 | 번들맵: 4개
[2026-07-14 19:47:03] INFO: [POLLING] 시작 | 큐: 0건 | 처리중: 4건 | 번들: ID:55698(1건), ID:55700(1건), ID:55701(1건), ID:55704(1건)
[2026-07-14 19:47:04] INFO: [POLLING] 종료 | 큐: 0건 | 번들맵: 4개
[2026-07-14 19:47:13] INFO: [POLLING] 시작 | 큐: 0건 | 처리중: 4건 | 번들: ID:55698(1건), ID:55700(1건), ID:55701(1건), ID:55704(1건)
[2026-07-14 19:47:14] INFO: [POLLING] 종료 | 큐: 0건 | 번들맵: 4개
[2026-07-14 19:47:21] INFO: [REQ] contents=check-event | id=undefined
[2026-07-14 19:47:23] INFO: [POLLING] 시작 | 큐: 0건 | 처리중: 4건 | 번들: ID:55698(1건), ID:55700(1건), ID:55701(1건), ID:55704(1건)
[2026-07-14 19:47:24] INFO: [POLLING] 종료 | 큐: 0건 | 번들맵: 4개
[2026-07-14 19:47:33] INFO: [POLLING] 시작 | 큐: 0건 | 처리중: 4건 | 번들: ID:55698(1건), ID:55700(1건), ID:55701(1건), ID:55704(1건)
[2026-07-14 19:47:34] INFO: [POLLING] 종료 | 큐: 0건 | 번들맵: 4개
[2026-07-14 19:47:43] INFO: [POLLING] 시작 | 큐: 0건 | 처리중: 4건 | 번들: ID:55698(1건), ID:55700(1건), ID:55701(1건), ID:55704(1건)
[2026-07-14 19:47:44] INFO: [POLLING] 종료 | 큐: 0건 | 번들맵: 4개
[2026-07-14 19:47:53] INFO: [POLLING] 시작 | 큐: 0건 | 처리중: 4건 | 번들: ID:55698(1건), ID:55700(1건), ID:55701(1건), ID:55704(1건)
[2026-07-14 19:47:54] INFO: [POLLING] 종료 | 큐: 0건 | 번들맵: 4개
[2026-07-14 19:48:03] INFO: [POLLING] 시작 | 큐: 0건 | 처리중: 4건 | 번들: ID:55698(1건), ID:55700(1건), ID:55701(1건), ID:55704(1건)
[2026-07-14 19:48:04] INFO: [POLLING] 종료 | 큐: 0건 | 번들맵: 4개
[2026-07-14 19:48:07] INFO: [REQ] contents=check-event | id=undefined
[2026-07-14 19:48:13] INFO: [POLLING] 시작 | 큐: 0건 | 처리중: 4건 | 번들: ID:55698(1건), ID:55700(1건), ID:55701(1건), ID:55704(1건)
[2026-07-14 19:48:14] INFO: [POLLING] 종료 | 큐: 0건 | 번들맵: 4개
[2026-07-14 19:48:23] INFO: [POLLING] 시작 | 큐: 0건 | 처리중: 4건 | 번들: ID:55698(1건), ID:55700(1건), ID:55701(1건), ID:55704(1건)
[2026-07-14 19:48:24] INFO: [POLLING] 종료 | 큐: 0건 | 번들맵: 4개
[2026-07-14 19:48:33] INFO: [POLLING] 시작 | 큐: 0건 | 처리중: 4건 | 번들: ID:55698(1건), ID:55700(1건), ID:55701(1건), ID:55704(1건)
[2026-07-14 19:48:34] INFO: [POLLING] 종료 | 큐: 0건 | 번들맵: 4개
[2026-07-14 19:48:43] INFO: [POLLING] 시작 | 큐: 0건 | 처리중: 4건 | 번들: ID:55698(1건), ID:55700(1건), ID:55701(1건), ID:55704(1건)
[2026-07-14 19:48:44] INFO: [POLLING] 종료 | 큐: 0건 | 번들맵: 4개
[2026-07-14 19:48:53] INFO: [POLLING] 시작 | 큐: 0건 | 처리중: 4건 | 번들: ID:55698(1건), ID:55700(1건), ID:55701(1건), ID:55704(1건)
[2026-07-14 19:48:54] INFO: [POLLING] 종료 | 큐: 0건 | 번들맵: 4개
[2026-07-14 19:49:01] INFO: [REQ] contents=check-event | id=undefined
[2026-07-14 19:49:03] INFO: [POLLING] 시작 | 큐: 0건 | 처리중: 4건 | 번들: ID:55698(1건), ID:55700(1건), ID:55701(1건), ID:55704(1건)
[2026-07-14 19:49:04] INFO: [POLLING] 종료 | 큐: 0건 | 번들맵: 4개
[2026-07-14 19:49:13] INFO: [POLLING] 시작 | 큐: 0건 | 처리중: 4건 | 번들: ID:55698(1건), ID:55700(1건), ID:55701(1건), ID:55704(1건)
[2026-07-14 19:49:14] INFO: [POLLING] 종료 | 큐: 0건 | 번들맵: 4개
[2026-07-14 19:49:23] INFO: [POLLING] 시작 | 큐: 0건 | 처리중: 4건 | 번들: ID:55698(1건), ID:55700(1건), ID:55701(1건), ID:55704(1건)
[2026-07-14 19:49:24] INFO: [POLLING] 종료 | 큐: 0건 | 번들맵: 4개
[2026-07-14 19:49:33] INFO: [POLLING] 시작 | 큐: 0건 | 처리중: 4건 | 번들: ID:55698(1건), ID:55700(1건), ID:55701(1건), ID:55704(1건)
[2026-07-14 19:49:34] INFO: [POLLING] 종료 | 큐: 0건 | 번들맵: 4개
[2026-07-14 19:49:37] INFO: [REQ] contents=check-event | id=undefined
[2026-07-14 19:49:43] INFO: [POLLING] 시작 | 큐: 0건 | 처리중: 4건 | 번들: ID:55698(1건), ID:55700(1건), ID:55701(1건), ID:55704(1건)
[2026-07-14 19:49:44] INFO: [POLLING] 종료 | 큐: 0건 | 번들맵: 4개
[2026-07-14 19:49:53] INFO: [POLLING] 시작 | 큐: 0건 | 처리중: 4건 | 번들: ID:55698(1건), ID:55700(1건), ID:55701(1건), ID:55704(1건)
[2026-07-14 19:49:54] INFO: [POLLING] 종료 | 큐: 0건 | 번들맵: 4개
[2026-07-14 19:50:03] INFO: [POLLING] 시작 | 큐: 0건 | 처리중: 4건 | 번들: ID:55698(1건), ID:55700(1건), ID:55701(1건), ID:55704(1건)
[2026-07-14 19:50:04] INFO: [POLLING] 종료 | 큐: 0건 | 번들맵: 4개
[2026-07-14 19:50:13] INFO: [POLLING] 시작 | 큐: 0건 | 처리중: 4건 | 번들: ID:55698(1건), ID:55700(1건), ID:55701(1건), ID:55704(1건)
[2026-07-14 19:50:14] INFO: [POLLING] 종료 | 큐: 0건 | 번들맵: 4개
[2026-07-14 19:50:23] INFO: [POLLING] 시작 | 큐: 0건 | 처리중: 4건 | 번들: ID:55698(1건), ID:55700(1건), ID:55701(1건), ID:55704(1건)
[2026-07-14 19:50:24] INFO: [POLLING] 종료 | 큐: 0건 | 번들맵: 4개
[2026-07-14 19:50:31] INFO: [REQ] contents=check-event | id=undefined
[2026-07-14 19:50:33] INFO: [POLLING] 시작 | 큐: 0건 | 처리중: 4건 | 번들: ID:55698(1건), ID:55700(1건), ID:55701(1건), ID:55704(1건)
[2026-07-14 19:50:34] INFO: [POLLING] 종료 | 큐: 0건 | 번들맵: 4개
[2026-07-14 19:50:43] INFO: [POLLING] 시작 | 큐: 0건 | 처리중: 4건 | 번들: ID:55698(1건), ID:55700(1건), ID:55701(1건), ID:55704(1건)
[2026-07-14 19:50:44] INFO: [POLLING] 종료 | 큐: 0건 | 번들맵: 4개
[2026-07-14 19:50:53] INFO: [POLLING] 시작 | 큐: 0건 | 처리중: 4건 | 번들: ID:55698(1건), ID:55700(1건), ID:55701(1건), ID:55704(1건)
[2026-07-14 19:50:54] INFO: [POLLING] 종료 | 큐: 0건 | 번들맵: 4개
[2026-07-14 19:51:03] INFO: [POLLING] 시작 | 큐: 0건 | 처리중: 4건 | 번들: ID:55698(1건), ID:55700(1건), ID:55701(1건), ID:55704(1건)
[2026-07-14 19:51:04] INFO: [POLLING] 종료 | 큐: 0건 | 번들맵: 4개
[2026-07-14 19:51:13] INFO: [POLLING] 시작 | 큐: 0건 | 처리중: 4건 | 번들: ID:55698(1건), ID:55700(1건), ID:55701(1건), ID:55704(1건)
[2026-07-14 19:51:14] INFO: [POLLING] 종료 | 큐: 0건 | 번들맵: 4개
[2026-07-14 19:51:23] INFO: [POLLING] 시작 | 큐: 0건 | 처리중: 4건 | 번들: ID:55698(1건), ID:55700(1건), ID:55701(1건), ID:55704(1건)
[2026-07-14 19:51:24] INFO: [POLLING] 종료 | 큐: 0건 | 번들맵: 4개
[2026-07-14 19:51:28] INFO: [REQ] contents=check-event | id=undefined
[2026-07-14 19:51:33] INFO: [POLLING] 시작 | 큐: 0건 | 처리중: 4건 | 번들: ID:55698(1건), ID:55700(1건), ID:55701(1건), ID:55704(1건)
[2026-07-14 19:51:34] INFO: [POLLING] 종료 | 큐: 0건 | 번들맵: 4개
[2026-07-14 19:51:43] INFO: [POLLING] 시작 | 큐: 0건 | 처리중: 4건 | 번들: ID:55698(1건), ID:55700(1건), ID:55701(1건), ID:55704(1건)
[2026-07-14 19:51:44] INFO: [POLLING] 종료 | 큐: 0건 | 번들맵: 4개
[2026-07-14 19:51:53] INFO: [POLLING] 시작 | 큐: 0건 | 처리중: 4건 | 번들: ID:55698(1건), ID:55700(1건), ID:55701(1건), ID:55704(1건)
[2026-07-14 19:51:54] INFO: [POLLING] 종료 | 큐: 0건 | 번들맵: 4개
[2026-07-14 19:52:03] INFO: [POLLING] 시작 | 큐: 0건 | 처리중: 4건 | 번들: ID:55698(1건), ID:55700(1건), ID:55701(1건), ID:55704(1건)
[2026-07-14 19:52:04] INFO: [POLLING] 종료 | 큐: 0건 | 번들맵: 4개
[2026-07-14 19:52:13] INFO: [POLLING] 시작 | 큐: 0건 | 처리중: 4건 | 번들: ID:55698(1건), ID:55700(1건), ID:55701(1건), ID:55704(1건)
[2026-07-14 19:52:14] INFO: [POLLING] 종료 | 큐: 0건 | 번들맵: 4개
[2026-07-14 19:52:21] INFO: [REQ] contents=check-event | id=undefined
[2026-07-14 19:52:23] INFO: [POLLING] 시작 | 큐: 0건 | 처리중: 4건 | 번들: ID:55698(1건), ID:55700(1건), ID:55701(1건), ID:55704(1건)
[2026-07-14 19:52:24] INFO: [POLLING] 종료 | 큐: 0건 | 번들맵: 4개
[2026-07-14 19:52:33] INFO: [POLLING] 시작 | 큐: 0건 | 처리중: 4건 | 번들: ID:55698(1건), ID:55700(1건), ID:55701(1건), ID:55704(1건)
[2026-07-14 19:52:34] INFO: [POLLING] 종료 | 큐: 0건 | 번들맵: 4개
[2026-07-14 19:52:43] INFO: [POLLING] 시작 | 큐: 0건 | 처리중: 4건 | 번들: ID:55698(1건), ID:55700(1건), ID:55701(1건), ID:55704(1건)
[2026-07-14 19:52:44] INFO: [POLLING] 종료 | 큐: 0건 | 번들맵: 4개
[2026-07-14 19:52:53] INFO: [POLLING] 시작 | 큐: 0건 | 처리중: 4건 | 번들: ID:55698(1건), ID:55700(1건), ID:55701(1건), ID:55704(1건)
[2026-07-14 19:52:54] INFO: [POLLING] 종료 | 큐: 0건 | 번들맵: 4개
[2026-07-14 19:53:03] INFO: [POLLING] 시작 | 큐: 0건 | 처리중: 4건 | 번들: ID:55698(1건), ID:55700(1건), ID:55701(1건), ID:55704(1건)
[2026-07-14 19:53:04] INFO: [POLLING] 종료 | 큐: 0건 | 번들맵: 4개
[2026-07-14 19:53:08] INFO: [REQ] contents=check-event | id=undefined
[2026-07-14 19:53:13] INFO: [POLLING] 시작 | 큐: 0건 | 처리중: 4건 | 번들: ID:55698(1건), ID:55700(1건), ID:55701(1건), ID:55704(1건)
[2026-07-14 19:53:14] INFO: [POLLING] 종료 | 큐: 0건 | 번들맵: 4개
[2026-07-14 19:53:23] INFO: [POLLING] 시작 | 큐: 0건 | 처리중: 4건 | 번들: ID:55698(1건), ID:55700(1건), ID:55701(1건), ID:55704(1건)
[2026-07-14 19:53:24] INFO: [POLLING] 종료 | 큐: 0건 | 번들맵: 4개
[2026-07-14 19:53:33] INFO: [POLLING] 시작 | 큐: 0건 | 처리중: 4건 | 번들: ID:55698(1건), ID:55700(1건), ID:55701(1건), ID:55704(1건)
[2026-07-14 19:53:34] INFO: [POLLING] 종료 | 큐: 0건 | 번들맵: 4개
[2026-07-14 19:53:43] INFO: [POLLING] 시작 | 큐: 0건 | 처리중: 4건 | 번들: ID:55698(1건), ID:55700(1건), ID:55701(1건), ID:55704(1건)
[2026-07-14 19:53:44] INFO: [POLLING] 종료 | 큐: 0건 | 번들맵: 4개
[2026-07-14 19:53:53] INFO: [POLLING] 시작 | 큐: 0건 | 처리중: 4건 | 번들: ID:55698(1건), ID:55700(1건), ID:55701(1건), ID:55704(1건)
[2026-07-14 19:53:54] INFO: [POLLING] 종료 | 큐: 0건 | 번들맵: 4개
[2026-07-14 19:54:01] INFO: [REQ] contents=check-event | id=undefined
[2026-07-14 19:54:03] INFO: [POLLING] 시작 | 큐: 0건 | 처리중: 4건 | 번들: ID:55698(1건), ID:55700(1건), ID:55701(1건), ID:55704(1건)
[2026-07-14 19:54:04] INFO: [POLLING] 종료 | 큐: 0건 | 번들맵: 4개
[2026-07-14 19:54:13] INFO: [POLLING] 시작 | 큐: 0건 | 처리중: 4건 | 번들: ID:55698(1건), ID:55700(1건), ID:55701(1건), ID:55704(1건)
[2026-07-14 19:54:14] INFO: [POLLING] 종료 | 큐: 0건 | 번들맵: 4개
[2026-07-14 19:54:23] INFO: [POLLING] 시작 | 큐: 0건 | 처리중: 4건 | 번들: ID:55698(1건), ID:55700(1건), ID:55701(1건), ID:55704(1건)
[2026-07-14 19:54:24] INFO: [POLLING] 종료 | 큐: 0건 | 번들맵: 4개
[2026-07-14 19:54:33] INFO: [POLLING] 시작 | 큐: 0건 | 처리중: 4건 | 번들: ID:55698(1건), ID:55700(1건), ID:55701(1건), ID:55704(1건)
[2026-07-14 19:54:34] INFO: [POLLING] 종료 | 큐: 0건 | 번들맵: 4개
[2026-07-14 19:54:38] INFO: [REQ] contents=check-event | id=undefined
[2026-07-14 19:54:43] INFO: [POLLING] 시작 | 큐: 0건 | 처리중: 4건 | 번들: ID:55698(1건), ID:55700(1건), ID:55701(1건), ID:55704(1건)
[2026-07-14 19:54:44] INFO: [POLLING] 종료 | 큐: 0건 | 번들맵: 4개
[2026-07-14 19:54:53] INFO: [POLLING] 시작 | 큐: 0건 | 처리중: 4건 | 번들: ID:55698(1건), ID:55700(1건), ID:55701(1건), ID:55704(1건)
[2026-07-14 19:54:54] INFO: [POLLING] 종료 | 큐: 0건 | 번들맵: 4개
[2026-07-14 19:55:03] INFO: [POLLING] 시작 | 큐: 0건 | 처리중: 4건 | 번들: ID:55698(1건), ID:55700(1건), ID:55701(1건), ID:55704(1건)
[2026-07-14 19:55:04] INFO: [POLLING] 종료 | 큐: 0건 | 번들맵: 4개
[2026-07-14 19:55:13] INFO: [POLLING] 시작 | 큐: 0건 | 처리중: 4건 | 번들: ID:55698(1건), ID:55700(1건), ID:55701(1건), ID:55704(1건)
[2026-07-14 19:55:14] INFO: [POLLING] 종료 | 큐: 0건 | 번들맵: 4개
[2026-07-14 19:55:23] INFO: [POLLING] 시작 | 큐: 0건 | 처리중: 4건 | 번들: ID:55698(1건), ID:55700(1건), ID:55701(1건), ID:55704(1건)
[2026-07-14 19:55:24] INFO: [POLLING] 종료 | 큐: 0건 | 번들맵: 4개
[2026-07-14 19:55:31] INFO: [REQ] contents=check-event | id=undefined
[2026-07-14 19:55:33] INFO: [POLLING] 시작 | 큐: 0건 | 처리중: 4건 | 번들: ID:55698(1건), ID:55700(1건), ID:55701(1건), ID:55704(1건)
[2026-07-14 19:55:34] INFO: [POLLING] 종료 | 큐: 0건 | 번들맵: 4개
[2026-07-14 19:55:43] INFO: [POLLING] 시작 | 큐: 0건 | 처리중: 4건 | 번들: ID:55698(1건), ID:55700(1건), ID:55701(1건), ID:55704(1건)
[2026-07-14 19:55:44] INFO: [POLLING] 종료 | 큐: 0건 | 번들맵: 4개
[2026-07-14 19:55:53] INFO: [POLLING] 시작 | 큐: 0건 | 처리중: 4건 | 번들: ID:55698(1건), ID:55700(1건), ID:55701(1건), ID:55704(1건)
[2026-07-14 19:55:54] INFO: [POLLING] 종료 | 큐: 0건 | 번들맵: 4개
[2026-07-14 19:56:04] INFO: [POLLING] 시작 | 큐: 0건 | 처리중: 4건 | 번들: ID:55698(1건), ID:55700(1건), ID:55701(1건), ID:55704(1건)
[2026-07-14 19:56:04] INFO: [POLLING] 종료 | 큐: 0건 | 번들맵: 4개
[2026-07-14 19:56:14] INFO: [POLLING] 시작 | 큐: 0건 | 처리중: 4건 | 번들: ID:55698(1건), ID:55700(1건), ID:55701(1건), ID:55704(1건)
[2026-07-14 19:56:14] INFO: [POLLING] 종료 | 큐: 0건 | 번들맵: 4개
[2026-07-14 19:56:24] INFO: [POLLING] 시작 | 큐: 0건 | 처리중: 4건 | 번들: ID:55698(1건), ID:55700(1건), ID:55701(1건), ID:55704(1건)
[2026-07-14 19:56:24] INFO: [POLLING] 종료 | 큐: 0건 | 번들맵: 4개
[2026-07-14 19:56:28] INFO: [REQ] contents=check-event | id=undefined
[2026-07-14 19:56:34] INFO: [POLLING] 시작 | 큐: 0건 | 처리중: 4건 | 번들: ID:55698(1건), ID:55700(1건), ID:55701(1건), ID:55704(1건)
[2026-07-14 19:56:34] INFO: [POLLING] 종료 | 큐: 0건 | 번들맵: 4개
[2026-07-14 19:56:44] INFO: [POLLING] 시작 | 큐: 0건 | 처리중: 4건 | 번들: ID:55698(1건), ID:55700(1건), ID:55701(1건), ID:55704(1건)
[2026-07-14 19:56:44] INFO: [POLLING] 종료 | 큐: 0건 | 번들맵: 4개
[2026-07-14 19:56:54] INFO: [POLLING] 시작 | 큐: 0건 | 처리중: 4건 | 번들: ID:55698(1건), ID:55700(1건), ID:55701(1건), ID:55704(1건)
[2026-07-14 19:56:54] INFO: [POLLING] 종료 | 큐: 0건 | 번들맵: 4개
[2026-07-14 19:57:04] INFO: [POLLING] 시작 | 큐: 0건 | 처리중: 4건 | 번들: ID:55698(1건), ID:55700(1건), ID:55701(1건), ID:55704(1건)
[2026-07-14 19:57:04] INFO: [POLLING] 종료 | 큐: 0건 | 번들맵: 4개
[2026-07-14 19:57:14] INFO: [POLLING] 시작 | 큐: 0건 | 처리중: 4건 | 번들: ID:55698(1건), ID:55700(1건), ID:55701(1건), ID:55704(1건)
[2026-07-14 19:57:14] INFO: [POLLING] 종료 | 큐: 0건 | 번들맵: 4개
[2026-07-14 19:57:22] INFO: [REQ] contents=check-event | id=undefined
[2026-07-14 19:57:24] INFO: [POLLING] 시작 | 큐: 0건 | 처리중: 4건 | 번들: ID:55698(1건), ID:55700(1건), ID:55701(1건), ID:55704(1건)
[2026-07-14 19:57:24] INFO: [POLLING] 종료 | 큐: 0건 | 번들맵: 4개
[2026-07-14 19:57:34] INFO: [POLLING] 시작 | 큐: 0건 | 처리중: 4건 | 번들: ID:55698(1건), ID:55700(1건), ID:55701(1건), ID:55704(1건)
[2026-07-14 19:57:34] INFO: [POLLING] 종료 | 큐: 0건 | 번들맵: 4개
[2026-07-14 19:57:44] INFO: [POLLING] 시작 | 큐: 0건 | 처리중: 4건 | 번들: ID:55698(1건), ID:55700(1건), ID:55701(1건), ID:55704(1건)
[2026-07-14 19:57:44] INFO: [POLLING] 종료 | 큐: 0건 | 번들맵: 4개
[2026-07-14 19:57:54] INFO: [POLLING] 시작 | 큐: 0건 | 처리중: 4건 | 번들: ID:55698(1건), ID:55700(1건), ID:55701(1건), ID:55704(1건)
[2026-07-14 19:57:54] INFO: [POLLING] 종료 | 큐: 0건 | 번들맵: 4개
[2026-07-14 19:58:04] INFO: [POLLING] 시작 | 큐: 0건 | 처리중: 4건 | 번들: ID:55698(1건), ID:55700(1건), ID:55701(1건), ID:55704(1건)
[2026-07-14 19:58:04] INFO: [POLLING] 종료 | 큐: 0건 | 번들맵: 4개
[2026-07-14 19:58:08] INFO: [REQ] contents=check-event | id=undefined
[2026-07-14 19:58:14] INFO: [POLLING] 시작 | 큐: 0건 | 처리중: 4건 | 번들: ID:55698(1건), ID:55700(1건), ID:55701(1건), ID:55704(1건)
[2026-07-14 19:58:14] INFO: [POLLING] 종료 | 큐: 0건 | 번들맵: 4개
[2026-07-14 19:58:24] INFO: [POLLING] 시작 | 큐: 0건 | 처리중: 4건 | 번들: ID:55698(1건), ID:55700(1건), ID:55701(1건), ID:55704(1건)
[2026-07-14 19:58:24] INFO: [POLLING] 종료 | 큐: 0건 | 번들맵: 4개
[2026-07-14 19:58:34] INFO: [POLLING] 시작 | 큐: 0건 | 처리중: 4건 | 번들: ID:55698(1건), ID:55700(1건), ID:55701(1건), ID:55704(1건)
[2026-07-14 19:58:34] INFO: [POLLING] 종료 | 큐: 0건 | 번들맵: 4개
[2026-07-14 19:58:44] INFO: [POLLING] 시작 | 큐: 0건 | 처리중: 4건 | 번들: ID:55698(1건), ID:55700(1건), ID:55701(1건), ID:55704(1건)
[2026-07-14 19:58:44] INFO: [POLLING] 종료 | 큐: 0건 | 번들맵: 4개
[2026-07-14 19:58:54] INFO: [POLLING] 시작 | 큐: 0건 | 처리중: 4건 | 번들: ID:55698(1건), ID:55700(1건), ID:55701(1건), ID:55704(1건)
[2026-07-14 19:58:54] INFO: [POLLING] 종료 | 큐: 0건 | 번들맵: 4개
[2026-07-14 19:59:02] INFO: [REQ] contents=check-event | id=undefined
[2026-07-14 19:59:04] INFO: [POLLING] 시작 | 큐: 0건 | 처리중: 4건 | 번들: ID:55698(1건), ID:55700(1건), ID:55701(1건), ID:55704(1건)
[2026-07-14 19:59:04] INFO: [POLLING] 종료 | 큐: 0건 | 번들맵: 4개
[2026-07-14 19:59:14] INFO: [POLLING] 시작 | 큐: 0건 | 처리중: 4건 | 번들: ID:55698(1건), ID:55700(1건), ID:55701(1건), ID:55704(1건)
[2026-07-14 19:59:14] INFO: [POLLING] 종료 | 큐: 0건 | 번들맵: 4개
[2026-07-14 19:59:24] INFO: [POLLING] 시작 | 큐: 0건 | 처리중: 4건 | 번들: ID:55698(1건), ID:55700(1건), ID:55701(1건), ID:55704(1건)
[2026-07-14 19:59:24] INFO: [POLLING] 종료 | 큐: 0건 | 번들맵: 4개
[2026-07-14 19:59:34] INFO: [POLLING] 시작 | 큐: 0건 | 처리중: 4건 | 번들: ID:55698(1건), ID:55700(1건), ID:55701(1건), ID:55704(1건)
[2026-07-14 19:59:34] INFO: [POLLING] 종료 | 큐: 0건 | 번들맵: 4개
[2026-07-14 19:59:38] INFO: [REQ] contents=check-event | id=undefined
[2026-07-14 19:59:44] INFO: [POLLING] 시작 | 큐: 0건 | 처리중: 4건 | 번들: ID:55698(1건), ID:55700(1건), ID:55701(1건), ID:55704(1건)
[2026-07-14 19:59:44] INFO: [POLLING] 종료 | 큐: 0건 | 번들맵: 4개
[2026-07-14 19:59:54] INFO: [POLLING] 시작 | 큐: 0건 | 처리중: 4건 | 번들: ID:55698(1건), ID:55700(1건), ID:55701(1건), ID:55704(1건)
[2026-07-14 19:59:54] INFO: [POLLING] 종료 | 큐: 0건 | 번들맵: 4개
[2026-07-14 20:00:04] INFO: [POLLING] 시작 | 큐: 0건 | 처리중: 4건 | 번들: ID:55698(1건), ID:55700(1건), ID:55701(1건), ID:55704(1건)
[2026-07-14 20:00:04] INFO: [POLLING] 종료 | 큐: 0건 | 번들맵: 4개
[2026-07-14 20:00:14] INFO: [POLLING] 시작 | 큐: 0건 | 처리중: 4건 | 번들: ID:55698(1건), ID:55700(1건), ID:55701(1건), ID:55704(1건)
[2026-07-14 20:00:14] INFO: [POLLING] 종료 | 큐: 0건 | 번들맵: 4개
[2026-07-14 20:00:24] INFO: [POLLING] 시작 | 큐: 0건 | 처리중: 4건 | 번들: ID:55698(1건), ID:55700(1건), ID:55701(1건), ID:55704(1건)
[2026-07-14 20:00:24] INFO: [POLLING] 종료 | 큐: 0건 | 번들맵: 4개
[2026-07-14 20:00:32] INFO: [REQ] contents=check-event | id=undefined
[2026-07-14 20:00:34] INFO: [POLLING] 시작 | 큐: 0건 | 처리중: 4건 | 번들: ID:55698(1건), ID:55700(1건), ID:55701(1건), ID:55704(1건)
[2026-07-14 20:00:34] INFO: [POLLING] 종료 | 큐: 0건 | 번들맵: 4개
[2026-07-14 20:00:44] INFO: [POLLING] 시작 | 큐: 0건 | 처리중: 4건 | 번들: ID:55698(1건), ID:55700(1건), ID:55701(1건), ID:55704(1건)
[2026-07-14 20:00:44] INFO: [POLLING] 종료 | 큐: 0건 | 번들맵: 4개
[2026-07-14 20:00:54] INFO: [POLLING] 시작 | 큐: 0건 | 처리중: 4건 | 번들: ID:55698(1건), ID:55700(1건), ID:55701(1건), ID:55704(1건)
[2026-07-14 20:00:54] INFO: [POLLING] 종료 | 큐: 0건 | 번들맵: 4개
[2026-07-14 20:01:04] INFO: [POLLING] 시작 | 큐: 0건 | 처리중: 4건 | 번들: ID:55698(1건), ID:55700(1건), ID:55701(1건), ID:55704(1건)
[2026-07-14 20:01:05] INFO: [POLLING] 종료 | 큐: 0건 | 번들맵: 4개
[2026-07-14 20:01:14] INFO: [POLLING] 시작 | 큐: 0건 | 처리중: 4건 | 번들: ID:55698(1건), ID:55700(1건), ID:55701(1건), ID:55704(1건)
[2026-07-14 20:01:15] INFO: [POLLING] 종료 | 큐: 0건 | 번들맵: 4개
[2026-07-14 20:01:24] INFO: [POLLING] 시작 | 큐: 0건 | 처리중: 4건 | 번들: ID:55698(1건), ID:55700(1건), ID:55701(1건), ID:55704(1건)
[2026-07-14 20:01:25] INFO: [POLLING] 종료 | 큐: 0건 | 번들맵: 4개
[2026-07-14 20:01:29] INFO: [REQ] contents=check-event | id=undefined
[2026-07-14 20:01:34] INFO: [POLLING] 시작 | 큐: 0건 | 처리중: 4건 | 번들: ID:55698(1건), ID:55700(1건), ID:55701(1건), ID:55704(1건)
[2026-07-14 20:01:35] INFO: [POLLING] 종료 | 큐: 0건 | 번들맵: 4개
[2026-07-14 20:01:44] INFO: [POLLING] 시작 | 큐: 0건 | 처리중: 4건 | 번들: ID:55698(1건), ID:55700(1건), ID:55701(1건), ID:55704(1건)
[2026-07-14 20:01:45] INFO: [POLLING] 종료 | 큐: 0건 | 번들맵: 4개
[2026-07-14 20:01:54] INFO: [POLLING] 시작 | 큐: 0건 | 처리중: 4건 | 번들: ID:55698(1건), ID:55700(1건), ID:55701(1건), ID:55704(1건)
[2026-07-14 20:01:55] INFO: [POLLING] 종료 | 큐: 0건 | 번들맵: 4개
[2026-07-14 20:02:04] INFO: [POLLING] 시작 | 큐: 0건 | 처리중: 4건 | 번들: ID:55698(1건), ID:55700(1건), ID:55701(1건), ID:55704(1건)
[2026-07-14 20:02:04] INFO: [POLLING] 종료 | 큐: 0건 | 번들맵: 4개
[2026-07-14 20:02:14] INFO: [POLLING] 시작 | 큐: 0건 | 처리중: 4건 | 번들: ID:55698(1건), ID:55700(1건), ID:55701(1건), ID:55704(1건)
[2026-07-14 20:02:14] INFO: [POLLING] 종료 | 큐: 0건 | 번들맵: 4개
[2026-07-14 20:02:22] INFO: [REQ] contents=check-event | id=undefined
[2026-07-14 20:02:24] INFO: [POLLING] 시작 | 큐: 0건 | 처리중: 4건 | 번들: ID:55698(1건), ID:55700(1건), ID:55701(1건), ID:55704(1건)
[2026-07-14 20:02:24] INFO: [POLLING] 종료 | 큐: 0건 | 번들맵: 4개
[2026-07-14 20:02:34] INFO: [POLLING] 시작 | 큐: 0건 | 처리중: 4건 | 번들: ID:55698(1건), ID:55700(1건), ID:55701(1건), ID:55704(1건)
[2026-07-14 20:02:34] INFO: [POLLING] 종료 | 큐: 0건 | 번들맵: 4개
[2026-07-14 20:02:44] INFO: [POLLING] 시작 | 큐: 0건 | 처리중: 4건 | 번들: ID:55698(1건), ID:55700(1건), ID:55701(1건), ID:55704(1건)
[2026-07-14 20:02:44] INFO: [POLLING] 종료 | 큐: 0건 | 번들맵: 4개
[2026-07-14 20:02:54] INFO: [POLLING] 시작 | 큐: 0건 | 처리중: 4건 | 번들: ID:55698(1건), ID:55700(1건), ID:55701(1건), ID:55704(1건)
[2026-07-14 20:02:54] INFO: [POLLING] 종료 | 큐: 0건 | 번들맵: 4개
[2026-07-14 20:03:04] INFO: [POLLING] 시작 | 큐: 0건 | 처리중: 4건 | 번들: ID:55698(1건), ID:55700(1건), ID:55701(1건), ID:55704(1건)
[2026-07-14 20:03:05] INFO: [POLLING] 종료 | 큐: 0건 | 번들맵: 4개
[2026-07-14 20:03:09] INFO: [REQ] contents=check-event | id=undefined
[2026-07-14 20:03:14] INFO: [POLLING] 시작 | 큐: 0건 | 처리중: 4건 | 번들: ID:55698(1건), ID:55700(1건), ID:55701(1건), ID:55704(1건)
[2026-07-14 20:03:15] INFO: [POLLING] 종료 | 큐: 0건 | 번들맵: 4개
[2026-07-14 20:03:24] INFO: [POLLING] 시작 | 큐: 0건 | 처리중: 4건 | 번들: ID:55698(1건), ID:55700(1건), ID:55701(1건), ID:55704(1건)
[2026-07-14 20:03:24] INFO: [POLLING] 종료 | 큐: 0건 | 번들맵: 4개
[2026-07-14 20:03:34] INFO: [POLLING] 시작 | 큐: 0건 | 처리중: 4건 | 번들: ID:55698(1건), ID:55700(1건), ID:55701(1건), ID:55704(1건)
[2026-07-14 20:03:34] INFO: [POLLING] 종료 | 큐: 0건 | 번들맵: 4개
[2026-07-14 20:03:44] INFO: [POLLING] 시작 | 큐: 0건 | 처리중: 4건 | 번들: ID:55698(1건), ID:55700(1건), ID:55701(1건), ID:55704(1건)
[2026-07-14 20:03:44] INFO: [POLLING] 종료 | 큐: 0건 | 번들맵: 4개
[2026-07-14 20:03:54] INFO: [POLLING] 시작 | 큐: 0건 | 처리중: 4건 | 번들: ID:55698(1건), ID:55700(1건), ID:55701(1건), ID:55704(1건)
[2026-07-14 20:03:55] INFO: [POLLING] 종료 | 큐: 0건 | 번들맵: 4개
[2026-07-14 20:04:02] INFO: [REQ] contents=check-event | id=undefined
[2026-07-14 20:04:04] INFO: [POLLING] 시작 | 큐: 0건 | 처리중: 4건 | 번들: ID:55698(1건), ID:55700(1건), ID:55701(1건), ID:55704(1건)
[2026-07-14 20:04:05] INFO: [POLLING] 종료 | 큐: 0건 | 번들맵: 4개
[2026-07-14 20:04:14] INFO: [POLLING] 시작 | 큐: 0건 | 처리중: 4건 | 번들: ID:55698(1건), ID:55700(1건), ID:55701(1건), ID:55704(1건)
[2026-07-14 20:04:15] INFO: [POLLING] 종료 | 큐: 0건 | 번들맵: 4개
[2026-07-14 20:04:24] INFO: [POLLING] 시작 | 큐: 0건 | 처리중: 4건 | 번들: ID:55698(1건), ID:55700(1건), ID:55701(1건), ID:55704(1건)
[2026-07-14 20:04:25] INFO: [POLLING] 종료 | 큐: 0건 | 번들맵: 4개
[2026-07-14 20:04:34] INFO: [POLLING] 시작 | 큐: 0건 | 처리중: 4건 | 번들: ID:55698(1건), ID:55700(1건), ID:55701(1건), ID:55704(1건)
[2026-07-14 20:04:35] INFO: [POLLING] 종료 | 큐: 0건 | 번들맵: 4개
[2026-07-14 20:04:39] INFO: [REQ] contents=check-event | id=undefined
[2026-07-14 20:04:44] INFO: [POLLING] 시작 | 큐: 0건 | 처리중: 4건 | 번들: ID:55698(1건), ID:55700(1건), ID:55701(1건), ID:55704(1건)
[2026-07-14 20:04:45] INFO: [POLLING] 종료 | 큐: 0건 | 번들맵: 4개
[2026-07-14 20:04:54] INFO: [POLLING] 시작 | 큐: 0건 | 처리중: 4건 | 번들: ID:55698(1건), ID:55700(1건), ID:55701(1건), ID:55704(1건)
[2026-07-14 20:04:55] INFO: [POLLING] 종료 | 큐: 0건 | 번들맵: 4개
[2026-07-14 20:05:04] INFO: [POLLING] 시작 | 큐: 0건 | 처리중: 4건 | 번들: ID:55698(1건), ID:55700(1건), ID:55701(1건), ID:55704(1건)
[2026-07-14 20:05:05] INFO: [POLLING] 종료 | 큐: 0건 | 번들맵: 4개
[2026-07-14 20:05:14] INFO: [POLLING] 시작 | 큐: 0건 | 처리중: 4건 | 번들: ID:55698(1건), ID:55700(1건), ID:55701(1건), ID:55704(1건)
[2026-07-14 20:05:15] INFO: [POLLING] 종료 | 큐: 0건 | 번들맵: 4개
[2026-07-14 20:05:24] INFO: [POLLING] 시작 | 큐: 0건 | 처리중: 4건 | 번들: ID:55698(1건), ID:55700(1건), ID:55701(1건), ID:55704(1건)
[2026-07-14 20:05:25] INFO: [POLLING] 종료 | 큐: 0건 | 번들맵: 4개
[2026-07-14 20:05:32] INFO: [REQ] contents=check-event | id=undefined
[2026-07-14 20:05:34] INFO: [POLLING] 시작 | 큐: 0건 | 처리중: 4건 | 번들: ID:55698(1건), ID:55700(1건), ID:55701(1건), ID:55704(1건)
[2026-07-14 20:05:35] INFO: [POLLING] 종료 | 큐: 0건 | 번들맵: 4개
[2026-07-14 20:05:44] INFO: [POLLING] 시작 | 큐: 0건 | 처리중: 4건 | 번들: ID:55698(1건), ID:55700(1건), ID:55701(1건), ID:55704(1건)
[2026-07-14 20:05:45] INFO: [POLLING] 종료 | 큐: 0건 | 번들맵: 4개
[2026-07-14 20:05:54] INFO: [POLLING] 시작 | 큐: 0건 | 처리중: 4건 | 번들: ID:55698(1건), ID:55700(1건), ID:55701(1건), ID:55704(1건)
[2026-07-14 20:05:55] INFO: [POLLING] 종료 | 큐: 0건 | 번들맵: 4개
[2026-07-14 20:06:04] INFO: [POLLING] 시작 | 큐: 0건 | 처리중: 4건 | 번들: ID:55698(1건), ID:55700(1건), ID:55701(1건), ID:55704(1건)
[2026-07-14 20:06:05] INFO: [POLLING] 종료 | 큐: 0건 | 번들맵: 4개
[2026-07-14 20:06:14] INFO: [POLLING] 시작 | 큐: 0건 | 처리중: 4건 | 번들: ID:55698(1건), ID:55700(1건), ID:55701(1건), ID:55704(1건)
[2026-07-14 20:06:15] INFO: [POLLING] 종료 | 큐: 0건 | 번들맵: 4개
[2026-07-14 20:06:24] INFO: [POLLING] 시작 | 큐: 0건 | 처리중: 4건 | 번들: ID:55698(1건), ID:55700(1건), ID:55701(1건), ID:55704(1건)
[2026-07-14 20:06:25] INFO: [POLLING] 종료 | 큐: 0건 | 번들맵: 4개
[2026-07-14 20:06:29] INFO: [REQ] contents=check-event | id=undefined
[2026-07-14 20:06:34] INFO: [POLLING] 시작 | 큐: 0건 | 처리중: 4건 | 번들: ID:55698(1건), ID:55700(1건), ID:55701(1건), ID:55704(1건)
[2026-07-14 20:06:35] INFO: [POLLING] 종료 | 큐: 0건 | 번들맵: 4개
[2026-07-14 20:06:44] INFO: [POLLING] 시작 | 큐: 0건 | 처리중: 4건 | 번들: ID:55698(1건), ID:55700(1건), ID:55701(1건), ID:55704(1건)
[2026-07-14 20:06:45] INFO: [POLLING] 종료 | 큐: 0건 | 번들맵: 4개
[2026-07-14 20:06:54] INFO: [POLLING] 시작 | 큐: 0건 | 처리중: 4건 | 번들: ID:55698(1건), ID:55700(1건), ID:55701(1건), ID:55704(1건)
[2026-07-14 20:06:55] INFO: [POLLING] 종료 | 큐: 0건 | 번들맵: 4개
[2026-07-14 20:07:04] INFO: [POLLING] 시작 | 큐: 0건 | 처리중: 4건 | 번들: ID:55698(1건), ID:55700(1건), ID:55701(1건), ID:55704(1건)
[2026-07-14 20:07:05] INFO: [POLLING] 종료 | 큐: 0건 | 번들맵: 4개
[2026-07-14 20:07:14] INFO: [POLLING] 시작 | 큐: 0건 | 처리중: 4건 | 번들: ID:55698(1건), ID:55700(1건), ID:55701(1건), ID:55704(1건)
[2026-07-14 20:07:15] INFO: [POLLING] 종료 | 큐: 0건 | 번들맵: 4개
[2026-07-14 20:07:23] INFO: [REQ] contents=check-event | id=undefined
[2026-07-14 20:07:24] INFO: [POLLING] 시작 | 큐: 0건 | 처리중: 4건 | 번들: ID:55698(1건), ID:55700(1건), ID:55701(1건), ID:55704(1건)
[2026-07-14 20:07:25] INFO: [POLLING] 종료 | 큐: 0건 | 번들맵: 4개
[2026-07-14 20:07:34] INFO: [POLLING] 시작 | 큐: 0건 | 처리중: 4건 | 번들: ID:55698(1건), ID:55700(1건), ID:55701(1건), ID:55704(1건)
[2026-07-14 20:07:35] INFO: [POLLING] 종료 | 큐: 0건 | 번들맵: 4개
[2026-07-14 20:07:44] INFO: [POLLING] 시작 | 큐: 0건 | 처리중: 4건 | 번들: ID:55698(1건), ID:55700(1건), ID:55701(1건), ID:55704(1건)
[2026-07-14 20:07:45] INFO: [POLLING] 종료 | 큐: 0건 | 번들맵: 4개
[2026-07-14 20:07:54] INFO: [POLLING] 시작 | 큐: 0건 | 처리중: 4건 | 번들: ID:55698(1건), ID:55700(1건), ID:55701(1건), ID:55704(1건)
[2026-07-14 20:07:55] INFO: [POLLING] 종료 | 큐: 0건 | 번들맵: 4개
[2026-07-14 20:08:04] INFO: [POLLING] 시작 | 큐: 0건 | 처리중: 4건 | 번들: ID:55698(1건), ID:55700(1건), ID:55701(1건), ID:55704(1건)
[2026-07-14 20:08:05] INFO: [POLLING] 종료 | 큐: 0건 | 번들맵: 4개
[2026-07-14 20:08:09] INFO: [REQ] contents=check-event | id=undefined
[2026-07-14 20:08:14] INFO: [POLLING] 시작 | 큐: 0건 | 처리중: 4건 | 번들: ID:55698(1건), ID:55700(1건), ID:55701(1건), ID:55704(1건)
[2026-07-14 20:08:15] INFO: [POLLING] 종료 | 큐: 0건 | 번들맵: 4개
[2026-07-14 20:08:24] INFO: [POLLING] 시작 | 큐: 0건 | 처리중: 4건 | 번들: ID:55698(1건), ID:55700(1건), ID:55701(1건), ID:55704(1건)
[2026-07-14 20:08:25] INFO: [POLLING] 종료 | 큐: 0건 | 번들맵: 4개
[2026-07-14 20:08:34] INFO: [POLLING] 시작 | 큐: 0건 | 처리중: 4건 | 번들: ID:55698(1건), ID:55700(1건), ID:55701(1건), ID:55704(1건)
[2026-07-14 20:08:35] INFO: [POLLING] 종료 | 큐: 0건 | 번들맵: 4개
[2026-07-14 20:08:44] INFO: [POLLING] 시작 | 큐: 0건 | 처리중: 4건 | 번들: ID:55698(1건), ID:55700(1건), ID:55701(1건), ID:55704(1건)
[2026-07-14 20:08:45] INFO: [POLLING] 종료 | 큐: 0건 | 번들맵: 4개
[2026-07-14 20:08:54] INFO: [POLLING] 시작 | 큐: 0건 | 처리중: 4건 | 번들: ID:55698(1건), ID:55700(1건), ID:55701(1건), ID:55704(1건)
[2026-07-14 20:08:55] INFO: [POLLING] 종료 | 큐: 0건 | 번들맵: 4개
[2026-07-14 20:09:03] INFO: [REQ] contents=check-event | id=undefined
[2026-07-14 20:09:04] INFO: [POLLING] 시작 | 큐: 0건 | 처리중: 4건 | 번들: ID:55698(1건), ID:55700(1건), ID:55701(1건), ID:55704(1건)
[2026-07-14 20:09:05] INFO: [POLLING] 종료 | 큐: 0건 | 번들맵: 4개
[2026-07-14 20:09:14] INFO: [POLLING] 시작 | 큐: 0건 | 처리중: 4건 | 번들: ID:55698(1건), ID:55700(1건), ID:55701(1건), ID:55704(1건)
[2026-07-14 20:09:15] INFO: [POLLING] 종료 | 큐: 0건 | 번들맵: 4개
[2026-07-14 20:09:24] INFO: [POLLING] 시작 | 큐: 0건 | 처리중: 4건 | 번들: ID:55698(1건), ID:55700(1건), ID:55701(1건), ID:55704(1건)
[2026-07-14 20:09:25] INFO: [POLLING] 종료 | 큐: 0건 | 번들맵: 4개
[2026-07-14 20:09:34] INFO: [POLLING] 시작 | 큐: 0건 | 처리중: 4건 | 번들: ID:55698(1건), ID:55700(1건), ID:55701(1건), ID:55704(1건)
[2026-07-14 20:09:35] INFO: [POLLING] 종료 | 큐: 0건 | 번들맵: 4개
[2026-07-14 20:09:39] INFO: [REQ] contents=check-event | id=undefined
[2026-07-14 20:09:44] INFO: [POLLING] 시작 | 큐: 0건 | 처리중: 4건 | 번들: ID:55698(1건), ID:55700(1건), ID:55701(1건), ID:55704(1건)
[2026-07-14 20:09:45] INFO: [POLLING] 종료 | 큐: 0건 | 번들맵: 4개
[2026-07-14 20:09:54] INFO: [POLLING] 시작 | 큐: 0건 | 처리중: 4건 | 번들: ID:55698(1건), ID:55700(1건), ID:55701(1건), ID:55704(1건)
[2026-07-14 20:09:55] INFO: [POLLING] 종료 | 큐: 0건 | 번들맵: 4개
[2026-07-14 20:10:04] INFO: [POLLING] 시작 | 큐: 0건 | 처리중: 4건 | 번들: ID:55698(1건), ID:55700(1건), ID:55701(1건), ID:55704(1건)
[2026-07-14 20:10:05] INFO: [POLLING] 종료 | 큐: 0건 | 번들맵: 4개
[2026-07-14 20:10:14] INFO: [POLLING] 시작 | 큐: 0건 | 처리중: 4건 | 번들: ID:55698(1건), ID:55700(1건), ID:55701(1건), ID:55704(1건)
[2026-07-14 20:10:15] INFO: [POLLING] 종료 | 큐: 0건 | 번들맵: 4개
[2026-07-14 20:10:24] INFO: [POLLING] 시작 | 큐: 0건 | 처리중: 4건 | 번들: ID:55698(1건), ID:55700(1건), ID:55701(1건), ID:55704(1건)
[2026-07-14 20:10:25] INFO: [POLLING] 종료 | 큐: 0건 | 번들맵: 4개
[2026-07-14 20:10:33] INFO: [REQ] contents=check-event | id=undefined
[2026-07-14 20:10:34] INFO: [POLLING] 시작 | 큐: 0건 | 처리중: 4건 | 번들: ID:55698(1건), ID:55700(1건), ID:55701(1건), ID:55704(1건)
[2026-07-14 20:10:35] INFO: [POLLING] 종료 | 큐: 0건 | 번들맵: 4개
[2026-07-14 20:10:44] INFO: [POLLING] 시작 | 큐: 0건 | 처리중: 4건 | 번들: ID:55698(1건), ID:55700(1건), ID:55701(1건), ID:55704(1건)
[2026-07-14 20:10:45] INFO: [POLLING] 종료 | 큐: 0건 | 번들맵: 4개
[2026-07-14 20:10:54] INFO: [POLLING] 시작 | 큐: 0건 | 처리중: 4건 | 번들: ID:55698(1건), ID:55700(1건), ID:55701(1건), ID:55704(1건)
[2026-07-14 20:10:55] INFO: [POLLING] 종료 | 큐: 0건 | 번들맵: 4개
[2026-07-14 20:11:04] INFO: [POLLING] 시작 | 큐: 0건 | 처리중: 4건 | 번들: ID:55698(1건), ID:55700(1건), ID:55701(1건), ID:55704(1건)
[2026-07-14 20:11:05] INFO: [POLLING] 종료 | 큐: 0건 | 번들맵: 4개
[2026-07-14 20:11:14] INFO: [POLLING] 시작 | 큐: 0건 | 처리중: 4건 | 번들: ID:55698(1건), ID:55700(1건), ID:55701(1건), ID:55704(1건)
[2026-07-14 20:11:15] INFO: [POLLING] 종료 | 큐: 0건 | 번들맵: 4개
[2026-07-14 20:11:24] INFO: [POLLING] 시작 | 큐: 0건 | 처리중: 4건 | 번들: ID:55698(1건), ID:55700(1건), ID:55701(1건), ID:55704(1건)
[2026-07-14 20:11:25] INFO: [POLLING] 종료 | 큐: 0건 | 번들맵: 4개
[2026-07-14 20:11:30] INFO: [REQ] contents=check-event | id=undefined
[2026-07-14 20:11:34] INFO: [POLLING] 시작 | 큐: 0건 | 처리중: 4건 | 번들: ID:55698(1건), ID:55700(1건), ID:55701(1건), ID:55704(1건)
[2026-07-14 20:11:35] INFO: [POLLING] 종료 | 큐: 0건 | 번들맵: 4개
[2026-07-14 20:11:44] INFO: [POLLING] 시작 | 큐: 0건 | 처리중: 4건 | 번들: ID:55698(1건), ID:55700(1건), ID:55701(1건), ID:55704(1건)
[2026-07-14 20:11:45] INFO: [POLLING] 종료 | 큐: 0건 | 번들맵: 4개
[2026-07-14 20:11:54] INFO: [POLLING] 시작 | 큐: 0건 | 처리중: 4건 | 번들: ID:55698(1건), ID:55700(1건), ID:55701(1건), ID:55704(1건)
[2026-07-14 20:11:55] INFO: [POLLING] 종료 | 큐: 0건 | 번들맵: 4개
[2026-07-14 20:12:04] INFO: [POLLING] 시작 | 큐: 0건 | 처리중: 4건 | 번들: ID:55698(1건), ID:55700(1건), ID:55701(1건), ID:55704(1건)
[2026-07-14 20:12:05] INFO: [POLLING] 종료 | 큐: 0건 | 번들맵: 4개
[2026-07-14 20:12:14] INFO: [POLLING] 시작 | 큐: 0건 | 처리중: 4건 | 번들: ID:55698(1건), ID:55700(1건), ID:55701(1건), ID:55704(1건)
[2026-07-14 20:12:15] INFO: [POLLING] 종료 | 큐: 0건 | 번들맵: 4개
[2026-07-14 20:12:23] INFO: [REQ] contents=check-event | id=undefined
[2026-07-14 20:12:24] INFO: [POLLING] 시작 | 큐: 0건 | 처리중: 4건 | 번들: ID:55698(1건), ID:55700(1건), ID:55701(1건), ID:55704(1건)
[2026-07-14 20:12:25] INFO: [POLLING] 종료 | 큐: 0건 | 번들맵: 4개
[2026-07-14 20:12:34] INFO: [POLLING] 시작 | 큐: 0건 | 처리중: 4건 | 번들: ID:55698(1건), ID:55700(1건), ID:55701(1건), ID:55704(1건)
[2026-07-14 20:12:35] INFO: [POLLING] 종료 | 큐: 0건 | 번들맵: 4개
[2026-07-14 20:12:44] INFO: [POLLING] 시작 | 큐: 0건 | 처리중: 4건 | 번들: ID:55698(1건), ID:55700(1건), ID:55701(1건), ID:55704(1건)
[2026-07-14 20:12:45] INFO: [POLLING] 종료 | 큐: 0건 | 번들맵: 4개
[2026-07-14 20:12:54] INFO: [POLLING] 시작 | 큐: 0건 | 처리중: 4건 | 번들: ID:55698(1건), ID:55700(1건), ID:55701(1건), ID:55704(1건)
[2026-07-14 20:12:55] INFO: [POLLING] 종료 | 큐: 0건 | 번들맵: 4개
[2026-07-14 20:13:04] INFO: [POLLING] 시작 | 큐: 0건 | 처리중: 4건 | 번들: ID:55698(1건), ID:55700(1건), ID:55701(1건), ID:55704(1건)
[2026-07-14 20:13:05] INFO: [POLLING] 종료 | 큐: 0건 | 번들맵: 4개
[2026-07-14 20:13:10] INFO: [REQ] contents=check-event | id=undefined
[2026-07-14 20:13:14] INFO: [POLLING] 시작 | 큐: 0건 | 처리중: 4건 | 번들: ID:55698(1건), ID:55700(1건), ID:55701(1건), ID:55704(1건)
[2026-07-14 20:13:15] INFO: [POLLING] 종료 | 큐: 0건 | 번들맵: 4개
[2026-07-14 20:13:24] INFO: [POLLING] 시작 | 큐: 0건 | 처리중: 4건 | 번들: ID:55698(1건), ID:55700(1건), ID:55701(1건), ID:55704(1건)
[2026-07-14 20:13:25] INFO: [POLLING] 종료 | 큐: 0건 | 번들맵: 4개
[2026-07-14 20:13:34] INFO: [POLLING] 시작 | 큐: 0건 | 처리중: 4건 | 번들: ID:55698(1건), ID:55700(1건), ID:55701(1건), ID:55704(1건)
[2026-07-14 20:13:35] INFO: [POLLING] 종료 | 큐: 0건 | 번들맵: 4개
[2026-07-14 20:13:44] INFO: [POLLING] 시작 | 큐: 0건 | 처리중: 4건 | 번들: ID:55698(1건), ID:55700(1건), ID:55701(1건), ID:55704(1건)
[2026-07-14 20:13:45] INFO: [POLLING] 종료 | 큐: 0건 | 번들맵: 4개
[2026-07-14 20:13:54] INFO: [POLLING] 시작 | 큐: 0건 | 처리중: 4건 | 번들: ID:55698(1건), ID:55700(1건), ID:55701(1건), ID:55704(1건)
[2026-07-14 20:13:55] INFO: [POLLING] 종료 | 큐: 0건 | 번들맵: 4개
[2026-07-14 20:14:03] INFO: [REQ] contents=check-event | id=undefined
[2026-07-14 20:14:04] INFO: [POLLING] 시작 | 큐: 0건 | 처리중: 4건 | 번들: ID:55698(1건), ID:55700(1건), ID:55701(1건), ID:55704(1건)
[2026-07-14 20:14:05] INFO: [POLLING] 종료 | 큐: 0건 | 번들맵: 4개
[2026-07-14 20:14:15] INFO: [POLLING] 시작 | 큐: 0건 | 처리중: 4건 | 번들: ID:55698(1건), ID:55700(1건), ID:55701(1건), ID:55704(1건)
[2026-07-14 20:14:15] INFO: [POLLING] 종료 | 큐: 0건 | 번들맵: 4개
[2026-07-14 20:14:25] INFO: [POLLING] 시작 | 큐: 0건 | 처리중: 4건 | 번들: ID:55698(1건), ID:55700(1건), ID:55701(1건), ID:55704(1건)
[2026-07-14 20:14:25] INFO: [POLLING] 종료 | 큐: 0건 | 번들맵: 4개
[2026-07-14 20:14:30] INFO: [REQ] contents=check-event | id=undefined
[2026-07-14 20:14:35] INFO: [POLLING] 시작 | 큐: 0건 | 처리중: 4건 | 번들: ID:55698(1건), ID:55700(1건), ID:55701(1건), ID:55704(1건)
[2026-07-14 20:14:35] INFO: [POLLING] 종료 | 큐: 0건 | 번들맵: 4개
[2026-07-14 20:14:45] INFO: [POLLING] 시작 | 큐: 0건 | 처리중: 4건 | 번들: ID:55698(1건), ID:55700(1건), ID:55701(1건), ID:55704(1건)
[2026-07-14 20:14:45] INFO: [POLLING] 종료 | 큐: 0건 | 번들맵: 4개
[2026-07-14 20:14:55] INFO: [POLLING] 시작 | 큐: 0건 | 처리중: 4건 | 번들: ID:55698(1건), ID:55700(1건), ID:55701(1건), ID:55704(1건)
[2026-07-14 20:14:55] INFO: [POLLING] 종료 | 큐: 0건 | 번들맵: 4개
[2026-07-14 20:15:05] INFO: [POLLING] 시작 | 큐: 0건 | 처리중: 4건 | 번들: ID:55698(1건), ID:55700(1건), ID:55701(1건), ID:55704(1건)
[2026-07-14 20:15:05] INFO: [POLLING] 종료 | 큐: 0건 | 번들맵: 4개
[2026-07-14 20:15:15] INFO: [POLLING] 시작 | 큐: 0건 | 처리중: 4건 | 번들: ID:55698(1건), ID:55700(1건), ID:55701(1건), ID:55704(1건)
[2026-07-14 20:15:15] INFO: [POLLING] 종료 | 큐: 0건 | 번들맵: 4개
[2026-07-14 20:15:25] INFO: [POLLING] 시작 | 큐: 0건 | 처리중: 4건 | 번들: ID:55698(1건), ID:55700(1건), ID:55701(1건), ID:55704(1건)
[2026-07-14 20:15:25] INFO: [POLLING] 종료 | 큐: 0건 | 번들맵: 4개
[2026-07-14 20:15:33] INFO: [REQ] contents=check-event | id=undefined
[2026-07-14 20:15:35] INFO: [POLLING] 시작 | 큐: 0건 | 처리중: 4건 | 번들: ID:55698(1건), ID:55700(1건), ID:55701(1건), ID:55704(1건)
[2026-07-14 20:15:35] INFO: [POLLING] 종료 | 큐: 0건 | 번들맵: 4개
[2026-07-14 20:15:45] INFO: [POLLING] 시작 | 큐: 0건 | 처리중: 4건 | 번들: ID:55698(1건), ID:55700(1건), ID:55701(1건), ID:55704(1건)
[2026-07-14 20:15:45] INFO: [POLLING] 종료 | 큐: 0건 | 번들맵: 4개
[2026-07-14 20:15:55] INFO: [POLLING] 시작 | 큐: 0건 | 처리중: 4건 | 번들: ID:55698(1건), ID:55700(1건), ID:55701(1건), ID:55704(1건)
[2026-07-14 20:15:55] INFO: [POLLING] 종료 | 큐: 0건 | 번들맵: 4개
[2026-07-14 20:16:05] INFO: [POLLING] 시작 | 큐: 0건 | 처리중: 4건 | 번들: ID:55698(1건), ID:55700(1건), ID:55701(1건), ID:55704(1건)
[2026-07-14 20:16:05] INFO: [POLLING] 종료 | 큐: 0건 | 번들맵: 4개
[2026-07-14 20:16:15] INFO: [POLLING] 시작 | 큐: 0건 | 처리중: 4건 | 번들: ID:55698(1건), ID:55700(1건), ID:55701(1건), ID:55704(1건)
[2026-07-14 20:16:15] INFO: [POLLING] 종료 | 큐: 0건 | 번들맵: 4개
[2026-07-14 20:16:20] INFO: [REQ] contents=check-event | id=undefined
[2026-07-14 20:16:25] INFO: [POLLING] 시작 | 큐: 0건 | 처리중: 4건 | 번들: ID:55698(1건), ID:55700(1건), ID:55701(1건), ID:55704(1건)
[2026-07-14 20:16:25] INFO: [POLLING] 종료 | 큐: 0건 | 번들맵: 4개
[2026-07-14 20:16:35] INFO: [POLLING] 시작 | 큐: 0건 | 처리중: 4건 | 번들: ID:55698(1건), ID:55700(1건), ID:55701(1건), ID:55704(1건)
[2026-07-14 20:16:35] INFO: [POLLING] 종료 | 큐: 0건 | 번들맵: 4개
[2026-07-14 20:16:45] INFO: [POLLING] 시작 | 큐: 0건 | 처리중: 4건 | 번들: ID:55698(1건), ID:55700(1건), ID:55701(1건), ID:55704(1건)
[2026-07-14 20:16:45] INFO: [POLLING] 종료 | 큐: 0건 | 번들맵: 4개
[2026-07-14 20:16:55] INFO: [POLLING] 시작 | 큐: 0건 | 처리중: 4건 | 번들: ID:55698(1건), ID:55700(1건), ID:55701(1건), ID:55704(1건)
[2026-07-14 20:16:55] INFO: [POLLING] 종료 | 큐: 0건 | 번들맵: 4개
[2026-07-14 20:17:05] INFO: [POLLING] 시작 | 큐: 0건 | 처리중: 4건 | 번들: ID:55698(1건), ID:55700(1건), ID:55701(1건), ID:55704(1건)
[2026-07-14 20:17:05] INFO: [POLLING] 종료 | 큐: 0건 | 번들맵: 4개
[2026-07-14 20:17:15] INFO: [POLLING] 시작 | 큐: 0건 | 처리중: 4건 | 번들: ID:55698(1건), ID:55700(1건), ID:55701(1건), ID:55704(1건)
[2026-07-14 20:17:15] INFO: [POLLING] 종료 | 큐: 0건 | 번들맵: 4개
[2026-07-14 20:17:24] INFO: [REQ] contents=check-event | id=undefined
[2026-07-14 20:17:25] INFO: [POLLING] 시작 | 큐: 0건 | 처리중: 4건 | 번들: ID:55698(1건), ID:55700(1건), ID:55701(1건), ID:55704(1건)
[2026-07-14 20:17:25] INFO: [POLLING] 종료 | 큐: 0건 | 번들맵: 4개
[2026-07-14 20:17:35] INFO: [POLLING] 시작 | 큐: 0건 | 처리중: 4건 | 번들: ID:55698(1건), ID:55700(1건), ID:55701(1건), ID:55704(1건)
[2026-07-14 20:17:35] INFO: [POLLING] 종료 | 큐: 0건 | 번들맵: 4개
[2026-07-14 20:17:45] INFO: [POLLING] 시작 | 큐: 0건 | 처리중: 4건 | 번들: ID:55698(1건), ID:55700(1건), ID:55701(1건), ID:55704(1건)
[2026-07-14 20:17:45] INFO: [POLLING] 종료 | 큐: 0건 | 번들맵: 4개
[2026-07-14 20:17:55] INFO: [POLLING] 시작 | 큐: 0건 | 처리중: 4건 | 번들: ID:55698(1건), ID:55700(1건), ID:55701(1건), ID:55704(1건)
[2026-07-14 20:17:55] INFO: [POLLING] 종료 | 큐: 0건 | 번들맵: 4개
[2026-07-14 20:18:00] INFO: [REQ] contents=check-event | id=undefined
[2026-07-14 20:18:05] INFO: [POLLING] 시작 | 큐: 0건 | 처리중: 4건 | 번들: ID:55698(1건), ID:55700(1건), ID:55701(1건), ID:55704(1건)
[2026-07-14 20:18:05] INFO: [POLLING] 종료 | 큐: 0건 | 번들맵: 4개
[2026-07-14 20:18:15] INFO: [POLLING] 시작 | 큐: 0건 | 처리중: 4건 | 번들: ID:55698(1건), ID:55700(1건), ID:55701(1건), ID:55704(1건)
[2026-07-14 20:18:15] INFO: [POLLING] 종료 | 큐: 0건 | 번들맵: 4개
[2026-07-14 20:18:25] INFO: [POLLING] 시작 | 큐: 0건 | 처리중: 4건 | 번들: ID:55698(1건), ID:55700(1건), ID:55701(1건), ID:55704(1건)
[2026-07-14 20:18:25] INFO: [POLLING] 종료 | 큐: 0건 | 번들맵: 4개
[2026-07-14 20:18:35] INFO: [POLLING] 시작 | 큐: 0건 | 처리중: 4건 | 번들: ID:55698(1건), ID:55700(1건), ID:55701(1건), ID:55704(1건)
[2026-07-14 20:18:35] INFO: [POLLING] 종료 | 큐: 0건 | 번들맵: 4개
[2026-07-14 20:18:45] INFO: [POLLING] 시작 | 큐: 0건 | 처리중: 4건 | 번들: ID:55698(1건), ID:55700(1건), ID:55701(1건), ID:55704(1건)
[2026-07-14 20:18:45] INFO: [POLLING] 종료 | 큐: 0건 | 번들맵: 4개
[2026-07-14 20:18:55] INFO: [POLLING] 시작 | 큐: 0건 | 처리중: 4건 | 번들: ID:55698(1건), ID:55700(1건), ID:55701(1건), ID:55704(1건)
[2026-07-14 20:18:55] INFO: [POLLING] 종료 | 큐: 0건 | 번들맵: 4개
[2026-07-14 20:19:04] INFO: [REQ] contents=check-event | id=undefined
[2026-07-14 20:19:05] INFO: [POLLING] 시작 | 큐: 0건 | 처리중: 4건 | 번들: ID:55698(1건), ID:55700(1건), ID:55701(1건), ID:55704(1건)
[2026-07-14 20:19:05] INFO: [POLLING] 종료 | 큐: 0건 | 번들맵: 4개
[2026-07-14 20:19:15] INFO: [POLLING] 시작 | 큐: 0건 | 처리중: 4건 | 번들: ID:55698(1건), ID:55700(1건), ID:55701(1건), ID:55704(1건)
[2026-07-14 20:19:15] INFO: [POLLING] 종료 | 큐: 0건 | 번들맵: 4개
[2026-07-14 20:19:25] INFO: [POLLING] 시작 | 큐: 0건 | 처리중: 4건 | 번들: ID:55698(1건), ID:55700(1건), ID:55701(1건), ID:55704(1건)
[2026-07-14 20:19:25] INFO: [POLLING] 종료 | 큐: 0건 | 번들맵: 4개
[2026-07-14 20:19:30] INFO: [REQ] contents=check-event | id=undefined
[2026-07-14 20:19:35] INFO: [POLLING] 시작 | 큐: 0건 | 처리중: 4건 | 번들: ID:55698(1건), ID:55700(1건), ID:55701(1건), ID:55704(1건)
[2026-07-14 20:19:35] INFO: [POLLING] 종료 | 큐: 0건 | 번들맵: 4개
[2026-07-14 20:19:45] INFO: [POLLING] 시작 | 큐: 0건 | 처리중: 4건 | 번들: ID:55698(1건), ID:55700(1건), ID:55701(1건), ID:55704(1건)
[2026-07-14 20:19:45] INFO: [POLLING] 종료 | 큐: 0건 | 번들맵: 4개
[2026-07-14 20:19:55] INFO: [POLLING] 시작 | 큐: 0건 | 처리중: 4건 | 번들: ID:55698(1건), ID:55700(1건), ID:55701(1건), ID:55704(1건)
[2026-07-14 20:19:55] INFO: [POLLING] 종료 | 큐: 0건 | 번들맵: 4개
[2026-07-14 20:20:05] INFO: [POLLING] 시작 | 큐: 0건 | 처리중: 4건 | 번들: ID:55698(1건), ID:55700(1건), ID:55701(1건), ID:55704(1건)
[2026-07-14 20:20:06] INFO: [POLLING] 종료 | 큐: 0건 | 번들맵: 4개
[2026-07-14 20:20:15] INFO: [POLLING] 시작 | 큐: 0건 | 처리중: 4건 | 번들: ID:55698(1건), ID:55700(1건), ID:55701(1건), ID:55704(1건)
[2026-07-14 20:20:15] INFO: [POLLING] 종료 | 큐: 0건 | 번들맵: 4개
[2026-07-14 20:20:25] INFO: [POLLING] 시작 | 큐: 0건 | 처리중: 4건 | 번들: ID:55698(1건), ID:55700(1건), ID:55701(1건), ID:55704(1건)
[2026-07-14 20:20:25] INFO: [POLLING] 종료 | 큐: 0건 | 번들맵: 4개
[2026-07-14 20:20:34] INFO: [REQ] contents=check-event | id=undefined
[2026-07-14 20:20:35] INFO: [POLLING] 시작 | 큐: 0건 | 처리중: 4건 | 번들: ID:55698(1건), ID:55700(1건), ID:55701(1건), ID:55704(1건)
[2026-07-14 20:20:36] INFO: [POLLING] 종료 | 큐: 0건 | 번들맵: 4개
[2026-07-14 20:20:45] INFO: [POLLING] 시작 | 큐: 0건 | 처리중: 4건 | 번들: ID:55698(1건), ID:55700(1건), ID:55701(1건), ID:55704(1건)
[2026-07-14 20:20:46] INFO: [POLLING] 종료 | 큐: 0건 | 번들맵: 4개
[2026-07-14 20:20:55] INFO: [POLLING] 시작 | 큐: 0건 | 처리중: 4건 | 번들: ID:55698(1건), ID:55700(1건), ID:55701(1건), ID:55704(1건)
[2026-07-14 20:20:56] INFO: [POLLING] 종료 | 큐: 0건 | 번들맵: 4개
[2026-07-14 20:21:05] INFO: [POLLING] 시작 | 큐: 0건 | 처리중: 4건 | 번들: ID:55698(1건), ID:55700(1건), ID:55701(1건), ID:55704(1건)
[2026-07-14 20:21:06] INFO: [POLLING] 종료 | 큐: 0건 | 번들맵: 4개
[2026-07-14 20:21:15] INFO: [POLLING] 시작 | 큐: 0건 | 처리중: 4건 | 번들: ID:55698(1건), ID:55700(1건), ID:55701(1건), ID:55704(1건)
[2026-07-14 20:21:16] INFO: [POLLING] 종료 | 큐: 0건 | 번들맵: 4개
[2026-07-14 20:21:21] INFO: [REQ] contents=check-event | id=undefined
[2026-07-14 20:21:25] INFO: [POLLING] 시작 | 큐: 0건 | 처리중: 4건 | 번들: ID:55698(1건), ID:55700(1건), ID:55701(1건), ID:55704(1건)
[2026-07-14 20:21:26] INFO: [POLLING] 종료 | 큐: 0건 | 번들맵: 4개
[2026-07-14 20:21:35] INFO: [POLLING] 시작 | 큐: 0건 | 처리중: 4건 | 번들: ID:55698(1건), ID:55700(1건), ID:55701(1건), ID:55704(1건)
[2026-07-14 20:21:36] INFO: [POLLING] 종료 | 큐: 0건 | 번들맵: 4개
[2026-07-14 20:21:45] INFO: [POLLING] 시작 | 큐: 0건 | 처리중: 4건 | 번들: ID:55698(1건), ID:55700(1건), ID:55701(1건), ID:55704(1건)
[2026-07-14 20:21:46] INFO: [POLLING] 종료 | 큐: 0건 | 번들맵: 4개
[2026-07-14 20:21:55] INFO: [POLLING] 시작 | 큐: 0건 | 처리중: 4건 | 번들: ID:55698(1건), ID:55700(1건), ID:55701(1건), ID:55704(1건)
[2026-07-14 20:21:56] INFO: [POLLING] 종료 | 큐: 0건 | 번들맵: 4개
[2026-07-14 20:22:05] INFO: [POLLING] 시작 | 큐: 0건 | 처리중: 4건 | 번들: ID:55698(1건), ID:55700(1건), ID:55701(1건), ID:55704(1건)
[2026-07-14 20:22:06] INFO: [POLLING] 종료 | 큐: 0건 | 번들맵: 4개
[2026-07-14 20:22:15] INFO: [POLLING] 시작 | 큐: 0건 | 처리중: 4건 | 번들: ID:55698(1건), ID:55700(1건), ID:55701(1건), ID:55704(1건)
[2026-07-14 20:22:16] INFO: [POLLING] 종료 | 큐: 0건 | 번들맵: 4개
[2026-07-14 20:22:24] INFO: [REQ] contents=check-event | id=undefined
[2026-07-14 20:22:25] INFO: [POLLING] 시작 | 큐: 0건 | 처리중: 4건 | 번들: ID:55698(1건), ID:55700(1건), ID:55701(1건), ID:55704(1건)
[2026-07-14 20:22:26] INFO: [POLLING] 종료 | 큐: 0건 | 번들맵: 4개
[2026-07-14 20:22:35] INFO: [POLLING] 시작 | 큐: 0건 | 처리중: 4건 | 번들: ID:55698(1건), ID:55700(1건), ID:55701(1건), ID:55704(1건)
[2026-07-14 20:22:36] INFO: [POLLING] 종료 | 큐: 0건 | 번들맵: 4개
[2026-07-14 20:22:45] INFO: [POLLING] 시작 | 큐: 0건 | 처리중: 4건 | 번들: ID:55698(1건), ID:55700(1건), ID:55701(1건), ID:55704(1건)
[2026-07-14 20:22:46] INFO: [POLLING] 종료 | 큐: 0건 | 번들맵: 4개
[2026-07-14 20:22:55] INFO: [POLLING] 시작 | 큐: 0건 | 처리중: 4건 | 번들: ID:55698(1건), ID:55700(1건), ID:55701(1건), ID:55704(1건)
[2026-07-14 20:22:56] INFO: [POLLING] 종료 | 큐: 0건 | 번들맵: 4개
[2026-07-14 20:23:01] INFO: [REQ] contents=check-event | id=undefined
[2026-07-14 20:23:05] INFO: [POLLING] 시작 | 큐: 0건 | 처리중: 4건 | 번들: ID:55698(1건), ID:55700(1건), ID:55701(1건), ID:55704(1건)
[2026-07-14 20:23:06] INFO: [POLLING] 종료 | 큐: 0건 | 번들맵: 4개
[2026-07-14 20:23:15] INFO: [POLLING] 시작 | 큐: 0건 | 처리중: 4건 | 번들: ID:55698(1건), ID:55700(1건), ID:55701(1건), ID:55704(1건)
[2026-07-14 20:23:16] INFO: [POLLING] 종료 | 큐: 0건 | 번들맵: 4개
[2026-07-14 20:23:25] INFO: [POLLING] 시작 | 큐: 0건 | 처리중: 4건 | 번들: ID:55698(1건), ID:55700(1건), ID:55701(1건), ID:55704(1건)
[2026-07-14 20:23:26] INFO: [POLLING] 종료 | 큐: 0건 | 번들맵: 4개
[2026-07-14 20:23:35] INFO: [POLLING] 시작 | 큐: 0건 | 처리중: 4건 | 번들: ID:55698(1건), ID:55700(1건), ID:55701(1건), ID:55704(1건)
[2026-07-14 20:23:36] INFO: [POLLING] 종료 | 큐: 0건 | 번들맵: 4개
[2026-07-14 20:23:45] INFO: [POLLING] 시작 | 큐: 0건 | 처리중: 4건 | 번들: ID:55698(1건), ID:55700(1건), ID:55701(1건), ID:55704(1건)
[2026-07-14 20:23:46] INFO: [POLLING] 종료 | 큐: 0건 | 번들맵: 4개
[2026-07-14 20:23:55] INFO: [POLLING] 시작 | 큐: 0건 | 처리중: 4건 | 번들: ID:55698(1건), ID:55700(1건), ID:55701(1건), ID:55704(1건)
[2026-07-14 20:23:56] INFO: [POLLING] 종료 | 큐: 0건 | 번들맵: 4개
[2026-07-14 20:24:04] INFO: [REQ] contents=check-event | id=undefined
[2026-07-14 20:24:05] INFO: [POLLING] 시작 | 큐: 0건 | 처리중: 4건 | 번들: ID:55698(1건), ID:55700(1건), ID:55701(1건), ID:55704(1건)
[2026-07-14 20:24:06] INFO: [POLLING] 종료 | 큐: 0건 | 번들맵: 4개
[2026-07-14 20:24:15] INFO: [POLLING] 시작 | 큐: 0건 | 처리중: 4건 | 번들: ID:55698(1건), ID:55700(1건), ID:55701(1건), ID:55704(1건)
[2026-07-14 20:24:16] INFO: [POLLING] 종료 | 큐: 0건 | 번들맵: 4개
[2026-07-14 20:24:25] INFO: [POLLING] 시작 | 큐: 0건 | 처리중: 4건 | 번들: ID:55698(1건), ID:55700(1건), ID:55701(1건), ID:55704(1건)
[2026-07-14 20:24:26] INFO: [POLLING] 종료 | 큐: 0건 | 번들맵: 4개
[2026-07-14 20:24:31] INFO: [REQ] contents=check-event | id=undefined
[2026-07-14 20:24:35] INFO: [POLLING] 시작 | 큐: 0건 | 처리중: 4건 | 번들: ID:55698(1건), ID:55700(1건), ID:55701(1건), ID:55704(1건)
[2026-07-14 20:24:36] INFO: [POLLING] 종료 | 큐: 0건 | 번들맵: 4개
[2026-07-14 20:24:45] INFO: [POLLING] 시작 | 큐: 0건 | 처리중: 4건 | 번들: ID:55698(1건), ID:55700(1건), ID:55701(1건), ID:55704(1건)
[2026-07-14 20:24:46] INFO: [POLLING] 종료 | 큐: 0건 | 번들맵: 4개
[2026-07-14 20:24:55] INFO: [POLLING] 시작 | 큐: 0건 | 처리중: 4건 | 번들: ID:55698(1건), ID:55700(1건), ID:55701(1건), ID:55704(1건)
[2026-07-14 20:24:56] INFO: [POLLING] 종료 | 큐: 0건 | 번들맵: 4개
[2026-07-14 20:25:05] INFO: [POLLING] 시작 | 큐: 0건 | 처리중: 4건 | 번들: ID:55698(1건), ID:55700(1건), ID:55701(1건), ID:55704(1건)
[2026-07-14 20:25:06] INFO: [POLLING] 종료 | 큐: 0건 | 번들맵: 4개
[2026-07-14 20:25:15] INFO: [POLLING] 시작 | 큐: 0건 | 처리중: 4건 | 번들: ID:55698(1건), ID:55700(1건), ID:55701(1건), ID:55704(1건)
[2026-07-14 20:25:16] INFO: [POLLING] 종료 | 큐: 0건 | 번들맵: 4개
[2026-07-14 20:25:25] INFO: [POLLING] 시작 | 큐: 0건 | 처리중: 4건 | 번들: ID:55698(1건), ID:55700(1건), ID:55701(1건), ID:55704(1건)
[2026-07-14 20:25:26] INFO: [POLLING] 종료 | 큐: 0건 | 번들맵: 4개
[2026-07-14 20:25:34] INFO: [REQ] contents=check-event | id=undefined
[2026-07-14 20:25:35] INFO: [POLLING] 시작 | 큐: 0건 | 처리중: 4건 | 번들: ID:55698(1건), ID:55700(1건), ID:55701(1건), ID:55704(1건)
[2026-07-14 20:25:36] INFO: [POLLING] 종료 | 큐: 0건 | 번들맵: 4개
[2026-07-14 20:25:45] INFO: [POLLING] 시작 | 큐: 0건 | 처리중: 4건 | 번들: ID:55698(1건), ID:55700(1건), ID:55701(1건), ID:55704(1건)
[2026-07-14 20:25:46] INFO: [POLLING] 종료 | 큐: 0건 | 번들맵: 4개
[2026-07-14 20:25:55] INFO: [POLLING] 시작 | 큐: 0건 | 처리중: 4건 | 번들: ID:55698(1건), ID:55700(1건), ID:55701(1건), ID:55704(1건)
[2026-07-14 20:25:56] INFO: [POLLING] 종료 | 큐: 0건 | 번들맵: 4개
[2026-07-14 20:26:05] INFO: [POLLING] 시작 | 큐: 0건 | 처리중: 4건 | 번들: ID:55698(1건), ID:55700(1건), ID:55701(1건), ID:55704(1건)
[2026-07-14 20:26:06] INFO: [POLLING] 종료 | 큐: 0건 | 번들맵: 4개
[2026-07-14 20:26:15] INFO: [POLLING] 시작 | 큐: 0건 | 처리중: 4건 | 번들: ID:55698(1건), ID:55700(1건), ID:55701(1건), ID:55704(1건)
[2026-07-14 20:26:16] INFO: [POLLING] 종료 | 큐: 0건 | 번들맵: 4개
[2026-07-14 20:26:21] INFO: [REQ] contents=check-event | id=undefined
[2026-07-14 20:26:25] INFO: [POLLING] 시작 | 큐: 0건 | 처리중: 4건 | 번들: ID:55698(1건), ID:55700(1건), ID:55701(1건), ID:55704(1건)
[2026-07-14 20:26:26] INFO: [POLLING] 종료 | 큐: 0건 | 번들맵: 4개
[2026-07-14 20:26:35] INFO: [POLLING] 시작 | 큐: 0건 | 처리중: 4건 | 번들: ID:55698(1건), ID:55700(1건), ID:55701(1건), ID:55704(1건)
[2026-07-14 20:26:36] INFO: [POLLING] 종료 | 큐: 0건 | 번들맵: 4개
[2026-07-14 20:26:45] INFO: [POLLING] 시작 | 큐: 0건 | 처리중: 4건 | 번들: ID:55698(1건), ID:55700(1건), ID:55701(1건), ID:55704(1건)
[2026-07-14 20:26:46] INFO: [POLLING] 종료 | 큐: 0건 | 번들맵: 4개
[2026-07-14 20:26:55] INFO: [POLLING] 시작 | 큐: 0건 | 처리중: 4건 | 번들: ID:55698(1건), ID:55700(1건), ID:55701(1건), ID:55704(1건)
[2026-07-14 20:26:56] INFO: [POLLING] 종료 | 큐: 0건 | 번들맵: 4개
[2026-07-14 20:27:05] INFO: [POLLING] 시작 | 큐: 0건 | 처리중: 4건 | 번들: ID:55698(1건), ID:55700(1건), ID:55701(1건), ID:55704(1건)
[2026-07-14 20:27:06] INFO: [POLLING] 종료 | 큐: 0건 | 번들맵: 4개
[2026-07-14 20:27:15] INFO: [POLLING] 시작 | 큐: 0건 | 처리중: 4건 | 번들: ID:55698(1건), ID:55700(1건), ID:55701(1건), ID:55704(1건)
[2026-07-14 20:27:16] INFO: [POLLING] 종료 | 큐: 0건 | 번들맵: 4개
[2026-07-14 20:27:24] INFO: [REQ] contents=check-event | id=undefined
[2026-07-14 20:27:25] INFO: [POLLING] 시작 | 큐: 0건 | 처리중: 4건 | 번들: ID:55698(1건), ID:55700(1건), ID:55701(1건), ID:55704(1건)
[2026-07-14 20:27:26] INFO: [POLLING] 종료 | 큐: 0건 | 번들맵: 4개
[2026-07-14 20:27:35] INFO: [POLLING] 시작 | 큐: 0건 | 처리중: 4건 | 번들: ID:55698(1건), ID:55700(1건), ID:55701(1건), ID:55704(1건)
[2026-07-14 20:27:36] INFO: [POLLING] 종료 | 큐: 0건 | 번들맵: 4개
[2026-07-14 20:27:45] INFO: [POLLING] 시작 | 큐: 0건 | 처리중: 4건 | 번들: ID:55698(1건), ID:55700(1건), ID:55701(1건), ID:55704(1건)
[2026-07-14 20:27:46] INFO: [POLLING] 종료 | 큐: 0건 | 번들맵: 4개
[2026-07-14 20:27:55] INFO: [POLLING] 시작 | 큐: 0건 | 처리중: 4건 | 번들: ID:55698(1건), ID:55700(1건), ID:55701(1건), ID:55704(1건)
[2026-07-14 20:27:56] INFO: [POLLING] 종료 | 큐: 0건 | 번들맵: 4개
[2026-07-14 20:28:01] INFO: [REQ] contents=check-event | id=undefined
[2026-07-14 20:28:05] INFO: [POLLING] 시작 | 큐: 0건 | 처리중: 4건 | 번들: ID:55698(1건), ID:55700(1건), ID:55701(1건), ID:55704(1건)
[2026-07-14 20:28:06] INFO: [POLLING] 종료 | 큐: 0건 | 번들맵: 4개
[2026-07-14 20:28:15] INFO: [POLLING] 시작 | 큐: 0건 | 처리중: 4건 | 번들: ID:55698(1건), ID:55700(1건), ID:55701(1건), ID:55704(1건)
[2026-07-14 20:28:16] INFO: [POLLING] 종료 | 큐: 0건 | 번들맵: 4개
[2026-07-14 20:28:25] INFO: [POLLING] 시작 | 큐: 0건 | 처리중: 4건 | 번들: ID:55698(1건), ID:55700(1건), ID:55701(1건), ID:55704(1건)
[2026-07-14 20:28:26] INFO: [POLLING] 종료 | 큐: 0건 | 번들맵: 4개
[2026-07-14 20:28:35] INFO: [POLLING] 시작 | 큐: 0건 | 처리중: 4건 | 번들: ID:55698(1건), ID:55700(1건), ID:55701(1건), ID:55704(1건)
[2026-07-14 20:28:36] INFO: [POLLING] 종료 | 큐: 0건 | 번들맵: 4개
[2026-07-14 20:28:45] INFO: [POLLING] 시작 | 큐: 0건 | 처리중: 4건 | 번들: ID:55698(1건), ID:55700(1건), ID:55701(1건), ID:55704(1건)
[2026-07-14 20:28:46] INFO: [POLLING] 종료 | 큐: 0건 | 번들맵: 4개
[2026-07-14 20:28:55] INFO: [POLLING] 시작 | 큐: 0건 | 처리중: 4건 | 번들: ID:55698(1건), ID:55700(1건), ID:55701(1건), ID:55704(1건)
[2026-07-14 20:28:56] INFO: [POLLING] 종료 | 큐: 0건 | 번들맵: 4개
[2026-07-14 20:29:05] INFO: [REQ] contents=check-event | id=undefined
[2026-07-14 20:29:06] INFO: [POLLING] 시작 | 큐: 0건 | 처리중: 4건 | 번들: ID:55698(1건), ID:55700(1건), ID:55701(1건), ID:55704(1건)
[2026-07-14 20:29:06] INFO: [POLLING] 종료 | 큐: 0건 | 번들맵: 4개
[2026-07-14 20:29:16] INFO: [POLLING] 시작 | 큐: 0건 | 처리중: 4건 | 번들: ID:55698(1건), ID:55700(1건), ID:55701(1건), ID:55704(1건)
[2026-07-14 20:29:16] INFO: [POLLING] 종료 | 큐: 0건 | 번들맵: 4개
[2026-07-14 20:29:26] INFO: [POLLING] 시작 | 큐: 0건 | 처리중: 4건 | 번들: ID:55698(1건), ID:55700(1건), ID:55701(1건), ID:55704(1건)
[2026-07-14 20:29:26] INFO: [POLLING] 종료 | 큐: 0건 | 번들맵: 4개
[2026-07-14 20:29:31] INFO: [REQ] contents=check-event | id=undefined
[2026-07-14 20:29:36] INFO: [POLLING] 시작 | 큐: 0건 | 처리중: 4건 | 번들: ID:55698(1건), ID:55700(1건), ID:55701(1건), ID:55704(1건)
[2026-07-14 20:29:36] INFO: [POLLING] 종료 | 큐: 0건 | 번들맵: 4개
[2026-07-14 20:29:46] INFO: [POLLING] 시작 | 큐: 0건 | 처리중: 4건 | 번들: ID:55698(1건), ID:55700(1건), ID:55701(1건), ID:55704(1건)
[2026-07-14 20:29:46] INFO: [POLLING] 종료 | 큐: 0건 | 번들맵: 4개
[2026-07-14 20:29:56] INFO: [POLLING] 시작 | 큐: 0건 | 처리중: 4건 | 번들: ID:55698(1건), ID:55700(1건), ID:55701(1건), ID:55704(1건)
[2026-07-14 20:29:56] INFO: [POLLING] 종료 | 큐: 0건 | 번들맵: 4개
[2026-07-14 20:30:06] INFO: [POLLING] 시작 | 큐: 0건 | 처리중: 4건 | 번들: ID:55698(1건), ID:55700(1건), ID:55701(1건), ID:55704(1건)
[2026-07-14 20:30:06] INFO: [POLLING] 종료 | 큐: 0건 | 번들맵: 4개
[2026-07-14 20:30:16] INFO: [POLLING] 시작 | 큐: 0건 | 처리중: 4건 | 번들: ID:55698(1건), ID:55700(1건), ID:55701(1건), ID:55704(1건)
[2026-07-14 20:30:16] INFO: [POLLING] 종료 | 큐: 0건 | 번들맵: 4개
[2026-07-14 20:30:26] INFO: [POLLING] 시작 | 큐: 0건 | 처리중: 4건 | 번들: ID:55698(1건), ID:55700(1건), ID:55701(1건), ID:55704(1건)
[2026-07-14 20:30:26] INFO: [POLLING] 종료 | 큐: 0건 | 번들맵: 4개
[2026-07-14 20:30:35] INFO: [REQ] contents=check-event | id=undefined
[2026-07-14 20:30:36] INFO: [POLLING] 시작 | 큐: 0건 | 처리중: 4건 | 번들: ID:55698(1건), ID:55700(1건), ID:55701(1건), ID:55704(1건)
[2026-07-14 20:30:36] INFO: [POLLING] 종료 | 큐: 0건 | 번들맵: 4개
[2026-07-14 20:30:46] INFO: [POLLING] 시작 | 큐: 0건 | 처리중: 4건 | 번들: ID:55698(1건), ID:55700(1건), ID:55701(1건), ID:55704(1건)
[2026-07-14 20:30:46] INFO: [POLLING] 종료 | 큐: 0건 | 번들맵: 4개
[2026-07-14 20:30:56] INFO: [POLLING] 시작 | 큐: 0건 | 처리중: 4건 | 번들: ID:55698(1건), ID:55700(1건), ID:55701(1건), ID:55704(1건)
[2026-07-14 20:30:56] INFO: [POLLING] 종료 | 큐: 0건 | 번들맵: 4개
[2026-07-14 20:31:06] INFO: [POLLING] 시작 | 큐: 0건 | 처리중: 4건 | 번들: ID:55698(1건), ID:55700(1건), ID:55701(1건), ID:55704(1건)
[2026-07-14 20:31:06] INFO: [POLLING] 종료 | 큐: 0건 | 번들맵: 4개
[2026-07-14 20:31:16] INFO: [POLLING] 시작 | 큐: 0건 | 처리중: 4건 | 번들: ID:55698(1건), ID:55700(1건), ID:55701(1건), ID:55704(1건)
[2026-07-14 20:31:16] INFO: [POLLING] 종료 | 큐: 0건 | 번들맵: 4개
[2026-07-14 20:31:22] INFO: [REQ] contents=check-event | id=undefined
[2026-07-14 20:31:26] INFO: [POLLING] 시작 | 큐: 0건 | 처리중: 4건 | 번들: ID:55698(1건), ID:55700(1건), ID:55701(1건), ID:55704(1건)
[2026-07-14 20:31:26] INFO: [POLLING] 종료 | 큐: 0건 | 번들맵: 4개
[2026-07-14 20:31:36] INFO: [POLLING] 시작 | 큐: 0건 | 처리중: 4건 | 번들: ID:55698(1건), ID:55700(1건), ID:55701(1건), ID:55704(1건)
[2026-07-14 20:31:36] INFO: [POLLING] 종료 | 큐: 0건 | 번들맵: 4개
[2026-07-14 20:31:46] INFO: [POLLING] 시작 | 큐: 0건 | 처리중: 4건 | 번들: ID:55698(1건), ID:55700(1건), ID:55701(1건), ID:55704(1건)
[2026-07-14 20:31:46] INFO: [POLLING] 종료 | 큐: 0건 | 번들맵: 4개
[2026-07-14 20:31:56] INFO: [POLLING] 시작 | 큐: 0건 | 처리중: 4건 | 번들: ID:55698(1건), ID:55700(1건), ID:55701(1건), ID:55704(1건)
[2026-07-14 20:31:56] INFO: [POLLING] 종료 | 큐: 0건 | 번들맵: 4개
[2026-07-14 20:32:06] INFO: [POLLING] 시작 | 큐: 0건 | 처리중: 4건 | 번들: ID:55698(1건), ID:55700(1건), ID:55701(1건), ID:55704(1건)
[2026-07-14 20:32:06] INFO: [POLLING] 종료 | 큐: 0건 | 번들맵: 4개
[2026-07-14 20:32:16] INFO: [POLLING] 시작 | 큐: 0건 | 처리중: 4건 | 번들: ID:55698(1건), ID:55700(1건), ID:55701(1건), ID:55704(1건)
[2026-07-14 20:32:16] INFO: [POLLING] 종료 | 큐: 0건 | 번들맵: 4개
[2026-07-14 20:32:25] INFO: [REQ] contents=check-event | id=undefined
[2026-07-14 20:32:26] INFO: [POLLING] 시작 | 큐: 0건 | 처리중: 4건 | 번들: ID:55698(1건), ID:55700(1건), ID:55701(1건), ID:55704(1건)
[2026-07-14 20:32:26] INFO: [POLLING] 종료 | 큐: 0건 | 번들맵: 4개
[2026-07-14 20:32:36] INFO: [POLLING] 시작 | 큐: 0건 | 처리중: 4건 | 번들: ID:55698(1건), ID:55700(1건), ID:55701(1건), ID:55704(1건)
[2026-07-14 20:32:36] INFO: [POLLING] 종료 | 큐: 0건 | 번들맵: 4개
[2026-07-14 20:32:46] INFO: [POLLING] 시작 | 큐: 0건 | 처리중: 4건 | 번들: ID:55698(1건), ID:55700(1건), ID:55701(1건), ID:55704(1건)
[2026-07-14 20:32:46] INFO: [POLLING] 종료 | 큐: 0건 | 번들맵: 4개
[2026-07-14 20:32:56] INFO: [POLLING] 시작 | 큐: 0건 | 처리중: 4건 | 번들: ID:55698(1건), ID:55700(1건), ID:55701(1건), ID:55704(1건)
[2026-07-14 20:32:56] INFO: [POLLING] 종료 | 큐: 0건 | 번들맵: 4개
[2026-07-14 20:33:02] INFO: [REQ] contents=check-event | id=undefined
[2026-07-14 20:33:06] INFO: [POLLING] 시작 | 큐: 0건 | 처리중: 4건 | 번들: ID:55698(1건), ID:55700(1건), ID:55701(1건), ID:55704(1건)
[2026-07-14 20:33:06] INFO: [POLLING] 종료 | 큐: 0건 | 번들맵: 4개
[2026-07-14 20:33:16] INFO: [POLLING] 시작 | 큐: 0건 | 처리중: 4건 | 번들: ID:55698(1건), ID:55700(1건), ID:55701(1건), ID:55704(1건)
[2026-07-14 20:33:16] INFO: [POLLING] 종료 | 큐: 0건 | 번들맵: 4개
[2026-07-14 20:33:26] INFO: [POLLING] 시작 | 큐: 0건 | 처리중: 4건 | 번들: ID:55698(1건), ID:55700(1건), ID:55701(1건), ID:55704(1건)
[2026-07-14 20:33:26] INFO: [POLLING] 종료 | 큐: 0건 | 번들맵: 4개
[2026-07-14 20:33:36] INFO: [POLLING] 시작 | 큐: 0건 | 처리중: 4건 | 번들: ID:55698(1건), ID:55700(1건), ID:55701(1건), ID:55704(1건)
[2026-07-14 20:33:36] INFO: [POLLING] 종료 | 큐: 0건 | 번들맵: 4개
[2026-07-14 20:33:46] INFO: [POLLING] 시작 | 큐: 0건 | 처리중: 4건 | 번들: ID:55698(1건), ID:55700(1건), ID:55701(1건), ID:55704(1건)
[2026-07-14 20:33:46] INFO: [POLLING] 종료 | 큐: 0건 | 번들맵: 4개
[2026-07-14 20:33:56] INFO: [POLLING] 시작 | 큐: 0건 | 처리중: 4건 | 번들: ID:55698(1건), ID:55700(1건), ID:55701(1건), ID:55704(1건)
[2026-07-14 20:33:56] INFO: [POLLING] 종료 | 큐: 0건 | 번들맵: 4개
[2026-07-14 20:34:05] INFO: [REQ] contents=check-event | id=undefined
[2026-07-14 20:34:06] INFO: [POLLING] 시작 | 큐: 0건 | 처리중: 4건 | 번들: ID:55698(1건), ID:55700(1건), ID:55701(1건), ID:55704(1건)
[2026-07-14 20:34:06] INFO: [POLLING] 종료 | 큐: 0건 | 번들맵: 4개
[2026-07-14 20:34:16] INFO: [POLLING] 시작 | 큐: 0건 | 처리중: 4건 | 번들: ID:55698(1건), ID:55700(1건), ID:55701(1건), ID:55704(1건)
[2026-07-14 20:34:16] INFO: [POLLING] 종료 | 큐: 0건 | 번들맵: 4개
[2026-07-14 20:34:26] INFO: [POLLING] 시작 | 큐: 0건 | 처리중: 4건 | 번들: ID:55698(1건), ID:55700(1건), ID:55701(1건), ID:55704(1건)
[2026-07-14 20:34:26] INFO: [POLLING] 종료 | 큐: 0건 | 번들맵: 4개
[2026-07-14 20:34:32] INFO: [REQ] contents=check-event | id=undefined
[2026-07-14 20:34:36] INFO: [POLLING] 시작 | 큐: 0건 | 처리중: 4건 | 번들: ID:55698(1건), ID:55700(1건), ID:55701(1건), ID:55704(1건)
[2026-07-14 20:34:36] INFO: [POLLING] 종료 | 큐: 0건 | 번들맵: 4개
[2026-07-14 20:34:46] INFO: [POLLING] 시작 | 큐: 0건 | 처리중: 4건 | 번들: ID:55698(1건), ID:55700(1건), ID:55701(1건), ID:55704(1건)
[2026-07-14 20:34:46] INFO: [POLLING] 종료 | 큐: 0건 | 번들맵: 4개
[2026-07-14 20:34:56] INFO: [POLLING] 시작 | 큐: 0건 | 처리중: 4건 | 번들: ID:55698(1건), ID:55700(1건), ID:55701(1건), ID:55704(1건)
[2026-07-14 20:34:56] INFO: [POLLING] 종료 | 큐: 0건 | 번들맵: 4개
[2026-07-14 20:35:06] INFO: [POLLING] 시작 | 큐: 0건 | 처리중: 4건 | 번들: ID:55698(1건), ID:55700(1건), ID:55701(1건), ID:55704(1건)
[2026-07-14 20:35:06] INFO: [POLLING] 종료 | 큐: 0건 | 번들맵: 4개
[2026-07-14 20:35:16] INFO: [POLLING] 시작 | 큐: 0건 | 처리중: 4건 | 번들: ID:55698(1건), ID:55700(1건), ID:55701(1건), ID:55704(1건)
[2026-07-14 20:35:16] INFO: [POLLING] 종료 | 큐: 0건 | 번들맵: 4개
[2026-07-14 20:35:26] INFO: [POLLING] 시작 | 큐: 0건 | 처리중: 4건 | 번들: ID:55698(1건), ID:55700(1건), ID:55701(1건), ID:55704(1건)
[2026-07-14 20:35:27] INFO: [POLLING] 종료 | 큐: 0건 | 번들맵: 4개
[2026-07-14 20:35:35] INFO: [REQ] contents=check-event | id=undefined
[2026-07-14 20:35:36] INFO: [POLLING] 시작 | 큐: 0건 | 처리중: 4건 | 번들: ID:55698(1건), ID:55700(1건), ID:55701(1건), ID:55704(1건)
[2026-07-14 20:35:36] INFO: [POLLING] 종료 | 큐: 0건 | 번들맵: 4개
[2026-07-14 20:35:46] INFO: [POLLING] 시작 | 큐: 0건 | 처리중: 4건 | 번들: ID:55698(1건), ID:55700(1건), ID:55701(1건), ID:55704(1건)
[2026-07-14 20:35:46] INFO: [POLLING] 종료 | 큐: 0건 | 번들맵: 4개
[2026-07-14 20:35:56] INFO: [POLLING] 시작 | 큐: 0건 | 처리중: 4건 | 번들: ID:55698(1건), ID:55700(1건), ID:55701(1건), ID:55704(1건)
[2026-07-14 20:35:57] INFO: [POLLING] 종료 | 큐: 0건 | 번들맵: 4개
[2026-07-14 20:36:06] INFO: [POLLING] 시작 | 큐: 0건 | 처리중: 4건 | 번들: ID:55698(1건), ID:55700(1건), ID:55701(1건), ID:55704(1건)
[2026-07-14 20:36:07] INFO: [POLLING] 종료 | 큐: 0건 | 번들맵: 4개
[2026-07-14 20:36:16] INFO: [POLLING] 시작 | 큐: 0건 | 처리중: 4건 | 번들: ID:55698(1건), ID:55700(1건), ID:55701(1건), ID:55704(1건)
[2026-07-14 20:36:17] INFO: [POLLING] 종료 | 큐: 0건 | 번들맵: 4개
[2026-07-14 20:36:22] INFO: [REQ] contents=check-event | id=undefined
[2026-07-14 20:36:26] INFO: [POLLING] 시작 | 큐: 0건 | 처리중: 4건 | 번들: ID:55698(1건), ID:55700(1건), ID:55701(1건), ID:55704(1건)
[2026-07-14 20:36:27] INFO: [POLLING] 종료 | 큐: 0건 | 번들맵: 4개
[2026-07-14 20:36:36] INFO: [POLLING] 시작 | 큐: 0건 | 처리중: 4건 | 번들: ID:55698(1건), ID:55700(1건), ID:55701(1건), ID:55704(1건)
[2026-07-14 20:36:37] INFO: [POLLING] 종료 | 큐: 0건 | 번들맵: 4개
[2026-07-14 20:36:46] INFO: [POLLING] 시작 | 큐: 0건 | 처리중: 4건 | 번들: ID:55698(1건), ID:55700(1건), ID:55701(1건), ID:55704(1건)
[2026-07-14 20:36:47] INFO: [POLLING] 종료 | 큐: 0건 | 번들맵: 4개
[2026-07-14 20:36:56] INFO: [POLLING] 시작 | 큐: 0건 | 처리중: 4건 | 번들: ID:55698(1건), ID:55700(1건), ID:55701(1건), ID:55704(1건)
[2026-07-14 20:36:57] INFO: [POLLING] 종료 | 큐: 0건 | 번들맵: 4개
[2026-07-14 20:37:06] INFO: [POLLING] 시작 | 큐: 0건 | 처리중: 4건 | 번들: ID:55698(1건), ID:55700(1건), ID:55701(1건), ID:55704(1건)
[2026-07-14 20:37:07] INFO: [POLLING] 종료 | 큐: 0건 | 번들맵: 4개
[2026-07-14 20:37:16] INFO: [POLLING] 시작 | 큐: 0건 | 처리중: 4건 | 번들: ID:55698(1건), ID:55700(1건), ID:55701(1건), ID:55704(1건)
[2026-07-14 20:37:17] INFO: [POLLING] 종료 | 큐: 0건 | 번들맵: 4개
[2026-07-14 20:37:25] INFO: [REQ] contents=check-event | id=undefined
[2026-07-14 20:37:26] INFO: [POLLING] 시작 | 큐: 0건 | 처리중: 4건 | 번들: ID:55698(1건), ID:55700(1건), ID:55701(1건), ID:55704(1건)
[2026-07-14 20:37:27] INFO: [POLLING] 종료 | 큐: 0건 | 번들맵: 4개
[2026-07-14 20:37:36] INFO: [POLLING] 시작 | 큐: 0건 | 처리중: 4건 | 번들: ID:55698(1건), ID:55700(1건), ID:55701(1건), ID:55704(1건)
[2026-07-14 20:37:37] INFO: [POLLING] 종료 | 큐: 0건 | 번들맵: 4개
[2026-07-14 20:37:46] INFO: [POLLING] 시작 | 큐: 0건 | 처리중: 4건 | 번들: ID:55698(1건), ID:55700(1건), ID:55701(1건), ID:55704(1건)
[2026-07-14 20:37:47] INFO: [POLLING] 종료 | 큐: 0건 | 번들맵: 4개
[2026-07-14 20:37:56] INFO: [POLLING] 시작 | 큐: 0건 | 처리중: 4건 | 번들: ID:55698(1건), ID:55700(1건), ID:55701(1건), ID:55704(1건)
[2026-07-14 20:37:57] INFO: [POLLING] 종료 | 큐: 0건 | 번들맵: 4개
[2026-07-14 20:38:02] INFO: [REQ] contents=check-event | id=undefined
[2026-07-14 20:38:06] INFO: [POLLING] 시작 | 큐: 0건 | 처리중: 4건 | 번들: ID:55698(1건), ID:55700(1건), ID:55701(1건), ID:55704(1건)
[2026-07-14 20:38:07] INFO: [POLLING] 종료 | 큐: 0건 | 번들맵: 4개
[2026-07-14 20:38:16] INFO: [POLLING] 시작 | 큐: 0건 | 처리중: 4건 | 번들: ID:55698(1건), ID:55700(1건), ID:55701(1건), ID:55704(1건)
[2026-07-14 20:38:17] INFO: [POLLING] 종료 | 큐: 0건 | 번들맵: 4개
[2026-07-14 20:38:26] INFO: [POLLING] 시작 | 큐: 0건 | 처리중: 4건 | 번들: ID:55698(1건), ID:55700(1건), ID:55701(1건), ID:55704(1건)
[2026-07-14 20:38:27] INFO: [POLLING] 종료 | 큐: 0건 | 번들맵: 4개
[2026-07-14 20:38:36] INFO: [POLLING] 시작 | 큐: 0건 | 처리중: 4건 | 번들: ID:55698(1건), ID:55700(1건), ID:55701(1건), ID:55704(1건)
[2026-07-14 20:38:37] INFO: [POLLING] 종료 | 큐: 0건 | 번들맵: 4개
[2026-07-14 20:38:46] INFO: [POLLING] 시작 | 큐: 0건 | 처리중: 4건 | 번들: ID:55698(1건), ID:55700(1건), ID:55701(1건), ID:55704(1건)
[2026-07-14 20:38:47] INFO: [POLLING] 종료 | 큐: 0건 | 번들맵: 4개
[2026-07-14 20:38:56] INFO: [POLLING] 시작 | 큐: 0건 | 처리중: 4건 | 번들: ID:55698(1건), ID:55700(1건), ID:55701(1건), ID:55704(1건)
[2026-07-14 20:38:57] INFO: [POLLING] 종료 | 큐: 0건 | 번들맵: 4개
[2026-07-14 20:39:06] INFO: [REQ] contents=check-event | id=undefined
[2026-07-14 20:39:06] INFO: [POLLING] 시작 | 큐: 0건 | 처리중: 4건 | 번들: ID:55698(1건), ID:55700(1건), ID:55701(1건), ID:55704(1건)
[2026-07-14 20:39:07] INFO: [POLLING] 종료 | 큐: 0건 | 번들맵: 4개
[2026-07-14 20:39:16] INFO: [POLLING] 시작 | 큐: 0건 | 처리중: 4건 | 번들: ID:55698(1건), ID:55700(1건), ID:55701(1건), ID:55704(1건)
[2026-07-14 20:39:17] INFO: [POLLING] 종료 | 큐: 0건 | 번들맵: 4개
[2026-07-14 20:39:26] INFO: [POLLING] 시작 | 큐: 0건 | 처리중: 4건 | 번들: ID:55698(1건), ID:55700(1건), ID:55701(1건), ID:55704(1건)
[2026-07-14 20:39:27] INFO: [POLLING] 종료 | 큐: 0건 | 번들맵: 4개
[2026-07-14 20:39:32] INFO: [REQ] contents=check-event | id=undefined
[2026-07-14 20:39:36] INFO: [POLLING] 시작 | 큐: 0건 | 처리중: 4건 | 번들: ID:55698(1건), ID:55700(1건), ID:55701(1건), ID:55704(1건)
[2026-07-14 20:39:37] INFO: [POLLING] 종료 | 큐: 0건 | 번들맵: 4개
[2026-07-14 20:39:46] INFO: [POLLING] 시작 | 큐: 0건 | 처리중: 4건 | 번들: ID:55698(1건), ID:55700(1건), ID:55701(1건), ID:55704(1건)
[2026-07-14 20:39:47] INFO: [POLLING] 종료 | 큐: 0건 | 번들맵: 4개
[2026-07-14 20:39:56] INFO: [POLLING] 시작 | 큐: 0건 | 처리중: 4건 | 번들: ID:55698(1건), ID:55700(1건), ID:55701(1건), ID:55704(1건)
[2026-07-14 20:39:57] INFO: [POLLING] 종료 | 큐: 0건 | 번들맵: 4개
[2026-07-14 20:40:06] INFO: [POLLING] 시작 | 큐: 0건 | 처리중: 4건 | 번들: ID:55698(1건), ID:55700(1건), ID:55701(1건), ID:55704(1건)
[2026-07-14 20:40:07] INFO: [POLLING] 종료 | 큐: 0건 | 번들맵: 4개
[2026-07-14 20:40:16] INFO: [POLLING] 시작 | 큐: 0건 | 처리중: 4건 | 번들: ID:55698(1건), ID:55700(1건), ID:55701(1건), ID:55704(1건)
[2026-07-14 20:40:17] INFO: [POLLING] 종료 | 큐: 0건 | 번들맵: 4개
[2026-07-14 20:40:26] INFO: [POLLING] 시작 | 큐: 0건 | 처리중: 4건 | 번들: ID:55698(1건), ID:55700(1건), ID:55701(1건), ID:55704(1건)
[2026-07-14 20:40:27] INFO: [POLLING] 종료 | 큐: 0건 | 번들맵: 4개
[2026-07-14 20:40:36] INFO: [REQ] contents=check-event | id=undefined
[2026-07-14 20:40:36] INFO: [POLLING] 시작 | 큐: 0건 | 처리중: 4건 | 번들: ID:55698(1건), ID:55700(1건), ID:55701(1건), ID:55704(1건)
[2026-07-14 20:40:37] INFO: [POLLING] 종료 | 큐: 0건 | 번들맵: 4개
[2026-07-14 20:40:46] INFO: [POLLING] 시작 | 큐: 0건 | 처리중: 4건 | 번들: ID:55698(1건), ID:55700(1건), ID:55701(1건), ID:55704(1건)
[2026-07-14 20:40:47] INFO: [POLLING] 종료 | 큐: 0건 | 번들맵: 4개
[2026-07-14 20:40:56] INFO: [POLLING] 시작 | 큐: 0건 | 처리중: 4건 | 번들: ID:55698(1건), ID:55700(1건), ID:55701(1건), ID:55704(1건)
[2026-07-14 20:40:57] INFO: [POLLING] 종료 | 큐: 0건 | 번들맵: 4개
[2026-07-14 20:41:06] INFO: [POLLING] 시작 | 큐: 0건 | 처리중: 4건 | 번들: ID:55698(1건), ID:55700(1건), ID:55701(1건), ID:55704(1건)
[2026-07-14 20:41:07] INFO: [POLLING] 종료 | 큐: 0건 | 번들맵: 4개
[2026-07-14 20:41:16] INFO: [POLLING] 시작 | 큐: 0건 | 처리중: 4건 | 번들: ID:55698(1건), ID:55700(1건), ID:55701(1건), ID:55704(1건)
[2026-07-14 20:41:17] INFO: [POLLING] 종료 | 큐: 0건 | 번들맵: 4개
[2026-07-14 20:41:23] INFO: [REQ] contents=check-event | id=undefined
[2026-07-14 20:41:26] INFO: [POLLING] 시작 | 큐: 0건 | 처리중: 4건 | 번들: ID:55698(1건), ID:55700(1건), ID:55701(1건), ID:55704(1건)
[2026-07-14 20:41:27] INFO: [POLLING] 종료 | 큐: 0건 | 번들맵: 4개
[2026-07-14 20:41:36] INFO: [POLLING] 시작 | 큐: 0건 | 처리중: 4건 | 번들: ID:55698(1건), ID:55700(1건), ID:55701(1건), ID:55704(1건)
[2026-07-14 20:41:37] INFO: [POLLING] 종료 | 큐: 0건 | 번들맵: 4개
[2026-07-14 20:41:46] INFO: [POLLING] 시작 | 큐: 0건 | 처리중: 4건 | 번들: ID:55698(1건), ID:55700(1건), ID:55701(1건), ID:55704(1건)
[2026-07-14 20:41:47] INFO: [POLLING] 종료 | 큐: 0건 | 번들맵: 4개
[2026-07-14 20:41:56] INFO: [POLLING] 시작 | 큐: 0건 | 처리중: 4건 | 번들: ID:55698(1건), ID:55700(1건), ID:55701(1건), ID:55704(1건)
[2026-07-14 20:41:57] INFO: [POLLING] 종료 | 큐: 0건 | 번들맵: 4개
[2026-07-14 20:42:06] INFO: [POLLING] 시작 | 큐: 0건 | 처리중: 4건 | 번들: ID:55698(1건), ID:55700(1건), ID:55701(1건), ID:55704(1건)
[2026-07-14 20:42:07] INFO: [POLLING] 종료 | 큐: 0건 | 번들맵: 4개
[2026-07-14 20:42:16] INFO: [POLLING] 시작 | 큐: 0건 | 처리중: 4건 | 번들: ID:55698(1건), ID:55700(1건), ID:55701(1건), ID:55704(1건)
[2026-07-14 20:42:17] INFO: [POLLING] 종료 | 큐: 0건 | 번들맵: 4개
[2026-07-14 20:42:26] INFO: [REQ] contents=check-event | id=undefined
[2026-07-14 20:42:26] INFO: [POLLING] 시작 | 큐: 0건 | 처리중: 4건 | 번들: ID:55698(1건), ID:55700(1건), ID:55701(1건), ID:55704(1건)
[2026-07-14 20:42:27] INFO: [POLLING] 종료 | 큐: 0건 | 번들맵: 4개
[2026-07-14 20:42:36] INFO: [POLLING] 시작 | 큐: 0건 | 처리중: 4건 | 번들: ID:55698(1건), ID:55700(1건), ID:55701(1건), ID:55704(1건)
[2026-07-14 20:42:37] INFO: [POLLING] 종료 | 큐: 0건 | 번들맵: 4개
[2026-07-14 20:42:46] INFO: [POLLING] 시작 | 큐: 0건 | 처리중: 4건 | 번들: ID:55698(1건), ID:55700(1건), ID:55701(1건), ID:55704(1건)
[2026-07-14 20:42:47] INFO: [POLLING] 종료 | 큐: 0건 | 번들맵: 4개
[2026-07-14 20:42:56] INFO: [POLLING] 시작 | 큐: 0건 | 처리중: 4건 | 번들: ID:55698(1건), ID:55700(1건), ID:55701(1건), ID:55704(1건)
[2026-07-14 20:42:57] INFO: [POLLING] 종료 | 큐: 0건 | 번들맵: 4개
[2026-07-14 20:43:03] INFO: [REQ] contents=check-event | id=undefined
[2026-07-14 20:43:06] INFO: [POLLING] 시작 | 큐: 0건 | 처리중: 4건 | 번들: ID:55698(1건), ID:55700(1건), ID:55701(1건), ID:55704(1건)
[2026-07-14 20:43:07] INFO: [POLLING] 종료 | 큐: 0건 | 번들맵: 4개
[2026-07-14 20:43:16] INFO: [POLLING] 시작 | 큐: 0건 | 처리중: 4건 | 번들: ID:55698(1건), ID:55700(1건), ID:55701(1건), ID:55704(1건)
[2026-07-14 20:43:17] INFO: [POLLING] 종료 | 큐: 0건 | 번들맵: 4개
[2026-07-14 20:43:26] INFO: [POLLING] 시작 | 큐: 0건 | 처리중: 4건 | 번들: ID:55698(1건), ID:55700(1건), ID:55701(1건), ID:55704(1건)
[2026-07-14 20:43:27] INFO: [POLLING] 종료 | 큐: 0건 | 번들맵: 4개
[2026-07-14 20:43:36] INFO: [POLLING] 시작 | 큐: 0건 | 처리중: 4건 | 번들: ID:55698(1건), ID:55700(1건), ID:55701(1건), ID:55704(1건)
[2026-07-14 20:43:37] INFO: [POLLING] 종료 | 큐: 0건 | 번들맵: 4개
[2026-07-14 20:43:46] INFO: [POLLING] 시작 | 큐: 0건 | 처리중: 4건 | 번들: ID:55698(1건), ID:55700(1건), ID:55701(1건), ID:55704(1건)
[2026-07-14 20:43:47] INFO: [POLLING] 종료 | 큐: 0건 | 번들맵: 4개
[2026-07-14 20:43:56] INFO: [POLLING] 시작 | 큐: 0건 | 처리중: 4건 | 번들: ID:55698(1건), ID:55700(1건), ID:55701(1건), ID:55704(1건)
[2026-07-14 20:43:57] INFO: [POLLING] 종료 | 큐: 0건 | 번들맵: 4개
[2026-07-14 20:44:06] INFO: [REQ] contents=check-event | id=undefined
[2026-07-14 20:44:06] INFO: [POLLING] 시작 | 큐: 0건 | 처리중: 4건 | 번들: ID:55698(1건), ID:55700(1건), ID:55701(1건), ID:55704(1건)
[2026-07-14 20:44:07] INFO: [POLLING] 종료 | 큐: 0건 | 번들맵: 4개
[2026-07-14 20:44:16] INFO: [POLLING] 시작 | 큐: 0건 | 처리중: 4건 | 번들: ID:55698(1건), ID:55700(1건), ID:55701(1건), ID:55704(1건)
[2026-07-14 20:44:17] INFO: [POLLING] 종료 | 큐: 0건 | 번들맵: 4개
[2026-07-14 20:44:26] INFO: [POLLING] 시작 | 큐: 0건 | 처리중: 4건 | 번들: ID:55698(1건), ID:55700(1건), ID:55701(1건), ID:55704(1건)
[2026-07-14 20:44:27] INFO: [POLLING] 종료 | 큐: 0건 | 번들맵: 4개
[2026-07-14 20:44:33] INFO: [REQ] contents=check-event | id=undefined
[2026-07-14 20:44:36] INFO: [POLLING] 시작 | 큐: 0건 | 처리중: 4건 | 번들: ID:55698(1건), ID:55700(1건), ID:55701(1건), ID:55704(1건)
[2026-07-14 20:44:37] INFO: [POLLING] 종료 | 큐: 0건 | 번들맵: 4개
[2026-07-14 20:44:46] INFO: [POLLING] 시작 | 큐: 0건 | 처리중: 4건 | 번들: ID:55698(1건), ID:55700(1건), ID:55701(1건), ID:55704(1건)
[2026-07-14 20:44:47] INFO: [POLLING] 종료 | 큐: 0건 | 번들맵: 4개
[2026-07-14 20:44:56] INFO: [POLLING] 시작 | 큐: 0건 | 처리중: 4건 | 번들: ID:55698(1건), ID:55700(1건), ID:55701(1건), ID:55704(1건)
[2026-07-14 20:44:57] INFO: [POLLING] 종료 | 큐: 0건 | 번들맵: 4개
[2026-07-14 20:45:06] INFO: [POLLING] 시작 | 큐: 0건 | 처리중: 4건 | 번들: ID:55698(1건), ID:55700(1건), ID:55701(1건), ID:55704(1건)
[2026-07-14 20:45:07] INFO: [POLLING] 종료 | 큐: 0건 | 번들맵: 4개
[2026-07-14 20:45:16] INFO: [POLLING] 시작 | 큐: 0건 | 처리중: 4건 | 번들: ID:55698(1건), ID:55700(1건), ID:55701(1건), ID:55704(1건)
[2026-07-14 20:45:17] INFO: [POLLING] 종료 | 큐: 0건 | 번들맵: 4개
[2026-07-14 20:45:26] INFO: [POLLING] 시작 | 큐: 0건 | 처리중: 4건 | 번들: ID:55698(1건), ID:55700(1건), ID:55701(1건), ID:55704(1건)
[2026-07-14 20:45:27] INFO: [POLLING] 종료 | 큐: 0건 | 번들맵: 4개
[2026-07-14 20:45:36] INFO: [REQ] contents=check-event | id=undefined
[2026-07-14 20:45:36] INFO: [POLLING] 시작 | 큐: 0건 | 처리중: 4건 | 번들: ID:55698(1건), ID:55700(1건), ID:55701(1건), ID:55704(1건)
[2026-07-14 20:45:37] INFO: [POLLING] 종료 | 큐: 0건 | 번들맵: 4개
[2026-07-14 20:45:46] INFO: [POLLING] 시작 | 큐: 0건 | 처리중: 4건 | 번들: ID:55698(1건), ID:55700(1건), ID:55701(1건), ID:55704(1건)
[2026-07-14 20:45:47] INFO: [POLLING] 종료 | 큐: 0건 | 번들맵: 4개
[2026-07-14 20:45:56] INFO: [POLLING] 시작 | 큐: 0건 | 처리중: 4건 | 번들: ID:55698(1건), ID:55700(1건), ID:55701(1건), ID:55704(1건)
[2026-07-14 20:45:57] INFO: [POLLING] 종료 | 큐: 0건 | 번들맵: 4개
[2026-07-14 20:46:07] INFO: [POLLING] 시작 | 큐: 0건 | 처리중: 4건 | 번들: ID:55698(1건), ID:55700(1건), ID:55701(1건), ID:55704(1건)
[2026-07-14 20:46:07] INFO: [POLLING] 종료 | 큐: 0건 | 번들맵: 4개
[2026-07-14 20:46:17] INFO: [POLLING] 시작 | 큐: 0건 | 처리중: 4건 | 번들: ID:55698(1건), ID:55700(1건), ID:55701(1건), ID:55704(1건)
[2026-07-14 20:46:17] INFO: [POLLING] 종료 | 큐: 0건 | 번들맵: 4개
[2026-07-14 20:46:23] INFO: [REQ] contents=check-event | id=undefined
[2026-07-14 20:46:27] INFO: [POLLING] 시작 | 큐: 0건 | 처리중: 4건 | 번들: ID:55698(1건), ID:55700(1건), ID:55701(1건), ID:55704(1건)
[2026-07-14 20:46:27] INFO: [POLLING] 종료 | 큐: 0건 | 번들맵: 4개
[2026-07-14 20:46:37] INFO: [POLLING] 시작 | 큐: 0건 | 처리중: 4건 | 번들: ID:55698(1건), ID:55700(1건), ID:55701(1건), ID:55704(1건)
[2026-07-14 20:46:37] INFO: [POLLING] 종료 | 큐: 0건 | 번들맵: 4개
[2026-07-14 20:46:47] INFO: [POLLING] 시작 | 큐: 0건 | 처리중: 4건 | 번들: ID:55698(1건), ID:55700(1건), ID:55701(1건), ID:55704(1건)
[2026-07-14 20:46:47] INFO: [POLLING] 종료 | 큐: 0건 | 번들맵: 4개
[2026-07-14 20:46:57] INFO: [POLLING] 시작 | 큐: 0건 | 처리중: 4건 | 번들: ID:55698(1건), ID:55700(1건), ID:55701(1건), ID:55704(1건)
[2026-07-14 20:46:57] INFO: [POLLING] 종료 | 큐: 0건 | 번들맵: 4개
[2026-07-14 20:47:07] INFO: [POLLING] 시작 | 큐: 0건 | 처리중: 4건 | 번들: ID:55698(1건), ID:55700(1건), ID:55701(1건), ID:55704(1건)
[2026-07-14 20:47:07] INFO: [POLLING] 종료 | 큐: 0건 | 번들맵: 4개
[2026-07-14 20:47:17] INFO: [POLLING] 시작 | 큐: 0건 | 처리중: 4건 | 번들: ID:55698(1건), ID:55700(1건), ID:55701(1건), ID:55704(1건)
[2026-07-14 20:47:17] INFO: [POLLING] 종료 | 큐: 0건 | 번들맵: 4개
[2026-07-14 20:47:26] INFO: [REQ] contents=check-event | id=undefined
[2026-07-14 20:47:27] INFO: [POLLING] 시작 | 큐: 0건 | 처리중: 4건 | 번들: ID:55698(1건), ID:55700(1건), ID:55701(1건), ID:55704(1건)
[2026-07-14 20:47:27] INFO: [POLLING] 종료 | 큐: 0건 | 번들맵: 4개
[2026-07-14 20:47:37] INFO: [POLLING] 시작 | 큐: 0건 | 처리중: 4건 | 번들: ID:55698(1건), ID:55700(1건), ID:55701(1건), ID:55704(1건)
[2026-07-14 20:47:37] INFO: [POLLING] 종료 | 큐: 0건 | 번들맵: 4개
[2026-07-14 20:47:47] INFO: [POLLING] 시작 | 큐: 0건 | 처리중: 4건 | 번들: ID:55698(1건), ID:55700(1건), ID:55701(1건), ID:55704(1건)
[2026-07-14 20:47:47] INFO: [POLLING] 종료 | 큐: 0건 | 번들맵: 4개
[2026-07-14 20:47:57] INFO: [POLLING] 시작 | 큐: 0건 | 처리중: 4건 | 번들: ID:55698(1건), ID:55700(1건), ID:55701(1건), ID:55704(1건)
[2026-07-14 20:47:57] INFO: [POLLING] 종료 | 큐: 0건 | 번들맵: 4개
[2026-07-14 20:48:03] INFO: [REQ] contents=check-event | id=undefined
[2026-07-14 20:48:07] INFO: [POLLING] 시작 | 큐: 0건 | 처리중: 4건 | 번들: ID:55698(1건), ID:55700(1건), ID:55701(1건), ID:55704(1건)
[2026-07-14 20:48:07] INFO: [POLLING] 종료 | 큐: 0건 | 번들맵: 4개
[2026-07-14 20:48:17] INFO: [POLLING] 시작 | 큐: 0건 | 처리중: 4건 | 번들: ID:55698(1건), ID:55700(1건), ID:55701(1건), ID:55704(1건)
[2026-07-14 20:48:17] INFO: [POLLING] 종료 | 큐: 0건 | 번들맵: 4개
[2026-07-14 20:48:27] INFO: [POLLING] 시작 | 큐: 0건 | 처리중: 4건 | 번들: ID:55698(1건), ID:55700(1건), ID:55701(1건), ID:55704(1건)
[2026-07-14 20:48:27] INFO: [POLLING] 종료 | 큐: 0건 | 번들맵: 4개
[2026-07-14 20:48:37] INFO: [POLLING] 시작 | 큐: 0건 | 처리중: 4건 | 번들: ID:55698(1건), ID:55700(1건), ID:55701(1건), ID:55704(1건)
[2026-07-14 20:48:37] INFO: [POLLING] 종료 | 큐: 0건 | 번들맵: 4개
[2026-07-14 20:48:47] INFO: [POLLING] 시작 | 큐: 0건 | 처리중: 4건 | 번들: ID:55698(1건), ID:55700(1건), ID:55701(1건), ID:55704(1건)
[2026-07-14 20:48:47] INFO: [POLLING] 종료 | 큐: 0건 | 번들맵: 4개
[2026-07-14 20:48:57] INFO: [POLLING] 시작 | 큐: 0건 | 처리중: 4건 | 번들: ID:55698(1건), ID:55700(1건), ID:55701(1건), ID:55704(1건)
[2026-07-14 20:48:57] INFO: [POLLING] 종료 | 큐: 0건 | 번들맵: 4개
[2026-07-14 20:49:07] INFO: [REQ] contents=check-event | id=undefined
[2026-07-14 20:49:07] INFO: [POLLING] 시작 | 큐: 0건 | 처리중: 4건 | 번들: ID:55698(1건), ID:55700(1건), ID:55701(1건), ID:55704(1건)
[2026-07-14 20:49:07] INFO: [POLLING] 종료 | 큐: 0건 | 번들맵: 4개
[2026-07-14 20:49:17] INFO: [POLLING] 시작 | 큐: 0건 | 처리중: 4건 | 번들: ID:55698(1건), ID:55700(1건), ID:55701(1건), ID:55704(1건)
[2026-07-14 20:49:17] INFO: [POLLING] 종료 | 큐: 0건 | 번들맵: 4개
[2026-07-14 20:49:27] INFO: [POLLING] 시작 | 큐: 0건 | 처리중: 4건 | 번들: ID:55698(1건), ID:55700(1건), ID:55701(1건), ID:55704(1건)
[2026-07-14 20:49:27] INFO: [POLLING] 종료 | 큐: 0건 | 번들맵: 4개
[2026-07-14 20:49:33] INFO: [REQ] contents=check-event | id=undefined
[2026-07-14 20:49:37] INFO: [POLLING] 시작 | 큐: 0건 | 처리중: 4건 | 번들: ID:55698(1건), ID:55700(1건), ID:55701(1건), ID:55704(1건)
[2026-07-14 20:49:37] INFO: [POLLING] 종료 | 큐: 0건 | 번들맵: 4개
[2026-07-14 20:49:47] INFO: [POLLING] 시작 | 큐: 0건 | 처리중: 4건 | 번들: ID:55698(1건), ID:55700(1건), ID:55701(1건), ID:55704(1건)
[2026-07-14 20:49:47] INFO: [POLLING] 종료 | 큐: 0건 | 번들맵: 4개
[2026-07-14 20:49:57] INFO: [POLLING] 시작 | 큐: 0건 | 처리중: 4건 | 번들: ID:55698(1건), ID:55700(1건), ID:55701(1건), ID:55704(1건)
[2026-07-14 20:49:57] INFO: [POLLING] 종료 | 큐: 0건 | 번들맵: 4개
[2026-07-14 20:50:07] INFO: [POLLING] 시작 | 큐: 0건 | 처리중: 4건 | 번들: ID:55698(1건), ID:55700(1건), ID:55701(1건), ID:55704(1건)
[2026-07-14 20:50:07] INFO: [POLLING] 종료 | 큐: 0건 | 번들맵: 4개
[2026-07-14 20:50:17] INFO: [POLLING] 시작 | 큐: 0건 | 처리중: 4건 | 번들: ID:55698(1건), ID:55700(1건), ID:55701(1건), ID:55704(1건)
[2026-07-14 20:50:17] INFO: [POLLING] 종료 | 큐: 0건 | 번들맵: 4개
[2026-07-14 20:50:27] INFO: [POLLING] 시작 | 큐: 0건 | 처리중: 4건 | 번들: ID:55698(1건), ID:55700(1건), ID:55701(1건), ID:55704(1건)
[2026-07-14 20:50:27] INFO: [POLLING] 종료 | 큐: 0건 | 번들맵: 4개
[2026-07-14 20:50:37] INFO: [REQ] contents=check-event | id=undefined
[2026-07-14 20:50:37] INFO: [POLLING] 시작 | 큐: 0건 | 처리중: 4건 | 번들: ID:55698(1건), ID:55700(1건), ID:55701(1건), ID:55704(1건)
[2026-07-14 20:50:37] INFO: [POLLING] 종료 | 큐: 0건 | 번들맵: 4개
[2026-07-14 20:50:47] INFO: [POLLING] 시작 | 큐: 0건 | 처리중: 4건 | 번들: ID:55698(1건), ID:55700(1건), ID:55701(1건), ID:55704(1건)
[2026-07-14 20:50:47] INFO: [POLLING] 종료 | 큐: 0건 | 번들맵: 4개
[2026-07-14 20:50:57] INFO: [POLLING] 시작 | 큐: 0건 | 처리중: 4건 | 번들: ID:55698(1건), ID:55700(1건), ID:55701(1건), ID:55704(1건)
[2026-07-14 20:50:57] INFO: [POLLING] 종료 | 큐: 0건 | 번들맵: 4개
[2026-07-14 20:51:07] INFO: [POLLING] 시작 | 큐: 0건 | 처리중: 4건 | 번들: ID:55698(1건), ID:55700(1건), ID:55701(1건), ID:55704(1건)
[2026-07-14 20:51:07] INFO: [POLLING] 종료 | 큐: 0건 | 번들맵: 4개
[2026-07-14 20:51:17] INFO: [POLLING] 시작 | 큐: 0건 | 처리중: 4건 | 번들: ID:55698(1건), ID:55700(1건), ID:55701(1건), ID:55704(1건)
[2026-07-14 20:51:17] INFO: [POLLING] 종료 | 큐: 0건 | 번들맵: 4개
[2026-07-14 20:51:24] INFO: [REQ] contents=check-event | id=undefined
[2026-07-14 20:51:27] INFO: [POLLING] 시작 | 큐: 0건 | 처리중: 4건 | 번들: ID:55698(1건), ID:55700(1건), ID:55701(1건), ID:55704(1건)
[2026-07-14 20:51:27] INFO: [POLLING] 종료 | 큐: 0건 | 번들맵: 4개
[2026-07-14 20:51:37] INFO: [POLLING] 시작 | 큐: 0건 | 처리중: 4건 | 번들: ID:55698(1건), ID:55700(1건), ID:55701(1건), ID:55704(1건)
[2026-07-14 20:51:37] INFO: [POLLING] 종료 | 큐: 0건 | 번들맵: 4개
[2026-07-14 20:51:47] INFO: [POLLING] 시작 | 큐: 0건 | 처리중: 4건 | 번들: ID:55698(1건), ID:55700(1건), ID:55701(1건), ID:55704(1건)
[2026-07-14 20:51:47] INFO: [POLLING] 종료 | 큐: 0건 | 번들맵: 4개
[2026-07-14 20:51:57] INFO: [POLLING] 시작 | 큐: 0건 | 처리중: 4건 | 번들: ID:55698(1건), ID:55700(1건), ID:55701(1건), ID:55704(1건)
[2026-07-14 20:51:57] INFO: [POLLING] 종료 | 큐: 0건 | 번들맵: 4개
[2026-07-14 20:52:07] INFO: [POLLING] 시작 | 큐: 0건 | 처리중: 4건 | 번들: ID:55698(1건), ID:55700(1건), ID:55701(1건), ID:55704(1건)
[2026-07-14 20:52:07] INFO: [POLLING] 종료 | 큐: 0건 | 번들맵: 4개
[2026-07-14 20:52:17] INFO: [POLLING] 시작 | 큐: 0건 | 처리중: 4건 | 번들: ID:55698(1건), ID:55700(1건), ID:55701(1건), ID:55704(1건)
[2026-07-14 20:52:17] INFO: [POLLING] 종료 | 큐: 0건 | 번들맵: 4개
[2026-07-14 20:52:27] INFO: [POLLING] 시작 | 큐: 0건 | 처리중: 4건 | 번들: ID:55698(1건), ID:55700(1건), ID:55701(1건), ID:55704(1건)
[2026-07-14 20:52:27] INFO: [REQ] contents=check-event | id=undefined
[2026-07-14 20:52:27] INFO: [POLLING] 종료 | 큐: 0건 | 번들맵: 4개
[2026-07-14 20:52:37] INFO: [POLLING] 시작 | 큐: 0건 | 처리중: 4건 | 번들: ID:55698(1건), ID:55700(1건), ID:55701(1건), ID:55704(1건)
[2026-07-14 20:52:38] INFO: [POLLING] 종료 | 큐: 0건 | 번들맵: 4개
[2026-07-14 20:52:47] INFO: [POLLING] 시작 | 큐: 0건 | 처리중: 4건 | 번들: ID:55698(1건), ID:55700(1건), ID:55701(1건), ID:55704(1건)
[2026-07-14 20:52:48] INFO: [POLLING] 종료 | 큐: 0건 | 번들맵: 4개
[2026-07-14 20:52:57] INFO: [POLLING] 시작 | 큐: 0건 | 처리중: 4건 | 번들: ID:55698(1건), ID:55700(1건), ID:55701(1건), ID:55704(1건)
[2026-07-14 20:52:58] INFO: [POLLING] 종료 | 큐: 0건 | 번들맵: 4개
[2026-07-14 20:53:04] INFO: [REQ] contents=check-event | id=undefined
[2026-07-14 20:53:07] INFO: [POLLING] 시작 | 큐: 0건 | 처리중: 4건 | 번들: ID:55698(1건), ID:55700(1건), ID:55701(1건), ID:55704(1건)
[2026-07-14 20:53:08] INFO: [POLLING] 종료 | 큐: 0건 | 번들맵: 4개
[2026-07-14 20:53:17] INFO: [POLLING] 시작 | 큐: 0건 | 처리중: 4건 | 번들: ID:55698(1건), ID:55700(1건), ID:55701(1건), ID:55704(1건)
[2026-07-14 20:53:18] INFO: [POLLING] 종료 | 큐: 0건 | 번들맵: 4개
[2026-07-14 20:53:27] INFO: [POLLING] 시작 | 큐: 0건 | 처리중: 4건 | 번들: ID:55698(1건), ID:55700(1건), ID:55701(1건), ID:55704(1건)
[2026-07-14 20:53:28] INFO: [POLLING] 종료 | 큐: 0건 | 번들맵: 4개
[2026-07-14 20:53:37] INFO: [POLLING] 시작 | 큐: 0건 | 처리중: 4건 | 번들: ID:55698(1건), ID:55700(1건), ID:55701(1건), ID:55704(1건)
[2026-07-14 20:53:38] INFO: [POLLING] 종료 | 큐: 0건 | 번들맵: 4개
[2026-07-14 20:53:47] INFO: [POLLING] 시작 | 큐: 0건 | 처리중: 4건 | 번들: ID:55698(1건), ID:55700(1건), ID:55701(1건), ID:55704(1건)
[2026-07-14 20:53:48] INFO: [POLLING] 종료 | 큐: 0건 | 번들맵: 4개
[2026-07-14 20:53:57] INFO: [POLLING] 시작 | 큐: 0건 | 처리중: 4건 | 번들: ID:55698(1건), ID:55700(1건), ID:55701(1건), ID:55704(1건)
[2026-07-14 20:53:58] INFO: [POLLING] 종료 | 큐: 0건 | 번들맵: 4개
[2026-07-14 20:54:07] INFO: [POLLING] 시작 | 큐: 0건 | 처리중: 4건 | 번들: ID:55698(1건), ID:55700(1건), ID:55701(1건), ID:55704(1건)
[2026-07-14 20:54:07] INFO: [REQ] contents=check-event | id=undefined
[2026-07-14 20:54:08] INFO: [POLLING] 종료 | 큐: 0건 | 번들맵: 4개
[2026-07-14 20:54:17] INFO: [POLLING] 시작 | 큐: 0건 | 처리중: 4건 | 번들: ID:55698(1건), ID:55700(1건), ID:55701(1건), ID:55704(1건)
[2026-07-14 20:54:18] INFO: [POLLING] 종료 | 큐: 0건 | 번들맵: 4개
[2026-07-14 20:54:27] INFO: [POLLING] 시작 | 큐: 0건 | 처리중: 4건 | 번들: ID:55698(1건), ID:55700(1건), ID:55701(1건), ID:55704(1건)
[2026-07-14 20:54:28] INFO: [POLLING] 종료 | 큐: 0건 | 번들맵: 4개
[2026-07-14 20:54:34] INFO: [REQ] contents=check-event | id=undefined
[2026-07-14 20:54:37] INFO: [POLLING] 시작 | 큐: 0건 | 처리중: 4건 | 번들: ID:55698(1건), ID:55700(1건), ID:55701(1건), ID:55704(1건)
[2026-07-14 20:54:38] INFO: [POLLING] 종료 | 큐: 0건 | 번들맵: 4개
[2026-07-14 20:54:47] INFO: [POLLING] 시작 | 큐: 0건 | 처리중: 4건 | 번들: ID:55698(1건), ID:55700(1건), ID:55701(1건), ID:55704(1건)
[2026-07-14 20:54:48] INFO: [POLLING] 종료 | 큐: 0건 | 번들맵: 4개
[2026-07-14 20:54:57] INFO: [POLLING] 시작 | 큐: 0건 | 처리중: 4건 | 번들: ID:55698(1건), ID:55700(1건), ID:55701(1건), ID:55704(1건)
[2026-07-14 20:54:58] INFO: [POLLING] 종료 | 큐: 0건 | 번들맵: 4개
[2026-07-14 20:55:07] INFO: [POLLING] 시작 | 큐: 0건 | 처리중: 4건 | 번들: ID:55698(1건), ID:55700(1건), ID:55701(1건), ID:55704(1건)
[2026-07-14 20:55:08] INFO: [POLLING] 종료 | 큐: 0건 | 번들맵: 4개
[2026-07-14 20:55:17] INFO: [POLLING] 시작 | 큐: 0건 | 처리중: 4건 | 번들: ID:55698(1건), ID:55700(1건), ID:55701(1건), ID:55704(1건)
[2026-07-14 20:55:18] INFO: [POLLING] 종료 | 큐: 0건 | 번들맵: 4개
[2026-07-14 20:55:27] INFO: [POLLING] 시작 | 큐: 0건 | 처리중: 4건 | 번들: ID:55698(1건), ID:55700(1건), ID:55701(1건), ID:55704(1건)
[2026-07-14 20:55:28] INFO: [POLLING] 종료 | 큐: 0건 | 번들맵: 4개
[2026-07-14 20:55:37] INFO: [POLLING] 시작 | 큐: 0건 | 처리중: 4건 | 번들: ID:55698(1건), ID:55700(1건), ID:55701(1건), ID:55704(1건)
[2026-07-14 20:55:37] INFO: [REQ] contents=check-event | id=undefined
[2026-07-14 20:55:38] INFO: [POLLING] 종료 | 큐: 0건 | 번들맵: 4개
[2026-07-14 20:55:47] INFO: [POLLING] 시작 | 큐: 0건 | 처리중: 4건 | 번들: ID:55698(1건), ID:55700(1건), ID:55701(1건), ID:55704(1건)
[2026-07-14 20:55:48] INFO: [POLLING] 종료 | 큐: 0건 | 번들맵: 4개
[2026-07-14 20:55:57] INFO: [POLLING] 시작 | 큐: 0건 | 처리중: 4건 | 번들: ID:55698(1건), ID:55700(1건), ID:55701(1건), ID:55704(1건)
[2026-07-14 20:55:58] INFO: [POLLING] 종료 | 큐: 0건 | 번들맵: 4개
[2026-07-14 20:56:07] INFO: [POLLING] 시작 | 큐: 0건 | 처리중: 4건 | 번들: ID:55698(1건), ID:55700(1건), ID:55701(1건), ID:55704(1건)
[2026-07-14 20:56:08] INFO: [POLLING] 종료 | 큐: 0건 | 번들맵: 4개
[2026-07-14 20:56:17] INFO: [POLLING] 시작 | 큐: 0건 | 처리중: 4건 | 번들: ID:55698(1건), ID:55700(1건), ID:55701(1건), ID:55704(1건)
[2026-07-14 20:56:18] INFO: [POLLING] 종료 | 큐: 0건 | 번들맵: 4개
[2026-07-14 20:56:24] INFO: [REQ] contents=check-event | id=undefined
[2026-07-14 20:56:27] INFO: [POLLING] 시작 | 큐: 0건 | 처리중: 4건 | 번들: ID:55698(1건), ID:55700(1건), ID:55701(1건), ID:55704(1건)
[2026-07-14 20:56:28] INFO: [POLLING] 종료 | 큐: 0건 | 번들맵: 4개
[2026-07-14 20:56:37] INFO: [POLLING] 시작 | 큐: 0건 | 처리중: 4건 | 번들: ID:55698(1건), ID:55700(1건), ID:55701(1건), ID:55704(1건)
[2026-07-14 20:56:38] INFO: [POLLING] 종료 | 큐: 0건 | 번들맵: 4개
[2026-07-14 20:56:47] INFO: [POLLING] 시작 | 큐: 0건 | 처리중: 4건 | 번들: ID:55698(1건), ID:55700(1건), ID:55701(1건), ID:55704(1건)
[2026-07-14 20:56:48] INFO: [POLLING] 종료 | 큐: 0건 | 번들맵: 4개
[2026-07-14 20:56:57] INFO: [POLLING] 시작 | 큐: 0건 | 처리중: 4건 | 번들: ID:55698(1건), ID:55700(1건), ID:55701(1건), ID:55704(1건)
[2026-07-14 20:56:58] INFO: [POLLING] 종료 | 큐: 0건 | 번들맵: 4개
[2026-07-14 20:57:07] INFO: [POLLING] 시작 | 큐: 0건 | 처리중: 4건 | 번들: ID:55698(1건), ID:55700(1건), ID:55701(1건), ID:55704(1건)
[2026-07-14 20:57:08] INFO: [POLLING] 종료 | 큐: 0건 | 번들맵: 4개
[2026-07-14 20:57:17] INFO: [POLLING] 시작 | 큐: 0건 | 처리중: 4건 | 번들: ID:55698(1건), ID:55700(1건), ID:55701(1건), ID:55704(1건)
[2026-07-14 20:57:18] INFO: [POLLING] 종료 | 큐: 0건 | 번들맵: 4개
[2026-07-14 20:57:27] INFO: [POLLING] 시작 | 큐: 0건 | 처리중: 4건 | 번들: ID:55698(1건), ID:55700(1건), ID:55701(1건), ID:55704(1건)
[2026-07-14 20:57:27] INFO: [REQ] contents=check-event | id=undefined
[2026-07-14 20:57:28] INFO: [POLLING] 종료 | 큐: 0건 | 번들맵: 4개
[2026-07-14 20:57:37] INFO: [POLLING] 시작 | 큐: 0건 | 처리중: 4건 | 번들: ID:55698(1건), ID:55700(1건), ID:55701(1건), ID:55704(1건)
[2026-07-14 20:57:38] INFO: [POLLING] 종료 | 큐: 0건 | 번들맵: 4개
[2026-07-14 20:57:47] INFO: [POLLING] 시작 | 큐: 0건 | 처리중: 4건 | 번들: ID:55698(1건), ID:55700(1건), ID:55701(1건), ID:55704(1건)
[2026-07-14 20:57:48] INFO: [POLLING] 종료 | 큐: 0건 | 번들맵: 4개
[2026-07-14 20:57:57] INFO: [POLLING] 시작 | 큐: 0건 | 처리중: 4건 | 번들: ID:55698(1건), ID:55700(1건), ID:55701(1건), ID:55704(1건)
[2026-07-14 20:57:58] INFO: [POLLING] 종료 | 큐: 0건 | 번들맵: 4개
[2026-07-14 20:58:04] INFO: [REQ] contents=check-event | id=undefined
[2026-07-14 20:58:07] INFO: [POLLING] 시작 | 큐: 0건 | 처리중: 4건 | 번들: ID:55698(1건), ID:55700(1건), ID:55701(1건), ID:55704(1건)
[2026-07-14 20:58:08] INFO: [POLLING] 종료 | 큐: 0건 | 번들맵: 4개
[2026-07-14 20:58:17] INFO: [POLLING] 시작 | 큐: 0건 | 처리중: 4건 | 번들: ID:55698(1건), ID:55700(1건), ID:55701(1건), ID:55704(1건)
[2026-07-14 20:58:18] INFO: [POLLING] 종료 | 큐: 0건 | 번들맵: 4개
[2026-07-14 20:58:27] INFO: [POLLING] 시작 | 큐: 0건 | 처리중: 4건 | 번들: ID:55698(1건), ID:55700(1건), ID:55701(1건), ID:55704(1건)
[2026-07-14 20:58:28] INFO: [POLLING] 종료 | 큐: 0건 | 번들맵: 4개
[2026-07-14 20:58:37] INFO: [POLLING] 시작 | 큐: 0건 | 처리중: 4건 | 번들: ID:55698(1건), ID:55700(1건), ID:55701(1건), ID:55704(1건)
[2026-07-14 20:58:38] INFO: [POLLING] 종료 | 큐: 0건 | 번들맵: 4개
[2026-07-14 20:58:47] INFO: [POLLING] 시작 | 큐: 0건 | 처리중: 4건 | 번들: ID:55698(1건), ID:55700(1건), ID:55701(1건), ID:55704(1건)
[2026-07-14 20:58:48] INFO: [POLLING] 종료 | 큐: 0건 | 번들맵: 4개
[2026-07-14 20:58:57] INFO: [POLLING] 시작 | 큐: 0건 | 처리중: 4건 | 번들: ID:55698(1건), ID:55700(1건), ID:55701(1건), ID:55704(1건)
[2026-07-14 20:58:58] INFO: [POLLING] 종료 | 큐: 0건 | 번들맵: 4개
[2026-07-14 20:59:07] INFO: [POLLING] 시작 | 큐: 0건 | 처리중: 4건 | 번들: ID:55698(1건), ID:55700(1건), ID:55701(1건), ID:55704(1건)
[2026-07-14 20:59:08] INFO: [REQ] contents=check-event | id=undefined
[2026-07-14 20:59:08] INFO: [POLLING] 종료 | 큐: 0건 | 번들맵: 4개
[2026-07-14 20:59:17] INFO: [POLLING] 시작 | 큐: 0건 | 처리중: 4건 | 번들: ID:55698(1건), ID:55700(1건), ID:55701(1건), ID:55704(1건)
[2026-07-14 20:59:18] INFO: [POLLING] 종료 | 큐: 0건 | 번들맵: 4개
[2026-07-14 20:59:27] INFO: [POLLING] 시작 | 큐: 0건 | 처리중: 4건 | 번들: ID:55698(1건), ID:55700(1건), ID:55701(1건), ID:55704(1건)
[2026-07-14 20:59:28] INFO: [POLLING] 종료 | 큐: 0건 | 번들맵: 4개
[2026-07-14 20:59:34] INFO: [REQ] contents=check-event | id=undefined
[2026-07-14 20:59:37] INFO: [POLLING] 시작 | 큐: 0건 | 처리중: 4건 | 번들: ID:55698(1건), ID:55700(1건), ID:55701(1건), ID:55704(1건)
[2026-07-14 20:59:38] INFO: [POLLING] 종료 | 큐: 0건 | 번들맵: 4개
[2026-07-14 20:59:47] INFO: [POLLING] 시작 | 큐: 0건 | 처리중: 4건 | 번들: ID:55698(1건), ID:55700(1건), ID:55701(1건), ID:55704(1건)
[2026-07-14 20:59:48] INFO: [POLLING] 종료 | 큐: 0건 | 번들맵: 4개
[2026-07-14 20:59:57] INFO: [POLLING] 시작 | 큐: 0건 | 처리중: 4건 | 번들: ID:55698(1건), ID:55700(1건), ID:55701(1건), ID:55704(1건)
[2026-07-14 20:59:58] INFO: [POLLING] 종료 | 큐: 0건 | 번들맵: 4개
[2026-07-14 21:00:07] INFO: [POLLING] 시작 | 큐: 0건 | 처리중: 4건 | 번들: ID:55698(1건), ID:55700(1건), ID:55701(1건), ID:55704(1건)
[2026-07-14 21:00:08] INFO: [POLLING] 종료 | 큐: 0건 | 번들맵: 4개
[2026-07-14 21:00:17] INFO: [POLLING] 시작 | 큐: 0건 | 처리중: 4건 | 번들: ID:55698(1건), ID:55700(1건), ID:55701(1건), ID:55704(1건)
[2026-07-14 21:00:18] INFO: [POLLING] 종료 | 큐: 0건 | 번들맵: 4개
[2026-07-14 21:00:27] INFO: [POLLING] 시작 | 큐: 0건 | 처리중: 4건 | 번들: ID:55698(1건), ID:55700(1건), ID:55701(1건), ID:55704(1건)
[2026-07-14 21:00:28] INFO: [POLLING] 종료 | 큐: 0건 | 번들맵: 4개
[2026-07-14 21:00:37] INFO: [POLLING] 시작 | 큐: 0건 | 처리중: 4건 | 번들: ID:55698(1건), ID:55700(1건), ID:55701(1건), ID:55704(1건)
[2026-07-14 21:00:38] INFO: [REQ] contents=check-event | id=undefined
[2026-07-14 21:00:38] INFO: [POLLING] 종료 | 큐: 0건 | 번들맵: 4개
[2026-07-14 21:00:47] INFO: [POLLING] 시작 | 큐: 0건 | 처리중: 4건 | 번들: ID:55698(1건), ID:55700(1건), ID:55701(1건), ID:55704(1건)
[2026-07-14 21:00:48] INFO: [POLLING] 종료 | 큐: 0건 | 번들맵: 4개
[2026-07-14 21:00:57] INFO: [POLLING] 시작 | 큐: 0건 | 처리중: 4건 | 번들: ID:55698(1건), ID:55700(1건), ID:55701(1건), ID:55704(1건)
[2026-07-14 21:00:58] INFO: [POLLING] 종료 | 큐: 0건 | 번들맵: 4개
[2026-07-14 21:01:07] INFO: [POLLING] 시작 | 큐: 0건 | 처리중: 4건 | 번들: ID:55698(1건), ID:55700(1건), ID:55701(1건), ID:55704(1건)
[2026-07-14 21:01:08] INFO: [POLLING] 종료 | 큐: 0건 | 번들맵: 4개
[2026-07-14 21:01:17] INFO: [POLLING] 시작 | 큐: 0건 | 처리중: 4건 | 번들: ID:55698(1건), ID:55700(1건), ID:55701(1건), ID:55704(1건)
[2026-07-14 21:01:18] INFO: [POLLING] 종료 | 큐: 0건 | 번들맵: 4개
[2026-07-14 21:01:25] INFO: [REQ] contents=check-event | id=undefined
[2026-07-14 21:01:27] INFO: [POLLING] 시작 | 큐: 0건 | 처리중: 4건 | 번들: ID:55698(1건), ID:55700(1건), ID:55701(1건), ID:55704(1건)
[2026-07-14 21:01:28] INFO: [POLLING] 종료 | 큐: 0건 | 번들맵: 4개
[2026-07-14 21:01:37] INFO: [POLLING] 시작 | 큐: 0건 | 처리중: 4건 | 번들: ID:55698(1건), ID:55700(1건), ID:55701(1건), ID:55704(1건)
[2026-07-14 21:01:38] INFO: [POLLING] 종료 | 큐: 0건 | 번들맵: 4개
[2026-07-14 21:01:47] INFO: [POLLING] 시작 | 큐: 0건 | 처리중: 4건 | 번들: ID:55698(1건), ID:55700(1건), ID:55701(1건), ID:55704(1건)
[2026-07-14 21:01:48] INFO: [POLLING] 종료 | 큐: 0건 | 번들맵: 4개
[2026-07-14 21:01:57] INFO: [POLLING] 시작 | 큐: 0건 | 처리중: 4건 | 번들: ID:55698(1건), ID:55700(1건), ID:55701(1건), ID:55704(1건)
[2026-07-14 21:01:58] INFO: [POLLING] 종료 | 큐: 0건 | 번들맵: 4개
[2026-07-14 21:02:07] INFO: [POLLING] 시작 | 큐: 0건 | 처리중: 4건 | 번들: ID:55698(1건), ID:55700(1건), ID:55701(1건), ID:55704(1건)
[2026-07-14 21:02:08] INFO: [POLLING] 종료 | 큐: 0건 | 번들맵: 4개
[2026-07-14 21:02:17] INFO: [POLLING] 시작 | 큐: 0건 | 처리중: 4건 | 번들: ID:55698(1건), ID:55700(1건), ID:55701(1건), ID:55704(1건)
[2026-07-14 21:02:18] INFO: [POLLING] 종료 | 큐: 0건 | 번들맵: 4개
[2026-07-14 21:02:27] INFO: [POLLING] 시작 | 큐: 0건 | 처리중: 4건 | 번들: ID:55698(1건), ID:55700(1건), ID:55701(1건), ID:55704(1건)
[2026-07-14 21:02:28] INFO: [REQ] contents=check-event | id=undefined
[2026-07-14 21:02:28] INFO: [POLLING] 종료 | 큐: 0건 | 번들맵: 4개
[2026-07-14 21:02:37] INFO: [POLLING] 시작 | 큐: 0건 | 처리중: 4건 | 번들: ID:55698(1건), ID:55700(1건), ID:55701(1건), ID:55704(1건)
[2026-07-14 21:02:38] INFO: [POLLING] 종료 | 큐: 0건 | 번들맵: 4개
[2026-07-14 21:02:47] INFO: [POLLING] 시작 | 큐: 0건 | 처리중: 4건 | 번들: ID:55698(1건), ID:55700(1건), ID:55701(1건), ID:55704(1건)
[2026-07-14 21:02:48] INFO: [POLLING] 종료 | 큐: 0건 | 번들맵: 4개
[2026-07-14 21:02:58] INFO: [POLLING] 시작 | 큐: 0건 | 처리중: 4건 | 번들: ID:55698(1건), ID:55700(1건), ID:55701(1건), ID:55704(1건)
[2026-07-14 21:02:58] INFO: [POLLING] 종료 | 큐: 0건 | 번들맵: 4개
[2026-07-14 21:03:05] INFO: [REQ] contents=check-event | id=undefined
[2026-07-14 21:03:08] INFO: [POLLING] 시작 | 큐: 0건 | 처리중: 4건 | 번들: ID:55698(1건), ID:55700(1건), ID:55701(1건), ID:55704(1건)
[2026-07-14 21:03:08] INFO: [POLLING] 종료 | 큐: 0건 | 번들맵: 4개
[2026-07-14 21:03:18] INFO: [POLLING] 시작 | 큐: 0건 | 처리중: 4건 | 번들: ID:55698(1건), ID:55700(1건), ID:55701(1건), ID:55704(1건)
[2026-07-14 21:03:18] INFO: [POLLING] 종료 | 큐: 0건 | 번들맵: 4개
[2026-07-14 21:03:28] INFO: [POLLING] 시작 | 큐: 0건 | 처리중: 4건 | 번들: ID:55698(1건), ID:55700(1건), ID:55701(1건), ID:55704(1건)
[2026-07-14 21:03:28] INFO: [POLLING] 종료 | 큐: 0건 | 번들맵: 4개
[2026-07-14 21:03:38] INFO: [POLLING] 시작 | 큐: 0건 | 처리중: 4건 | 번들: ID:55698(1건), ID:55700(1건), ID:55701(1건), ID:55704(1건)
[2026-07-14 21:03:38] INFO: [POLLING] 종료 | 큐: 0건 | 번들맵: 4개
[2026-07-14 21:03:48] INFO: [POLLING] 시작 | 큐: 0건 | 처리중: 4건 | 번들: ID:55698(1건), ID:55700(1건), ID:55701(1건), ID:55704(1건)
[2026-07-14 21:03:48] INFO: [POLLING] 종료 | 큐: 0건 | 번들맵: 4개
[2026-07-14 21:03:58] INFO: [POLLING] 시작 | 큐: 0건 | 처리중: 4건 | 번들: ID:55698(1건), ID:55700(1건), ID:55701(1건), ID:55704(1건)
[2026-07-14 21:03:58] INFO: [POLLING] 종료 | 큐: 0건 | 번들맵: 4개
[2026-07-14 21:04:08] INFO: [POLLING] 시작 | 큐: 0건 | 처리중: 4건 | 번들: ID:55698(1건), ID:55700(1건), ID:55701(1건), ID:55704(1건)
[2026-07-14 21:04:08] INFO: [REQ] contents=check-event | id=undefined
[2026-07-14 21:04:08] INFO: [POLLING] 종료 | 큐: 0건 | 번들맵: 4개
[2026-07-14 21:04:18] INFO: [POLLING] 시작 | 큐: 0건 | 처리중: 4건 | 번들: ID:55698(1건), ID:55700(1건), ID:55701(1건), ID:55704(1건)
[2026-07-14 21:04:18] INFO: [POLLING] 종료 | 큐: 0건 | 번들맵: 4개
[2026-07-14 21:04:28] INFO: [POLLING] 시작 | 큐: 0건 | 처리중: 4건 | 번들: ID:55698(1건), ID:55700(1건), ID:55701(1건), ID:55704(1건)
[2026-07-14 21:04:28] INFO: [POLLING] 종료 | 큐: 0건 | 번들맵: 4개
[2026-07-14 21:04:35] INFO: [REQ] contents=check-event | id=undefined
[2026-07-14 21:04:38] INFO: [POLLING] 시작 | 큐: 0건 | 처리중: 4건 | 번들: ID:55698(1건), ID:55700(1건), ID:55701(1건), ID:55704(1건)
[2026-07-14 21:04:38] INFO: [POLLING] 종료 | 큐: 0건 | 번들맵: 4개
[2026-07-14 21:04:48] INFO: [POLLING] 시작 | 큐: 0건 | 처리중: 4건 | 번들: ID:55698(1건), ID:55700(1건), ID:55701(1건), ID:55704(1건)
[2026-07-14 21:04:48] INFO: [POLLING] 종료 | 큐: 0건 | 번들맵: 4개
[2026-07-14 21:04:58] INFO: [POLLING] 시작 | 큐: 0건 | 처리중: 4건 | 번들: ID:55698(1건), ID:55700(1건), ID:55701(1건), ID:55704(1건)
[2026-07-14 21:04:58] INFO: [POLLING] 종료 | 큐: 0건 | 번들맵: 4개
[2026-07-14 21:05:08] INFO: [POLLING] 시작 | 큐: 0건 | 처리중: 4건 | 번들: ID:55698(1건), ID:55700(1건), ID:55701(1건), ID:55704(1건)
[2026-07-14 21:05:08] INFO: [POLLING] 종료 | 큐: 0건 | 번들맵: 4개
[2026-07-14 21:05:18] INFO: [POLLING] 시작 | 큐: 0건 | 처리중: 4건 | 번들: ID:55698(1건), ID:55700(1건), ID:55701(1건), ID:55704(1건)
[2026-07-14 21:05:18] INFO: [POLLING] 종료 | 큐: 0건 | 번들맵: 4개
[2026-07-14 21:05:28] INFO: [POLLING] 시작 | 큐: 0건 | 처리중: 4건 | 번들: ID:55698(1건), ID:55700(1건), ID:55701(1건), ID:55704(1건)
[2026-07-14 21:05:28] INFO: [POLLING] 종료 | 큐: 0건 | 번들맵: 4개
[2026-07-14 21:05:38] INFO: [POLLING] 시작 | 큐: 0건 | 처리중: 4건 | 번들: ID:55698(1건), ID:55700(1건), ID:55701(1건), ID:55704(1건)
[2026-07-14 21:05:38] INFO: [POLLING] 종료 | 큐: 0건 | 번들맵: 4개
[2026-07-14 21:05:38] INFO: [REQ] contents=check-event | id=undefined
[2026-07-14 21:05:48] INFO: [POLLING] 시작 | 큐: 0건 | 처리중: 4건 | 번들: ID:55698(1건), ID:55700(1건), ID:55701(1건), ID:55704(1건)
[2026-07-14 21:05:48] INFO: [POLLING] 종료 | 큐: 0건 | 번들맵: 4개
[2026-07-14 21:05:58] INFO: [POLLING] 시작 | 큐: 0건 | 처리중: 4건 | 번들: ID:55698(1건), ID:55700(1건), ID:55701(1건), ID:55704(1건)
[2026-07-14 21:05:58] INFO: [POLLING] 종료 | 큐: 0건 | 번들맵: 4개
[2026-07-14 21:06:08] INFO: [POLLING] 시작 | 큐: 0건 | 처리중: 4건 | 번들: ID:55698(1건), ID:55700(1건), ID:55701(1건), ID:55704(1건)
[2026-07-14 21:06:08] INFO: [POLLING] 종료 | 큐: 0건 | 번들맵: 4개
[2026-07-14 21:06:18] INFO: [POLLING] 시작 | 큐: 0건 | 처리중: 4건 | 번들: ID:55698(1건), ID:55700(1건), ID:55701(1건), ID:55704(1건)
[2026-07-14 21:06:18] INFO: [POLLING] 종료 | 큐: 0건 | 번들맵: 4개
[2026-07-14 21:06:25] INFO: [REQ] contents=check-event | id=undefined
[2026-07-14 21:06:28] INFO: [POLLING] 시작 | 큐: 0건 | 처리중: 4건 | 번들: ID:55698(1건), ID:55700(1건), ID:55701(1건), ID:55704(1건)
[2026-07-14 21:06:28] INFO: [POLLING] 종료 | 큐: 0건 | 번들맵: 4개
[2026-07-14 21:06:38] INFO: [POLLING] 시작 | 큐: 0건 | 처리중: 4건 | 번들: ID:55698(1건), ID:55700(1건), ID:55701(1건), ID:55704(1건)
[2026-07-14 21:06:38] INFO: [POLLING] 종료 | 큐: 0건 | 번들맵: 4개
[2026-07-14 21:06:48] INFO: [POLLING] 시작 | 큐: 0건 | 처리중: 4건 | 번들: ID:55698(1건), ID:55700(1건), ID:55701(1건), ID:55704(1건)
[2026-07-14 21:06:48] INFO: [POLLING] 종료 | 큐: 0건 | 번들맵: 4개
[2026-07-14 21:06:58] INFO: [POLLING] 시작 | 큐: 0건 | 처리중: 4건 | 번들: ID:55698(1건), ID:55700(1건), ID:55701(1건), ID:55704(1건)
[2026-07-14 21:06:58] INFO: [POLLING] 종료 | 큐: 0건 | 번들맵: 4개
[2026-07-14 21:07:08] INFO: [POLLING] 시작 | 큐: 0건 | 처리중: 4건 | 번들: ID:55698(1건), ID:55700(1건), ID:55701(1건), ID:55704(1건)
[2026-07-14 21:07:08] INFO: [POLLING] 종료 | 큐: 0건 | 번들맵: 4개
[2026-07-14 21:07:18] INFO: [POLLING] 시작 | 큐: 0건 | 처리중: 4건 | 번들: ID:55698(1건), ID:55700(1건), ID:55701(1건), ID:55704(1건)
[2026-07-14 21:07:18] INFO: [POLLING] 종료 | 큐: 0건 | 번들맵: 4개
[2026-07-14 21:07:28] INFO: [POLLING] 시작 | 큐: 0건 | 처리중: 4건 | 번들: ID:55698(1건), ID:55700(1건), ID:55701(1건), ID:55704(1건)
[2026-07-14 21:07:28] INFO: [POLLING] 종료 | 큐: 0건 | 번들맵: 4개
[2026-07-14 21:07:28] INFO: [REQ] contents=check-event | id=undefined
[2026-07-14 21:07:38] INFO: [POLLING] 시작 | 큐: 0건 | 처리중: 4건 | 번들: ID:55698(1건), ID:55700(1건), ID:55701(1건), ID:55704(1건)
[2026-07-14 21:07:38] INFO: [POLLING] 종료 | 큐: 0건 | 번들맵: 4개
[2026-07-14 21:07:48] INFO: [POLLING] 시작 | 큐: 0건 | 처리중: 4건 | 번들: ID:55698(1건), ID:55700(1건), ID:55701(1건), ID:55704(1건)
[2026-07-14 21:07:48] INFO: [POLLING] 종료 | 큐: 0건 | 번들맵: 4개
[2026-07-14 21:07:58] INFO: [POLLING] 시작 | 큐: 0건 | 처리중: 4건 | 번들: ID:55698(1건), ID:55700(1건), ID:55701(1건), ID:55704(1건)
[2026-07-14 21:07:58] INFO: [POLLING] 종료 | 큐: 0건 | 번들맵: 4개
[2026-07-14 21:08:05] INFO: [REQ] contents=check-event | id=undefined
[2026-07-14 21:08:08] INFO: [POLLING] 시작 | 큐: 0건 | 처리중: 4건 | 번들: ID:55698(1건), ID:55700(1건), ID:55701(1건), ID:55704(1건)
[2026-07-14 21:08:08] INFO: [POLLING] 종료 | 큐: 0건 | 번들맵: 4개
[2026-07-14 21:08:18] INFO: [POLLING] 시작 | 큐: 0건 | 처리중: 4건 | 번들: ID:55698(1건), ID:55700(1건), ID:55701(1건), ID:55704(1건)
[2026-07-14 21:08:18] INFO: [POLLING] 종료 | 큐: 0건 | 번들맵: 4개
[2026-07-14 21:08:28] INFO: [POLLING] 시작 | 큐: 0건 | 처리중: 4건 | 번들: ID:55698(1건), ID:55700(1건), ID:55701(1건), ID:55704(1건)
[2026-07-14 21:08:29] INFO: [POLLING] 종료 | 큐: 0건 | 번들맵: 4개
[2026-07-14 21:08:38] INFO: [POLLING] 시작 | 큐: 0건 | 처리중: 4건 | 번들: ID:55698(1건), ID:55700(1건), ID:55701(1건), ID:55704(1건)
[2026-07-14 21:08:38] INFO: [POLLING] 종료 | 큐: 0건 | 번들맵: 4개
[2026-07-14 21:08:48] INFO: [POLLING] 시작 | 큐: 0건 | 처리중: 4건 | 번들: ID:55698(1건), ID:55700(1건), ID:55701(1건), ID:55704(1건)
[2026-07-14 21:08:49] INFO: [POLLING] 종료 | 큐: 0건 | 번들맵: 4개
[2026-07-14 21:08:58] INFO: [POLLING] 시작 | 큐: 0건 | 처리중: 4건 | 번들: ID:55698(1건), ID:55700(1건), ID:55701(1건), ID:55704(1건)
[2026-07-14 21:08:59] INFO: [POLLING] 종료 | 큐: 0건 | 번들맵: 4개
[2026-07-14 21:09:08] INFO: [POLLING] 시작 | 큐: 0건 | 처리중: 4건 | 번들: ID:55698(1건), ID:55700(1건), ID:55701(1건), ID:55704(1건)
[2026-07-14 21:09:09] INFO: [POLLING] 종료 | 큐: 0건 | 번들맵: 4개
[2026-07-14 21:09:09] INFO: [REQ] contents=check-event | id=undefined
[2026-07-14 21:09:18] INFO: [POLLING] 시작 | 큐: 0건 | 처리중: 4건 | 번들: ID:55698(1건), ID:55700(1건), ID:55701(1건), ID:55704(1건)
[2026-07-14 21:09:19] INFO: [POLLING] 종료 | 큐: 0건 | 번들맵: 4개
[2026-07-14 21:09:28] INFO: [POLLING] 시작 | 큐: 0건 | 처리중: 4건 | 번들: ID:55698(1건), ID:55700(1건), ID:55701(1건), ID:55704(1건)
[2026-07-14 21:09:29] INFO: [POLLING] 종료 | 큐: 0건 | 번들맵: 4개
[2026-07-14 21:09:35] INFO: [REQ] contents=check-event | id=undefined
[2026-07-14 21:09:38] INFO: [POLLING] 시작 | 큐: 0건 | 처리중: 4건 | 번들: ID:55698(1건), ID:55700(1건), ID:55701(1건), ID:55704(1건)
[2026-07-14 21:09:39] INFO: [POLLING] 종료 | 큐: 0건 | 번들맵: 4개
[2026-07-14 21:09:48] INFO: [POLLING] 시작 | 큐: 0건 | 처리중: 4건 | 번들: ID:55698(1건), ID:55700(1건), ID:55701(1건), ID:55704(1건)
[2026-07-14 21:09:49] INFO: [POLLING] 종료 | 큐: 0건 | 번들맵: 4개
[2026-07-14 21:09:58] INFO: [POLLING] 시작 | 큐: 0건 | 처리중: 4건 | 번들: ID:55698(1건), ID:55700(1건), ID:55701(1건), ID:55704(1건)
[2026-07-14 21:09:59] INFO: [POLLING] 종료 | 큐: 0건 | 번들맵: 4개
[2026-07-14 21:10:08] INFO: [POLLING] 시작 | 큐: 0건 | 처리중: 4건 | 번들: ID:55698(1건), ID:55700(1건), ID:55701(1건), ID:55704(1건)
[2026-07-14 21:10:09] INFO: [POLLING] 종료 | 큐: 0건 | 번들맵: 4개
[2026-07-14 21:10:18] INFO: [POLLING] 시작 | 큐: 0건 | 처리중: 4건 | 번들: ID:55698(1건), ID:55700(1건), ID:55701(1건), ID:55704(1건)
[2026-07-14 21:10:19] INFO: [POLLING] 종료 | 큐: 0건 | 번들맵: 4개
[2026-07-14 21:10:28] INFO: [POLLING] 시작 | 큐: 0건 | 처리중: 4건 | 번들: ID:55698(1건), ID:55700(1건), ID:55701(1건), ID:55704(1건)
[2026-07-14 21:10:29] INFO: [POLLING] 종료 | 큐: 0건 | 번들맵: 4개
[2026-07-14 21:10:38] INFO: [POLLING] 시작 | 큐: 0건 | 처리중: 4건 | 번들: ID:55698(1건), ID:55700(1건), ID:55701(1건), ID:55704(1건)
[2026-07-14 21:10:39] INFO: [POLLING] 종료 | 큐: 0건 | 번들맵: 4개
[2026-07-14 21:10:39] INFO: [REQ] contents=check-event | id=undefined
[2026-07-14 21:10:48] INFO: [POLLING] 시작 | 큐: 0건 | 처리중: 4건 | 번들: ID:55698(1건), ID:55700(1건), ID:55701(1건), ID:55704(1건)
[2026-07-14 21:10:49] INFO: [POLLING] 종료 | 큐: 0건 | 번들맵: 4개
[2026-07-14 21:10:58] INFO: [POLLING] 시작 | 큐: 0건 | 처리중: 4건 | 번들: ID:55698(1건), ID:55700(1건), ID:55701(1건), ID:55704(1건)
[2026-07-14 21:10:59] INFO: [POLLING] 종료 | 큐: 0건 | 번들맵: 4개
[2026-07-14 21:11:08] INFO: [POLLING] 시작 | 큐: 0건 | 처리중: 4건 | 번들: ID:55698(1건), ID:55700(1건), ID:55701(1건), ID:55704(1건)
[2026-07-14 21:11:09] INFO: [POLLING] 종료 | 큐: 0건 | 번들맵: 4개
[2026-07-14 21:11:18] INFO: [POLLING] 시작 | 큐: 0건 | 처리중: 4건 | 번들: ID:55698(1건), ID:55700(1건), ID:55701(1건), ID:55704(1건)
[2026-07-14 21:11:19] INFO: [POLLING] 종료 | 큐: 0건 | 번들맵: 4개
[2026-07-14 21:11:26] INFO: [REQ] contents=check-event | id=undefined
[2026-07-14 21:11:28] INFO: [POLLING] 시작 | 큐: 0건 | 처리중: 4건 | 번들: ID:55698(1건), ID:55700(1건), ID:55701(1건), ID:55704(1건)
[2026-07-14 21:11:29] INFO: [POLLING] 종료 | 큐: 0건 | 번들맵: 4개
[2026-07-14 21:11:38] INFO: [POLLING] 시작 | 큐: 0건 | 처리중: 4건 | 번들: ID:55698(1건), ID:55700(1건), ID:55701(1건), ID:55704(1건)
[2026-07-14 21:11:39] INFO: [POLLING] 종료 | 큐: 0건 | 번들맵: 4개
[2026-07-14 21:11:48] INFO: [POLLING] 시작 | 큐: 0건 | 처리중: 4건 | 번들: ID:55698(1건), ID:55700(1건), ID:55701(1건), ID:55704(1건)
[2026-07-14 21:11:49] INFO: [POLLING] 종료 | 큐: 0건 | 번들맵: 4개
[2026-07-14 21:11:58] INFO: [POLLING] 시작 | 큐: 0건 | 처리중: 4건 | 번들: ID:55698(1건), ID:55700(1건), ID:55701(1건), ID:55704(1건)
[2026-07-14 21:11:59] INFO: [POLLING] 종료 | 큐: 0건 | 번들맵: 4개
[2026-07-14 21:12:08] INFO: [POLLING] 시작 | 큐: 0건 | 처리중: 4건 | 번들: ID:55698(1건), ID:55700(1건), ID:55701(1건), ID:55704(1건)
[2026-07-14 21:12:09] INFO: [POLLING] 종료 | 큐: 0건 | 번들맵: 4개
[2026-07-14 21:12:18] INFO: [POLLING] 시작 | 큐: 0건 | 처리중: 4건 | 번들: ID:55698(1건), ID:55700(1건), ID:55701(1건), ID:55704(1건)
[2026-07-14 21:12:19] INFO: [POLLING] 종료 | 큐: 0건 | 번들맵: 4개
[2026-07-14 21:12:28] INFO: [POLLING] 시작 | 큐: 0건 | 처리중: 4건 | 번들: ID:55698(1건), ID:55700(1건), ID:55701(1건), ID:55704(1건)
[2026-07-14 21:12:29] INFO: [POLLING] 종료 | 큐: 0건 | 번들맵: 4개
[2026-07-14 21:12:29] INFO: [REQ] contents=check-event | id=undefined
[2026-07-14 21:12:38] INFO: [POLLING] 시작 | 큐: 0건 | 처리중: 4건 | 번들: ID:55698(1건), ID:55700(1건), ID:55701(1건), ID:55704(1건)
[2026-07-14 21:12:39] INFO: [POLLING] 종료 | 큐: 0건 | 번들맵: 4개
[2026-07-14 21:12:48] INFO: [POLLING] 시작 | 큐: 0건 | 처리중: 4건 | 번들: ID:55698(1건), ID:55700(1건), ID:55701(1건), ID:55704(1건)
[2026-07-14 21:12:49] INFO: [POLLING] 종료 | 큐: 0건 | 번들맵: 4개
[2026-07-14 21:12:58] INFO: [POLLING] 시작 | 큐: 0건 | 처리중: 4건 | 번들: ID:55698(1건), ID:55700(1건), ID:55701(1건), ID:55704(1건)
[2026-07-14 21:12:59] INFO: [POLLING] 종료 | 큐: 0건 | 번들맵: 4개
[2026-07-14 21:13:06] INFO: [REQ] contents=check-event | id=undefined
[2026-07-14 21:13:08] INFO: [POLLING] 시작 | 큐: 0건 | 처리중: 4건 | 번들: ID:55698(1건), ID:55700(1건), ID:55701(1건), ID:55704(1건)
[2026-07-14 21:13:09] INFO: [POLLING] 종료 | 큐: 0건 | 번들맵: 4개
[2026-07-14 21:13:18] INFO: [POLLING] 시작 | 큐: 0건 | 처리중: 4건 | 번들: ID:55698(1건), ID:55700(1건), ID:55701(1건), ID:55704(1건)
[2026-07-14 21:13:19] INFO: [POLLING] 종료 | 큐: 0건 | 번들맵: 4개
[2026-07-14 21:13:28] INFO: [POLLING] 시작 | 큐: 0건 | 처리중: 4건 | 번들: ID:55698(1건), ID:55700(1건), ID:55701(1건), ID:55704(1건)
[2026-07-14 21:13:29] INFO: [POLLING] 종료 | 큐: 0건 | 번들맵: 4개
[2026-07-14 21:13:38] INFO: [POLLING] 시작 | 큐: 0건 | 처리중: 4건 | 번들: ID:55698(1건), ID:55700(1건), ID:55701(1건), ID:55704(1건)
[2026-07-14 21:13:39] INFO: [POLLING] 종료 | 큐: 0건 | 번들맵: 4개
[2026-07-14 21:13:48] INFO: [POLLING] 시작 | 큐: 0건 | 처리중: 4건 | 번들: ID:55698(1건), ID:55700(1건), ID:55701(1건), ID:55704(1건)
[2026-07-14 21:13:49] INFO: [POLLING] 종료 | 큐: 0건 | 번들맵: 4개
[2026-07-14 21:13:58] INFO: [POLLING] 시작 | 큐: 0건 | 처리중: 4건 | 번들: ID:55698(1건), ID:55700(1건), ID:55701(1건), ID:55704(1건)
[2026-07-14 21:13:59] INFO: [POLLING] 종료 | 큐: 0건 | 번들맵: 4개
[2026-07-14 21:14:08] INFO: [POLLING] 시작 | 큐: 0건 | 처리중: 4건 | 번들: ID:55698(1건), ID:55700(1건), ID:55701(1건), ID:55704(1건)
[2026-07-14 21:14:09] INFO: [POLLING] 종료 | 큐: 0건 | 번들맵: 4개
[2026-07-14 21:14:09] INFO: [REQ] contents=check-event | id=undefined
[2026-07-14 21:14:18] INFO: [POLLING] 시작 | 큐: 0건 | 처리중: 4건 | 번들: ID:55698(1건), ID:55700(1건), ID:55701(1건), ID:55704(1건)
[2026-07-14 21:14:19] INFO: [POLLING] 종료 | 큐: 0건 | 번들맵: 4개
[2026-07-14 21:14:28] INFO: [POLLING] 시작 | 큐: 0건 | 처리중: 4건 | 번들: ID:55698(1건), ID:55700(1건), ID:55701(1건), ID:55704(1건)
[2026-07-14 21:14:29] INFO: [POLLING] 종료 | 큐: 0건 | 번들맵: 4개
[2026-07-14 21:14:36] INFO: [REQ] contents=check-event | id=undefined
[2026-07-14 21:14:38] INFO: [POLLING] 시작 | 큐: 0건 | 처리중: 4건 | 번들: ID:55698(1건), ID:55700(1건), ID:55701(1건), ID:55704(1건)
[2026-07-14 21:14:39] INFO: [POLLING] 종료 | 큐: 0건 | 번들맵: 4개
[2026-07-14 21:14:48] INFO: [POLLING] 시작 | 큐: 0건 | 처리중: 4건 | 번들: ID:55698(1건), ID:55700(1건), ID:55701(1건), ID:55704(1건)
[2026-07-14 21:14:49] INFO: [POLLING] 종료 | 큐: 0건 | 번들맵: 4개
[2026-07-14 21:14:58] INFO: [POLLING] 시작 | 큐: 0건 | 처리중: 4건 | 번들: ID:55698(1건), ID:55700(1건), ID:55701(1건), ID:55704(1건)
[2026-07-14 21:14:59] INFO: [POLLING] 종료 | 큐: 0건 | 번들맵: 4개
[2026-07-14 21:15:08] INFO: [POLLING] 시작 | 큐: 0건 | 처리중: 4건 | 번들: ID:55698(1건), ID:55700(1건), ID:55701(1건), ID:55704(1건)
[2026-07-14 21:15:09] INFO: [POLLING] 종료 | 큐: 0건 | 번들맵: 4개
[2026-07-14 21:15:18] INFO: [POLLING] 시작 | 큐: 0건 | 처리중: 4건 | 번들: ID:55698(1건), ID:55700(1건), ID:55701(1건), ID:55704(1건)
[2026-07-14 21:15:19] INFO: [POLLING] 종료 | 큐: 0건 | 번들맵: 4개
[2026-07-14 21:15:28] INFO: [POLLING] 시작 | 큐: 0건 | 처리중: 4건 | 번들: ID:55698(1건), ID:55700(1건), ID:55701(1건), ID:55704(1건)
[2026-07-14 21:15:29] INFO: [POLLING] 종료 | 큐: 0건 | 번들맵: 4개
[2026-07-14 21:15:38] INFO: [POLLING] 시작 | 큐: 0건 | 처리중: 4건 | 번들: ID:55698(1건), ID:55700(1건), ID:55701(1건), ID:55704(1건)
[2026-07-14 21:15:39] INFO: [POLLING] 종료 | 큐: 0건 | 번들맵: 4개
[2026-07-14 21:15:39] INFO: [REQ] contents=check-event | id=undefined
[2026-07-14 21:15:48] INFO: [POLLING] 시작 | 큐: 0건 | 처리중: 4건 | 번들: ID:55698(1건), ID:55700(1건), ID:55701(1건), ID:55704(1건)
[2026-07-14 21:15:49] INFO: [POLLING] 종료 | 큐: 0건 | 번들맵: 4개
[2026-07-14 21:15:58] INFO: [POLLING] 시작 | 큐: 0건 | 처리중: 4건 | 번들: ID:55698(1건), ID:55700(1건), ID:55701(1건), ID:55704(1건)
[2026-07-14 21:15:59] INFO: [POLLING] 종료 | 큐: 0건 | 번들맵: 4개
[2026-07-14 21:16:08] INFO: [POLLING] 시작 | 큐: 0건 | 처리중: 4건 | 번들: ID:55698(1건), ID:55700(1건), ID:55701(1건), ID:55704(1건)
[2026-07-14 21:16:09] INFO: [POLLING] 종료 | 큐: 0건 | 번들맵: 4개
[2026-07-14 21:16:18] INFO: [POLLING] 시작 | 큐: 0건 | 처리중: 4건 | 번들: ID:55698(1건), ID:55700(1건), ID:55701(1건), ID:55704(1건)
[2026-07-14 21:16:19] INFO: [POLLING] 종료 | 큐: 0건 | 번들맵: 4개
[2026-07-14 21:16:26] INFO: [REQ] contents=check-event | id=undefined
[2026-07-14 21:16:28] INFO: [POLLING] 시작 | 큐: 0건 | 처리중: 4건 | 번들: ID:55698(1건), ID:55700(1건), ID:55701(1건), ID:55704(1건)
[2026-07-14 21:16:29] INFO: [POLLING] 종료 | 큐: 0건 | 번들맵: 4개
[2026-07-14 21:16:38] INFO: [POLLING] 시작 | 큐: 0건 | 처리중: 4건 | 번들: ID:55698(1건), ID:55700(1건), ID:55701(1건), ID:55704(1건)
[2026-07-14 21:16:39] INFO: [POLLING] 종료 | 큐: 0건 | 번들맵: 4개
[2026-07-14 21:16:48] INFO: [POLLING] 시작 | 큐: 0건 | 처리중: 4건 | 번들: ID:55698(1건), ID:55700(1건), ID:55701(1건), ID:55704(1건)
[2026-07-14 21:16:49] INFO: [POLLING] 종료 | 큐: 0건 | 번들맵: 4개
[2026-07-14 21:16:58] INFO: [POLLING] 시작 | 큐: 0건 | 처리중: 4건 | 번들: ID:55698(1건), ID:55700(1건), ID:55701(1건), ID:55704(1건)
[2026-07-14 21:16:59] INFO: [POLLING] 종료 | 큐: 0건 | 번들맵: 4개
[2026-07-14 21:17:08] INFO: [POLLING] 시작 | 큐: 0건 | 처리중: 4건 | 번들: ID:55698(1건), ID:55700(1건), ID:55701(1건), ID:55704(1건)
[2026-07-14 21:17:09] INFO: [POLLING] 종료 | 큐: 0건 | 번들맵: 4개
[2026-07-14 21:17:18] INFO: [POLLING] 시작 | 큐: 0건 | 처리중: 4건 | 번들: ID:55698(1건), ID:55700(1건), ID:55701(1건), ID:55704(1건)
[2026-07-14 21:17:19] INFO: [POLLING] 종료 | 큐: 0건 | 번들맵: 4개
[2026-07-14 21:17:28] INFO: [POLLING] 시작 | 큐: 0건 | 처리중: 4건 | 번들: ID:55698(1건), ID:55700(1건), ID:55701(1건), ID:55704(1건)
[2026-07-14 21:17:29] INFO: [POLLING] 종료 | 큐: 0건 | 번들맵: 4개
[2026-07-14 21:17:29] INFO: [REQ] contents=check-event | id=undefined
[2026-07-14 21:17:38] INFO: [POLLING] 시작 | 큐: 0건 | 처리중: 4건 | 번들: ID:55698(1건), ID:55700(1건), ID:55701(1건), ID:55704(1건)
[2026-07-14 21:17:39] INFO: [POLLING] 종료 | 큐: 0건 | 번들맵: 4개
[2026-07-14 21:17:48] INFO: [POLLING] 시작 | 큐: 0건 | 처리중: 4건 | 번들: ID:55698(1건), ID:55700(1건), ID:55701(1건), ID:55704(1건)
[2026-07-14 21:17:49] INFO: [POLLING] 종료 | 큐: 0건 | 번들맵: 4개
[2026-07-14 21:17:58] INFO: [POLLING] 시작 | 큐: 0건 | 처리중: 4건 | 번들: ID:55698(1건), ID:55700(1건), ID:55701(1건), ID:55704(1건)
[2026-07-14 21:17:59] INFO: [POLLING] 종료 | 큐: 0건 | 번들맵: 4개
[2026-07-14 21:18:06] INFO: [REQ] contents=check-event | id=undefined
[2026-07-14 21:18:08] INFO: [POLLING] 시작 | 큐: 0건 | 처리중: 4건 | 번들: ID:55698(1건), ID:55700(1건), ID:55701(1건), ID:55704(1건)
[2026-07-14 21:18:09] INFO: [POLLING] 종료 | 큐: 0건 | 번들맵: 4개
[2026-07-14 21:18:18] INFO: [POLLING] 시작 | 큐: 0건 | 처리중: 4건 | 번들: ID:55698(1건), ID:55700(1건), ID:55701(1건), ID:55704(1건)
[2026-07-14 21:18:19] INFO: [POLLING] 종료 | 큐: 0건 | 번들맵: 4개
[2026-07-14 21:18:28] INFO: [POLLING] 시작 | 큐: 0건 | 처리중: 4건 | 번들: ID:55698(1건), ID:55700(1건), ID:55701(1건), ID:55704(1건)
[2026-07-14 21:18:29] INFO: [POLLING] 종료 | 큐: 0건 | 번들맵: 4개
[2026-07-14 21:18:38] INFO: [POLLING] 시작 | 큐: 0건 | 처리중: 4건 | 번들: ID:55698(1건), ID:55700(1건), ID:55701(1건), ID:55704(1건)
[2026-07-14 21:18:39] INFO: [POLLING] 종료 | 큐: 0건 | 번들맵: 4개
[2026-07-14 21:18:48] INFO: [POLLING] 시작 | 큐: 0건 | 처리중: 4건 | 번들: ID:55698(1건), ID:55700(1건), ID:55701(1건), ID:55704(1건)
[2026-07-14 21:18:49] INFO: [POLLING] 종료 | 큐: 0건 | 번들맵: 4개
[2026-07-14 21:18:58] INFO: [POLLING] 시작 | 큐: 0건 | 처리중: 4건 | 번들: ID:55698(1건), ID:55700(1건), ID:55701(1건), ID:55704(1건)
[2026-07-14 21:18:59] INFO: [POLLING] 종료 | 큐: 0건 | 번들맵: 4개
[2026-07-14 21:19:08] INFO: [POLLING] 시작 | 큐: 0건 | 처리중: 4건 | 번들: ID:55698(1건), ID:55700(1건), ID:55701(1건), ID:55704(1건)
[2026-07-14 21:19:09] INFO: [POLLING] 종료 | 큐: 0건 | 번들맵: 4개
[2026-07-14 21:19:10] INFO: [REQ] contents=check-event | id=undefined
[2026-07-14 21:19:18] INFO: [POLLING] 시작 | 큐: 0건 | 처리중: 4건 | 번들: ID:55698(1건), ID:55700(1건), ID:55701(1건), ID:55704(1건)
[2026-07-14 21:19:19] INFO: [POLLING] 종료 | 큐: 0건 | 번들맵: 4개
[2026-07-14 21:19:29] INFO: [POLLING] 시작 | 큐: 0건 | 처리중: 4건 | 번들: ID:55698(1건), ID:55700(1건), ID:55701(1건), ID:55704(1건)
[2026-07-14 21:19:29] INFO: [POLLING] 종료 | 큐: 0건 | 번들맵: 4개
[2026-07-14 21:19:36] INFO: [REQ] contents=check-event | id=undefined
[2026-07-14 21:19:39] INFO: [POLLING] 시작 | 큐: 0건 | 처리중: 4건 | 번들: ID:55698(1건), ID:55700(1건), ID:55701(1건), ID:55704(1건)
[2026-07-14 21:19:39] INFO: [POLLING] 종료 | 큐: 0건 | 번들맵: 4개
[2026-07-14 21:19:49] INFO: [POLLING] 시작 | 큐: 0건 | 처리중: 4건 | 번들: ID:55698(1건), ID:55700(1건), ID:55701(1건), ID:55704(1건)
[2026-07-14 21:19:49] INFO: [POLLING] 종료 | 큐: 0건 | 번들맵: 4개
[2026-07-14 21:19:59] INFO: [POLLING] 시작 | 큐: 0건 | 처리중: 4건 | 번들: ID:55698(1건), ID:55700(1건), ID:55701(1건), ID:55704(1건)
[2026-07-14 21:19:59] INFO: [POLLING] 종료 | 큐: 0건 | 번들맵: 4개
[2026-07-14 21:20:09] INFO: [POLLING] 시작 | 큐: 0건 | 처리중: 4건 | 번들: ID:55698(1건), ID:55700(1건), ID:55701(1건), ID:55704(1건)
[2026-07-14 21:20:09] INFO: [POLLING] 종료 | 큐: 0건 | 번들맵: 4개
[2026-07-14 21:20:19] INFO: [POLLING] 시작 | 큐: 0건 | 처리중: 4건 | 번들: ID:55698(1건), ID:55700(1건), ID:55701(1건), ID:55704(1건)
[2026-07-14 21:20:19] INFO: [POLLING] 종료 | 큐: 0건 | 번들맵: 4개
[2026-07-14 21:20:29] INFO: [POLLING] 시작 | 큐: 0건 | 처리중: 4건 | 번들: ID:55698(1건), ID:55700(1건), ID:55701(1건), ID:55704(1건)
[2026-07-14 21:20:29] INFO: [POLLING] 종료 | 큐: 0건 | 번들맵: 4개
[2026-07-14 21:20:30] INFO: [REQ] contents=check-event | id=undefined
[2026-07-14 21:20:39] INFO: [POLLING] 시작 | 큐: 0건 | 처리중: 4건 | 번들: ID:55698(1건), ID:55700(1건), ID:55701(1건), ID:55704(1건)
[2026-07-14 21:20:39] INFO: [POLLING] 종료 | 큐: 0건 | 번들맵: 4개
[2026-07-14 21:20:49] INFO: [POLLING] 시작 | 큐: 0건 | 처리중: 4건 | 번들: ID:55698(1건), ID:55700(1건), ID:55701(1건), ID:55704(1건)
[2026-07-14 21:20:49] INFO: [POLLING] 종료 | 큐: 0건 | 번들맵: 4개
[2026-07-14 21:20:59] INFO: [POLLING] 시작 | 큐: 0건 | 처리중: 4건 | 번들: ID:55698(1건), ID:55700(1건), ID:55701(1건), ID:55704(1건)
[2026-07-14 21:20:59] INFO: [POLLING] 종료 | 큐: 0건 | 번들맵: 4개
[2026-07-14 21:21:09] INFO: [POLLING] 시작 | 큐: 0건 | 처리중: 4건 | 번들: ID:55698(1건), ID:55700(1건), ID:55701(1건), ID:55704(1건)
[2026-07-14 21:21:09] INFO: [POLLING] 종료 | 큐: 0건 | 번들맵: 4개
[2026-07-14 21:21:19] INFO: [POLLING] 시작 | 큐: 0건 | 처리중: 4건 | 번들: ID:55698(1건), ID:55700(1건), ID:55701(1건), ID:55704(1건)
[2026-07-14 21:21:19] INFO: [POLLING] 종료 | 큐: 0건 | 번들맵: 4개
[2026-07-14 21:21:26] INFO: [REQ] contents=check-event | id=undefined
[2026-07-14 21:21:29] INFO: [POLLING] 시작 | 큐: 0건 | 처리중: 4건 | 번들: ID:55698(1건), ID:55700(1건), ID:55701(1건), ID:55704(1건)
[2026-07-14 21:21:29] INFO: [POLLING] 종료 | 큐: 0건 | 번들맵: 4개
[2026-07-14 21:21:39] INFO: [POLLING] 시작 | 큐: 0건 | 처리중: 4건 | 번들: ID:55698(1건), ID:55700(1건), ID:55701(1건), ID:55704(1건)
[2026-07-14 21:21:39] INFO: [POLLING] 종료 | 큐: 0건 | 번들맵: 4개
[2026-07-14 21:21:49] INFO: [POLLING] 시작 | 큐: 0건 | 처리중: 4건 | 번들: ID:55698(1건), ID:55700(1건), ID:55701(1건), ID:55704(1건)
[2026-07-14 21:21:50] INFO: [POLLING] 종료 | 큐: 0건 | 번들맵: 4개
[2026-07-14 21:21:59] INFO: [POLLING] 시작 | 큐: 0건 | 처리중: 4건 | 번들: ID:55698(1건), ID:55700(1건), ID:55701(1건), ID:55704(1건)
[2026-07-14 21:21:59] INFO: [POLLING] 종료 | 큐: 0건 | 번들맵: 4개
[2026-07-14 21:22:09] INFO: [POLLING] 시작 | 큐: 0건 | 처리중: 4건 | 번들: ID:55698(1건), ID:55700(1건), ID:55701(1건), ID:55704(1건)
[2026-07-14 21:22:09] INFO: [POLLING] 종료 | 큐: 0건 | 번들맵: 4개
[2026-07-14 21:22:19] INFO: [POLLING] 시작 | 큐: 0건 | 처리중: 4건 | 번들: ID:55698(1건), ID:55700(1건), ID:55701(1건), ID:55704(1건)
[2026-07-14 21:22:19] INFO: [POLLING] 종료 | 큐: 0건 | 번들맵: 4개
[2026-07-14 21:22:20] INFO: [REQ] contents=check-event | id=undefined
[2026-07-14 21:22:29] INFO: [POLLING] 시작 | 큐: 0건 | 처리중: 4건 | 번들: ID:55698(1건), ID:55700(1건), ID:55701(1건), ID:55704(1건)
[2026-07-14 21:22:29] INFO: [POLLING] 종료 | 큐: 0건 | 번들맵: 4개
[2026-07-14 21:22:39] INFO: [POLLING] 시작 | 큐: 0건 | 처리중: 4건 | 번들: ID:55698(1건), ID:55700(1건), ID:55701(1건), ID:55704(1건)
[2026-07-14 21:22:39] INFO: [POLLING] 종료 | 큐: 0건 | 번들맵: 4개
[2026-07-14 21:22:49] INFO: [POLLING] 시작 | 큐: 0건 | 처리중: 4건 | 번들: ID:55698(1건), ID:55700(1건), ID:55701(1건), ID:55704(1건)
[2026-07-14 21:22:49] INFO: [POLLING] 종료 | 큐: 0건 | 번들맵: 4개
[2026-07-14 21:22:59] INFO: [POLLING] 시작 | 큐: 0건 | 처리중: 4건 | 번들: ID:55698(1건), ID:55700(1건), ID:55701(1건), ID:55704(1건)
[2026-07-14 21:22:59] INFO: [POLLING] 종료 | 큐: 0건 | 번들맵: 4개
[2026-07-14 21:23:07] INFO: [REQ] contents=check-event | id=undefined
[2026-07-14 21:23:09] INFO: [POLLING] 시작 | 큐: 0건 | 처리중: 4건 | 번들: ID:55698(1건), ID:55700(1건), ID:55701(1건), ID:55704(1건)
[2026-07-14 21:23:09] INFO: [POLLING] 종료 | 큐: 0건 | 번들맵: 4개
[2026-07-14 21:23:19] INFO: [POLLING] 시작 | 큐: 0건 | 처리중: 4건 | 번들: ID:55698(1건), ID:55700(1건), ID:55701(1건), ID:55704(1건)
[2026-07-14 21:23:19] INFO: [POLLING] 종료 | 큐: 0건 | 번들맵: 4개
[2026-07-14 21:23:29] INFO: [POLLING] 시작 | 큐: 0건 | 처리중: 4건 | 번들: ID:55698(1건), ID:55700(1건), ID:55701(1건), ID:55704(1건)
[2026-07-14 21:23:29] INFO: [POLLING] 종료 | 큐: 0건 | 번들맵: 4개
[2026-07-14 21:23:39] INFO: [POLLING] 시작 | 큐: 0건 | 처리중: 4건 | 번들: ID:55698(1건), ID:55700(1건), ID:55701(1건), ID:55704(1건)
[2026-07-14 21:23:39] INFO: [POLLING] 종료 | 큐: 0건 | 번들맵: 4개
[2026-07-14 21:23:49] INFO: [POLLING] 시작 | 큐: 0건 | 처리중: 4건 | 번들: ID:55698(1건), ID:55700(1건), ID:55701(1건), ID:55704(1건)
[2026-07-14 21:23:49] INFO: [POLLING] 종료 | 큐: 0건 | 번들맵: 4개
[2026-07-14 21:23:59] INFO: [POLLING] 시작 | 큐: 0건 | 처리중: 4건 | 번들: ID:55698(1건), ID:55700(1건), ID:55701(1건), ID:55704(1건)
[2026-07-14 21:23:59] INFO: [POLLING] 종료 | 큐: 0건 | 번들맵: 4개
[2026-07-14 21:24:00] INFO: [REQ] contents=check-event | id=undefined
[2026-07-14 21:24:09] INFO: [POLLING] 시작 | 큐: 0건 | 처리중: 4건 | 번들: ID:55698(1건), ID:55700(1건), ID:55701(1건), ID:55704(1건)
[2026-07-14 21:24:09] INFO: [POLLING] 종료 | 큐: 0건 | 번들맵: 4개
[2026-07-14 21:24:19] INFO: [POLLING] 시작 | 큐: 0건 | 처리중: 4건 | 번들: ID:55698(1건), ID:55700(1건), ID:55701(1건), ID:55704(1건)
[2026-07-14 21:24:19] INFO: [POLLING] 종료 | 큐: 0건 | 번들맵: 4개
[2026-07-14 21:24:29] INFO: [POLLING] 시작 | 큐: 0건 | 처리중: 4건 | 번들: ID:55698(1건), ID:55700(1건), ID:55701(1건), ID:55704(1건)
[2026-07-14 21:24:29] INFO: [POLLING] 종료 | 큐: 0건 | 번들맵: 4개
[2026-07-14 21:24:37] INFO: [REQ] contents=check-event | id=undefined
[2026-07-14 21:24:39] INFO: [POLLING] 시작 | 큐: 0건 | 처리중: 4건 | 번들: ID:55698(1건), ID:55700(1건), ID:55701(1건), ID:55704(1건)
[2026-07-14 21:24:39] INFO: [POLLING] 종료 | 큐: 0건 | 번들맵: 4개
[2026-07-14 21:24:49] INFO: [POLLING] 시작 | 큐: 0건 | 처리중: 4건 | 번들: ID:55698(1건), ID:55700(1건), ID:55701(1건), ID:55704(1건)
[2026-07-14 21:24:49] INFO: [POLLING] 종료 | 큐: 0건 | 번들맵: 4개
[2026-07-14 21:24:59] INFO: [POLLING] 시작 | 큐: 0건 | 처리중: 4건 | 번들: ID:55698(1건), ID:55700(1건), ID:55701(1건), ID:55704(1건)
[2026-07-14 21:24:59] INFO: [POLLING] 종료 | 큐: 0건 | 번들맵: 4개
[2026-07-14 21:25:09] INFO: [POLLING] 시작 | 큐: 0건 | 처리중: 4건 | 번들: ID:55698(1건), ID:55700(1건), ID:55701(1건), ID:55704(1건)
[2026-07-14 21:25:09] INFO: [POLLING] 종료 | 큐: 0건 | 번들맵: 4개
[2026-07-14 21:25:19] INFO: [POLLING] 시작 | 큐: 0건 | 처리중: 4건 | 번들: ID:55698(1건), ID:55700(1건), ID:55701(1건), ID:55704(1건)
[2026-07-14 21:25:19] INFO: [POLLING] 종료 | 큐: 0건 | 번들맵: 4개
[2026-07-14 21:25:29] INFO: [POLLING] 시작 | 큐: 0건 | 처리중: 4건 | 번들: ID:55698(1건), ID:55700(1건), ID:55701(1건), ID:55704(1건)
[2026-07-14 21:25:29] INFO: [POLLING] 종료 | 큐: 0건 | 번들맵: 4개
[2026-07-14 21:25:30] INFO: [REQ] contents=check-event | id=undefined
[2026-07-14 21:25:39] INFO: [POLLING] 시작 | 큐: 0건 | 처리중: 4건 | 번들: ID:55698(1건), ID:55700(1건), ID:55701(1건), ID:55704(1건)
[2026-07-14 21:25:39] INFO: [POLLING] 종료 | 큐: 0건 | 번들맵: 4개
[2026-07-14 21:25:49] INFO: [POLLING] 시작 | 큐: 0건 | 처리중: 4건 | 번들: ID:55698(1건), ID:55700(1건), ID:55701(1건), ID:55704(1건)
[2026-07-14 21:25:49] INFO: [POLLING] 종료 | 큐: 0건 | 번들맵: 4개
[2026-07-14 21:25:59] INFO: [POLLING] 시작 | 큐: 0건 | 처리중: 4건 | 번들: ID:55698(1건), ID:55700(1건), ID:55701(1건), ID:55704(1건)
[2026-07-14 21:25:59] INFO: [POLLING] 종료 | 큐: 0건 | 번들맵: 4개
[2026-07-14 21:26:09] INFO: [POLLING] 시작 | 큐: 0건 | 처리중: 4건 | 번들: ID:55698(1건), ID:55700(1건), ID:55701(1건), ID:55704(1건)
[2026-07-14 21:26:09] INFO: [POLLING] 종료 | 큐: 0건 | 번들맵: 4개
[2026-07-14 21:26:19] INFO: [POLLING] 시작 | 큐: 0건 | 처리중: 4건 | 번들: ID:55698(1건), ID:55700(1건), ID:55701(1건), ID:55704(1건)
[2026-07-14 21:26:20] INFO: [POLLING] 종료 | 큐: 0건 | 번들맵: 4개
[2026-07-14 21:26:27] INFO: [REQ] contents=check-event | id=undefined
[2026-07-14 21:26:29] INFO: [POLLING] 시작 | 큐: 0건 | 처리중: 4건 | 번들: ID:55698(1건), ID:55700(1건), ID:55701(1건), ID:55704(1건)
[2026-07-14 21:26:30] INFO: [POLLING] 종료 | 큐: 0건 | 번들맵: 4개
[2026-07-14 21:26:39] INFO: [POLLING] 시작 | 큐: 0건 | 처리중: 4건 | 번들: ID:55698(1건), ID:55700(1건), ID:55701(1건), ID:55704(1건)
[2026-07-14 21:26:40] INFO: [POLLING] 종료 | 큐: 0건 | 번들맵: 4개
[2026-07-14 21:26:49] INFO: [POLLING] 시작 | 큐: 0건 | 처리중: 4건 | 번들: ID:55698(1건), ID:55700(1건), ID:55701(1건), ID:55704(1건)
[2026-07-14 21:26:50] INFO: [POLLING] 종료 | 큐: 0건 | 번들맵: 4개
[2026-07-14 21:26:59] INFO: [POLLING] 시작 | 큐: 0건 | 처리중: 4건 | 번들: ID:55698(1건), ID:55700(1건), ID:55701(1건), ID:55704(1건)
[2026-07-14 21:27:00] INFO: [POLLING] 종료 | 큐: 0건 | 번들맵: 4개
[2026-07-14 21:27:09] INFO: [POLLING] 시작 | 큐: 0건 | 처리중: 4건 | 번들: ID:55698(1건), ID:55700(1건), ID:55701(1건), ID:55704(1건)
[2026-07-14 21:27:10] INFO: [POLLING] 종료 | 큐: 0건 | 번들맵: 4개
[2026-07-14 21:27:19] INFO: [POLLING] 시작 | 큐: 0건 | 처리중: 4건 | 번들: ID:55698(1건), ID:55700(1건), ID:55701(1건), ID:55704(1건)
[2026-07-14 21:27:20] INFO: [POLLING] 종료 | 큐: 0건 | 번들맵: 4개
[2026-07-14 21:27:20] INFO: [REQ] contents=check-event | id=undefined
[2026-07-14 21:27:29] INFO: [POLLING] 시작 | 큐: 0건 | 처리중: 4건 | 번들: ID:55698(1건), ID:55700(1건), ID:55701(1건), ID:55704(1건)
[2026-07-14 21:27:30] INFO: [POLLING] 종료 | 큐: 0건 | 번들맵: 4개
[2026-07-14 21:27:39] INFO: [POLLING] 시작 | 큐: 0건 | 처리중: 4건 | 번들: ID:55698(1건), ID:55700(1건), ID:55701(1건), ID:55704(1건)
[2026-07-14 21:27:40] INFO: [POLLING] 종료 | 큐: 0건 | 번들맵: 4개
[2026-07-14 21:27:49] INFO: [POLLING] 시작 | 큐: 0건 | 처리중: 4건 | 번들: ID:55698(1건), ID:55700(1건), ID:55701(1건), ID:55704(1건)
[2026-07-14 21:27:50] INFO: [POLLING] 종료 | 큐: 0건 | 번들맵: 4개
[2026-07-14 21:27:59] INFO: [POLLING] 시작 | 큐: 0건 | 처리중: 4건 | 번들: ID:55698(1건), ID:55700(1건), ID:55701(1건), ID:55704(1건)
[2026-07-14 21:28:00] INFO: [POLLING] 종료 | 큐: 0건 | 번들맵: 4개
[2026-07-14 21:28:07] INFO: [REQ] contents=check-event | id=undefined
[2026-07-14 21:28:09] INFO: [POLLING] 시작 | 큐: 0건 | 처리중: 4건 | 번들: ID:55698(1건), ID:55700(1건), ID:55701(1건), ID:55704(1건)
[2026-07-14 21:28:10] INFO: [POLLING] 종료 | 큐: 0건 | 번들맵: 4개
[2026-07-14 21:28:19] INFO: [POLLING] 시작 | 큐: 0건 | 처리중: 4건 | 번들: ID:55698(1건), ID:55700(1건), ID:55701(1건), ID:55704(1건)
[2026-07-14 21:28:20] INFO: [POLLING] 종료 | 큐: 0건 | 번들맵: 4개
[2026-07-14 21:28:29] INFO: [POLLING] 시작 | 큐: 0건 | 처리중: 4건 | 번들: ID:55698(1건), ID:55700(1건), ID:55701(1건), ID:55704(1건)
[2026-07-14 21:28:30] INFO: [POLLING] 종료 | 큐: 0건 | 번들맵: 4개
[2026-07-14 21:28:39] INFO: [POLLING] 시작 | 큐: 0건 | 처리중: 4건 | 번들: ID:55698(1건), ID:55700(1건), ID:55701(1건), ID:55704(1건)
[2026-07-14 21:28:40] INFO: [POLLING] 종료 | 큐: 0건 | 번들맵: 4개
[2026-07-14 21:28:49] INFO: [POLLING] 시작 | 큐: 0건 | 처리중: 4건 | 번들: ID:55698(1건), ID:55700(1건), ID:55701(1건), ID:55704(1건)
[2026-07-14 21:28:50] INFO: [POLLING] 종료 | 큐: 0건 | 번들맵: 4개
[2026-07-14 21:28:59] INFO: [POLLING] 시작 | 큐: 0건 | 처리중: 4건 | 번들: ID:55698(1건), ID:55700(1건), ID:55701(1건), ID:55704(1건)
[2026-07-14 21:29:00] INFO: [POLLING] 종료 | 큐: 0건 | 번들맵: 4개
[2026-07-14 21:29:01] INFO: [REQ] contents=check-event | id=undefined
[2026-07-14 21:29:09] INFO: [POLLING] 시작 | 큐: 0건 | 처리중: 4건 | 번들: ID:55698(1건), ID:55700(1건), ID:55701(1건), ID:55704(1건)
[2026-07-14 21:29:10] INFO: [POLLING] 종료 | 큐: 0건 | 번들맵: 4개
[2026-07-14 21:29:19] INFO: [POLLING] 시작 | 큐: 0건 | 처리중: 4건 | 번들: ID:55698(1건), ID:55700(1건), ID:55701(1건), ID:55704(1건)
[2026-07-14 21:29:20] INFO: [POLLING] 종료 | 큐: 0건 | 번들맵: 4개
[2026-07-14 21:29:29] INFO: [POLLING] 시작 | 큐: 0건 | 처리중: 4건 | 번들: ID:55698(1건), ID:55700(1건), ID:55701(1건), ID:55704(1건)
[2026-07-14 21:29:30] INFO: [POLLING] 종료 | 큐: 0건 | 번들맵: 4개
[2026-07-14 21:29:37] INFO: [REQ] contents=check-event | id=undefined
[2026-07-14 21:29:39] INFO: [POLLING] 시작 | 큐: 0건 | 처리중: 4건 | 번들: ID:55698(1건), ID:55700(1건), ID:55701(1건), ID:55704(1건)
[2026-07-14 21:29:40] INFO: [POLLING] 종료 | 큐: 0건 | 번들맵: 4개
[2026-07-14 21:29:49] INFO: [POLLING] 시작 | 큐: 0건 | 처리중: 4건 | 번들: ID:55698(1건), ID:55700(1건), ID:55701(1건), ID:55704(1건)
[2026-07-14 21:29:50] INFO: [POLLING] 종료 | 큐: 0건 | 번들맵: 4개
[2026-07-14 21:29:59] INFO: [POLLING] 시작 | 큐: 0건 | 처리중: 4건 | 번들: ID:55698(1건), ID:55700(1건), ID:55701(1건), ID:55704(1건)
[2026-07-14 21:30:00] INFO: [POLLING] 종료 | 큐: 0건 | 번들맵: 4개
[2026-07-14 21:30:09] INFO: [POLLING] 시작 | 큐: 0건 | 처리중: 4건 | 번들: ID:55698(1건), ID:55700(1건), ID:55701(1건), ID:55704(1건)
[2026-07-14 21:30:10] INFO: [POLLING] 종료 | 큐: 0건 | 번들맵: 4개
[2026-07-14 21:30:19] INFO: [POLLING] 시작 | 큐: 0건 | 처리중: 4건 | 번들: ID:55698(1건), ID:55700(1건), ID:55701(1건), ID:55704(1건)
[2026-07-14 21:30:20] INFO: [POLLING] 종료 | 큐: 0건 | 번들맵: 4개
[2026-07-14 21:30:29] INFO: [POLLING] 시작 | 큐: 0건 | 처리중: 4건 | 번들: ID:55698(1건), ID:55700(1건), ID:55701(1건), ID:55704(1건)
[2026-07-14 21:30:30] INFO: [POLLING] 종료 | 큐: 0건 | 번들맵: 4개
[2026-07-14 21:30:31] INFO: [REQ] contents=check-event | id=undefined
[2026-07-14 21:30:39] INFO: [POLLING] 시작 | 큐: 0건 | 처리중: 4건 | 번들: ID:55698(1건), ID:55700(1건), ID:55701(1건), ID:55704(1건)
[2026-07-14 21:30:40] INFO: [POLLING] 종료 | 큐: 0건 | 번들맵: 4개
[2026-07-14 21:30:49] INFO: [POLLING] 시작 | 큐: 0건 | 처리중: 4건 | 번들: ID:55698(1건), ID:55700(1건), ID:55701(1건), ID:55704(1건)
[2026-07-14 21:30:50] INFO: [POLLING] 종료 | 큐: 0건 | 번들맵: 4개
[2026-07-14 21:30:59] INFO: [POLLING] 시작 | 큐: 0건 | 처리중: 4건 | 번들: ID:55698(1건), ID:55700(1건), ID:55701(1건), ID:55704(1건)
[2026-07-14 21:31:00] INFO: [POLLING] 종료 | 큐: 0건 | 번들맵: 4개
[2026-07-14 21:31:09] INFO: [POLLING] 시작 | 큐: 0건 | 처리중: 4건 | 번들: ID:55698(1건), ID:55700(1건), ID:55701(1건), ID:55704(1건)
[2026-07-14 21:31:10] INFO: [POLLING] 종료 | 큐: 0건 | 번들맵: 4개
[2026-07-14 21:31:19] INFO: [POLLING] 시작 | 큐: 0건 | 처리중: 4건 | 번들: ID:55698(1건), ID:55700(1건), ID:55701(1건), ID:55704(1건)
[2026-07-14 21:31:20] INFO: [POLLING] 종료 | 큐: 0건 | 번들맵: 4개
[2026-07-14 21:31:27] INFO: [REQ] contents=check-event | id=undefined
[2026-07-14 21:31:29] INFO: [POLLING] 시작 | 큐: 0건 | 처리중: 4건 | 번들: ID:55698(1건), ID:55700(1건), ID:55701(1건), ID:55704(1건)
[2026-07-14 21:31:30] INFO: [POLLING] 종료 | 큐: 0건 | 번들맵: 4개
[2026-07-14 21:31:39] INFO: [POLLING] 시작 | 큐: 0건 | 처리중: 4건 | 번들: ID:55698(1건), ID:55700(1건), ID:55701(1건), ID:55704(1건)
[2026-07-14 21:31:40] INFO: [POLLING] 종료 | 큐: 0건 | 번들맵: 4개
[2026-07-14 21:31:49] INFO: [POLLING] 시작 | 큐: 0건 | 처리중: 4건 | 번들: ID:55698(1건), ID:55700(1건), ID:55701(1건), ID:55704(1건)
[2026-07-14 21:31:50] INFO: [POLLING] 종료 | 큐: 0건 | 번들맵: 4개
[2026-07-14 21:31:59] INFO: [POLLING] 시작 | 큐: 0건 | 처리중: 4건 | 번들: ID:55698(1건), ID:55700(1건), ID:55701(1건), ID:55704(1건)
[2026-07-14 21:32:00] INFO: [POLLING] 종료 | 큐: 0건 | 번들맵: 4개
[2026-07-14 21:32:09] INFO: [POLLING] 시작 | 큐: 0건 | 처리중: 4건 | 번들: ID:55698(1건), ID:55700(1건), ID:55701(1건), ID:55704(1건)
[2026-07-14 21:32:10] INFO: [POLLING] 종료 | 큐: 0건 | 번들맵: 4개
[2026-07-14 21:32:19] INFO: [POLLING] 시작 | 큐: 0건 | 처리중: 4건 | 번들: ID:55698(1건), ID:55700(1건), ID:55701(1건), ID:55704(1건)
[2026-07-14 21:32:20] INFO: [POLLING] 종료 | 큐: 0건 | 번들맵: 4개
[2026-07-14 21:32:21] INFO: [REQ] contents=check-event | id=undefined
[2026-07-14 21:32:29] INFO: [POLLING] 시작 | 큐: 0건 | 처리중: 4건 | 번들: ID:55698(1건), ID:55700(1건), ID:55701(1건), ID:55704(1건)
[2026-07-14 21:32:30] INFO: [POLLING] 종료 | 큐: 0건 | 번들맵: 4개
[2026-07-14 21:32:39] INFO: [POLLING] 시작 | 큐: 0건 | 처리중: 4건 | 번들: ID:55698(1건), ID:55700(1건), ID:55701(1건), ID:55704(1건)
[2026-07-14 21:32:40] INFO: [POLLING] 종료 | 큐: 0건 | 번들맵: 4개
[2026-07-14 21:32:49] INFO: [POLLING] 시작 | 큐: 0건 | 처리중: 4건 | 번들: ID:55698(1건), ID:55700(1건), ID:55701(1건), ID:55704(1건)
[2026-07-14 21:32:50] INFO: [POLLING] 종료 | 큐: 0건 | 번들맵: 4개
[2026-07-14 21:32:59] INFO: [POLLING] 시작 | 큐: 0건 | 처리중: 4건 | 번들: ID:55698(1건), ID:55700(1건), ID:55701(1건), ID:55704(1건)
[2026-07-14 21:33:00] INFO: [POLLING] 종료 | 큐: 0건 | 번들맵: 4개
[2026-07-14 21:33:08] INFO: [REQ] contents=check-event | id=undefined
[2026-07-14 21:33:09] INFO: [POLLING] 시작 | 큐: 0건 | 처리중: 4건 | 번들: ID:55698(1건), ID:55700(1건), ID:55701(1건), ID:55704(1건)
[2026-07-14 21:33:10] INFO: [POLLING] 종료 | 큐: 0건 | 번들맵: 4개
[2026-07-14 21:33:19] INFO: [POLLING] 시작 | 큐: 0건 | 처리중: 4건 | 번들: ID:55698(1건), ID:55700(1건), ID:55701(1건), ID:55704(1건)
[2026-07-14 21:33:20] INFO: [POLLING] 종료 | 큐: 0건 | 번들맵: 4개
[2026-07-14 21:33:29] INFO: [POLLING] 시작 | 큐: 0건 | 처리중: 4건 | 번들: ID:55698(1건), ID:55700(1건), ID:55701(1건), ID:55704(1건)
[2026-07-14 21:33:30] INFO: [POLLING] 종료 | 큐: 0건 | 번들맵: 4개
[2026-07-14 21:33:39] INFO: [POLLING] 시작 | 큐: 0건 | 처리중: 4건 | 번들: ID:55698(1건), ID:55700(1건), ID:55701(1건), ID:55704(1건)
[2026-07-14 21:33:40] INFO: [POLLING] 종료 | 큐: 0건 | 번들맵: 4개
[2026-07-14 21:33:49] INFO: [POLLING] 시작 | 큐: 0건 | 처리중: 4건 | 번들: ID:55698(1건), ID:55700(1건), ID:55701(1건), ID:55704(1건)
[2026-07-14 21:33:50] INFO: [POLLING] 종료 | 큐: 0건 | 번들맵: 4개
[2026-07-14 21:33:59] INFO: [POLLING] 시작 | 큐: 0건 | 처리중: 4건 | 번들: ID:55698(1건), ID:55700(1건), ID:55701(1건), ID:55704(1건)
[2026-07-14 21:34:00] INFO: [POLLING] 종료 | 큐: 0건 | 번들맵: 4개
[2026-07-14 21:34:01] INFO: [REQ] contents=check-event | id=undefined
[2026-07-14 21:34:09] INFO: [POLLING] 시작 | 큐: 0건 | 처리중: 4건 | 번들: ID:55698(1건), ID:55700(1건), ID:55701(1건), ID:55704(1건)
[2026-07-14 21:34:10] INFO: [POLLING] 종료 | 큐: 0건 | 번들맵: 4개
[2026-07-14 21:34:19] INFO: [POLLING] 시작 | 큐: 0건 | 처리중: 4건 | 번들: ID:55698(1건), ID:55700(1건), ID:55701(1건), ID:55704(1건)
[2026-07-14 21:34:20] INFO: [POLLING] 종료 | 큐: 0건 | 번들맵: 4개
[2026-07-14 21:34:29] INFO: [POLLING] 시작 | 큐: 0건 | 처리중: 4건 | 번들: ID:55698(1건), ID:55700(1건), ID:55701(1건), ID:55704(1건)
[2026-07-14 21:34:30] INFO: [POLLING] 종료 | 큐: 0건 | 번들맵: 4개
[2026-07-14 21:34:38] INFO: [REQ] contents=check-event | id=undefined
[2026-07-14 21:34:39] INFO: [POLLING] 시작 | 큐: 0건 | 처리중: 4건 | 번들: ID:55698(1건), ID:55700(1건), ID:55701(1건), ID:55704(1건)
[2026-07-14 21:34:40] INFO: [POLLING] 종료 | 큐: 0건 | 번들맵: 4개
[2026-07-14 21:34:49] INFO: [POLLING] 시작 | 큐: 0건 | 처리중: 4건 | 번들: ID:55698(1건), ID:55700(1건), ID:55701(1건), ID:55704(1건)
[2026-07-14 21:34:50] INFO: [POLLING] 종료 | 큐: 0건 | 번들맵: 4개
[2026-07-14 21:34:59] INFO: [POLLING] 시작 | 큐: 0건 | 처리중: 4건 | 번들: ID:55698(1건), ID:55700(1건), ID:55701(1건), ID:55704(1건)
[2026-07-14 21:35:00] INFO: [POLLING] 종료 | 큐: 0건 | 번들맵: 4개
[2026-07-14 21:35:09] INFO: [POLLING] 시작 | 큐: 0건 | 처리중: 4건 | 번들: ID:55698(1건), ID:55700(1건), ID:55701(1건), ID:55704(1건)
[2026-07-14 21:35:10] INFO: [POLLING] 종료 | 큐: 0건 | 번들맵: 4개
[2026-07-14 21:35:20] INFO: [POLLING] 시작 | 큐: 0건 | 처리중: 4건 | 번들: ID:55698(1건), ID:55700(1건), ID:55701(1건), ID:55704(1건)
[2026-07-14 21:35:20] INFO: [POLLING] 종료 | 큐: 0건 | 번들맵: 4개
[2026-07-14 21:35:30] INFO: [POLLING] 시작 | 큐: 0건 | 처리중: 4건 | 번들: ID:55698(1건), ID:55700(1건), ID:55701(1건), ID:55704(1건)
[2026-07-14 21:35:30] INFO: [POLLING] 종료 | 큐: 0건 | 번들맵: 4개
[2026-07-14 21:35:31] INFO: [REQ] contents=check-event | id=undefined
[2026-07-14 21:35:40] INFO: [POLLING] 시작 | 큐: 0건 | 처리중: 4건 | 번들: ID:55698(1건), ID:55700(1건), ID:55701(1건), ID:55704(1건)
[2026-07-14 21:35:40] INFO: [POLLING] 종료 | 큐: 0건 | 번들맵: 4개
[2026-07-14 21:35:50] INFO: [POLLING] 시작 | 큐: 0건 | 처리중: 4건 | 번들: ID:55698(1건), ID:55700(1건), ID:55701(1건), ID:55704(1건)
[2026-07-14 21:35:50] INFO: [POLLING] 종료 | 큐: 0건 | 번들맵: 4개
[2026-07-14 21:36:00] INFO: [POLLING] 시작 | 큐: 0건 | 처리중: 4건 | 번들: ID:55698(1건), ID:55700(1건), ID:55701(1건), ID:55704(1건)
[2026-07-14 21:36:00] INFO: [POLLING] 종료 | 큐: 0건 | 번들맵: 4개
[2026-07-14 21:36:10] INFO: [POLLING] 시작 | 큐: 0건 | 처리중: 4건 | 번들: ID:55698(1건), ID:55700(1건), ID:55701(1건), ID:55704(1건)
[2026-07-14 21:36:10] INFO: [POLLING] 종료 | 큐: 0건 | 번들맵: 4개
[2026-07-14 21:36:20] INFO: [POLLING] 시작 | 큐: 0건 | 처리중: 4건 | 번들: ID:55698(1건), ID:55700(1건), ID:55701(1건), ID:55704(1건)
[2026-07-14 21:36:20] INFO: [POLLING] 종료 | 큐: 0건 | 번들맵: 4개
[2026-07-14 21:36:28] INFO: [REQ] contents=check-event | id=undefined
[2026-07-14 21:36:30] INFO: [POLLING] 시작 | 큐: 0건 | 처리중: 4건 | 번들: ID:55698(1건), ID:55700(1건), ID:55701(1건), ID:55704(1건)
[2026-07-14 21:36:30] INFO: [POLLING] 종료 | 큐: 0건 | 번들맵: 4개
[2026-07-14 21:36:40] INFO: [POLLING] 시작 | 큐: 0건 | 처리중: 4건 | 번들: ID:55698(1건), ID:55700(1건), ID:55701(1건), ID:55704(1건)
[2026-07-14 21:36:40] INFO: [POLLING] 종료 | 큐: 0건 | 번들맵: 4개
[2026-07-14 21:36:50] INFO: [POLLING] 시작 | 큐: 0건 | 처리중: 4건 | 번들: ID:55698(1건), ID:55700(1건), ID:55701(1건), ID:55704(1건)
[2026-07-14 21:36:50] INFO: [POLLING] 종료 | 큐: 0건 | 번들맵: 4개
[2026-07-14 21:37:00] INFO: [POLLING] 시작 | 큐: 0건 | 처리중: 4건 | 번들: ID:55698(1건), ID:55700(1건), ID:55701(1건), ID:55704(1건)
[2026-07-14 21:37:00] INFO: [POLLING] 종료 | 큐: 0건 | 번들맵: 4개
[2026-07-14 21:37:10] INFO: [POLLING] 시작 | 큐: 0건 | 처리중: 4건 | 번들: ID:55698(1건), ID:55700(1건), ID:55701(1건), ID:55704(1건)
[2026-07-14 21:37:10] INFO: [POLLING] 종료 | 큐: 0건 | 번들맵: 4개
[2026-07-14 21:37:20] INFO: [POLLING] 시작 | 큐: 0건 | 처리중: 4건 | 번들: ID:55698(1건), ID:55700(1건), ID:55701(1건), ID:55704(1건)
[2026-07-14 21:37:20] INFO: [POLLING] 종료 | 큐: 0건 | 번들맵: 4개
[2026-07-14 21:37:21] INFO: [REQ] contents=check-event | id=undefined
[2026-07-14 21:37:30] INFO: [POLLING] 시작 | 큐: 0건 | 처리중: 4건 | 번들: ID:55698(1건), ID:55700(1건), ID:55701(1건), ID:55704(1건)
[2026-07-14 21:37:30] INFO: [POLLING] 종료 | 큐: 0건 | 번들맵: 4개
[2026-07-14 21:37:40] INFO: [POLLING] 시작 | 큐: 0건 | 처리중: 4건 | 번들: ID:55698(1건), ID:55700(1건), ID:55701(1건), ID:55704(1건)
[2026-07-14 21:37:40] INFO: [POLLING] 종료 | 큐: 0건 | 번들맵: 4개
[2026-07-14 21:37:50] INFO: [POLLING] 시작 | 큐: 0건 | 처리중: 4건 | 번들: ID:55698(1건), ID:55700(1건), ID:55701(1건), ID:55704(1건)
[2026-07-14 21:37:50] INFO: [POLLING] 종료 | 큐: 0건 | 번들맵: 4개
[2026-07-14 21:38:00] INFO: [POLLING] 시작 | 큐: 0건 | 처리중: 4건 | 번들: ID:55698(1건), ID:55700(1건), ID:55701(1건), ID:55704(1건)
[2026-07-14 21:38:00] INFO: [POLLING] 종료 | 큐: 0건 | 번들맵: 4개
[2026-07-14 21:38:08] INFO: [REQ] contents=check-event | id=undefined
[2026-07-14 21:38:10] INFO: [POLLING] 시작 | 큐: 0건 | 처리중: 4건 | 번들: ID:55698(1건), ID:55700(1건), ID:55701(1건), ID:55704(1건)
[2026-07-14 21:38:10] INFO: [POLLING] 종료 | 큐: 0건 | 번들맵: 4개
[2026-07-14 21:38:20] INFO: [POLLING] 시작 | 큐: 0건 | 처리중: 4건 | 번들: ID:55698(1건), ID:55700(1건), ID:55701(1건), ID:55704(1건)
[2026-07-14 21:38:20] INFO: [POLLING] 종료 | 큐: 0건 | 번들맵: 4개
[2026-07-14 21:38:30] INFO: [POLLING] 시작 | 큐: 0건 | 처리중: 4건 | 번들: ID:55698(1건), ID:55700(1건), ID:55701(1건), ID:55704(1건)
[2026-07-14 21:38:30] INFO: [POLLING] 종료 | 큐: 0건 | 번들맵: 4개
[2026-07-14 21:38:40] INFO: [POLLING] 시작 | 큐: 0건 | 처리중: 4건 | 번들: ID:55698(1건), ID:55700(1건), ID:55701(1건), ID:55704(1건)
[2026-07-14 21:38:40] INFO: [POLLING] 종료 | 큐: 0건 | 번들맵: 4개
[2026-07-14 21:38:50] INFO: [POLLING] 시작 | 큐: 0건 | 처리중: 4건 | 번들: ID:55698(1건), ID:55700(1건), ID:55701(1건), ID:55704(1건)
[2026-07-14 21:38:50] INFO: [POLLING] 종료 | 큐: 0건 | 번들맵: 4개
[2026-07-14 21:39:00] INFO: [POLLING] 시작 | 큐: 0건 | 처리중: 4건 | 번들: ID:55698(1건), ID:55700(1건), ID:55701(1건), ID:55704(1건)
[2026-07-14 21:39:00] INFO: [POLLING] 종료 | 큐: 0건 | 번들맵: 4개
[2026-07-14 21:39:02] INFO: [REQ] contents=check-event | id=undefined
[2026-07-14 21:39:10] INFO: [POLLING] 시작 | 큐: 0건 | 처리중: 4건 | 번들: ID:55698(1건), ID:55700(1건), ID:55701(1건), ID:55704(1건)
[2026-07-14 21:39:10] INFO: [POLLING] 종료 | 큐: 0건 | 번들맵: 4개
[2026-07-14 21:39:20] INFO: [POLLING] 시작 | 큐: 0건 | 처리중: 4건 | 번들: ID:55698(1건), ID:55700(1건), ID:55701(1건), ID:55704(1건)
[2026-07-14 21:39:20] INFO: [POLLING] 종료 | 큐: 0건 | 번들맵: 4개
[2026-07-14 21:39:30] INFO: [POLLING] 시작 | 큐: 0건 | 처리중: 4건 | 번들: ID:55698(1건), ID:55700(1건), ID:55701(1건), ID:55704(1건)
[2026-07-14 21:39:30] INFO: [POLLING] 종료 | 큐: 0건 | 번들맵: 4개
[2026-07-14 21:39:38] INFO: [REQ] contents=check-event | id=undefined
[2026-07-14 21:39:40] INFO: [POLLING] 시작 | 큐: 0건 | 처리중: 4건 | 번들: ID:55698(1건), ID:55700(1건), ID:55701(1건), ID:55704(1건)
[2026-07-14 21:39:40] INFO: [POLLING] 종료 | 큐: 0건 | 번들맵: 4개
[2026-07-14 21:39:50] INFO: [POLLING] 시작 | 큐: 0건 | 처리중: 4건 | 번들: ID:55698(1건), ID:55700(1건), ID:55701(1건), ID:55704(1건)
[2026-07-14 21:39:50] INFO: [POLLING] 종료 | 큐: 0건 | 번들맵: 4개
[2026-07-14 21:40:00] INFO: [POLLING] 시작 | 큐: 0건 | 처리중: 4건 | 번들: ID:55698(1건), ID:55700(1건), ID:55701(1건), ID:55704(1건)
[2026-07-14 21:40:00] INFO: [POLLING] 종료 | 큐: 0건 | 번들맵: 4개
[2026-07-14 21:40:10] INFO: [POLLING] 시작 | 큐: 0건 | 처리중: 4건 | 번들: ID:55698(1건), ID:55700(1건), ID:55701(1건), ID:55704(1건)
[2026-07-14 21:40:10] INFO: [POLLING] 종료 | 큐: 0건 | 번들맵: 4개
[2026-07-14 21:40:20] INFO: [POLLING] 시작 | 큐: 0건 | 처리중: 4건 | 번들: ID:55698(1건), ID:55700(1건), ID:55701(1건), ID:55704(1건)
[2026-07-14 21:40:20] INFO: [POLLING] 종료 | 큐: 0건 | 번들맵: 4개
[2026-07-14 21:40:30] INFO: [POLLING] 시작 | 큐: 0건 | 처리중: 4건 | 번들: ID:55698(1건), ID:55700(1건), ID:55701(1건), ID:55704(1건)
[2026-07-14 21:40:30] INFO: [POLLING] 종료 | 큐: 0건 | 번들맵: 4개
[2026-07-14 21:40:32] INFO: [REQ] contents=check-event | id=undefined
[2026-07-14 21:40:40] INFO: [POLLING] 시작 | 큐: 0건 | 처리중: 4건 | 번들: ID:55698(1건), ID:55700(1건), ID:55701(1건), ID:55704(1건)
[2026-07-14 21:40:40] INFO: [POLLING] 종료 | 큐: 0건 | 번들맵: 4개
[2026-07-14 21:40:50] INFO: [POLLING] 시작 | 큐: 0건 | 처리중: 4건 | 번들: ID:55698(1건), ID:55700(1건), ID:55701(1건), ID:55704(1건)
[2026-07-14 21:40:50] INFO: [POLLING] 종료 | 큐: 0건 | 번들맵: 4개
[2026-07-14 21:41:00] INFO: [POLLING] 시작 | 큐: 0건 | 처리중: 4건 | 번들: ID:55698(1건), ID:55700(1건), ID:55701(1건), ID:55704(1건)
[2026-07-14 21:41:00] INFO: [POLLING] 종료 | 큐: 0건 | 번들맵: 4개
[2026-07-14 21:41:10] INFO: [POLLING] 시작 | 큐: 0건 | 처리중: 4건 | 번들: ID:55698(1건), ID:55700(1건), ID:55701(1건), ID:55704(1건)
[2026-07-14 21:41:10] INFO: [POLLING] 종료 | 큐: 0건 | 번들맵: 4개
[2026-07-14 21:41:20] INFO: [POLLING] 시작 | 큐: 0건 | 처리중: 4건 | 번들: ID:55698(1건), ID:55700(1건), ID:55701(1건), ID:55704(1건)
[2026-07-14 21:41:20] INFO: [POLLING] 종료 | 큐: 0건 | 번들맵: 4개
[2026-07-14 21:41:28] INFO: [REQ] contents=check-event | id=undefined
[2026-07-14 21:41:30] INFO: [POLLING] 시작 | 큐: 0건 | 처리중: 4건 | 번들: ID:55698(1건), ID:55700(1건), ID:55701(1건), ID:55704(1건)
[2026-07-14 21:41:30] INFO: [POLLING] 종료 | 큐: 0건 | 번들맵: 4개
[2026-07-14 21:41:40] INFO: [POLLING] 시작 | 큐: 0건 | 처리중: 4건 | 번들: ID:55698(1건), ID:55700(1건), ID:55701(1건), ID:55704(1건)
[2026-07-14 21:41:40] INFO: [POLLING] 종료 | 큐: 0건 | 번들맵: 4개
[2026-07-14 21:41:50] INFO: [POLLING] 시작 | 큐: 0건 | 처리중: 4건 | 번들: ID:55698(1건), ID:55700(1건), ID:55701(1건), ID:55704(1건)
[2026-07-14 21:41:50] INFO: [POLLING] 종료 | 큐: 0건 | 번들맵: 4개
[2026-07-14 21:42:00] INFO: [POLLING] 시작 | 큐: 0건 | 처리중: 4건 | 번들: ID:55698(1건), ID:55700(1건), ID:55701(1건), ID:55704(1건)
[2026-07-14 21:42:00] INFO: [POLLING] 종료 | 큐: 0건 | 번들맵: 4개
[2026-07-14 21:42:10] INFO: [POLLING] 시작 | 큐: 0건 | 처리중: 4건 | 번들: ID:55698(1건), ID:55700(1건), ID:55701(1건), ID:55704(1건)
[2026-07-14 21:42:11] INFO: [POLLING] 종료 | 큐: 0건 | 번들맵: 4개
[2026-07-14 21:42:20] INFO: [POLLING] 시작 | 큐: 0건 | 처리중: 4건 | 번들: ID:55698(1건), ID:55700(1건), ID:55701(1건), ID:55704(1건)
[2026-07-14 21:42:21] INFO: [POLLING] 종료 | 큐: 0건 | 번들맵: 4개
[2026-07-14 21:42:22] INFO: [REQ] contents=check-event | id=undefined
[2026-07-14 21:42:30] INFO: [POLLING] 시작 | 큐: 0건 | 처리중: 4건 | 번들: ID:55698(1건), ID:55700(1건), ID:55701(1건), ID:55704(1건)
[2026-07-14 21:42:31] INFO: [POLLING] 종료 | 큐: 0건 | 번들맵: 4개
[2026-07-14 21:42:40] INFO: [POLLING] 시작 | 큐: 0건 | 처리중: 4건 | 번들: ID:55698(1건), ID:55700(1건), ID:55701(1건), ID:55704(1건)
[2026-07-14 21:42:41] INFO: [POLLING] 종료 | 큐: 0건 | 번들맵: 4개
[2026-07-14 21:42:50] INFO: [POLLING] 시작 | 큐: 0건 | 처리중: 4건 | 번들: ID:55698(1건), ID:55700(1건), ID:55701(1건), ID:55704(1건)
[2026-07-14 21:42:51] INFO: [POLLING] 종료 | 큐: 0건 | 번들맵: 4개
[2026-07-14 21:43:00] INFO: [POLLING] 시작 | 큐: 0건 | 처리중: 4건 | 번들: ID:55698(1건), ID:55700(1건), ID:55701(1건), ID:55704(1건)
[2026-07-14 21:43:01] INFO: [POLLING] 종료 | 큐: 0건 | 번들맵: 4개
[2026-07-14 21:43:09] INFO: [REQ] contents=check-event | id=undefined
[2026-07-14 21:43:10] INFO: [POLLING] 시작 | 큐: 0건 | 처리중: 4건 | 번들: ID:55698(1건), ID:55700(1건), ID:55701(1건), ID:55704(1건)
[2026-07-14 21:43:11] INFO: [POLLING] 종료 | 큐: 0건 | 번들맵: 4개
[2026-07-14 21:43:20] INFO: [POLLING] 시작 | 큐: 0건 | 처리중: 4건 | 번들: ID:55698(1건), ID:55700(1건), ID:55701(1건), ID:55704(1건)
[2026-07-14 21:43:21] INFO: [POLLING] 종료 | 큐: 0건 | 번들맵: 4개
[2026-07-14 21:43:30] INFO: [POLLING] 시작 | 큐: 0건 | 처리중: 4건 | 번들: ID:55698(1건), ID:55700(1건), ID:55701(1건), ID:55704(1건)
[2026-07-14 21:43:31] INFO: [POLLING] 종료 | 큐: 0건 | 번들맵: 4개
[2026-07-14 21:43:40] INFO: [POLLING] 시작 | 큐: 0건 | 처리중: 4건 | 번들: ID:55698(1건), ID:55700(1건), ID:55701(1건), ID:55704(1건)
[2026-07-14 21:43:41] INFO: [POLLING] 종료 | 큐: 0건 | 번들맵: 4개
[2026-07-14 21:43:50] INFO: [POLLING] 시작 | 큐: 0건 | 처리중: 4건 | 번들: ID:55698(1건), ID:55700(1건), ID:55701(1건), ID:55704(1건)
[2026-07-14 21:43:51] INFO: [POLLING] 종료 | 큐: 0건 | 번들맵: 4개
[2026-07-14 21:44:00] INFO: [POLLING] 시작 | 큐: 0건 | 처리중: 4건 | 번들: ID:55698(1건), ID:55700(1건), ID:55701(1건), ID:55704(1건)
[2026-07-14 21:44:01] INFO: [POLLING] 종료 | 큐: 0건 | 번들맵: 4개
[2026-07-14 21:44:02] INFO: [REQ] contents=check-event | id=undefined
[2026-07-14 21:44:10] INFO: [POLLING] 시작 | 큐: 0건 | 처리중: 4건 | 번들: ID:55698(1건), ID:55700(1건), ID:55701(1건), ID:55704(1건)
[2026-07-14 21:44:11] INFO: [POLLING] 종료 | 큐: 0건 | 번들맵: 4개
[2026-07-14 21:44:20] INFO: [POLLING] 시작 | 큐: 0건 | 처리중: 4건 | 번들: ID:55698(1건), ID:55700(1건), ID:55701(1건), ID:55704(1건)
[2026-07-14 21:44:21] INFO: [POLLING] 종료 | 큐: 0건 | 번들맵: 4개
[2026-07-14 21:44:30] INFO: [POLLING] 시작 | 큐: 0건 | 처리중: 4건 | 번들: ID:55698(1건), ID:55700(1건), ID:55701(1건), ID:55704(1건)
[2026-07-14 21:44:31] INFO: [POLLING] 종료 | 큐: 0건 | 번들맵: 4개
[2026-07-14 21:44:39] INFO: [REQ] contents=check-event | id=undefined
[2026-07-14 21:44:40] INFO: [POLLING] 시작 | 큐: 0건 | 처리중: 4건 | 번들: ID:55698(1건), ID:55700(1건), ID:55701(1건), ID:55704(1건)
[2026-07-14 21:44:41] INFO: [POLLING] 종료 | 큐: 0건 | 번들맵: 4개
[2026-07-14 21:44:50] INFO: [POLLING] 시작 | 큐: 0건 | 처리중: 4건 | 번들: ID:55698(1건), ID:55700(1건), ID:55701(1건), ID:55704(1건)
[2026-07-14 21:44:51] INFO: [POLLING] 종료 | 큐: 0건 | 번들맵: 4개
[2026-07-14 21:45:00] INFO: [POLLING] 시작 | 큐: 0건 | 처리중: 4건 | 번들: ID:55698(1건), ID:55700(1건), ID:55701(1건), ID:55704(1건)
[2026-07-14 21:45:01] INFO: [POLLING] 종료 | 큐: 0건 | 번들맵: 4개
[2026-07-14 21:45:10] INFO: [POLLING] 시작 | 큐: 0건 | 처리중: 4건 | 번들: ID:55698(1건), ID:55700(1건), ID:55701(1건), ID:55704(1건)
[2026-07-14 21:45:11] INFO: [POLLING] 종료 | 큐: 0건 | 번들맵: 4개
[2026-07-14 21:45:20] INFO: [POLLING] 시작 | 큐: 0건 | 처리중: 4건 | 번들: ID:55698(1건), ID:55700(1건), ID:55701(1건), ID:55704(1건)
[2026-07-14 21:45:21] INFO: [POLLING] 종료 | 큐: 0건 | 번들맵: 4개
[2026-07-14 21:45:30] INFO: [POLLING] 시작 | 큐: 0건 | 처리중: 4건 | 번들: ID:55698(1건), ID:55700(1건), ID:55701(1건), ID:55704(1건)
[2026-07-14 21:45:31] INFO: [POLLING] 종료 | 큐: 0건 | 번들맵: 4개
[2026-07-14 21:45:32] INFO: [REQ] contents=check-event | id=undefined
[2026-07-14 21:45:40] INFO: [POLLING] 시작 | 큐: 0건 | 처리중: 4건 | 번들: ID:55698(1건), ID:55700(1건), ID:55701(1건), ID:55704(1건)
[2026-07-14 21:45:41] INFO: [POLLING] 종료 | 큐: 0건 | 번들맵: 4개
[2026-07-14 21:45:50] INFO: [POLLING] 시작 | 큐: 0건 | 처리중: 4건 | 번들: ID:55698(1건), ID:55700(1건), ID:55701(1건), ID:55704(1건)
[2026-07-14 21:45:51] INFO: [POLLING] 종료 | 큐: 0건 | 번들맵: 4개
[2026-07-14 21:46:00] INFO: [POLLING] 시작 | 큐: 0건 | 처리중: 4건 | 번들: ID:55698(1건), ID:55700(1건), ID:55701(1건), ID:55704(1건)
[2026-07-14 21:46:01] INFO: [POLLING] 종료 | 큐: 0건 | 번들맵: 4개
[2026-07-14 21:46:10] INFO: [POLLING] 시작 | 큐: 0건 | 처리중: 4건 | 번들: ID:55698(1건), ID:55700(1건), ID:55701(1건), ID:55704(1건)
[2026-07-14 21:46:11] INFO: [POLLING] 종료 | 큐: 0건 | 번들맵: 4개
[2026-07-14 21:46:20] INFO: [POLLING] 시작 | 큐: 0건 | 처리중: 4건 | 번들: ID:55698(1건), ID:55700(1건), ID:55701(1건), ID:55704(1건)
[2026-07-14 21:46:21] INFO: [POLLING] 종료 | 큐: 0건 | 번들맵: 4개
[2026-07-14 21:46:29] INFO: [REQ] contents=check-event | id=undefined
[2026-07-14 21:46:30] INFO: [POLLING] 시작 | 큐: 0건 | 처리중: 4건 | 번들: ID:55698(1건), ID:55700(1건), ID:55701(1건), ID:55704(1건)
[2026-07-14 21:46:31] INFO: [POLLING] 종료 | 큐: 0건 | 번들맵: 4개
[2026-07-14 21:46:40] INFO: [POLLING] 시작 | 큐: 0건 | 처리중: 4건 | 번들: ID:55698(1건), ID:55700(1건), ID:55701(1건), ID:55704(1건)
[2026-07-14 21:46:41] INFO: [POLLING] 종료 | 큐: 0건 | 번들맵: 4개
[2026-07-14 21:46:50] INFO: [POLLING] 시작 | 큐: 0건 | 처리중: 4건 | 번들: ID:55698(1건), ID:55700(1건), ID:55701(1건), ID:55704(1건)
[2026-07-14 21:46:51] INFO: [POLLING] 종료 | 큐: 0건 | 번들맵: 4개
[2026-07-14 21:47:00] INFO: [POLLING] 시작 | 큐: 0건 | 처리중: 4건 | 번들: ID:55698(1건), ID:55700(1건), ID:55701(1건), ID:55704(1건)
[2026-07-14 21:47:01] INFO: [POLLING] 종료 | 큐: 0건 | 번들맵: 4개
[2026-07-14 21:47:10] INFO: [POLLING] 시작 | 큐: 0건 | 처리중: 4건 | 번들: ID:55698(1건), ID:55700(1건), ID:55701(1건), ID:55704(1건)
[2026-07-14 21:47:11] INFO: [POLLING] 종료 | 큐: 0건 | 번들맵: 4개
[2026-07-14 21:47:20] INFO: [POLLING] 시작 | 큐: 0건 | 처리중: 4건 | 번들: ID:55698(1건), ID:55700(1건), ID:55701(1건), ID:55704(1건)
[2026-07-14 21:47:21] INFO: [POLLING] 종료 | 큐: 0건 | 번들맵: 4개
[2026-07-14 21:47:22] INFO: [REQ] contents=check-event | id=undefined
[2026-07-14 21:47:30] INFO: [POLLING] 시작 | 큐: 0건 | 처리중: 4건 | 번들: ID:55698(1건), ID:55700(1건), ID:55701(1건), ID:55704(1건)
[2026-07-14 21:47:31] INFO: [POLLING] 종료 | 큐: 0건 | 번들맵: 4개
[2026-07-14 21:47:40] INFO: [POLLING] 시작 | 큐: 0건 | 처리중: 4건 | 번들: ID:55698(1건), ID:55700(1건), ID:55701(1건), ID:55704(1건)
[2026-07-14 21:47:41] INFO: [POLLING] 종료 | 큐: 0건 | 번들맵: 4개
[2026-07-14 21:47:50] INFO: [POLLING] 시작 | 큐: 0건 | 처리중: 4건 | 번들: ID:55698(1건), ID:55700(1건), ID:55701(1건), ID:55704(1건)
[2026-07-14 21:47:51] INFO: [POLLING] 종료 | 큐: 0건 | 번들맵: 4개
[2026-07-14 21:48:00] INFO: [POLLING] 시작 | 큐: 0건 | 처리중: 4건 | 번들: ID:55698(1건), ID:55700(1건), ID:55701(1건), ID:55704(1건)
[2026-07-14 21:48:01] INFO: [POLLING] 종료 | 큐: 0건 | 번들맵: 4개
[2026-07-14 21:48:09] INFO: [REQ] contents=check-event | id=undefined
[2026-07-14 21:48:10] INFO: [POLLING] 시작 | 큐: 0건 | 처리중: 4건 | 번들: ID:55698(1건), ID:55700(1건), ID:55701(1건), ID:55704(1건)
[2026-07-14 21:48:11] INFO: [POLLING] 종료 | 큐: 0건 | 번들맵: 4개
[2026-07-14 21:48:20] INFO: [POLLING] 시작 | 큐: 0건 | 처리중: 4건 | 번들: ID:55698(1건), ID:55700(1건), ID:55701(1건), ID:55704(1건)
[2026-07-14 21:48:21] INFO: [POLLING] 종료 | 큐: 0건 | 번들맵: 4개
[2026-07-14 21:48:30] INFO: [POLLING] 시작 | 큐: 0건 | 처리중: 4건 | 번들: ID:55698(1건), ID:55700(1건), ID:55701(1건), ID:55704(1건)
[2026-07-14 21:48:31] INFO: [POLLING] 종료 | 큐: 0건 | 번들맵: 4개
[2026-07-14 21:48:40] INFO: [POLLING] 시작 | 큐: 0건 | 처리중: 4건 | 번들: ID:55698(1건), ID:55700(1건), ID:55701(1건), ID:55704(1건)
[2026-07-14 21:48:41] INFO: [POLLING] 종료 | 큐: 0건 | 번들맵: 4개
[2026-07-14 21:48:50] INFO: [POLLING] 시작 | 큐: 0건 | 처리중: 4건 | 번들: ID:55698(1건), ID:55700(1건), ID:55701(1건), ID:55704(1건)
[2026-07-14 21:48:51] INFO: [POLLING] 종료 | 큐: 0건 | 번들맵: 4개
[2026-07-14 21:49:00] INFO: [POLLING] 시작 | 큐: 0건 | 처리중: 4건 | 번들: ID:55698(1건), ID:55700(1건), ID:55701(1건), ID:55704(1건)
[2026-07-14 21:49:01] INFO: [POLLING] 종료 | 큐: 0건 | 번들맵: 4개
[2026-07-14 21:49:03] INFO: [REQ] contents=check-event | id=undefined
[2026-07-14 21:49:10] INFO: [POLLING] 시작 | 큐: 0건 | 처리중: 4건 | 번들: ID:55698(1건), ID:55700(1건), ID:55701(1건), ID:55704(1건)
[2026-07-14 21:49:11] INFO: [POLLING] 종료 | 큐: 0건 | 번들맵: 4개
[2026-07-14 21:49:20] INFO: [POLLING] 시작 | 큐: 0건 | 처리중: 4건 | 번들: ID:55698(1건), ID:55700(1건), ID:55701(1건), ID:55704(1건)
[2026-07-14 21:49:21] INFO: [POLLING] 종료 | 큐: 0건 | 번들맵: 4개
[2026-07-14 21:49:30] INFO: [POLLING] 시작 | 큐: 0건 | 처리중: 4건 | 번들: ID:55698(1건), ID:55700(1건), ID:55701(1건), ID:55704(1건)
[2026-07-14 21:49:31] INFO: [POLLING] 종료 | 큐: 0건 | 번들맵: 4개
[2026-07-14 21:49:39] INFO: [REQ] contents=check-event | id=undefined
[2026-07-14 21:49:40] INFO: [POLLING] 시작 | 큐: 0건 | 처리중: 4건 | 번들: ID:55698(1건), ID:55700(1건), ID:55701(1건), ID:55704(1건)
[2026-07-14 21:49:41] INFO: [POLLING] 종료 | 큐: 0건 | 번들맵: 4개
[2026-07-14 21:49:50] INFO: [POLLING] 시작 | 큐: 0건 | 처리중: 4건 | 번들: ID:55698(1건), ID:55700(1건), ID:55701(1건), ID:55704(1건)
[2026-07-14 21:49:51] INFO: [POLLING] 종료 | 큐: 0건 | 번들맵: 4개
[2026-07-14 21:50:00] INFO: [POLLING] 시작 | 큐: 0건 | 처리중: 4건 | 번들: ID:55698(1건), ID:55700(1건), ID:55701(1건), ID:55704(1건)
[2026-07-14 21:50:01] INFO: [POLLING] 종료 | 큐: 0건 | 번들맵: 4개
[2026-07-14 21:50:10] INFO: [POLLING] 시작 | 큐: 0건 | 처리중: 4건 | 번들: ID:55698(1건), ID:55700(1건), ID:55701(1건), ID:55704(1건)
[2026-07-14 21:50:11] INFO: [POLLING] 종료 | 큐: 0건 | 번들맵: 4개
[2026-07-14 21:50:20] INFO: [POLLING] 시작 | 큐: 0건 | 처리중: 4건 | 번들: ID:55698(1건), ID:55700(1건), ID:55701(1건), ID:55704(1건)
[2026-07-14 21:50:21] INFO: [POLLING] 종료 | 큐: 0건 | 번들맵: 4개
[2026-07-14 21:50:30] INFO: [POLLING] 시작 | 큐: 0건 | 처리중: 4건 | 번들: ID:55698(1건), ID:55700(1건), ID:55701(1건), ID:55704(1건)
[2026-07-14 21:50:31] INFO: [POLLING] 종료 | 큐: 0건 | 번들맵: 4개
[2026-07-14 21:50:33] INFO: [REQ] contents=check-event | id=undefined
[2026-07-14 21:50:40] INFO: [POLLING] 시작 | 큐: 0건 | 처리중: 4건 | 번들: ID:55698(1건), ID:55700(1건), ID:55701(1건), ID:55704(1건)
[2026-07-14 21:50:41] INFO: [POLLING] 종료 | 큐: 0건 | 번들맵: 4개
[2026-07-14 21:50:50] INFO: [POLLING] 시작 | 큐: 0건 | 처리중: 4건 | 번들: ID:55698(1건), ID:55700(1건), ID:55701(1건), ID:55704(1건)
[2026-07-14 21:50:51] INFO: [POLLING] 종료 | 큐: 0건 | 번들맵: 4개
[2026-07-14 21:51:00] INFO: [POLLING] 시작 | 큐: 0건 | 처리중: 4건 | 번들: ID:55698(1건), ID:55700(1건), ID:55701(1건), ID:55704(1건)
[2026-07-14 21:51:01] INFO: [POLLING] 종료 | 큐: 0건 | 번들맵: 4개
[2026-07-14 21:51:11] INFO: [POLLING] 시작 | 큐: 0건 | 처리중: 4건 | 번들: ID:55698(1건), ID:55700(1건), ID:55701(1건), ID:55704(1건)
[2026-07-14 21:51:11] INFO: [POLLING] 종료 | 큐: 0건 | 번들맵: 4개
[2026-07-14 21:51:21] INFO: [POLLING] 시작 | 큐: 0건 | 처리중: 4건 | 번들: ID:55698(1건), ID:55700(1건), ID:55701(1건), ID:55704(1건)
[2026-07-14 21:51:21] INFO: [POLLING] 종료 | 큐: 0건 | 번들맵: 4개
[2026-07-14 21:51:29] INFO: [REQ] contents=check-event | id=undefined
[2026-07-14 21:51:31] INFO: [POLLING] 시작 | 큐: 0건 | 처리중: 4건 | 번들: ID:55698(1건), ID:55700(1건), ID:55701(1건), ID:55704(1건)
[2026-07-14 21:51:31] INFO: [POLLING] 종료 | 큐: 0건 | 번들맵: 4개
[2026-07-14 21:51:41] INFO: [POLLING] 시작 | 큐: 0건 | 처리중: 4건 | 번들: ID:55698(1건), ID:55700(1건), ID:55701(1건), ID:55704(1건)
[2026-07-14 21:51:41] INFO: [POLLING] 종료 | 큐: 0건 | 번들맵: 4개
[2026-07-14 21:51:51] INFO: [POLLING] 시작 | 큐: 0건 | 처리중: 4건 | 번들: ID:55698(1건), ID:55700(1건), ID:55701(1건), ID:55704(1건)
[2026-07-14 21:51:51] INFO: [POLLING] 종료 | 큐: 0건 | 번들맵: 4개
[2026-07-14 21:52:01] INFO: [POLLING] 시작 | 큐: 0건 | 처리중: 4건 | 번들: ID:55698(1건), ID:55700(1건), ID:55701(1건), ID:55704(1건)
[2026-07-14 21:52:01] INFO: [POLLING] 종료 | 큐: 0건 | 번들맵: 4개
[2026-07-14 21:52:11] INFO: [POLLING] 시작 | 큐: 0건 | 처리중: 4건 | 번들: ID:55698(1건), ID:55700(1건), ID:55701(1건), ID:55704(1건)
[2026-07-14 21:52:11] INFO: [POLLING] 종료 | 큐: 0건 | 번들맵: 4개
[2026-07-14 21:52:21] INFO: [POLLING] 시작 | 큐: 0건 | 처리중: 4건 | 번들: ID:55698(1건), ID:55700(1건), ID:55701(1건), ID:55704(1건)
[2026-07-14 21:52:21] INFO: [POLLING] 종료 | 큐: 0건 | 번들맵: 4개
[2026-07-14 21:52:23] INFO: [REQ] contents=check-event | id=undefined
[2026-07-14 21:52:31] INFO: [POLLING] 시작 | 큐: 0건 | 처리중: 4건 | 번들: ID:55698(1건), ID:55700(1건), ID:55701(1건), ID:55704(1건)
[2026-07-14 21:52:31] INFO: [POLLING] 종료 | 큐: 0건 | 번들맵: 4개
[2026-07-14 21:52:41] INFO: [POLLING] 시작 | 큐: 0건 | 처리중: 4건 | 번들: ID:55698(1건), ID:55700(1건), ID:55701(1건), ID:55704(1건)
[2026-07-14 21:52:41] INFO: [POLLING] 종료 | 큐: 0건 | 번들맵: 4개
[2026-07-14 21:52:51] INFO: [POLLING] 시작 | 큐: 0건 | 처리중: 4건 | 번들: ID:55698(1건), ID:55700(1건), ID:55701(1건), ID:55704(1건)
[2026-07-14 21:52:51] INFO: [POLLING] 종료 | 큐: 0건 | 번들맵: 4개
[2026-07-14 21:53:01] INFO: [POLLING] 시작 | 큐: 0건 | 처리중: 4건 | 번들: ID:55698(1건), ID:55700(1건), ID:55701(1건), ID:55704(1건)
[2026-07-14 21:53:01] INFO: [POLLING] 종료 | 큐: 0건 | 번들맵: 4개
[2026-07-14 21:53:10] INFO: [REQ] contents=check-event | id=undefined
[2026-07-14 21:53:11] INFO: [POLLING] 시작 | 큐: 0건 | 처리중: 4건 | 번들: ID:55698(1건), ID:55700(1건), ID:55701(1건), ID:55704(1건)
[2026-07-14 21:53:11] INFO: [POLLING] 종료 | 큐: 0건 | 번들맵: 4개
[2026-07-14 21:53:21] INFO: [POLLING] 시작 | 큐: 0건 | 처리중: 4건 | 번들: ID:55698(1건), ID:55700(1건), ID:55701(1건), ID:55704(1건)
[2026-07-14 21:53:21] INFO: [POLLING] 종료 | 큐: 0건 | 번들맵: 4개
[2026-07-14 21:53:31] INFO: [POLLING] 시작 | 큐: 0건 | 처리중: 4건 | 번들: ID:55698(1건), ID:55700(1건), ID:55701(1건), ID:55704(1건)
[2026-07-14 21:53:31] INFO: [POLLING] 종료 | 큐: 0건 | 번들맵: 4개
[2026-07-14 21:53:41] INFO: [POLLING] 시작 | 큐: 0건 | 처리중: 4건 | 번들: ID:55698(1건), ID:55700(1건), ID:55701(1건), ID:55704(1건)
[2026-07-14 21:53:41] INFO: [POLLING] 종료 | 큐: 0건 | 번들맵: 4개
[2026-07-14 21:53:51] INFO: [POLLING] 시작 | 큐: 0건 | 처리중: 4건 | 번들: ID:55698(1건), ID:55700(1건), ID:55701(1건), ID:55704(1건)
[2026-07-14 21:53:51] INFO: [POLLING] 종료 | 큐: 0건 | 번들맵: 4개
[2026-07-14 21:54:01] INFO: [POLLING] 시작 | 큐: 0건 | 처리중: 4건 | 번들: ID:55698(1건), ID:55700(1건), ID:55701(1건), ID:55704(1건)
[2026-07-14 21:54:01] INFO: [POLLING] 종료 | 큐: 0건 | 번들맵: 4개
[2026-07-14 21:54:03] INFO: [REQ] contents=check-event | id=undefined
[2026-07-14 21:54:11] INFO: [POLLING] 시작 | 큐: 0건 | 처리중: 4건 | 번들: ID:55698(1건), ID:55700(1건), ID:55701(1건), ID:55704(1건)
[2026-07-14 21:54:11] INFO: [POLLING] 종료 | 큐: 0건 | 번들맵: 4개
[2026-07-14 21:54:21] INFO: [POLLING] 시작 | 큐: 0건 | 처리중: 4건 | 번들: ID:55698(1건), ID:55700(1건), ID:55701(1건), ID:55704(1건)
[2026-07-14 21:54:21] INFO: [POLLING] 종료 | 큐: 0건 | 번들맵: 4개
[2026-07-14 21:54:30] INFO: [REQ] contents=check-event | id=undefined
[2026-07-14 21:54:31] INFO: [POLLING] 시작 | 큐: 0건 | 처리중: 4건 | 번들: ID:55698(1건), ID:55700(1건), ID:55701(1건), ID:55704(1건)
[2026-07-14 21:54:31] INFO: [POLLING] 종료 | 큐: 0건 | 번들맵: 4개
[2026-07-14 21:54:41] INFO: [POLLING] 시작 | 큐: 0건 | 처리중: 4건 | 번들: ID:55698(1건), ID:55700(1건), ID:55701(1건), ID:55704(1건)
[2026-07-14 21:54:41] INFO: [POLLING] 종료 | 큐: 0건 | 번들맵: 4개
[2026-07-14 21:54:51] INFO: [POLLING] 시작 | 큐: 0건 | 처리중: 4건 | 번들: ID:55698(1건), ID:55700(1건), ID:55701(1건), ID:55704(1건)
[2026-07-14 21:54:51] INFO: [POLLING] 종료 | 큐: 0건 | 번들맵: 4개
[2026-07-14 21:55:01] INFO: [POLLING] 시작 | 큐: 0건 | 처리중: 4건 | 번들: ID:55698(1건), ID:55700(1건), ID:55701(1건), ID:55704(1건)
[2026-07-14 21:55:01] INFO: [POLLING] 종료 | 큐: 0건 | 번들맵: 4개
[2026-07-14 21:55:11] INFO: [POLLING] 시작 | 큐: 0건 | 처리중: 4건 | 번들: ID:55698(1건), ID:55700(1건), ID:55701(1건), ID:55704(1건)
[2026-07-14 21:55:11] INFO: [POLLING] 종료 | 큐: 0건 | 번들맵: 4개
[2026-07-14 21:55:21] INFO: [POLLING] 시작 | 큐: 0건 | 처리중: 4건 | 번들: ID:55698(1건), ID:55700(1건), ID:55701(1건), ID:55704(1건)
[2026-07-14 21:55:21] INFO: [POLLING] 종료 | 큐: 0건 | 번들맵: 4개
[2026-07-14 21:55:31] INFO: [POLLING] 시작 | 큐: 0건 | 처리중: 4건 | 번들: ID:55698(1건), ID:55700(1건), ID:55701(1건), ID:55704(1건)
[2026-07-14 21:55:31] INFO: [POLLING] 종료 | 큐: 0건 | 번들맵: 4개
[2026-07-14 21:55:33] INFO: [REQ] contents=check-event | id=undefined
[2026-07-14 21:55:41] INFO: [POLLING] 시작 | 큐: 0건 | 처리중: 4건 | 번들: ID:55698(1건), ID:55700(1건), ID:55701(1건), ID:55704(1건)
[2026-07-14 21:55:41] INFO: [POLLING] 종료 | 큐: 0건 | 번들맵: 4개
[2026-07-14 21:55:51] INFO: [POLLING] 시작 | 큐: 0건 | 처리중: 4건 | 번들: ID:55698(1건), ID:55700(1건), ID:55701(1건), ID:55704(1건)
[2026-07-14 21:55:51] INFO: [POLLING] 종료 | 큐: 0건 | 번들맵: 4개
[2026-07-14 21:56:01] INFO: [POLLING] 시작 | 큐: 0건 | 처리중: 4건 | 번들: ID:55698(1건), ID:55700(1건), ID:55701(1건), ID:55704(1건)
[2026-07-14 21:56:01] INFO: [POLLING] 종료 | 큐: 0건 | 번들맵: 4개
[2026-07-14 21:56:11] INFO: [POLLING] 시작 | 큐: 0건 | 처리중: 4건 | 번들: ID:55698(1건), ID:55700(1건), ID:55701(1건), ID:55704(1건)
[2026-07-14 21:56:11] INFO: [POLLING] 종료 | 큐: 0건 | 번들맵: 4개
[2026-07-14 21:56:20] INFO: [REQ] contents=check-event | id=undefined
[2026-07-14 21:56:21] INFO: [POLLING] 시작 | 큐: 0건 | 처리중: 4건 | 번들: ID:55698(1건), ID:55700(1건), ID:55701(1건), ID:55704(1건)
[2026-07-14 21:56:21] INFO: [POLLING] 종료 | 큐: 0건 | 번들맵: 4개
[2026-07-14 21:56:31] INFO: [POLLING] 시작 | 큐: 0건 | 처리중: 4건 | 번들: ID:55698(1건), ID:55700(1건), ID:55701(1건), ID:55704(1건)
[2026-07-14 21:56:31] INFO: [POLLING] 종료 | 큐: 0건 | 번들맵: 4개
[2026-07-14 21:56:41] INFO: [POLLING] 시작 | 큐: 0건 | 처리중: 4건 | 번들: ID:55698(1건), ID:55700(1건), ID:55701(1건), ID:55704(1건)
[2026-07-14 21:56:41] INFO: [POLLING] 종료 | 큐: 0건 | 번들맵: 4개
[2026-07-14 21:56:51] INFO: [POLLING] 시작 | 큐: 0건 | 처리중: 4건 | 번들: ID:55698(1건), ID:55700(1건), ID:55701(1건), ID:55704(1건)
[2026-07-14 21:56:51] INFO: [POLLING] 종료 | 큐: 0건 | 번들맵: 4개
[2026-07-14 21:57:01] INFO: [POLLING] 시작 | 큐: 0건 | 처리중: 4건 | 번들: ID:55698(1건), ID:55700(1건), ID:55701(1건), ID:55704(1건)
[2026-07-14 21:57:01] INFO: [POLLING] 종료 | 큐: 0건 | 번들맵: 4개
[2026-07-14 21:57:11] INFO: [POLLING] 시작 | 큐: 0건 | 처리중: 4건 | 번들: ID:55698(1건), ID:55700(1건), ID:55701(1건), ID:55704(1건)
[2026-07-14 21:57:11] INFO: [POLLING] 종료 | 큐: 0건 | 번들맵: 4개
[2026-07-14 21:57:21] INFO: [POLLING] 시작 | 큐: 0건 | 처리중: 4건 | 번들: ID:55698(1건), ID:55700(1건), ID:55701(1건), ID:55704(1건)
[2026-07-14 21:57:21] INFO: [POLLING] 종료 | 큐: 0건 | 번들맵: 4개
[2026-07-14 21:57:23] INFO: [REQ] contents=check-event | id=undefined
[2026-07-14 21:57:31] INFO: [POLLING] 시작 | 큐: 0건 | 처리중: 4건 | 번들: ID:55698(1건), ID:55700(1건), ID:55701(1건), ID:55704(1건)
[2026-07-14 21:57:31] INFO: [POLLING] 종료 | 큐: 0건 | 번들맵: 4개
[2026-07-14 21:57:41] INFO: [POLLING] 시작 | 큐: 0건 | 처리중: 4건 | 번들: ID:55698(1건), ID:55700(1건), ID:55701(1건), ID:55704(1건)
[2026-07-14 21:57:41] INFO: [POLLING] 종료 | 큐: 0건 | 번들맵: 4개
[2026-07-14 21:57:51] INFO: [POLLING] 시작 | 큐: 0건 | 처리중: 4건 | 번들: ID:55698(1건), ID:55700(1건), ID:55701(1건), ID:55704(1건)
[2026-07-14 21:57:51] INFO: [POLLING] 종료 | 큐: 0건 | 번들맵: 4개
[2026-07-14 21:58:00] INFO: [REQ] contents=check-event | id=undefined
[2026-07-14 21:58:01] INFO: [POLLING] 시작 | 큐: 0건 | 처리중: 4건 | 번들: ID:55698(1건), ID:55700(1건), ID:55701(1건), ID:55704(1건)
[2026-07-14 21:58:01] INFO: [POLLING] 종료 | 큐: 0건 | 번들맵: 4개
[2026-07-14 21:58:11] INFO: [POLLING] 시작 | 큐: 0건 | 처리중: 4건 | 번들: ID:55698(1건), ID:55700(1건), ID:55701(1건), ID:55704(1건)
[2026-07-14 21:58:11] INFO: [POLLING] 종료 | 큐: 0건 | 번들맵: 4개
[2026-07-14 21:58:21] INFO: [POLLING] 시작 | 큐: 0건 | 처리중: 4건 | 번들: ID:55698(1건), ID:55700(1건), ID:55701(1건), ID:55704(1건)
[2026-07-14 21:58:22] INFO: [POLLING] 종료 | 큐: 0건 | 번들맵: 4개
[2026-07-14 21:58:31] INFO: [POLLING] 시작 | 큐: 0건 | 처리중: 4건 | 번들: ID:55698(1건), ID:55700(1건), ID:55701(1건), ID:55704(1건)
[2026-07-14 21:58:32] INFO: [POLLING] 종료 | 큐: 0건 | 번들맵: 4개
[2026-07-14 21:58:41] INFO: [POLLING] 시작 | 큐: 0건 | 처리중: 4건 | 번들: ID:55698(1건), ID:55700(1건), ID:55701(1건), ID:55704(1건)
[2026-07-14 21:58:42] INFO: [POLLING] 종료 | 큐: 0건 | 번들맵: 4개
[2026-07-14 21:58:51] INFO: [POLLING] 시작 | 큐: 0건 | 처리중: 4건 | 번들: ID:55698(1건), ID:55700(1건), ID:55701(1건), ID:55704(1건)
[2026-07-14 21:58:52] INFO: [POLLING] 종료 | 큐: 0건 | 번들맵: 4개
[2026-07-14 21:59:01] INFO: [POLLING] 시작 | 큐: 0건 | 처리중: 4건 | 번들: ID:55698(1건), ID:55700(1건), ID:55701(1건), ID:55704(1건)
[2026-07-14 21:59:02] INFO: [POLLING] 종료 | 큐: 0건 | 번들맵: 4개
[2026-07-14 21:59:04] INFO: [REQ] contents=check-event | id=undefined
[2026-07-14 21:59:11] INFO: [POLLING] 시작 | 큐: 0건 | 처리중: 4건 | 번들: ID:55698(1건), ID:55700(1건), ID:55701(1건), ID:55704(1건)
[2026-07-14 21:59:12] INFO: [POLLING] 종료 | 큐: 0건 | 번들맵: 4개
[2026-07-14 21:59:21] INFO: [POLLING] 시작 | 큐: 0건 | 처리중: 4건 | 번들: ID:55698(1건), ID:55700(1건), ID:55701(1건), ID:55704(1건)
[2026-07-14 21:59:22] INFO: [POLLING] 종료 | 큐: 0건 | 번들맵: 4개
[2026-07-14 21:59:30] INFO: [REQ] contents=check-event | id=undefined
[2026-07-14 21:59:31] INFO: [POLLING] 시작 | 큐: 0건 | 처리중: 4건 | 번들: ID:55698(1건), ID:55700(1건), ID:55701(1건), ID:55704(1건)
[2026-07-14 21:59:32] INFO: [POLLING] 종료 | 큐: 0건 | 번들맵: 4개
[2026-07-14 21:59:41] INFO: [POLLING] 시작 | 큐: 0건 | 처리중: 4건 | 번들: ID:55698(1건), ID:55700(1건), ID:55701(1건), ID:55704(1건)
[2026-07-14 21:59:42] INFO: [POLLING] 종료 | 큐: 0건 | 번들맵: 4개
[2026-07-14 21:59:51] INFO: [POLLING] 시작 | 큐: 0건 | 처리중: 4건 | 번들: ID:55698(1건), ID:55700(1건), ID:55701(1건), ID:55704(1건)
[2026-07-14 21:59:52] INFO: [POLLING] 종료 | 큐: 0건 | 번들맵: 4개
[2026-07-14 22:00:01] INFO: [POLLING] 시작 | 큐: 0건 | 처리중: 4건 | 번들: ID:55698(1건), ID:55700(1건), ID:55701(1건), ID:55704(1건)
[2026-07-14 22:00:02] INFO: [POLLING] 종료 | 큐: 0건 | 번들맵: 4개
[2026-07-14 22:00:11] INFO: [POLLING] 시작 | 큐: 0건 | 처리중: 4건 | 번들: ID:55698(1건), ID:55700(1건), ID:55701(1건), ID:55704(1건)
[2026-07-14 22:00:12] INFO: [POLLING] 종료 | 큐: 0건 | 번들맵: 4개
[2026-07-14 22:00:21] INFO: [POLLING] 시작 | 큐: 0건 | 처리중: 4건 | 번들: ID:55698(1건), ID:55700(1건), ID:55701(1건), ID:55704(1건)
[2026-07-14 22:00:22] INFO: [POLLING] 종료 | 큐: 0건 | 번들맵: 4개
[2026-07-14 22:00:31] INFO: [POLLING] 시작 | 큐: 0건 | 처리중: 4건 | 번들: ID:55698(1건), ID:55700(1건), ID:55701(1건), ID:55704(1건)
[2026-07-14 22:00:32] INFO: [POLLING] 종료 | 큐: 0건 | 번들맵: 4개
[2026-07-14 22:00:34] INFO: [REQ] contents=check-event | id=undefined
[2026-07-14 22:00:41] INFO: [POLLING] 시작 | 큐: 0건 | 처리중: 4건 | 번들: ID:55698(1건), ID:55700(1건), ID:55701(1건), ID:55704(1건)
[2026-07-14 22:00:42] INFO: [POLLING] 종료 | 큐: 0건 | 번들맵: 4개
[2026-07-14 22:00:51] INFO: [POLLING] 시작 | 큐: 0건 | 처리중: 4건 | 번들: ID:55698(1건), ID:55700(1건), ID:55701(1건), ID:55704(1건)
[2026-07-14 22:00:52] INFO: [POLLING] 종료 | 큐: 0건 | 번들맵: 4개
[2026-07-14 22:01:01] INFO: [POLLING] 시작 | 큐: 0건 | 처리중: 4건 | 번들: ID:55698(1건), ID:55700(1건), ID:55701(1건), ID:55704(1건)
[2026-07-14 22:01:02] INFO: [POLLING] 종료 | 큐: 0건 | 번들맵: 4개
[2026-07-14 22:01:11] INFO: [POLLING] 시작 | 큐: 0건 | 처리중: 4건 | 번들: ID:55698(1건), ID:55700(1건), ID:55701(1건), ID:55704(1건)
[2026-07-14 22:01:12] INFO: [POLLING] 종료 | 큐: 0건 | 번들맵: 4개
[2026-07-14 22:01:20] INFO: [REQ] contents=check-event | id=undefined
[2026-07-14 22:01:21] INFO: [POLLING] 시작 | 큐: 0건 | 처리중: 4건 | 번들: ID:55698(1건), ID:55700(1건), ID:55701(1건), ID:55704(1건)
[2026-07-14 22:01:22] INFO: [POLLING] 종료 | 큐: 0건 | 번들맵: 4개
[2026-07-14 22:01:31] INFO: [POLLING] 시작 | 큐: 0건 | 처리중: 4건 | 번들: ID:55698(1건), ID:55700(1건), ID:55701(1건), ID:55704(1건)
[2026-07-14 22:01:32] INFO: [POLLING] 종료 | 큐: 0건 | 번들맵: 4개
[2026-07-14 22:01:41] INFO: [POLLING] 시작 | 큐: 0건 | 처리중: 4건 | 번들: ID:55698(1건), ID:55700(1건), ID:55701(1건), ID:55704(1건)
[2026-07-14 22:01:42] INFO: [POLLING] 종료 | 큐: 0건 | 번들맵: 4개
[2026-07-14 22:01:51] INFO: [POLLING] 시작 | 큐: 0건 | 처리중: 4건 | 번들: ID:55698(1건), ID:55700(1건), ID:55701(1건), ID:55704(1건)
[2026-07-14 22:01:52] INFO: [POLLING] 종료 | 큐: 0건 | 번들맵: 4개
[2026-07-14 22:02:01] INFO: [POLLING] 시작 | 큐: 0건 | 처리중: 4건 | 번들: ID:55698(1건), ID:55700(1건), ID:55701(1건), ID:55704(1건)
[2026-07-14 22:02:02] INFO: [POLLING] 종료 | 큐: 0건 | 번들맵: 4개
[2026-07-14 22:02:11] INFO: [POLLING] 시작 | 큐: 0건 | 처리중: 4건 | 번들: ID:55698(1건), ID:55700(1건), ID:55701(1건), ID:55704(1건)
[2026-07-14 22:02:12] INFO: [POLLING] 종료 | 큐: 0건 | 번들맵: 4개
[2026-07-14 22:02:21] INFO: [POLLING] 시작 | 큐: 0건 | 처리중: 4건 | 번들: ID:55698(1건), ID:55700(1건), ID:55701(1건), ID:55704(1건)
[2026-07-14 22:02:22] INFO: [POLLING] 종료 | 큐: 0건 | 번들맵: 4개
[2026-07-14 22:02:24] INFO: [REQ] contents=check-event | id=undefined
[2026-07-14 22:02:31] INFO: [POLLING] 시작 | 큐: 0건 | 처리중: 4건 | 번들: ID:55698(1건), ID:55700(1건), ID:55701(1건), ID:55704(1건)
[2026-07-14 22:02:32] INFO: [POLLING] 종료 | 큐: 0건 | 번들맵: 4개
[2026-07-14 22:02:41] INFO: [POLLING] 시작 | 큐: 0건 | 처리중: 4건 | 번들: ID:55698(1건), ID:55700(1건), ID:55701(1건), ID:55704(1건)
[2026-07-14 22:02:42] INFO: [POLLING] 종료 | 큐: 0건 | 번들맵: 4개
[2026-07-14 22:02:51] INFO: [POLLING] 시작 | 큐: 0건 | 처리중: 4건 | 번들: ID:55698(1건), ID:55700(1건), ID:55701(1건), ID:55704(1건)
[2026-07-14 22:02:52] INFO: [POLLING] 종료 | 큐: 0건 | 번들맵: 4개
[2026-07-14 22:03:01] INFO: [REQ] contents=check-event | id=undefined
[2026-07-14 22:03:01] INFO: [POLLING] 시작 | 큐: 0건 | 처리중: 4건 | 번들: ID:55698(1건), ID:55700(1건), ID:55701(1건), ID:55704(1건)
[2026-07-14 22:03:02] INFO: [POLLING] 종료 | 큐: 0건 | 번들맵: 4개
[2026-07-14 22:03:11] INFO: [POLLING] 시작 | 큐: 0건 | 처리중: 4건 | 번들: ID:55698(1건), ID:55700(1건), ID:55701(1건), ID:55704(1건)
[2026-07-14 22:03:12] INFO: [POLLING] 종료 | 큐: 0건 | 번들맵: 4개
[2026-07-14 22:03:21] INFO: [POLLING] 시작 | 큐: 0건 | 처리중: 4건 | 번들: ID:55698(1건), ID:55700(1건), ID:55701(1건), ID:55704(1건)
[2026-07-14 22:03:22] INFO: [POLLING] 종료 | 큐: 0건 | 번들맵: 4개
[2026-07-14 22:03:31] INFO: [POLLING] 시작 | 큐: 0건 | 처리중: 4건 | 번들: ID:55698(1건), ID:55700(1건), ID:55701(1건), ID:55704(1건)
[2026-07-14 22:03:32] INFO: [POLLING] 종료 | 큐: 0건 | 번들맵: 4개
[2026-07-14 22:03:41] INFO: [POLLING] 시작 | 큐: 0건 | 처리중: 4건 | 번들: ID:55698(1건), ID:55700(1건), ID:55701(1건), ID:55704(1건)
[2026-07-14 22:03:42] INFO: [POLLING] 종료 | 큐: 0건 | 번들맵: 4개
[2026-07-14 22:03:51] INFO: [POLLING] 시작 | 큐: 0건 | 처리중: 4건 | 번들: ID:55698(1건), ID:55700(1건), ID:55701(1건), ID:55704(1건)
[2026-07-14 22:03:52] INFO: [POLLING] 종료 | 큐: 0건 | 번들맵: 4개
[2026-07-14 22:04:01] INFO: [POLLING] 시작 | 큐: 0건 | 처리중: 4건 | 번들: ID:55698(1건), ID:55700(1건), ID:55701(1건), ID:55704(1건)
[2026-07-14 22:04:02] INFO: [POLLING] 종료 | 큐: 0건 | 번들맵: 4개
[2026-07-14 22:04:04] INFO: [REQ] contents=check-event | id=undefined
[2026-07-14 22:04:11] INFO: [POLLING] 시작 | 큐: 0건 | 처리중: 4건 | 번들: ID:55698(1건), ID:55700(1건), ID:55701(1건), ID:55704(1건)
[2026-07-14 22:04:12] INFO: [POLLING] 종료 | 큐: 0건 | 번들맵: 4개
[2026-07-14 22:04:21] INFO: [POLLING] 시작 | 큐: 0건 | 처리중: 4건 | 번들: ID:55698(1건), ID:55700(1건), ID:55701(1건), ID:55704(1건)
[2026-07-14 22:04:22] INFO: [POLLING] 종료 | 큐: 0건 | 번들맵: 4개
[2026-07-14 22:04:31] INFO: [REQ] contents=check-event | id=undefined
[2026-07-14 22:04:31] INFO: [POLLING] 시작 | 큐: 0건 | 처리중: 4건 | 번들: ID:55698(1건), ID:55700(1건), ID:55701(1건), ID:55704(1건)
[2026-07-14 22:04:32] INFO: [POLLING] 종료 | 큐: 0건 | 번들맵: 4개
[2026-07-14 22:04:41] INFO: [POLLING] 시작 | 큐: 0건 | 처리중: 4건 | 번들: ID:55698(1건), ID:55700(1건), ID:55701(1건), ID:55704(1건)
[2026-07-14 22:04:42] INFO: [POLLING] 종료 | 큐: 0건 | 번들맵: 4개
[2026-07-14 22:04:51] INFO: [POLLING] 시작 | 큐: 0건 | 처리중: 4건 | 번들: ID:55698(1건), ID:55700(1건), ID:55701(1건), ID:55704(1건)
[2026-07-14 22:04:52] INFO: [POLLING] 종료 | 큐: 0건 | 번들맵: 4개
[2026-07-14 22:05:01] INFO: [POLLING] 시작 | 큐: 0건 | 처리중: 4건 | 번들: ID:55698(1건), ID:55700(1건), ID:55701(1건), ID:55704(1건)
[2026-07-14 22:05:02] INFO: [POLLING] 종료 | 큐: 0건 | 번들맵: 4개
[2026-07-14 22:05:11] INFO: [POLLING] 시작 | 큐: 0건 | 처리중: 4건 | 번들: ID:55698(1건), ID:55700(1건), ID:55701(1건), ID:55704(1건)
[2026-07-14 22:05:12] INFO: [POLLING] 종료 | 큐: 0건 | 번들맵: 4개
[2026-07-14 22:05:21] INFO: [POLLING] 시작 | 큐: 0건 | 처리중: 4건 | 번들: ID:55698(1건), ID:55700(1건), ID:55701(1건), ID:55704(1건)
[2026-07-14 22:05:22] INFO: [POLLING] 종료 | 큐: 0건 | 번들맵: 4개
[2026-07-14 22:05:31] INFO: [POLLING] 시작 | 큐: 0건 | 처리중: 4건 | 번들: ID:55698(1건), ID:55700(1건), ID:55701(1건), ID:55704(1건)
[2026-07-14 22:05:32] INFO: [POLLING] 종료 | 큐: 0건 | 번들맵: 4개
[2026-07-14 22:05:34] INFO: [REQ] contents=check-event | id=undefined
[2026-07-14 22:05:41] INFO: [POLLING] 시작 | 큐: 0건 | 처리중: 4건 | 번들: ID:55698(1건), ID:55700(1건), ID:55701(1건), ID:55704(1건)
[2026-07-14 22:05:42] INFO: [POLLING] 종료 | 큐: 0건 | 번들맵: 4개
[2026-07-14 22:05:51] INFO: [POLLING] 시작 | 큐: 0건 | 처리중: 4건 | 번들: ID:55698(1건), ID:55700(1건), ID:55701(1건), ID:55704(1건)
[2026-07-14 22:05:52] INFO: [POLLING] 종료 | 큐: 0건 | 번들맵: 4개
[2026-07-14 22:06:01] INFO: [POLLING] 시작 | 큐: 0건 | 처리중: 4건 | 번들: ID:55698(1건), ID:55700(1건), ID:55701(1건), ID:55704(1건)
[2026-07-14 22:06:02] INFO: [POLLING] 종료 | 큐: 0건 | 번들맵: 4개
[2026-07-14 22:06:11] INFO: [POLLING] 시작 | 큐: 0건 | 처리중: 4건 | 번들: ID:55698(1건), ID:55700(1건), ID:55701(1건), ID:55704(1건)
[2026-07-14 22:06:12] INFO: [POLLING] 종료 | 큐: 0건 | 번들맵: 4개
[2026-07-14 22:06:21] INFO: [REQ] contents=check-event | id=undefined
[2026-07-14 22:06:21] INFO: [POLLING] 시작 | 큐: 0건 | 처리중: 4건 | 번들: ID:55698(1건), ID:55700(1건), ID:55701(1건), ID:55704(1건)
[2026-07-14 22:06:22] INFO: [POLLING] 종료 | 큐: 0건 | 번들맵: 4개
[2026-07-14 22:06:31] INFO: [POLLING] 시작 | 큐: 0건 | 처리중: 4건 | 번들: ID:55698(1건), ID:55700(1건), ID:55701(1건), ID:55704(1건)
[2026-07-14 22:06:32] INFO: [POLLING] 종료 | 큐: 0건 | 번들맵: 4개
[2026-07-14 22:06:42] INFO: [POLLING] 시작 | 큐: 0건 | 처리중: 4건 | 번들: ID:55698(1건), ID:55700(1건), ID:55701(1건), ID:55704(1건)
[2026-07-14 22:06:42] INFO: [POLLING] 종료 | 큐: 0건 | 번들맵: 4개
[2026-07-14 22:06:52] INFO: [POLLING] 시작 | 큐: 0건 | 처리중: 4건 | 번들: ID:55698(1건), ID:55700(1건), ID:55701(1건), ID:55704(1건)
[2026-07-14 22:06:52] INFO: [POLLING] 종료 | 큐: 0건 | 번들맵: 4개
[2026-07-14 22:07:02] INFO: [POLLING] 시작 | 큐: 0건 | 처리중: 4건 | 번들: ID:55698(1건), ID:55700(1건), ID:55701(1건), ID:55704(1건)
[2026-07-14 22:07:02] INFO: [POLLING] 종료 | 큐: 0건 | 번들맵: 4개
[2026-07-14 22:07:12] INFO: [POLLING] 시작 | 큐: 0건 | 처리중: 4건 | 번들: ID:55698(1건), ID:55700(1건), ID:55701(1건), ID:55704(1건)
[2026-07-14 22:07:12] INFO: [POLLING] 종료 | 큐: 0건 | 번들맵: 4개
[2026-07-14 22:07:22] INFO: [POLLING] 시작 | 큐: 0건 | 처리중: 4건 | 번들: ID:55698(1건), ID:55700(1건), ID:55701(1건), ID:55704(1건)
[2026-07-14 22:07:22] INFO: [POLLING] 종료 | 큐: 0건 | 번들맵: 4개
[2026-07-14 22:07:24] INFO: [REQ] contents=check-event | id=undefined
[2026-07-14 22:07:32] INFO: [POLLING] 시작 | 큐: 0건 | 처리중: 4건 | 번들: ID:55698(1건), ID:55700(1건), ID:55701(1건), ID:55704(1건)
[2026-07-14 22:07:32] INFO: [POLLING] 종료 | 큐: 0건 | 번들맵: 4개
[2026-07-14 22:07:42] INFO: [POLLING] 시작 | 큐: 0건 | 처리중: 4건 | 번들: ID:55698(1건), ID:55700(1건), ID:55701(1건), ID:55704(1건)
[2026-07-14 22:07:42] INFO: [POLLING] 종료 | 큐: 0건 | 번들맵: 4개
[2026-07-14 22:07:52] INFO: [POLLING] 시작 | 큐: 0건 | 처리중: 4건 | 번들: ID:55698(1건), ID:55700(1건), ID:55701(1건), ID:55704(1건)
[2026-07-14 22:07:52] INFO: [POLLING] 종료 | 큐: 0건 | 번들맵: 4개
[2026-07-14 22:08:01] INFO: [REQ] contents=check-event | id=undefined
[2026-07-14 22:08:02] INFO: [POLLING] 시작 | 큐: 0건 | 처리중: 4건 | 번들: ID:55698(1건), ID:55700(1건), ID:55701(1건), ID:55704(1건)
[2026-07-14 22:08:02] INFO: [POLLING] 종료 | 큐: 0건 | 번들맵: 4개
[2026-07-14 22:08:12] INFO: [POLLING] 시작 | 큐: 0건 | 처리중: 4건 | 번들: ID:55698(1건), ID:55700(1건), ID:55701(1건), ID:55704(1건)
[2026-07-14 22:08:12] INFO: [POLLING] 종료 | 큐: 0건 | 번들맵: 4개
[2026-07-14 22:08:22] INFO: [POLLING] 시작 | 큐: 0건 | 처리중: 4건 | 번들: ID:55698(1건), ID:55700(1건), ID:55701(1건), ID:55704(1건)
[2026-07-14 22:08:22] INFO: [POLLING] 종료 | 큐: 0건 | 번들맵: 4개
[2026-07-14 22:08:32] INFO: [POLLING] 시작 | 큐: 0건 | 처리중: 4건 | 번들: ID:55698(1건), ID:55700(1건), ID:55701(1건), ID:55704(1건)
[2026-07-14 22:08:32] INFO: [POLLING] 종료 | 큐: 0건 | 번들맵: 4개
[2026-07-14 22:08:42] INFO: [POLLING] 시작 | 큐: 0건 | 처리중: 4건 | 번들: ID:55698(1건), ID:55700(1건), ID:55701(1건), ID:55704(1건)
[2026-07-14 22:08:42] INFO: [POLLING] 종료 | 큐: 0건 | 번들맵: 4개
[2026-07-14 22:08:52] INFO: [POLLING] 시작 | 큐: 0건 | 처리중: 4건 | 번들: ID:55698(1건), ID:55700(1건), ID:55701(1건), ID:55704(1건)
[2026-07-14 22:08:52] INFO: [POLLING] 종료 | 큐: 0건 | 번들맵: 4개
[2026-07-14 22:09:02] INFO: [POLLING] 시작 | 큐: 0건 | 처리중: 4건 | 번들: ID:55698(1건), ID:55700(1건), ID:55701(1건), ID:55704(1건)
[2026-07-14 22:09:02] INFO: [POLLING] 종료 | 큐: 0건 | 번들맵: 4개
[2026-07-14 22:09:05] INFO: [REQ] contents=check-event | id=undefined
[2026-07-14 22:09:12] INFO: [POLLING] 시작 | 큐: 0건 | 처리중: 4건 | 번들: ID:55698(1건), ID:55700(1건), ID:55701(1건), ID:55704(1건)
[2026-07-14 22:09:12] INFO: [POLLING] 종료 | 큐: 0건 | 번들맵: 4개
[2026-07-14 22:09:22] INFO: [POLLING] 시작 | 큐: 0건 | 처리중: 4건 | 번들: ID:55698(1건), ID:55700(1건), ID:55701(1건), ID:55704(1건)
[2026-07-14 22:09:22] INFO: [POLLING] 종료 | 큐: 0건 | 번들맵: 4개
[2026-07-14 22:09:31] INFO: [REQ] contents=check-event | id=undefined
[2026-07-14 22:09:32] INFO: [POLLING] 시작 | 큐: 0건 | 처리중: 4건 | 번들: ID:55698(1건), ID:55700(1건), ID:55701(1건), ID:55704(1건)
[2026-07-14 22:09:32] INFO: [POLLING] 종료 | 큐: 0건 | 번들맵: 4개
[2026-07-14 22:09:42] INFO: [POLLING] 시작 | 큐: 0건 | 처리중: 4건 | 번들: ID:55698(1건), ID:55700(1건), ID:55701(1건), ID:55704(1건)
[2026-07-14 22:09:42] INFO: [POLLING] 종료 | 큐: 0건 | 번들맵: 4개
[2026-07-14 22:09:52] INFO: [POLLING] 시작 | 큐: 0건 | 처리중: 4건 | 번들: ID:55698(1건), ID:55700(1건), ID:55701(1건), ID:55704(1건)
[2026-07-14 22:09:52] INFO: [POLLING] 종료 | 큐: 0건 | 번들맵: 4개
[2026-07-14 22:10:02] INFO: [POLLING] 시작 | 큐: 0건 | 처리중: 4건 | 번들: ID:55698(1건), ID:55700(1건), ID:55701(1건), ID:55704(1건)
[2026-07-14 22:10:02] INFO: [POLLING] 종료 | 큐: 0건 | 번들맵: 4개
[2026-07-14 22:10:12] INFO: [POLLING] 시작 | 큐: 0건 | 처리중: 4건 | 번들: ID:55698(1건), ID:55700(1건), ID:55701(1건), ID:55704(1건)
[2026-07-14 22:10:12] INFO: [POLLING] 종료 | 큐: 0건 | 번들맵: 4개
[2026-07-14 22:10:22] INFO: [POLLING] 시작 | 큐: 0건 | 처리중: 4건 | 번들: ID:55698(1건), ID:55700(1건), ID:55701(1건), ID:55704(1건)
[2026-07-14 22:10:22] INFO: [POLLING] 종료 | 큐: 0건 | 번들맵: 4개
[2026-07-14 22:10:32] INFO: [POLLING] 시작 | 큐: 0건 | 처리중: 4건 | 번들: ID:55698(1건), ID:55700(1건), ID:55701(1건), ID:55704(1건)
[2026-07-14 22:10:32] INFO: [POLLING] 종료 | 큐: 0건 | 번들맵: 4개
[2026-07-14 22:10:35] INFO: [REQ] contents=check-event | id=undefined
[2026-07-14 22:10:42] INFO: [POLLING] 시작 | 큐: 0건 | 처리중: 4건 | 번들: ID:55698(1건), ID:55700(1건), ID:55701(1건), ID:55704(1건)
[2026-07-14 22:10:42] INFO: [POLLING] 종료 | 큐: 0건 | 번들맵: 4개
[2026-07-14 22:10:52] INFO: [POLLING] 시작 | 큐: 0건 | 처리중: 4건 | 번들: ID:55698(1건), ID:55700(1건), ID:55701(1건), ID:55704(1건)
[2026-07-14 22:10:52] INFO: [POLLING] 종료 | 큐: 0건 | 번들맵: 4개
[2026-07-14 22:11:02] INFO: [POLLING] 시작 | 큐: 0건 | 처리중: 4건 | 번들: ID:55698(1건), ID:55700(1건), ID:55701(1건), ID:55704(1건)
[2026-07-14 22:11:02] INFO: [POLLING] 종료 | 큐: 0건 | 번들맵: 4개
[2026-07-14 22:11:12] INFO: [POLLING] 시작 | 큐: 0건 | 처리중: 4건 | 번들: ID:55698(1건), ID:55700(1건), ID:55701(1건), ID:55704(1건)
[2026-07-14 22:11:12] INFO: [POLLING] 종료 | 큐: 0건 | 번들맵: 4개
[2026-07-14 22:11:21] INFO: [REQ] contents=check-event | id=undefined
[2026-07-14 22:11:22] INFO: [POLLING] 시작 | 큐: 0건 | 처리중: 4건 | 번들: ID:55698(1건), ID:55700(1건), ID:55701(1건), ID:55704(1건)
[2026-07-14 22:11:22] INFO: [POLLING] 종료 | 큐: 0건 | 번들맵: 4개
[2026-07-14 22:11:32] INFO: [POLLING] 시작 | 큐: 0건 | 처리중: 4건 | 번들: ID:55698(1건), ID:55700(1건), ID:55701(1건), ID:55704(1건)
[2026-07-14 22:11:32] INFO: [POLLING] 종료 | 큐: 0건 | 번들맵: 4개
[2026-07-14 22:11:42] INFO: [POLLING] 시작 | 큐: 0건 | 처리중: 4건 | 번들: ID:55698(1건), ID:55700(1건), ID:55701(1건), ID:55704(1건)
[2026-07-14 22:11:42] INFO: [POLLING] 종료 | 큐: 0건 | 번들맵: 4개
[2026-07-14 22:11:52] INFO: [POLLING] 시작 | 큐: 0건 | 처리중: 4건 | 번들: ID:55698(1건), ID:55700(1건), ID:55701(1건), ID:55704(1건)
[2026-07-14 22:11:52] INFO: [POLLING] 종료 | 큐: 0건 | 번들맵: 4개
[2026-07-14 22:12:02] INFO: [POLLING] 시작 | 큐: 0건 | 처리중: 4건 | 번들: ID:55698(1건), ID:55700(1건), ID:55701(1건), ID:55704(1건)
[2026-07-14 22:12:02] INFO: [POLLING] 종료 | 큐: 0건 | 번들맵: 4개
[2026-07-14 22:12:12] INFO: [POLLING] 시작 | 큐: 0건 | 처리중: 4건 | 번들: ID:55698(1건), ID:55700(1건), ID:55701(1건), ID:55704(1건)
[2026-07-14 22:12:12] INFO: [POLLING] 종료 | 큐: 0건 | 번들맵: 4개
[2026-07-14 22:12:22] INFO: [POLLING] 시작 | 큐: 0건 | 처리중: 4건 | 번들: ID:55698(1건), ID:55700(1건), ID:55701(1건), ID:55704(1건)
[2026-07-14 22:12:22] INFO: [POLLING] 종료 | 큐: 0건 | 번들맵: 4개
[2026-07-14 22:12:25] INFO: [REQ] contents=check-event | id=undefined
[2026-07-14 22:12:32] INFO: [POLLING] 시작 | 큐: 0건 | 처리중: 4건 | 번들: ID:55698(1건), ID:55700(1건), ID:55701(1건), ID:55704(1건)
[2026-07-14 22:12:32] INFO: [POLLING] 종료 | 큐: 0건 | 번들맵: 4개
[2026-07-14 22:12:42] INFO: [POLLING] 시작 | 큐: 0건 | 처리중: 4건 | 번들: ID:55698(1건), ID:55700(1건), ID:55701(1건), ID:55704(1건)
[2026-07-14 22:12:42] INFO: [POLLING] 종료 | 큐: 0건 | 번들맵: 4개
[2026-07-14 22:12:52] INFO: [POLLING] 시작 | 큐: 0건 | 처리중: 4건 | 번들: ID:55698(1건), ID:55700(1건), ID:55701(1건), ID:55704(1건)
[2026-07-14 22:12:52] INFO: [POLLING] 종료 | 큐: 0건 | 번들맵: 4개
[2026-07-14 22:13:02] INFO: [REQ] contents=check-event | id=undefined
[2026-07-14 22:13:02] INFO: [POLLING] 시작 | 큐: 0건 | 처리중: 4건 | 번들: ID:55698(1건), ID:55700(1건), ID:55701(1건), ID:55704(1건)
[2026-07-14 22:13:02] INFO: [POLLING] 종료 | 큐: 0건 | 번들맵: 4개
[2026-07-14 22:13:12] INFO: [POLLING] 시작 | 큐: 0건 | 처리중: 4건 | 번들: ID:55698(1건), ID:55700(1건), ID:55701(1건), ID:55704(1건)
[2026-07-14 22:13:12] INFO: [POLLING] 종료 | 큐: 0건 | 번들맵: 4개
[2026-07-14 22:13:22] INFO: [POLLING] 시작 | 큐: 0건 | 처리중: 4건 | 번들: ID:55698(1건), ID:55700(1건), ID:55701(1건), ID:55704(1건)
[2026-07-14 22:13:23] INFO: [POLLING] 종료 | 큐: 0건 | 번들맵: 4개
[2026-07-14 22:13:32] INFO: [POLLING] 시작 | 큐: 0건 | 처리중: 4건 | 번들: ID:55698(1건), ID:55700(1건), ID:55701(1건), ID:55704(1건)
[2026-07-14 22:13:33] INFO: [POLLING] 종료 | 큐: 0건 | 번들맵: 4개
[2026-07-14 22:13:42] INFO: [POLLING] 시작 | 큐: 0건 | 처리중: 4건 | 번들: ID:55698(1건), ID:55700(1건), ID:55701(1건), ID:55704(1건)
[2026-07-14 22:13:43] INFO: [POLLING] 종료 | 큐: 0건 | 번들맵: 4개
[2026-07-14 22:13:52] INFO: [POLLING] 시작 | 큐: 0건 | 처리중: 4건 | 번들: ID:55698(1건), ID:55700(1건), ID:55701(1건), ID:55704(1건)
[2026-07-14 22:13:53] INFO: [POLLING] 종료 | 큐: 0건 | 번들맵: 4개
[2026-07-14 22:14:02] INFO: [POLLING] 시작 | 큐: 0건 | 처리중: 4건 | 번들: ID:55698(1건), ID:55700(1건), ID:55701(1건), ID:55704(1건)
[2026-07-14 22:14:03] INFO: [POLLING] 종료 | 큐: 0건 | 번들맵: 4개
[2026-07-14 22:14:05] INFO: [REQ] contents=check-event | id=undefined
[2026-07-14 22:14:12] INFO: [POLLING] 시작 | 큐: 0건 | 처리중: 4건 | 번들: ID:55698(1건), ID:55700(1건), ID:55701(1건), ID:55704(1건)
[2026-07-14 22:14:13] INFO: [POLLING] 종료 | 큐: 0건 | 번들맵: 4개
[2026-07-14 22:14:22] INFO: [POLLING] 시작 | 큐: 0건 | 처리중: 4건 | 번들: ID:55698(1건), ID:55700(1건), ID:55701(1건), ID:55704(1건)
[2026-07-14 22:14:23] INFO: [POLLING] 종료 | 큐: 0건 | 번들맵: 4개
[2026-07-14 22:14:32] INFO: [REQ] contents=check-event | id=undefined
[2026-07-14 22:14:32] INFO: [POLLING] 시작 | 큐: 0건 | 처리중: 4건 | 번들: ID:55698(1건), ID:55700(1건), ID:55701(1건), ID:55704(1건)
[2026-07-14 22:14:33] INFO: [POLLING] 종료 | 큐: 0건 | 번들맵: 4개
[2026-07-14 22:14:42] INFO: [POLLING] 시작 | 큐: 0건 | 처리중: 4건 | 번들: ID:55698(1건), ID:55700(1건), ID:55701(1건), ID:55704(1건)
[2026-07-14 22:14:43] INFO: [POLLING] 종료 | 큐: 0건 | 번들맵: 4개
[2026-07-14 22:14:52] INFO: [POLLING] 시작 | 큐: 0건 | 처리중: 4건 | 번들: ID:55698(1건), ID:55700(1건), ID:55701(1건), ID:55704(1건)
[2026-07-14 22:14:53] INFO: [POLLING] 종료 | 큐: 0건 | 번들맵: 4개
[2026-07-14 22:15:02] INFO: [POLLING] 시작 | 큐: 0건 | 처리중: 4건 | 번들: ID:55698(1건), ID:55700(1건), ID:55701(1건), ID:55704(1건)
[2026-07-14 22:15:03] INFO: [POLLING] 종료 | 큐: 0건 | 번들맵: 4개
[2026-07-14 22:15:12] INFO: [POLLING] 시작 | 큐: 0건 | 처리중: 4건 | 번들: ID:55698(1건), ID:55700(1건), ID:55701(1건), ID:55704(1건)
[2026-07-14 22:15:13] INFO: [POLLING] 종료 | 큐: 0건 | 번들맵: 4개
[2026-07-14 22:15:22] INFO: [POLLING] 시작 | 큐: 0건 | 처리중: 4건 | 번들: ID:55698(1건), ID:55700(1건), ID:55701(1건), ID:55704(1건)
[2026-07-14 22:15:23] INFO: [POLLING] 종료 | 큐: 0건 | 번들맵: 4개
[2026-07-14 22:15:32] INFO: [POLLING] 시작 | 큐: 0건 | 처리중: 4건 | 번들: ID:55698(1건), ID:55700(1건), ID:55701(1건), ID:55704(1건)
[2026-07-14 22:15:33] INFO: [POLLING] 종료 | 큐: 0건 | 번들맵: 4개
[2026-07-14 22:15:35] INFO: [REQ] contents=check-event | id=undefined
[2026-07-14 22:15:42] INFO: [POLLING] 시작 | 큐: 0건 | 처리중: 4건 | 번들: ID:55698(1건), ID:55700(1건), ID:55701(1건), ID:55704(1건)
[2026-07-14 22:15:43] INFO: [POLLING] 종료 | 큐: 0건 | 번들맵: 4개
[2026-07-14 22:15:52] INFO: [POLLING] 시작 | 큐: 0건 | 처리중: 4건 | 번들: ID:55698(1건), ID:55700(1건), ID:55701(1건), ID:55704(1건)
[2026-07-14 22:15:53] INFO: [POLLING] 종료 | 큐: 0건 | 번들맵: 4개
[2026-07-14 22:16:02] INFO: [POLLING] 시작 | 큐: 0건 | 처리중: 4건 | 번들: ID:55698(1건), ID:55700(1건), ID:55701(1건), ID:55704(1건)
[2026-07-14 22:16:03] INFO: [POLLING] 종료 | 큐: 0건 | 번들맵: 4개
[2026-07-14 22:16:12] INFO: [POLLING] 시작 | 큐: 0건 | 처리중: 4건 | 번들: ID:55698(1건), ID:55700(1건), ID:55701(1건), ID:55704(1건)
[2026-07-14 22:16:13] INFO: [POLLING] 종료 | 큐: 0건 | 번들맵: 4개
[2026-07-14 22:16:22] INFO: [REQ] contents=check-event | id=undefined
[2026-07-14 22:16:22] INFO: [POLLING] 시작 | 큐: 0건 | 처리중: 4건 | 번들: ID:55698(1건), ID:55700(1건), ID:55701(1건), ID:55704(1건)
[2026-07-14 22:16:23] INFO: [POLLING] 종료 | 큐: 0건 | 번들맵: 4개
[2026-07-14 22:16:32] INFO: [POLLING] 시작 | 큐: 0건 | 처리중: 4건 | 번들: ID:55698(1건), ID:55700(1건), ID:55701(1건), ID:55704(1건)
[2026-07-14 22:16:33] INFO: [POLLING] 종료 | 큐: 0건 | 번들맵: 4개
[2026-07-14 22:16:42] INFO: [POLLING] 시작 | 큐: 0건 | 처리중: 4건 | 번들: ID:55698(1건), ID:55700(1건), ID:55701(1건), ID:55704(1건)
[2026-07-14 22:16:43] INFO: [POLLING] 종료 | 큐: 0건 | 번들맵: 4개
[2026-07-14 22:16:52] INFO: [POLLING] 시작 | 큐: 0건 | 처리중: 4건 | 번들: ID:55698(1건), ID:55700(1건), ID:55701(1건), ID:55704(1건)
[2026-07-14 22:16:53] INFO: [POLLING] 종료 | 큐: 0건 | 번들맵: 4개
[2026-07-14 22:17:02] INFO: [POLLING] 시작 | 큐: 0건 | 처리중: 4건 | 번들: ID:55698(1건), ID:55700(1건), ID:55701(1건), ID:55704(1건)
[2026-07-14 22:17:03] INFO: [POLLING] 종료 | 큐: 0건 | 번들맵: 4개
[2026-07-14 22:17:12] INFO: [POLLING] 시작 | 큐: 0건 | 처리중: 4건 | 번들: ID:55698(1건), ID:55700(1건), ID:55701(1건), ID:55704(1건)
[2026-07-14 22:17:13] INFO: [POLLING] 종료 | 큐: 0건 | 번들맵: 4개
[2026-07-14 22:17:22] INFO: [POLLING] 시작 | 큐: 0건 | 처리중: 4건 | 번들: ID:55698(1건), ID:55700(1건), ID:55701(1건), ID:55704(1건)
[2026-07-14 22:17:23] INFO: [POLLING] 종료 | 큐: 0건 | 번들맵: 4개
[2026-07-14 22:17:25] INFO: [REQ] contents=check-event | id=undefined
[2026-07-14 22:17:32] INFO: [POLLING] 시작 | 큐: 0건 | 처리중: 4건 | 번들: ID:55698(1건), ID:55700(1건), ID:55701(1건), ID:55704(1건)
[2026-07-14 22:17:33] INFO: [POLLING] 종료 | 큐: 0건 | 번들맵: 4개
[2026-07-14 22:17:42] INFO: [POLLING] 시작 | 큐: 0건 | 처리중: 4건 | 번들: ID:55698(1건), ID:55700(1건), ID:55701(1건), ID:55704(1건)
[2026-07-14 22:17:43] INFO: [POLLING] 종료 | 큐: 0건 | 번들맵: 4개
[2026-07-14 22:17:52] INFO: [POLLING] 시작 | 큐: 0건 | 처리중: 4건 | 번들: ID:55698(1건), ID:55700(1건), ID:55701(1건), ID:55704(1건)
[2026-07-14 22:17:53] INFO: [POLLING] 종료 | 큐: 0건 | 번들맵: 4개
[2026-07-14 22:18:02] INFO: [REQ] contents=check-event | id=undefined
[2026-07-14 22:18:02] INFO: [POLLING] 시작 | 큐: 0건 | 처리중: 4건 | 번들: ID:55698(1건), ID:55700(1건), ID:55701(1건), ID:55704(1건)
[2026-07-14 22:18:03] INFO: [POLLING] 종료 | 큐: 0건 | 번들맵: 4개
[2026-07-14 22:18:12] INFO: [POLLING] 시작 | 큐: 0건 | 처리중: 4건 | 번들: ID:55698(1건), ID:55700(1건), ID:55701(1건), ID:55704(1건)
[2026-07-14 22:18:13] INFO: [POLLING] 종료 | 큐: 0건 | 번들맵: 4개
[2026-07-14 22:18:22] INFO: [POLLING] 시작 | 큐: 0건 | 처리중: 4건 | 번들: ID:55698(1건), ID:55700(1건), ID:55701(1건), ID:55704(1건)
[2026-07-14 22:18:23] INFO: [POLLING] 종료 | 큐: 0건 | 번들맵: 4개
[2026-07-14 22:18:32] INFO: [POLLING] 시작 | 큐: 0건 | 처리중: 4건 | 번들: ID:55698(1건), ID:55700(1건), ID:55701(1건), ID:55704(1건)
[2026-07-14 22:18:33] INFO: [POLLING] 종료 | 큐: 0건 | 번들맵: 4개
[2026-07-14 22:18:42] INFO: [POLLING] 시작 | 큐: 0건 | 처리중: 4건 | 번들: ID:55698(1건), ID:55700(1건), ID:55701(1건), ID:55704(1건)
[2026-07-14 22:18:43] INFO: [POLLING] 종료 | 큐: 0건 | 번들맵: 4개
[2026-07-14 22:18:52] INFO: [POLLING] 시작 | 큐: 0건 | 처리중: 4건 | 번들: ID:55698(1건), ID:55700(1건), ID:55701(1건), ID:55704(1건)
[2026-07-14 22:18:53] INFO: [POLLING] 종료 | 큐: 0건 | 번들맵: 4개
[2026-07-14 22:19:02] INFO: [POLLING] 시작 | 큐: 0건 | 처리중: 4건 | 번들: ID:55698(1건), ID:55700(1건), ID:55701(1건), ID:55704(1건)
[2026-07-14 22:19:03] INFO: [POLLING] 종료 | 큐: 0건 | 번들맵: 4개
[2026-07-14 22:19:06] INFO: [REQ] contents=check-event | id=undefined
[2026-07-14 22:19:12] INFO: [POLLING] 시작 | 큐: 0건 | 처리중: 4건 | 번들: ID:55698(1건), ID:55700(1건), ID:55701(1건), ID:55704(1건)
[2026-07-14 22:19:13] INFO: [POLLING] 종료 | 큐: 0건 | 번들맵: 4개
[2026-07-14 22:19:22] INFO: [POLLING] 시작 | 큐: 0건 | 처리중: 4건 | 번들: ID:55698(1건), ID:55700(1건), ID:55701(1건), ID:55704(1건)
[2026-07-14 22:19:23] INFO: [POLLING] 종료 | 큐: 0건 | 번들맵: 4개
[2026-07-14 22:19:32] INFO: [REQ] contents=check-event | id=undefined
[2026-07-14 22:19:32] INFO: [POLLING] 시작 | 큐: 0건 | 처리중: 4건 | 번들: ID:55698(1건), ID:55700(1건), ID:55701(1건), ID:55704(1건)
[2026-07-14 22:19:33] INFO: [POLLING] 종료 | 큐: 0건 | 번들맵: 4개
[2026-07-14 22:19:42] INFO: [POLLING] 시작 | 큐: 0건 | 처리중: 4건 | 번들: ID:55698(1건), ID:55700(1건), ID:55701(1건), ID:55704(1건)
[2026-07-14 22:19:43] INFO: [POLLING] 종료 | 큐: 0건 | 번들맵: 4개
[2026-07-14 22:19:52] INFO: [POLLING] 시작 | 큐: 0건 | 처리중: 4건 | 번들: ID:55698(1건), ID:55700(1건), ID:55701(1건), ID:55704(1건)
[2026-07-14 22:19:53] INFO: [POLLING] 종료 | 큐: 0건 | 번들맵: 4개
[2026-07-14 22:20:02] INFO: [POLLING] 시작 | 큐: 0건 | 처리중: 4건 | 번들: ID:55698(1건), ID:55700(1건), ID:55701(1건), ID:55704(1건)
[2026-07-14 22:20:03] INFO: [POLLING] 종료 | 큐: 0건 | 번들맵: 4개
[2026-07-14 22:20:12] INFO: [POLLING] 시작 | 큐: 0건 | 처리중: 4건 | 번들: ID:55698(1건), ID:55700(1건), ID:55701(1건), ID:55704(1건)
[2026-07-14 22:20:13] INFO: [POLLING] 종료 | 큐: 0건 | 번들맵: 4개
[2026-07-14 22:20:22] INFO: [POLLING] 시작 | 큐: 0건 | 처리중: 4건 | 번들: ID:55698(1건), ID:55700(1건), ID:55701(1건), ID:55704(1건)
[2026-07-14 22:20:23] INFO: [POLLING] 종료 | 큐: 0건 | 번들맵: 4개
[2026-07-14 22:20:32] INFO: [POLLING] 시작 | 큐: 0건 | 처리중: 4건 | 번들: ID:55698(1건), ID:55700(1건), ID:55701(1건), ID:55704(1건)
[2026-07-14 22:20:33] INFO: [POLLING] 종료 | 큐: 0건 | 번들맵: 4개
[2026-07-14 22:20:36] INFO: [REQ] contents=check-event | id=undefined
[2026-07-14 22:20:42] INFO: [POLLING] 시작 | 큐: 0건 | 처리중: 4건 | 번들: ID:55698(1건), ID:55700(1건), ID:55701(1건), ID:55704(1건)
[2026-07-14 22:20:43] INFO: [POLLING] 종료 | 큐: 0건 | 번들맵: 4개
[2026-07-14 22:20:52] INFO: [POLLING] 시작 | 큐: 0건 | 처리중: 4건 | 번들: ID:55698(1건), ID:55700(1건), ID:55701(1건), ID:55704(1건)
[2026-07-14 22:20:53] INFO: [POLLING] 종료 | 큐: 0건 | 번들맵: 4개
[2026-07-14 22:21:02] INFO: [POLLING] 시작 | 큐: 0건 | 처리중: 4건 | 번들: ID:55698(1건), ID:55700(1건), ID:55701(1건), ID:55704(1건)
[2026-07-14 22:21:03] INFO: [POLLING] 종료 | 큐: 0건 | 번들맵: 4개
[2026-07-14 22:21:12] INFO: [POLLING] 시작 | 큐: 0건 | 처리중: 4건 | 번들: ID:55698(1건), ID:55700(1건), ID:55701(1건), ID:55704(1건)
[2026-07-14 22:21:13] INFO: [POLLING] 종료 | 큐: 0건 | 번들맵: 4개
[2026-07-14 22:21:22] INFO: [POLLING] 시작 | 큐: 0건 | 처리중: 4건 | 번들: ID:55698(1건), ID:55700(1건), ID:55701(1건), ID:55704(1건)
[2026-07-14 22:21:22] INFO: [REQ] contents=check-event | id=undefined
[2026-07-14 22:21:23] INFO: [POLLING] 종료 | 큐: 0건 | 번들맵: 4개
[2026-07-14 22:21:32] INFO: [POLLING] 시작 | 큐: 0건 | 처리중: 4건 | 번들: ID:55698(1건), ID:55700(1건), ID:55701(1건), ID:55704(1건)
[2026-07-14 22:21:33] INFO: [POLLING] 종료 | 큐: 0건 | 번들맵: 4개
[2026-07-14 22:21:42] INFO: [POLLING] 시작 | 큐: 0건 | 처리중: 4건 | 번들: ID:55698(1건), ID:55700(1건), ID:55701(1건), ID:55704(1건)
[2026-07-14 22:21:43] INFO: [POLLING] 종료 | 큐: 0건 | 번들맵: 4개
[2026-07-14 22:21:52] INFO: [POLLING] 시작 | 큐: 0건 | 처리중: 4건 | 번들: ID:55698(1건), ID:55700(1건), ID:55701(1건), ID:55704(1건)
[2026-07-14 22:21:53] INFO: [POLLING] 종료 | 큐: 0건 | 번들맵: 4개
[2026-07-14 22:22:02] INFO: [POLLING] 시작 | 큐: 0건 | 처리중: 4건 | 번들: ID:55698(1건), ID:55700(1건), ID:55701(1건), ID:55704(1건)
[2026-07-14 22:22:03] INFO: [POLLING] 종료 | 큐: 0건 | 번들맵: 4개
[2026-07-14 22:22:12] INFO: [POLLING] 시작 | 큐: 0건 | 처리중: 4건 | 번들: ID:55698(1건), ID:55700(1건), ID:55701(1건), ID:55704(1건)
[2026-07-14 22:22:13] INFO: [POLLING] 종료 | 큐: 0건 | 번들맵: 4개
[2026-07-14 22:22:22] INFO: [POLLING] 시작 | 큐: 0건 | 처리중: 4건 | 번들: ID:55698(1건), ID:55700(1건), ID:55701(1건), ID:55704(1건)
[2026-07-14 22:22:23] INFO: [POLLING] 종료 | 큐: 0건 | 번들맵: 4개
[2026-07-14 22:22:26] INFO: [REQ] contents=check-event | id=undefined
[2026-07-14 22:22:32] INFO: [POLLING] 시작 | 큐: 0건 | 처리중: 4건 | 번들: ID:55698(1건), ID:55700(1건), ID:55701(1건), ID:55704(1건)
[2026-07-14 22:22:33] INFO: [POLLING] 종료 | 큐: 0건 | 번들맵: 4개
[2026-07-14 22:22:42] INFO: [POLLING] 시작 | 큐: 0건 | 처리중: 4건 | 번들: ID:55698(1건), ID:55700(1건), ID:55701(1건), ID:55704(1건)
[2026-07-14 22:22:43] INFO: [POLLING] 종료 | 큐: 0건 | 번들맵: 4개
[2026-07-14 22:22:52] INFO: [POLLING] 시작 | 큐: 0건 | 처리중: 4건 | 번들: ID:55698(1건), ID:55700(1건), ID:55701(1건), ID:55704(1건)
[2026-07-14 22:22:53] INFO: [POLLING] 종료 | 큐: 0건 | 번들맵: 4개
[2026-07-14 22:23:03] INFO: [POLLING] 시작 | 큐: 0건 | 처리중: 4건 | 번들: ID:55698(1건), ID:55700(1건), ID:55701(1건), ID:55704(1건)
[2026-07-14 22:23:03] INFO: [REQ] contents=check-event | id=undefined
[2026-07-14 22:23:03] INFO: [POLLING] 종료 | 큐: 0건 | 번들맵: 4개
[2026-07-14 22:23:13] INFO: [POLLING] 시작 | 큐: 0건 | 처리중: 4건 | 번들: ID:55698(1건), ID:55700(1건), ID:55701(1건), ID:55704(1건)
[2026-07-14 22:23:13] INFO: [POLLING] 종료 | 큐: 0건 | 번들맵: 4개
[2026-07-14 22:23:23] INFO: [POLLING] 시작 | 큐: 0건 | 처리중: 4건 | 번들: ID:55698(1건), ID:55700(1건), ID:55701(1건), ID:55704(1건)
[2026-07-14 22:23:23] INFO: [POLLING] 종료 | 큐: 0건 | 번들맵: 4개
[2026-07-14 22:23:33] INFO: [POLLING] 시작 | 큐: 0건 | 처리중: 4건 | 번들: ID:55698(1건), ID:55700(1건), ID:55701(1건), ID:55704(1건)
[2026-07-14 22:23:33] INFO: [POLLING] 종료 | 큐: 0건 | 번들맵: 4개
[2026-07-14 22:23:43] INFO: [POLLING] 시작 | 큐: 0건 | 처리중: 4건 | 번들: ID:55698(1건), ID:55700(1건), ID:55701(1건), ID:55704(1건)
[2026-07-14 22:23:43] INFO: [POLLING] 종료 | 큐: 0건 | 번들맵: 4개
[2026-07-14 22:23:53] INFO: [POLLING] 시작 | 큐: 0건 | 처리중: 4건 | 번들: ID:55698(1건), ID:55700(1건), ID:55701(1건), ID:55704(1건)
[2026-07-14 22:23:53] INFO: [POLLING] 종료 | 큐: 0건 | 번들맵: 4개
[2026-07-14 22:24:03] INFO: [POLLING] 시작 | 큐: 0건 | 처리중: 4건 | 번들: ID:55698(1건), ID:55700(1건), ID:55701(1건), ID:55704(1건)
[2026-07-14 22:24:03] INFO: [POLLING] 종료 | 큐: 0건 | 번들맵: 4개
[2026-07-14 22:24:06] INFO: [REQ] contents=check-event | id=undefined
[2026-07-14 22:24:13] INFO: [POLLING] 시작 | 큐: 0건 | 처리중: 4건 | 번들: ID:55698(1건), ID:55700(1건), ID:55701(1건), ID:55704(1건)
[2026-07-14 22:24:13] INFO: [POLLING] 종료 | 큐: 0건 | 번들맵: 4개
[2026-07-14 22:24:23] INFO: [POLLING] 시작 | 큐: 0건 | 처리중: 4건 | 번들: ID:55698(1건), ID:55700(1건), ID:55701(1건), ID:55704(1건)
[2026-07-14 22:24:23] INFO: [POLLING] 종료 | 큐: 0건 | 번들맵: 4개
[2026-07-14 22:24:33] INFO: [POLLING] 시작 | 큐: 0건 | 처리중: 4건 | 번들: ID:55698(1건), ID:55700(1건), ID:55701(1건), ID:55704(1건)
[2026-07-14 22:24:33] INFO: [REQ] contents=check-event | id=undefined
[2026-07-14 22:24:33] INFO: [POLLING] 종료 | 큐: 0건 | 번들맵: 4개
[2026-07-14 22:24:43] INFO: [POLLING] 시작 | 큐: 0건 | 처리중: 4건 | 번들: ID:55698(1건), ID:55700(1건), ID:55701(1건), ID:55704(1건)
[2026-07-14 22:24:43] INFO: [POLLING] 종료 | 큐: 0건 | 번들맵: 4개
[2026-07-14 22:24:53] INFO: [POLLING] 시작 | 큐: 0건 | 처리중: 4건 | 번들: ID:55698(1건), ID:55700(1건), ID:55701(1건), ID:55704(1건)
[2026-07-14 22:24:53] INFO: [POLLING] 종료 | 큐: 0건 | 번들맵: 4개
[2026-07-14 22:25:03] INFO: [POLLING] 시작 | 큐: 0건 | 처리중: 4건 | 번들: ID:55698(1건), ID:55700(1건), ID:55701(1건), ID:55704(1건)
[2026-07-14 22:25:03] INFO: [POLLING] 종료 | 큐: 0건 | 번들맵: 4개
[2026-07-14 22:25:13] INFO: [POLLING] 시작 | 큐: 0건 | 처리중: 4건 | 번들: ID:55698(1건), ID:55700(1건), ID:55701(1건), ID:55704(1건)
[2026-07-14 22:25:13] INFO: [POLLING] 종료 | 큐: 0건 | 번들맵: 4개
[2026-07-14 22:25:23] INFO: [POLLING] 시작 | 큐: 0건 | 처리중: 4건 | 번들: ID:55698(1건), ID:55700(1건), ID:55701(1건), ID:55704(1건)
[2026-07-14 22:25:23] INFO: [POLLING] 종료 | 큐: 0건 | 번들맵: 4개
[2026-07-14 22:25:33] INFO: [POLLING] 시작 | 큐: 0건 | 처리중: 4건 | 번들: ID:55698(1건), ID:55700(1건), ID:55701(1건), ID:55704(1건)
[2026-07-14 22:25:33] INFO: [POLLING] 종료 | 큐: 0건 | 번들맵: 4개
[2026-07-14 22:25:36] INFO: [REQ] contents=check-event | id=undefined
[2026-07-14 22:25:43] INFO: [POLLING] 시작 | 큐: 0건 | 처리중: 4건 | 번들: ID:55698(1건), ID:55700(1건), ID:55701(1건), ID:55704(1건)
[2026-07-14 22:25:43] INFO: [POLLING] 종료 | 큐: 0건 | 번들맵: 4개
[2026-07-14 22:25:53] INFO: [POLLING] 시작 | 큐: 0건 | 처리중: 4건 | 번들: ID:55698(1건), ID:55700(1건), ID:55701(1건), ID:55704(1건)
[2026-07-14 22:25:53] INFO: [POLLING] 종료 | 큐: 0건 | 번들맵: 4개
[2026-07-14 22:26:03] INFO: [POLLING] 시작 | 큐: 0건 | 처리중: 4건 | 번들: ID:55698(1건), ID:55700(1건), ID:55701(1건), ID:55704(1건)
[2026-07-14 22:26:03] INFO: [POLLING] 종료 | 큐: 0건 | 번들맵: 4개
[2026-07-14 22:26:13] INFO: [POLLING] 시작 | 큐: 0건 | 처리중: 4건 | 번들: ID:55698(1건), ID:55700(1건), ID:55701(1건), ID:55704(1건)
[2026-07-14 22:26:13] INFO: [POLLING] 종료 | 큐: 0건 | 번들맵: 4개
[2026-07-14 22:26:23] INFO: [POLLING] 시작 | 큐: 0건 | 처리중: 4건 | 번들: ID:55698(1건), ID:55700(1건), ID:55701(1건), ID:55704(1건)
[2026-07-14 22:26:23] INFO: [REQ] contents=check-event | id=undefined
[2026-07-14 22:26:23] INFO: [POLLING] 종료 | 큐: 0건 | 번들맵: 4개
[2026-07-14 22:26:33] INFO: [POLLING] 시작 | 큐: 0건 | 처리중: 4건 | 번들: ID:55698(1건), ID:55700(1건), ID:55701(1건), ID:55704(1건)
[2026-07-14 22:26:33] INFO: [POLLING] 종료 | 큐: 0건 | 번들맵: 4개
[2026-07-14 22:26:43] INFO: [POLLING] 시작 | 큐: 0건 | 처리중: 4건 | 번들: ID:55698(1건), ID:55700(1건), ID:55701(1건), ID:55704(1건)
[2026-07-14 22:26:43] INFO: [POLLING] 종료 | 큐: 0건 | 번들맵: 4개
[2026-07-14 22:26:53] INFO: [POLLING] 시작 | 큐: 0건 | 처리중: 4건 | 번들: ID:55698(1건), ID:55700(1건), ID:55701(1건), ID:55704(1건)
[2026-07-14 22:26:53] INFO: [POLLING] 종료 | 큐: 0건 | 번들맵: 4개
[2026-07-14 22:27:03] INFO: [POLLING] 시작 | 큐: 0건 | 처리중: 4건 | 번들: ID:55698(1건), ID:55700(1건), ID:55701(1건), ID:55704(1건)
[2026-07-14 22:27:03] INFO: [POLLING] 종료 | 큐: 0건 | 번들맵: 4개
[2026-07-14 22:27:13] INFO: [POLLING] 시작 | 큐: 0건 | 처리중: 4건 | 번들: ID:55698(1건), ID:55700(1건), ID:55701(1건), ID:55704(1건)
[2026-07-14 22:27:13] INFO: [POLLING] 종료 | 큐: 0건 | 번들맵: 4개
[2026-07-14 22:27:23] INFO: [POLLING] 시작 | 큐: 0건 | 처리중: 4건 | 번들: ID:55698(1건), ID:55700(1건), ID:55701(1건), ID:55704(1건)
[2026-07-14 22:27:23] INFO: [POLLING] 종료 | 큐: 0건 | 번들맵: 4개
[2026-07-14 22:27:26] INFO: [REQ] contents=check-event | id=undefined
[2026-07-14 22:27:33] INFO: [POLLING] 시작 | 큐: 0건 | 처리중: 4건 | 번들: ID:55698(1건), ID:55700(1건), ID:55701(1건), ID:55704(1건)
[2026-07-14 22:27:33] INFO: [POLLING] 종료 | 큐: 0건 | 번들맵: 4개
[2026-07-14 22:27:43] INFO: [POLLING] 시작 | 큐: 0건 | 처리중: 4건 | 번들: ID:55698(1건), ID:55700(1건), ID:55701(1건), ID:55704(1건)
[2026-07-14 22:27:43] INFO: [POLLING] 종료 | 큐: 0건 | 번들맵: 4개
[2026-07-14 22:27:53] INFO: [POLLING] 시작 | 큐: 0건 | 처리중: 4건 | 번들: ID:55698(1건), ID:55700(1건), ID:55701(1건), ID:55704(1건)
[2026-07-14 22:27:53] INFO: [POLLING] 종료 | 큐: 0건 | 번들맵: 4개
[2026-07-14 22:28:03] INFO: [POLLING] 시작 | 큐: 0건 | 처리중: 4건 | 번들: ID:55698(1건), ID:55700(1건), ID:55701(1건), ID:55704(1건)
[2026-07-14 22:28:03] INFO: [REQ] contents=check-event | id=undefined
[2026-07-14 22:28:03] INFO: [POLLING] 종료 | 큐: 0건 | 번들맵: 4개
[2026-07-14 22:28:13] INFO: [POLLING] 시작 | 큐: 0건 | 처리중: 4건 | 번들: ID:55698(1건), ID:55700(1건), ID:55701(1건), ID:55704(1건)
[2026-07-14 22:28:13] INFO: [POLLING] 종료 | 큐: 0건 | 번들맵: 4개
[2026-07-14 22:28:23] INFO: [POLLING] 시작 | 큐: 0건 | 처리중: 4건 | 번들: ID:55698(1건), ID:55700(1건), ID:55701(1건), ID:55704(1건)
[2026-07-14 22:28:23] INFO: [POLLING] 종료 | 큐: 0건 | 번들맵: 4개
[2026-07-14 22:28:33] INFO: [POLLING] 시작 | 큐: 0건 | 처리중: 4건 | 번들: ID:55698(1건), ID:55700(1건), ID:55701(1건), ID:55704(1건)
[2026-07-14 22:28:33] INFO: [POLLING] 종료 | 큐: 0건 | 번들맵: 4개
[2026-07-14 22:28:43] INFO: [POLLING] 시작 | 큐: 0건 | 처리중: 4건 | 번들: ID:55698(1건), ID:55700(1건), ID:55701(1건), ID:55704(1건)
[2026-07-14 22:28:43] INFO: [POLLING] 종료 | 큐: 0건 | 번들맵: 4개
[2026-07-14 22:28:53] INFO: [POLLING] 시작 | 큐: 0건 | 처리중: 4건 | 번들: ID:55698(1건), ID:55700(1건), ID:55701(1건), ID:55704(1건)
[2026-07-14 22:28:53] INFO: [POLLING] 종료 | 큐: 0건 | 번들맵: 4개
[2026-07-14 22:29:03] INFO: [POLLING] 시작 | 큐: 0건 | 처리중: 4건 | 번들: ID:55698(1건), ID:55700(1건), ID:55701(1건), ID:55704(1건)
[2026-07-14 22:29:03] INFO: [POLLING] 종료 | 큐: 0건 | 번들맵: 4개
[2026-07-14 22:29:06] INFO: [REQ] contents=check-event | id=undefined
[2026-07-14 22:29:13] INFO: [POLLING] 시작 | 큐: 0건 | 처리중: 4건 | 번들: ID:55698(1건), ID:55700(1건), ID:55701(1건), ID:55704(1건)
[2026-07-14 22:29:13] INFO: [POLLING] 종료 | 큐: 0건 | 번들맵: 4개
[2026-07-14 22:29:23] INFO: [POLLING] 시작 | 큐: 0건 | 처리중: 4건 | 번들: ID:55698(1건), ID:55700(1건), ID:55701(1건), ID:55704(1건)
[2026-07-14 22:29:23] INFO: [POLLING] 종료 | 큐: 0건 | 번들맵: 4개
[2026-07-14 22:29:33] INFO: [POLLING] 시작 | 큐: 0건 | 처리중: 4건 | 번들: ID:55698(1건), ID:55700(1건), ID:55701(1건), ID:55704(1건)
[2026-07-14 22:29:33] INFO: [REQ] contents=check-event | id=undefined
[2026-07-14 22:29:33] INFO: [POLLING] 종료 | 큐: 0건 | 번들맵: 4개
[2026-07-14 22:29:43] INFO: [POLLING] 시작 | 큐: 0건 | 처리중: 4건 | 번들: ID:55698(1건), ID:55700(1건), ID:55701(1건), ID:55704(1건)
[2026-07-14 22:29:43] INFO: [POLLING] 종료 | 큐: 0건 | 번들맵: 4개
[2026-07-14 22:29:53] INFO: [POLLING] 시작 | 큐: 0건 | 처리중: 4건 | 번들: ID:55698(1건), ID:55700(1건), ID:55701(1건), ID:55704(1건)
[2026-07-14 22:29:54] INFO: [POLLING] 종료 | 큐: 0건 | 번들맵: 4개
[2026-07-14 22:30:03] INFO: [POLLING] 시작 | 큐: 0건 | 처리중: 4건 | 번들: ID:55698(1건), ID:55700(1건), ID:55701(1건), ID:55704(1건)
[2026-07-14 22:30:04] INFO: [POLLING] 종료 | 큐: 0건 | 번들맵: 4개
[2026-07-14 22:30:13] INFO: [POLLING] 시작 | 큐: 0건 | 처리중: 4건 | 번들: ID:55698(1건), ID:55700(1건), ID:55701(1건), ID:55704(1건)
[2026-07-14 22:30:14] INFO: [POLLING] 종료 | 큐: 0건 | 번들맵: 4개
[2026-07-14 22:30:23] INFO: [POLLING] 시작 | 큐: 0건 | 처리중: 4건 | 번들: ID:55698(1건), ID:55700(1건), ID:55701(1건), ID:55704(1건)
[2026-07-14 22:30:24] INFO: [POLLING] 종료 | 큐: 0건 | 번들맵: 4개
[2026-07-14 22:30:33] INFO: [POLLING] 시작 | 큐: 0건 | 처리중: 4건 | 번들: ID:55698(1건), ID:55700(1건), ID:55701(1건), ID:55704(1건)
[2026-07-14 22:30:34] INFO: [POLLING] 종료 | 큐: 0건 | 번들맵: 4개
[2026-07-14 22:30:37] INFO: [REQ] contents=check-event | id=undefined
[2026-07-14 22:30:43] INFO: [POLLING] 시작 | 큐: 0건 | 처리중: 4건 | 번들: ID:55698(1건), ID:55700(1건), ID:55701(1건), ID:55704(1건)
[2026-07-14 22:30:44] INFO: [POLLING] 종료 | 큐: 0건 | 번들맵: 4개
[2026-07-14 22:30:53] INFO: [POLLING] 시작 | 큐: 0건 | 처리중: 4건 | 번들: ID:55698(1건), ID:55700(1건), ID:55701(1건), ID:55704(1건)
[2026-07-14 22:30:54] INFO: [POLLING] 종료 | 큐: 0건 | 번들맵: 4개
[2026-07-14 22:31:03] INFO: [POLLING] 시작 | 큐: 0건 | 처리중: 4건 | 번들: ID:55698(1건), ID:55700(1건), ID:55701(1건), ID:55704(1건)
[2026-07-14 22:31:04] INFO: [POLLING] 종료 | 큐: 0건 | 번들맵: 4개
[2026-07-14 22:31:13] INFO: [POLLING] 시작 | 큐: 0건 | 처리중: 4건 | 번들: ID:55698(1건), ID:55700(1건), ID:55701(1건), ID:55704(1건)
[2026-07-14 22:31:14] INFO: [POLLING] 종료 | 큐: 0건 | 번들맵: 4개
[2026-07-14 22:31:23] INFO: [POLLING] 시작 | 큐: 0건 | 처리중: 4건 | 번들: ID:55698(1건), ID:55700(1건), ID:55701(1건), ID:55704(1건)
[2026-07-14 22:31:23] INFO: [REQ] contents=check-event | id=undefined
[2026-07-14 22:31:24] INFO: [POLLING] 종료 | 큐: 0건 | 번들맵: 4개
[2026-07-14 22:31:33] INFO: [POLLING] 시작 | 큐: 0건 | 처리중: 4건 | 번들: ID:55698(1건), ID:55700(1건), ID:55701(1건), ID:55704(1건)
[2026-07-14 22:31:34] INFO: [POLLING] 종료 | 큐: 0건 | 번들맵: 4개
[2026-07-14 22:31:43] INFO: [POLLING] 시작 | 큐: 0건 | 처리중: 4건 | 번들: ID:55698(1건), ID:55700(1건), ID:55701(1건), ID:55704(1건)
[2026-07-14 22:31:44] INFO: [POLLING] 종료 | 큐: 0건 | 번들맵: 4개
[2026-07-14 22:31:53] INFO: [POLLING] 시작 | 큐: 0건 | 처리중: 4건 | 번들: ID:55698(1건), ID:55700(1건), ID:55701(1건), ID:55704(1건)
[2026-07-14 22:31:54] INFO: [POLLING] 종료 | 큐: 0건 | 번들맵: 4개
[2026-07-14 22:32:03] INFO: [POLLING] 시작 | 큐: 0건 | 처리중: 4건 | 번들: ID:55698(1건), ID:55700(1건), ID:55701(1건), ID:55704(1건)
[2026-07-14 22:32:04] INFO: [POLLING] 종료 | 큐: 0건 | 번들맵: 4개
[2026-07-14 22:32:13] INFO: [POLLING] 시작 | 큐: 0건 | 처리중: 4건 | 번들: ID:55698(1건), ID:55700(1건), ID:55701(1건), ID:55704(1건)
[2026-07-14 22:32:14] INFO: [POLLING] 종료 | 큐: 0건 | 번들맵: 4개
[2026-07-14 22:32:23] INFO: [POLLING] 시작 | 큐: 0건 | 처리중: 4건 | 번들: ID:55698(1건), ID:55700(1건), ID:55701(1건), ID:55704(1건)
[2026-07-14 22:32:24] INFO: [POLLING] 종료 | 큐: 0건 | 번들맵: 4개
[2026-07-14 22:32:27] INFO: [REQ] contents=check-event | id=undefined
[2026-07-14 22:32:33] INFO: [POLLING] 시작 | 큐: 0건 | 처리중: 4건 | 번들: ID:55698(1건), ID:55700(1건), ID:55701(1건), ID:55704(1건)
[2026-07-14 22:32:34] INFO: [POLLING] 종료 | 큐: 0건 | 번들맵: 4개
[2026-07-14 22:32:43] INFO: [POLLING] 시작 | 큐: 0건 | 처리중: 4건 | 번들: ID:55698(1건), ID:55700(1건), ID:55701(1건), ID:55704(1건)
[2026-07-14 22:32:44] INFO: [POLLING] 종료 | 큐: 0건 | 번들맵: 4개
[2026-07-14 22:32:53] INFO: [POLLING] 시작 | 큐: 0건 | 처리중: 4건 | 번들: ID:55698(1건), ID:55700(1건), ID:55701(1건), ID:55704(1건)
[2026-07-14 22:32:54] INFO: [POLLING] 종료 | 큐: 0건 | 번들맵: 4개
[2026-07-14 22:33:03] INFO: [POLLING] 시작 | 큐: 0건 | 처리중: 4건 | 번들: ID:55698(1건), ID:55700(1건), ID:55701(1건), ID:55704(1건)
[2026-07-14 22:33:04] INFO: [REQ] contents=check-event | id=undefined
[2026-07-14 22:33:04] INFO: [POLLING] 종료 | 큐: 0건 | 번들맵: 4개
[2026-07-14 22:33:13] INFO: [POLLING] 시작 | 큐: 0건 | 처리중: 4건 | 번들: ID:55698(1건), ID:55700(1건), ID:55701(1건), ID:55704(1건)
[2026-07-14 22:33:14] INFO: [POLLING] 종료 | 큐: 0건 | 번들맵: 4개
[2026-07-14 22:33:23] INFO: [POLLING] 시작 | 큐: 0건 | 처리중: 4건 | 번들: ID:55698(1건), ID:55700(1건), ID:55701(1건), ID:55704(1건)
[2026-07-14 22:33:24] INFO: [POLLING] 종료 | 큐: 0건 | 번들맵: 4개
[2026-07-14 22:33:33] INFO: [POLLING] 시작 | 큐: 0건 | 처리중: 4건 | 번들: ID:55698(1건), ID:55700(1건), ID:55701(1건), ID:55704(1건)
[2026-07-14 22:33:34] INFO: [POLLING] 종료 | 큐: 0건 | 번들맵: 4개
[2026-07-14 22:33:43] INFO: [POLLING] 시작 | 큐: 0건 | 처리중: 4건 | 번들: ID:55698(1건), ID:55700(1건), ID:55701(1건), ID:55704(1건)
[2026-07-14 22:33:44] INFO: [POLLING] 종료 | 큐: 0건 | 번들맵: 4개
[2026-07-14 22:33:53] INFO: [POLLING] 시작 | 큐: 0건 | 처리중: 4건 | 번들: ID:55698(1건), ID:55700(1건), ID:55701(1건), ID:55704(1건)
[2026-07-14 22:33:54] INFO: [POLLING] 종료 | 큐: 0건 | 번들맵: 4개
[2026-07-14 22:34:03] INFO: [POLLING] 시작 | 큐: 0건 | 처리중: 4건 | 번들: ID:55698(1건), ID:55700(1건), ID:55701(1건), ID:55704(1건)
[2026-07-14 22:34:04] INFO: [POLLING] 종료 | 큐: 0건 | 번들맵: 4개
[2026-07-14 22:34:07] INFO: [REQ] contents=check-event | id=undefined
[2026-07-14 22:34:13] INFO: [POLLING] 시작 | 큐: 0건 | 처리중: 4건 | 번들: ID:55698(1건), ID:55700(1건), ID:55701(1건), ID:55704(1건)
[2026-07-14 22:34:14] INFO: [POLLING] 종료 | 큐: 0건 | 번들맵: 4개
[2026-07-14 22:34:23] INFO: [POLLING] 시작 | 큐: 0건 | 처리중: 4건 | 번들: ID:55698(1건), ID:55700(1건), ID:55701(1건), ID:55704(1건)
[2026-07-14 22:34:24] INFO: [POLLING] 종료 | 큐: 0건 | 번들맵: 4개
[2026-07-14 22:34:33] INFO: [POLLING] 시작 | 큐: 0건 | 처리중: 4건 | 번들: ID:55698(1건), ID:55700(1건), ID:55701(1건), ID:55704(1건)
[2026-07-14 22:34:34] INFO: [REQ] contents=check-event | id=undefined
[2026-07-14 22:34:34] INFO: [POLLING] 종료 | 큐: 0건 | 번들맵: 4개
[2026-07-14 22:34:43] INFO: [POLLING] 시작 | 큐: 0건 | 처리중: 4건 | 번들: ID:55698(1건), ID:55700(1건), ID:55701(1건), ID:55704(1건)
[2026-07-14 22:34:44] INFO: [POLLING] 종료 | 큐: 0건 | 번들맵: 4개
[2026-07-14 22:34:53] INFO: [POLLING] 시작 | 큐: 0건 | 처리중: 4건 | 번들: ID:55698(1건), ID:55700(1건), ID:55701(1건), ID:55704(1건)
[2026-07-14 22:34:54] INFO: [POLLING] 종료 | 큐: 0건 | 번들맵: 4개
[2026-07-14 22:35:03] INFO: [POLLING] 시작 | 큐: 0건 | 처리중: 4건 | 번들: ID:55698(1건), ID:55700(1건), ID:55701(1건), ID:55704(1건)
[2026-07-14 22:35:04] INFO: [POLLING] 종료 | 큐: 0건 | 번들맵: 4개
[2026-07-14 22:35:13] INFO: [POLLING] 시작 | 큐: 0건 | 처리중: 4건 | 번들: ID:55698(1건), ID:55700(1건), ID:55701(1건), ID:55704(1건)
[2026-07-14 22:35:14] INFO: [POLLING] 종료 | 큐: 0건 | 번들맵: 4개
[2026-07-14 22:35:23] INFO: [POLLING] 시작 | 큐: 0건 | 처리중: 4건 | 번들: ID:55698(1건), ID:55700(1건), ID:55701(1건), ID:55704(1건)
[2026-07-14 22:35:24] INFO: [POLLING] 종료 | 큐: 0건 | 번들맵: 4개
[2026-07-14 22:35:33] INFO: [POLLING] 시작 | 큐: 0건 | 처리중: 4건 | 번들: ID:55698(1건), ID:55700(1건), ID:55701(1건), ID:55704(1건)
[2026-07-14 22:35:34] INFO: [POLLING] 종료 | 큐: 0건 | 번들맵: 4개
[2026-07-14 22:35:37] INFO: [REQ] contents=check-event | id=undefined
[2026-07-14 22:35:43] INFO: [POLLING] 시작 | 큐: 0건 | 처리중: 4건 | 번들: ID:55698(1건), ID:55700(1건), ID:55701(1건), ID:55704(1건)
[2026-07-14 22:35:44] INFO: [POLLING] 종료 | 큐: 0건 | 번들맵: 4개
[2026-07-14 22:35:53] INFO: [POLLING] 시작 | 큐: 0건 | 처리중: 4건 | 번들: ID:55698(1건), ID:55700(1건), ID:55701(1건), ID:55704(1건)
[2026-07-14 22:35:54] INFO: [POLLING] 종료 | 큐: 0건 | 번들맵: 4개
[2026-07-14 22:36:03] INFO: [POLLING] 시작 | 큐: 0건 | 처리중: 4건 | 번들: ID:55698(1건), ID:55700(1건), ID:55701(1건), ID:55704(1건)
[2026-07-14 22:36:04] INFO: [POLLING] 종료 | 큐: 0건 | 번들맵: 4개
[2026-07-14 22:36:13] INFO: [POLLING] 시작 | 큐: 0건 | 처리중: 4건 | 번들: ID:55698(1건), ID:55700(1건), ID:55701(1건), ID:55704(1건)
[2026-07-14 22:36:14] INFO: [POLLING] 종료 | 큐: 0건 | 번들맵: 4개
[2026-07-14 22:36:23] INFO: [POLLING] 시작 | 큐: 0건 | 처리중: 4건 | 번들: ID:55698(1건), ID:55700(1건), ID:55701(1건), ID:55704(1건)
[2026-07-14 22:36:24] INFO: [POLLING] 종료 | 큐: 0건 | 번들맵: 4개
[2026-07-14 22:36:24] INFO: [REQ] contents=check-event | id=undefined
[2026-07-14 22:36:33] INFO: [POLLING] 시작 | 큐: 0건 | 처리중: 4건 | 번들: ID:55698(1건), ID:55700(1건), ID:55701(1건), ID:55704(1건)
[2026-07-14 22:36:34] INFO: [POLLING] 종료 | 큐: 0건 | 번들맵: 4개
[2026-07-14 22:36:43] INFO: [POLLING] 시작 | 큐: 0건 | 처리중: 4건 | 번들: ID:55698(1건), ID:55700(1건), ID:55701(1건), ID:55704(1건)
[2026-07-14 22:36:44] INFO: [POLLING] 종료 | 큐: 0건 | 번들맵: 4개
[2026-07-14 22:36:53] INFO: [POLLING] 시작 | 큐: 0건 | 처리중: 4건 | 번들: ID:55698(1건), ID:55700(1건), ID:55701(1건), ID:55704(1건)
[2026-07-14 22:36:54] INFO: [POLLING] 종료 | 큐: 0건 | 번들맵: 4개
[2026-07-14 22:37:03] INFO: [POLLING] 시작 | 큐: 0건 | 처리중: 4건 | 번들: ID:55698(1건), ID:55700(1건), ID:55701(1건), ID:55704(1건)
[2026-07-14 22:37:04] INFO: [POLLING] 종료 | 큐: 0건 | 번들맵: 4개
[2026-07-14 22:37:13] INFO: [POLLING] 시작 | 큐: 0건 | 처리중: 4건 | 번들: ID:55698(1건), ID:55700(1건), ID:55701(1건), ID:55704(1건)
[2026-07-14 22:37:14] INFO: [POLLING] 종료 | 큐: 0건 | 번들맵: 4개
[2026-07-14 22:37:23] INFO: [POLLING] 시작 | 큐: 0건 | 처리중: 4건 | 번들: ID:55698(1건), ID:55700(1건), ID:55701(1건), ID:55704(1건)
[2026-07-14 22:37:24] INFO: [POLLING] 종료 | 큐: 0건 | 번들맵: 4개
[2026-07-14 22:37:27] INFO: [REQ] contents=check-event | id=undefined
[2026-07-14 22:37:33] INFO: [POLLING] 시작 | 큐: 0건 | 처리중: 4건 | 번들: ID:55698(1건), ID:55700(1건), ID:55701(1건), ID:55704(1건)
[2026-07-14 22:37:34] INFO: [POLLING] 종료 | 큐: 0건 | 번들맵: 4개
[2026-07-14 22:37:43] INFO: [POLLING] 시작 | 큐: 0건 | 처리중: 4건 | 번들: ID:55698(1건), ID:55700(1건), ID:55701(1건), ID:55704(1건)
[2026-07-14 22:37:44] INFO: [POLLING] 종료 | 큐: 0건 | 번들맵: 4개
[2026-07-14 22:37:53] INFO: [POLLING] 시작 | 큐: 0건 | 처리중: 4건 | 번들: ID:55698(1건), ID:55700(1건), ID:55701(1건), ID:55704(1건)
[2026-07-14 22:37:54] INFO: [POLLING] 종료 | 큐: 0건 | 번들맵: 4개
[2026-07-14 22:38:03] INFO: [POLLING] 시작 | 큐: 0건 | 처리중: 4건 | 번들: ID:55698(1건), ID:55700(1건), ID:55701(1건), ID:55704(1건)
[2026-07-14 22:38:04] INFO: [POLLING] 종료 | 큐: 0건 | 번들맵: 4개
[2026-07-14 22:38:04] INFO: [REQ] contents=check-event | id=undefined
[2026-07-14 22:38:13] INFO: [POLLING] 시작 | 큐: 0건 | 처리중: 4건 | 번들: ID:55698(1건), ID:55700(1건), ID:55701(1건), ID:55704(1건)
[2026-07-14 22:38:14] INFO: [POLLING] 종료 | 큐: 0건 | 번들맵: 4개
[2026-07-14 22:38:23] INFO: [POLLING] 시작 | 큐: 0건 | 처리중: 4건 | 번들: ID:55698(1건), ID:55700(1건), ID:55701(1건), ID:55704(1건)
[2026-07-14 22:38:24] INFO: [POLLING] 종료 | 큐: 0건 | 번들맵: 4개
[2026-07-14 22:38:33] INFO: [POLLING] 시작 | 큐: 0건 | 처리중: 4건 | 번들: ID:55698(1건), ID:55700(1건), ID:55701(1건), ID:55704(1건)
[2026-07-14 22:38:34] INFO: [POLLING] 종료 | 큐: 0건 | 번들맵: 4개
[2026-07-14 22:38:43] INFO: [POLLING] 시작 | 큐: 0건 | 처리중: 4건 | 번들: ID:55698(1건), ID:55700(1건), ID:55701(1건), ID:55704(1건)
[2026-07-14 22:38:44] INFO: [POLLING] 종료 | 큐: 0건 | 번들맵: 4개
[2026-07-14 22:38:53] INFO: [POLLING] 시작 | 큐: 0건 | 처리중: 4건 | 번들: ID:55698(1건), ID:55700(1건), ID:55701(1건), ID:55704(1건)
[2026-07-14 22:38:54] INFO: [POLLING] 종료 | 큐: 0건 | 번들맵: 4개
[2026-07-14 22:39:03] INFO: [POLLING] 시작 | 큐: 0건 | 처리중: 4건 | 번들: ID:55698(1건), ID:55700(1건), ID:55701(1건), ID:55704(1건)
[2026-07-14 22:39:04] INFO: [POLLING] 종료 | 큐: 0건 | 번들맵: 4개
[2026-07-14 22:39:07] INFO: [REQ] contents=check-event | id=undefined
[2026-07-14 22:39:13] INFO: [POLLING] 시작 | 큐: 0건 | 처리중: 4건 | 번들: ID:55698(1건), ID:55700(1건), ID:55701(1건), ID:55704(1건)
[2026-07-14 22:39:14] INFO: [POLLING] 종료 | 큐: 0건 | 번들맵: 4개
[2026-07-14 22:39:23] INFO: [POLLING] 시작 | 큐: 0건 | 처리중: 4건 | 번들: ID:55698(1건), ID:55700(1건), ID:55701(1건), ID:55704(1건)
[2026-07-14 22:39:24] INFO: [POLLING] 종료 | 큐: 0건 | 번들맵: 4개
[2026-07-14 22:39:33] INFO: [POLLING] 시작 | 큐: 0건 | 처리중: 4건 | 번들: ID:55698(1건), ID:55700(1건), ID:55701(1건), ID:55704(1건)
[2026-07-14 22:39:34] INFO: [POLLING] 종료 | 큐: 0건 | 번들맵: 4개
[2026-07-14 22:39:34] INFO: [REQ] contents=check-event | id=undefined
[2026-07-14 22:39:43] INFO: [POLLING] 시작 | 큐: 0건 | 처리중: 4건 | 번들: ID:55698(1건), ID:55700(1건), ID:55701(1건), ID:55704(1건)
[2026-07-14 22:39:44] INFO: [POLLING] 종료 | 큐: 0건 | 번들맵: 4개
[2026-07-14 22:39:53] INFO: [POLLING] 시작 | 큐: 0건 | 처리중: 4건 | 번들: ID:55698(1건), ID:55700(1건), ID:55701(1건), ID:55704(1건)
[2026-07-14 22:39:54] INFO: [POLLING] 종료 | 큐: 0건 | 번들맵: 4개
[2026-07-14 22:40:03] INFO: [POLLING] 시작 | 큐: 0건 | 처리중: 4건 | 번들: ID:55698(1건), ID:55700(1건), ID:55701(1건), ID:55704(1건)
[2026-07-14 22:40:04] INFO: [POLLING] 종료 | 큐: 0건 | 번들맵: 4개
[2026-07-14 22:40:14] INFO: [POLLING] 시작 | 큐: 0건 | 처리중: 4건 | 번들: ID:55698(1건), ID:55700(1건), ID:55701(1건), ID:55704(1건)
[2026-07-14 22:40:14] INFO: [POLLING] 종료 | 큐: 0건 | 번들맵: 4개
[2026-07-14 22:40:24] INFO: [POLLING] 시작 | 큐: 0건 | 처리중: 4건 | 번들: ID:55698(1건), ID:55700(1건), ID:55701(1건), ID:55704(1건)
[2026-07-14 22:40:24] INFO: [POLLING] 종료 | 큐: 0건 | 번들맵: 4개
[2026-07-14 22:40:34] INFO: [POLLING] 시작 | 큐: 0건 | 처리중: 4건 | 번들: ID:55698(1건), ID:55700(1건), ID:55701(1건), ID:55704(1건)
[2026-07-14 22:40:34] INFO: [POLLING] 종료 | 큐: 0건 | 번들맵: 4개
[2026-07-14 22:40:38] INFO: [REQ] contents=check-event | id=undefined
[2026-07-14 22:40:44] INFO: [POLLING] 시작 | 큐: 0건 | 처리중: 4건 | 번들: ID:55698(1건), ID:55700(1건), ID:55701(1건), ID:55704(1건)
[2026-07-14 22:40:44] INFO: [POLLING] 종료 | 큐: 0건 | 번들맵: 4개
[2026-07-14 22:40:54] INFO: [POLLING] 시작 | 큐: 0건 | 처리중: 4건 | 번들: ID:55698(1건), ID:55700(1건), ID:55701(1건), ID:55704(1건)
[2026-07-14 22:40:54] INFO: [POLLING] 종료 | 큐: 0건 | 번들맵: 4개
[2026-07-14 22:41:04] INFO: [POLLING] 시작 | 큐: 0건 | 처리중: 4건 | 번들: ID:55698(1건), ID:55700(1건), ID:55701(1건), ID:55704(1건)
[2026-07-14 22:41:04] INFO: [POLLING] 종료 | 큐: 0건 | 번들맵: 4개
[2026-07-14 22:41:14] INFO: [POLLING] 시작 | 큐: 0건 | 처리중: 4건 | 번들: ID:55698(1건), ID:55700(1건), ID:55701(1건), ID:55704(1건)
[2026-07-14 22:41:14] INFO: [POLLING] 종료 | 큐: 0건 | 번들맵: 4개
[2026-07-14 22:41:24] INFO: [POLLING] 시작 | 큐: 0건 | 처리중: 4건 | 번들: ID:55698(1건), ID:55700(1건), ID:55701(1건), ID:55704(1건)
[2026-07-14 22:41:24] INFO: [POLLING] 종료 | 큐: 0건 | 번들맵: 4개
[2026-07-14 22:41:24] INFO: [REQ] contents=check-event | id=undefined
[2026-07-14 22:41:34] INFO: [POLLING] 시작 | 큐: 0건 | 처리중: 4건 | 번들: ID:55698(1건), ID:55700(1건), ID:55701(1건), ID:55704(1건)
[2026-07-14 22:41:34] INFO: [POLLING] 종료 | 큐: 0건 | 번들맵: 4개
[2026-07-14 22:41:44] INFO: [POLLING] 시작 | 큐: 0건 | 처리중: 4건 | 번들: ID:55698(1건), ID:55700(1건), ID:55701(1건), ID:55704(1건)
[2026-07-14 22:41:44] INFO: [POLLING] 종료 | 큐: 0건 | 번들맵: 4개
[2026-07-14 22:41:54] INFO: [POLLING] 시작 | 큐: 0건 | 처리중: 4건 | 번들: ID:55698(1건), ID:55700(1건), ID:55701(1건), ID:55704(1건)
[2026-07-14 22:41:54] INFO: [POLLING] 종료 | 큐: 0건 | 번들맵: 4개
[2026-07-14 22:42:04] INFO: [POLLING] 시작 | 큐: 0건 | 처리중: 4건 | 번들: ID:55698(1건), ID:55700(1건), ID:55701(1건), ID:55704(1건)
[2026-07-14 22:42:04] INFO: [POLLING] 종료 | 큐: 0건 | 번들맵: 4개
[2026-07-14 22:42:14] INFO: [POLLING] 시작 | 큐: 0건 | 처리중: 4건 | 번들: ID:55698(1건), ID:55700(1건), ID:55701(1건), ID:55704(1건)
[2026-07-14 22:42:14] INFO: [POLLING] 종료 | 큐: 0건 | 번들맵: 4개
[2026-07-14 22:42:24] INFO: [POLLING] 시작 | 큐: 0건 | 처리중: 4건 | 번들: ID:55698(1건), ID:55700(1건), ID:55701(1건), ID:55704(1건)
[2026-07-14 22:42:24] INFO: [POLLING] 종료 | 큐: 0건 | 번들맵: 4개
[2026-07-14 22:42:28] INFO: [REQ] contents=check-event | id=undefined
[2026-07-14 22:42:34] INFO: [POLLING] 시작 | 큐: 0건 | 처리중: 4건 | 번들: ID:55698(1건), ID:55700(1건), ID:55701(1건), ID:55704(1건)
[2026-07-14 22:42:34] INFO: [POLLING] 종료 | 큐: 0건 | 번들맵: 4개
[2026-07-14 22:42:44] INFO: [POLLING] 시작 | 큐: 0건 | 처리중: 4건 | 번들: ID:55698(1건), ID:55700(1건), ID:55701(1건), ID:55704(1건)
[2026-07-14 22:42:44] INFO: [POLLING] 종료 | 큐: 0건 | 번들맵: 4개
[2026-07-14 22:42:54] INFO: [POLLING] 시작 | 큐: 0건 | 처리중: 4건 | 번들: ID:55698(1건), ID:55700(1건), ID:55701(1건), ID:55704(1건)
[2026-07-14 22:42:54] INFO: [POLLING] 종료 | 큐: 0건 | 번들맵: 4개
[2026-07-14 22:43:04] INFO: [POLLING] 시작 | 큐: 0건 | 처리중: 4건 | 번들: ID:55698(1건), ID:55700(1건), ID:55701(1건), ID:55704(1건)
[2026-07-14 22:43:04] INFO: [POLLING] 종료 | 큐: 0건 | 번들맵: 4개
[2026-07-14 22:43:05] INFO: [REQ] contents=check-event | id=undefined
[2026-07-14 22:43:14] INFO: [POLLING] 시작 | 큐: 0건 | 처리중: 4건 | 번들: ID:55698(1건), ID:55700(1건), ID:55701(1건), ID:55704(1건)
[2026-07-14 22:43:14] INFO: [POLLING] 종료 | 큐: 0건 | 번들맵: 4개
[2026-07-14 22:43:24] INFO: [POLLING] 시작 | 큐: 0건 | 처리중: 4건 | 번들: ID:55698(1건), ID:55700(1건), ID:55701(1건), ID:55704(1건)
[2026-07-14 22:43:24] INFO: [POLLING] 종료 | 큐: 0건 | 번들맵: 4개
[2026-07-14 22:43:34] INFO: [POLLING] 시작 | 큐: 0건 | 처리중: 4건 | 번들: ID:55698(1건), ID:55700(1건), ID:55701(1건), ID:55704(1건)
[2026-07-14 22:43:34] INFO: [POLLING] 종료 | 큐: 0건 | 번들맵: 4개
[2026-07-14 22:43:44] INFO: [POLLING] 시작 | 큐: 0건 | 처리중: 4건 | 번들: ID:55698(1건), ID:55700(1건), ID:55701(1건), ID:55704(1건)
[2026-07-14 22:43:44] INFO: [POLLING] 종료 | 큐: 0건 | 번들맵: 4개
[2026-07-14 22:43:54] INFO: [POLLING] 시작 | 큐: 0건 | 처리중: 4건 | 번들: ID:55698(1건), ID:55700(1건), ID:55701(1건), ID:55704(1건)
[2026-07-14 22:43:54] INFO: [POLLING] 종료 | 큐: 0건 | 번들맵: 4개
[2026-07-14 22:44:04] INFO: [POLLING] 시작 | 큐: 0건 | 처리중: 4건 | 번들: ID:55698(1건), ID:55700(1건), ID:55701(1건), ID:55704(1건)
[2026-07-14 22:44:04] INFO: [POLLING] 종료 | 큐: 0건 | 번들맵: 4개
[2026-07-14 22:44:08] INFO: [REQ] contents=check-event | id=undefined
[2026-07-14 22:44:14] INFO: [POLLING] 시작 | 큐: 0건 | 처리중: 4건 | 번들: ID:55698(1건), ID:55700(1건), ID:55701(1건), ID:55704(1건)
[2026-07-14 22:44:14] INFO: [POLLING] 종료 | 큐: 0건 | 번들맵: 4개
[2026-07-14 22:44:24] INFO: [POLLING] 시작 | 큐: 0건 | 처리중: 4건 | 번들: ID:55698(1건), ID:55700(1건), ID:55701(1건), ID:55704(1건)
[2026-07-14 22:44:24] INFO: [POLLING] 종료 | 큐: 0건 | 번들맵: 4개
[2026-07-14 22:44:34] INFO: [POLLING] 시작 | 큐: 0건 | 처리중: 4건 | 번들: ID:55698(1건), ID:55700(1건), ID:55701(1건), ID:55704(1건)
[2026-07-14 22:44:34] INFO: [POLLING] 종료 | 큐: 0건 | 번들맵: 4개
[2026-07-14 22:44:35] INFO: [REQ] contents=check-event | id=undefined
[2026-07-14 22:44:44] INFO: [POLLING] 시작 | 큐: 0건 | 처리중: 4건 | 번들: ID:55698(1건), ID:55700(1건), ID:55701(1건), ID:55704(1건)
[2026-07-14 22:44:44] INFO: [POLLING] 종료 | 큐: 0건 | 번들맵: 4개
[2026-07-14 22:44:54] INFO: [POLLING] 시작 | 큐: 0건 | 처리중: 4건 | 번들: ID:55698(1건), ID:55700(1건), ID:55701(1건), ID:55704(1건)
[2026-07-14 22:44:54] INFO: [POLLING] 종료 | 큐: 0건 | 번들맵: 4개
[2026-07-14 22:45:04] INFO: [POLLING] 시작 | 큐: 0건 | 처리중: 4건 | 번들: ID:55698(1건), ID:55700(1건), ID:55701(1건), ID:55704(1건)
[2026-07-14 22:45:04] INFO: [POLLING] 종료 | 큐: 0건 | 번들맵: 4개
[2026-07-14 22:45:14] INFO: [POLLING] 시작 | 큐: 0건 | 처리중: 4건 | 번들: ID:55698(1건), ID:55700(1건), ID:55701(1건), ID:55704(1건)
[2026-07-14 22:45:14] INFO: [POLLING] 종료 | 큐: 0건 | 번들맵: 4개
[2026-07-14 22:45:24] INFO: [POLLING] 시작 | 큐: 0건 | 처리중: 4건 | 번들: ID:55698(1건), ID:55700(1건), ID:55701(1건), ID:55704(1건)
[2026-07-14 22:45:24] INFO: [POLLING] 종료 | 큐: 0건 | 번들맵: 4개
[2026-07-14 22:45:34] INFO: [POLLING] 시작 | 큐: 0건 | 처리중: 4건 | 번들: ID:55698(1건), ID:55700(1건), ID:55701(1건), ID:55704(1건)
[2026-07-14 22:45:34] INFO: [POLLING] 종료 | 큐: 0건 | 번들맵: 4개
[2026-07-14 22:45:38] INFO: [REQ] contents=check-event | id=undefined
[2026-07-14 22:45:44] INFO: [POLLING] 시작 | 큐: 0건 | 처리중: 4건 | 번들: ID:55698(1건), ID:55700(1건), ID:55701(1건), ID:55704(1건)
[2026-07-14 22:45:44] INFO: [POLLING] 종료 | 큐: 0건 | 번들맵: 4개
[2026-07-14 22:45:54] INFO: [POLLING] 시작 | 큐: 0건 | 처리중: 4건 | 번들: ID:55698(1건), ID:55700(1건), ID:55701(1건), ID:55704(1건)
[2026-07-14 22:45:54] INFO: [POLLING] 종료 | 큐: 0건 | 번들맵: 4개
[2026-07-14 22:46:04] INFO: [POLLING] 시작 | 큐: 0건 | 처리중: 4건 | 번들: ID:55698(1건), ID:55700(1건), ID:55701(1건), ID:55704(1건)
[2026-07-14 22:46:04] INFO: [POLLING] 종료 | 큐: 0건 | 번들맵: 4개
[2026-07-14 22:46:14] INFO: [POLLING] 시작 | 큐: 0건 | 처리중: 4건 | 번들: ID:55698(1건), ID:55700(1건), ID:55701(1건), ID:55704(1건)
[2026-07-14 22:46:14] INFO: [POLLING] 종료 | 큐: 0건 | 번들맵: 4개
[2026-07-14 22:46:24] INFO: [POLLING] 시작 | 큐: 0건 | 처리중: 4건 | 번들: ID:55698(1건), ID:55700(1건), ID:55701(1건), ID:55704(1건)
[2026-07-14 22:46:24] INFO: [POLLING] 종료 | 큐: 0건 | 번들맵: 4개
[2026-07-14 22:46:25] INFO: [REQ] contents=check-event | id=undefined
[2026-07-14 22:46:34] INFO: [POLLING] 시작 | 큐: 0건 | 처리중: 4건 | 번들: ID:55698(1건), ID:55700(1건), ID:55701(1건), ID:55704(1건)
[2026-07-14 22:46:34] INFO: [POLLING] 종료 | 큐: 0건 | 번들맵: 4개
[2026-07-14 22:46:44] INFO: [POLLING] 시작 | 큐: 0건 | 처리중: 4건 | 번들: ID:55698(1건), ID:55700(1건), ID:55701(1건), ID:55704(1건)
[2026-07-14 22:46:44] INFO: [POLLING] 종료 | 큐: 0건 | 번들맵: 4개
[2026-07-14 22:46:54] INFO: [POLLING] 시작 | 큐: 0건 | 처리중: 4건 | 번들: ID:55698(1건), ID:55700(1건), ID:55701(1건), ID:55704(1건)
[2026-07-14 22:46:54] INFO: [POLLING] 종료 | 큐: 0건 | 번들맵: 4개
[2026-07-14 22:47:04] INFO: [POLLING] 시작 | 큐: 0건 | 처리중: 4건 | 번들: ID:55698(1건), ID:55700(1건), ID:55701(1건), ID:55704(1건)
[2026-07-14 22:47:04] INFO: [POLLING] 종료 | 큐: 0건 | 번들맵: 4개
[2026-07-14 22:47:14] INFO: [POLLING] 시작 | 큐: 0건 | 처리중: 4건 | 번들: ID:55698(1건), ID:55700(1건), ID:55701(1건), ID:55704(1건)
[2026-07-14 22:47:14] INFO: [POLLING] 종료 | 큐: 0건 | 번들맵: 4개
[2026-07-14 22:47:24] INFO: [POLLING] 시작 | 큐: 0건 | 처리중: 4건 | 번들: ID:55698(1건), ID:55700(1건), ID:55701(1건), ID:55704(1건)
[2026-07-14 22:47:24] INFO: [POLLING] 종료 | 큐: 0건 | 번들맵: 4개
[2026-07-14 22:47:28] INFO: [REQ] contents=check-event | id=undefined
[2026-07-14 22:47:34] INFO: [POLLING] 시작 | 큐: 0건 | 처리중: 4건 | 번들: ID:55698(1건), ID:55700(1건), ID:55701(1건), ID:55704(1건)
[2026-07-14 22:47:34] INFO: [POLLING] 종료 | 큐: 0건 | 번들맵: 4개
[2026-07-14 22:47:44] INFO: [POLLING] 시작 | 큐: 0건 | 처리중: 4건 | 번들: ID:55698(1건), ID:55700(1건), ID:55701(1건), ID:55704(1건)
[2026-07-14 22:47:44] INFO: [POLLING] 종료 | 큐: 0건 | 번들맵: 4개
[2026-07-14 22:47:54] INFO: [POLLING] 시작 | 큐: 0건 | 처리중: 4건 | 번들: ID:55698(1건), ID:55700(1건), ID:55701(1건), ID:55704(1건)
[2026-07-14 22:47:54] INFO: [POLLING] 종료 | 큐: 0건 | 번들맵: 4개
[2026-07-14 22:48:04] INFO: [POLLING] 시작 | 큐: 0건 | 처리중: 4건 | 번들: ID:55698(1건), ID:55700(1건), ID:55701(1건), ID:55704(1건)
[2026-07-14 22:48:04] INFO: [POLLING] 종료 | 큐: 0건 | 번들맵: 4개
[2026-07-14 22:48:05] INFO: [REQ] contents=check-event | id=undefined
[2026-07-14 22:48:14] INFO: [POLLING] 시작 | 큐: 0건 | 처리중: 4건 | 번들: ID:55698(1건), ID:55700(1건), ID:55701(1건), ID:55704(1건)
[2026-07-14 22:48:14] INFO: [POLLING] 종료 | 큐: 0건 | 번들맵: 4개
[2026-07-14 22:48:24] INFO: [POLLING] 시작 | 큐: 0건 | 처리중: 4건 | 번들: ID:55698(1건), ID:55700(1건), ID:55701(1건), ID:55704(1건)
[2026-07-14 22:48:24] INFO: [POLLING] 종료 | 큐: 0건 | 번들맵: 4개
[2026-07-14 22:48:34] INFO: [POLLING] 시작 | 큐: 0건 | 처리중: 4건 | 번들: ID:55698(1건), ID:55700(1건), ID:55701(1건), ID:55704(1건)
[2026-07-14 22:48:34] INFO: [POLLING] 종료 | 큐: 0건 | 번들맵: 4개
[2026-07-14 22:48:44] INFO: [POLLING] 시작 | 큐: 0건 | 처리중: 4건 | 번들: ID:55698(1건), ID:55700(1건), ID:55701(1건), ID:55704(1건)
[2026-07-14 22:48:44] INFO: [POLLING] 종료 | 큐: 0건 | 번들맵: 4개
[2026-07-14 22:48:54] INFO: [POLLING] 시작 | 큐: 0건 | 처리중: 4건 | 번들: ID:55698(1건), ID:55700(1건), ID:55701(1건), ID:55704(1건)
[2026-07-14 22:48:55] INFO: [POLLING] 종료 | 큐: 0건 | 번들맵: 4개
[2026-07-14 22:49:04] INFO: [POLLING] 시작 | 큐: 0건 | 처리중: 4건 | 번들: ID:55698(1건), ID:55700(1건), ID:55701(1건), ID:55704(1건)
[2026-07-14 22:49:05] INFO: [POLLING] 종료 | 큐: 0건 | 번들맵: 4개
[2026-07-14 22:49:08] INFO: [REQ] contents=check-event | id=undefined
[2026-07-14 22:49:14] INFO: [POLLING] 시작 | 큐: 0건 | 처리중: 4건 | 번들: ID:55698(1건), ID:55700(1건), ID:55701(1건), ID:55704(1건)
[2026-07-14 22:49:15] INFO: [POLLING] 종료 | 큐: 0건 | 번들맵: 4개
[2026-07-14 22:49:24] INFO: [POLLING] 시작 | 큐: 0건 | 처리중: 4건 | 번들: ID:55698(1건), ID:55700(1건), ID:55701(1건), ID:55704(1건)
[2026-07-14 22:49:25] INFO: [POLLING] 종료 | 큐: 0건 | 번들맵: 4개
[2026-07-14 22:49:34] INFO: [POLLING] 시작 | 큐: 0건 | 처리중: 4건 | 번들: ID:55698(1건), ID:55700(1건), ID:55701(1건), ID:55704(1건)
[2026-07-14 22:49:35] INFO: [POLLING] 종료 | 큐: 0건 | 번들맵: 4개
[2026-07-14 22:49:35] INFO: [REQ] contents=check-event | id=undefined
[2026-07-14 22:49:44] INFO: [POLLING] 시작 | 큐: 0건 | 처리중: 4건 | 번들: ID:55698(1건), ID:55700(1건), ID:55701(1건), ID:55704(1건)
[2026-07-14 22:49:45] INFO: [POLLING] 종료 | 큐: 0건 | 번들맵: 4개
[2026-07-14 22:49:54] INFO: [POLLING] 시작 | 큐: 0건 | 처리중: 4건 | 번들: ID:55698(1건), ID:55700(1건), ID:55701(1건), ID:55704(1건)
[2026-07-14 22:49:55] INFO: [POLLING] 종료 | 큐: 0건 | 번들맵: 4개
[2026-07-14 22:50:04] INFO: [POLLING] 시작 | 큐: 0건 | 처리중: 4건 | 번들: ID:55698(1건), ID:55700(1건), ID:55701(1건), ID:55704(1건)
[2026-07-14 22:50:05] INFO: [POLLING] 종료 | 큐: 0건 | 번들맵: 4개
[2026-07-14 22:50:14] INFO: [POLLING] 시작 | 큐: 0건 | 처리중: 4건 | 번들: ID:55698(1건), ID:55700(1건), ID:55701(1건), ID:55704(1건)
[2026-07-14 22:50:15] INFO: [POLLING] 종료 | 큐: 0건 | 번들맵: 4개
[2026-07-14 22:50:24] INFO: [POLLING] 시작 | 큐: 0건 | 처리중: 4건 | 번들: ID:55698(1건), ID:55700(1건), ID:55701(1건), ID:55704(1건)
[2026-07-14 22:50:25] INFO: [POLLING] 종료 | 큐: 0건 | 번들맵: 4개
[2026-07-14 22:50:34] INFO: [POLLING] 시작 | 큐: 0건 | 처리중: 4건 | 번들: ID:55698(1건), ID:55700(1건), ID:55701(1건), ID:55704(1건)
[2026-07-14 22:50:35] INFO: [POLLING] 종료 | 큐: 0건 | 번들맵: 4개
[2026-07-14 22:50:39] INFO: [REQ] contents=check-event | id=undefined
[2026-07-14 22:50:44] INFO: [POLLING] 시작 | 큐: 0건 | 처리중: 4건 | 번들: ID:55698(1건), ID:55700(1건), ID:55701(1건), ID:55704(1건)
[2026-07-14 22:50:45] INFO: [POLLING] 종료 | 큐: 0건 | 번들맵: 4개
[2026-07-14 22:50:54] INFO: [POLLING] 시작 | 큐: 0건 | 처리중: 4건 | 번들: ID:55698(1건), ID:55700(1건), ID:55701(1건), ID:55704(1건)
[2026-07-14 22:50:55] INFO: [POLLING] 종료 | 큐: 0건 | 번들맵: 4개
[2026-07-14 22:51:04] INFO: [POLLING] 시작 | 큐: 0건 | 처리중: 4건 | 번들: ID:55698(1건), ID:55700(1건), ID:55701(1건), ID:55704(1건)
[2026-07-14 22:51:05] INFO: [POLLING] 종료 | 큐: 0건 | 번들맵: 4개
[2026-07-14 22:51:14] INFO: [POLLING] 시작 | 큐: 0건 | 처리중: 4건 | 번들: ID:55698(1건), ID:55700(1건), ID:55701(1건), ID:55704(1건)
[2026-07-14 22:51:15] INFO: [POLLING] 종료 | 큐: 0건 | 번들맵: 4개
[2026-07-14 22:51:24] INFO: [POLLING] 시작 | 큐: 0건 | 처리중: 4건 | 번들: ID:55698(1건), ID:55700(1건), ID:55701(1건), ID:55704(1건)
[2026-07-14 22:51:25] INFO: [POLLING] 종료 | 큐: 0건 | 번들맵: 4개
[2026-07-14 22:51:25] INFO: [REQ] contents=check-event | id=undefined
[2026-07-14 22:51:34] INFO: [POLLING] 시작 | 큐: 0건 | 처리중: 4건 | 번들: ID:55698(1건), ID:55700(1건), ID:55701(1건), ID:55704(1건)
[2026-07-14 22:51:35] INFO: [POLLING] 종료 | 큐: 0건 | 번들맵: 4개
[2026-07-14 22:51:44] INFO: [POLLING] 시작 | 큐: 0건 | 처리중: 4건 | 번들: ID:55698(1건), ID:55700(1건), ID:55701(1건), ID:55704(1건)
[2026-07-14 22:51:45] INFO: [POLLING] 종료 | 큐: 0건 | 번들맵: 4개
[2026-07-14 22:51:54] INFO: [POLLING] 시작 | 큐: 0건 | 처리중: 4건 | 번들: ID:55698(1건), ID:55700(1건), ID:55701(1건), ID:55704(1건)
[2026-07-14 22:51:55] INFO: [POLLING] 종료 | 큐: 0건 | 번들맵: 4개
[2026-07-14 22:52:04] INFO: [POLLING] 시작 | 큐: 0건 | 처리중: 4건 | 번들: ID:55698(1건), ID:55700(1건), ID:55701(1건), ID:55704(1건)
[2026-07-14 22:52:05] INFO: [POLLING] 종료 | 큐: 0건 | 번들맵: 4개
[2026-07-14 22:52:14] INFO: [POLLING] 시작 | 큐: 0건 | 처리중: 4건 | 번들: ID:55698(1건), ID:55700(1건), ID:55701(1건), ID:55704(1건)
[2026-07-14 22:52:15] INFO: [POLLING] 종료 | 큐: 0건 | 번들맵: 4개
[2026-07-14 22:52:24] INFO: [POLLING] 시작 | 큐: 0건 | 처리중: 4건 | 번들: ID:55698(1건), ID:55700(1건), ID:55701(1건), ID:55704(1건)
[2026-07-14 22:52:25] INFO: [POLLING] 종료 | 큐: 0건 | 번들맵: 4개
[2026-07-14 22:52:29] INFO: [REQ] contents=check-event | id=undefined
[2026-07-14 22:52:34] INFO: [POLLING] 시작 | 큐: 0건 | 처리중: 4건 | 번들: ID:55698(1건), ID:55700(1건), ID:55701(1건), ID:55704(1건)
[2026-07-14 22:52:35] INFO: [POLLING] 종료 | 큐: 0건 | 번들맵: 4개
[2026-07-14 22:52:44] INFO: [POLLING] 시작 | 큐: 0건 | 처리중: 4건 | 번들: ID:55698(1건), ID:55700(1건), ID:55701(1건), ID:55704(1건)
[2026-07-14 22:52:45] INFO: [POLLING] 종료 | 큐: 0건 | 번들맵: 4개
[2026-07-14 22:52:54] INFO: [POLLING] 시작 | 큐: 0건 | 처리중: 4건 | 번들: ID:55698(1건), ID:55700(1건), ID:55701(1건), ID:55704(1건)
[2026-07-14 22:52:55] INFO: [POLLING] 종료 | 큐: 0건 | 번들맵: 4개
[2026-07-14 22:53:04] INFO: [POLLING] 시작 | 큐: 0건 | 처리중: 4건 | 번들: ID:55698(1건), ID:55700(1건), ID:55701(1건), ID:55704(1건)
[2026-07-14 22:53:05] INFO: [POLLING] 종료 | 큐: 0건 | 번들맵: 4개
[2026-07-14 22:53:06] INFO: [REQ] contents=check-event | id=undefined
[2026-07-14 22:53:14] INFO: [POLLING] 시작 | 큐: 0건 | 처리중: 4건 | 번들: ID:55698(1건), ID:55700(1건), ID:55701(1건), ID:55704(1건)
[2026-07-14 22:53:15] INFO: [POLLING] 종료 | 큐: 0건 | 번들맵: 4개
[2026-07-14 22:53:24] INFO: [POLLING] 시작 | 큐: 0건 | 처리중: 4건 | 번들: ID:55698(1건), ID:55700(1건), ID:55701(1건), ID:55704(1건)
[2026-07-14 22:53:25] INFO: [POLLING] 종료 | 큐: 0건 | 번들맵: 4개
[2026-07-14 22:53:34] INFO: [POLLING] 시작 | 큐: 0건 | 처리중: 4건 | 번들: ID:55698(1건), ID:55700(1건), ID:55701(1건), ID:55704(1건)
[2026-07-14 22:53:35] INFO: [POLLING] 종료 | 큐: 0건 | 번들맵: 4개
[2026-07-14 22:53:44] INFO: [POLLING] 시작 | 큐: 0건 | 처리중: 4건 | 번들: ID:55698(1건), ID:55700(1건), ID:55701(1건), ID:55704(1건)
[2026-07-14 22:53:45] INFO: [POLLING] 종료 | 큐: 0건 | 번들맵: 4개
[2026-07-14 22:53:54] INFO: [POLLING] 시작 | 큐: 0건 | 처리중: 4건 | 번들: ID:55698(1건), ID:55700(1건), ID:55701(1건), ID:55704(1건)
[2026-07-14 22:53:55] INFO: [POLLING] 종료 | 큐: 0건 | 번들맵: 4개
[2026-07-14 22:54:04] INFO: [POLLING] 시작 | 큐: 0건 | 처리중: 4건 | 번들: ID:55698(1건), ID:55700(1건), ID:55701(1건), ID:55704(1건)
[2026-07-14 22:54:05] INFO: [POLLING] 종료 | 큐: 0건 | 번들맵: 4개
[2026-07-14 22:54:09] INFO: [REQ] contents=check-event | id=undefined
[2026-07-14 22:54:14] INFO: [POLLING] 시작 | 큐: 0건 | 처리중: 4건 | 번들: ID:55698(1건), ID:55700(1건), ID:55701(1건), ID:55704(1건)
[2026-07-14 22:54:15] INFO: [POLLING] 종료 | 큐: 0건 | 번들맵: 4개
[2026-07-14 22:54:24] INFO: [POLLING] 시작 | 큐: 0건 | 처리중: 4건 | 번들: ID:55698(1건), ID:55700(1건), ID:55701(1건), ID:55704(1건)
[2026-07-14 22:54:25] INFO: [POLLING] 종료 | 큐: 0건 | 번들맵: 4개
[2026-07-14 22:54:34] INFO: [POLLING] 시작 | 큐: 0건 | 처리중: 4건 | 번들: ID:55698(1건), ID:55700(1건), ID:55701(1건), ID:55704(1건)
[2026-07-14 22:54:35] INFO: [POLLING] 종료 | 큐: 0건 | 번들맵: 4개
[2026-07-14 22:54:36] INFO: [REQ] contents=check-event | id=undefined
[2026-07-14 22:54:44] INFO: [POLLING] 시작 | 큐: 0건 | 처리중: 4건 | 번들: ID:55698(1건), ID:55700(1건), ID:55701(1건), ID:55704(1건)
[2026-07-14 22:54:45] INFO: [POLLING] 종료 | 큐: 0건 | 번들맵: 4개
[2026-07-14 22:54:54] INFO: [POLLING] 시작 | 큐: 0건 | 처리중: 4건 | 번들: ID:55698(1건), ID:55700(1건), ID:55701(1건), ID:55704(1건)
[2026-07-14 22:54:55] INFO: [POLLING] 종료 | 큐: 0건 | 번들맵: 4개
[2026-07-14 22:55:04] INFO: [POLLING] 시작 | 큐: 0건 | 처리중: 4건 | 번들: ID:55698(1건), ID:55700(1건), ID:55701(1건), ID:55704(1건)
[2026-07-14 22:55:05] INFO: [POLLING] 종료 | 큐: 0건 | 번들맵: 4개
[2026-07-14 22:55:14] INFO: [POLLING] 시작 | 큐: 0건 | 처리중: 4건 | 번들: ID:55698(1건), ID:55700(1건), ID:55701(1건), ID:55704(1건)
[2026-07-14 22:55:15] INFO: [POLLING] 종료 | 큐: 0건 | 번들맵: 4개
[2026-07-14 22:55:24] INFO: [POLLING] 시작 | 큐: 0건 | 처리중: 4건 | 번들: ID:55698(1건), ID:55700(1건), ID:55701(1건), ID:55704(1건)
[2026-07-14 22:55:25] INFO: [POLLING] 종료 | 큐: 0건 | 번들맵: 4개
[2026-07-14 22:55:34] INFO: [POLLING] 시작 | 큐: 0건 | 처리중: 4건 | 번들: ID:55698(1건), ID:55700(1건), ID:55701(1건), ID:55704(1건)
[2026-07-14 22:55:35] INFO: [POLLING] 종료 | 큐: 0건 | 번들맵: 4개
[2026-07-14 22:55:39] INFO: [REQ] contents=check-event | id=undefined
[2026-07-14 22:55:44] INFO: [POLLING] 시작 | 큐: 0건 | 처리중: 4건 | 번들: ID:55698(1건), ID:55700(1건), ID:55701(1건), ID:55704(1건)
[2026-07-14 22:55:45] INFO: [POLLING] 종료 | 큐: 0건 | 번들맵: 4개
[2026-07-14 22:55:54] INFO: [POLLING] 시작 | 큐: 0건 | 처리중: 4건 | 번들: ID:55698(1건), ID:55700(1건), ID:55701(1건), ID:55704(1건)
[2026-07-14 22:55:55] INFO: [POLLING] 종료 | 큐: 0건 | 번들맵: 4개
[2026-07-14 22:56:04] INFO: [POLLING] 시작 | 큐: 0건 | 처리중: 4건 | 번들: ID:55698(1건), ID:55700(1건), ID:55701(1건), ID:55704(1건)
[2026-07-14 22:56:05] INFO: [POLLING] 종료 | 큐: 0건 | 번들맵: 4개
[2026-07-14 22:56:14] INFO: [POLLING] 시작 | 큐: 0건 | 처리중: 4건 | 번들: ID:55698(1건), ID:55700(1건), ID:55701(1건), ID:55704(1건)
[2026-07-14 22:56:15] INFO: [POLLING] 종료 | 큐: 0건 | 번들맵: 4개
[2026-07-14 22:56:24] INFO: [POLLING] 시작 | 큐: 0건 | 처리중: 4건 | 번들: ID:55698(1건), ID:55700(1건), ID:55701(1건), ID:55704(1건)
[2026-07-14 22:56:25] INFO: [POLLING] 종료 | 큐: 0건 | 번들맵: 4개
[2026-07-14 22:56:26] INFO: [REQ] contents=check-event | id=undefined
[2026-07-14 22:56:34] INFO: [POLLING] 시작 | 큐: 0건 | 처리중: 4건 | 번들: ID:55698(1건), ID:55700(1건), ID:55701(1건), ID:55704(1건)
[2026-07-14 22:56:35] INFO: [POLLING] 종료 | 큐: 0건 | 번들맵: 4개
[2026-07-14 22:56:44] INFO: [POLLING] 시작 | 큐: 0건 | 처리중: 4건 | 번들: ID:55698(1건), ID:55700(1건), ID:55701(1건), ID:55704(1건)
[2026-07-14 22:56:45] INFO: [POLLING] 종료 | 큐: 0건 | 번들맵: 4개
[2026-07-14 22:56:54] INFO: [POLLING] 시작 | 큐: 0건 | 처리중: 4건 | 번들: ID:55698(1건), ID:55700(1건), ID:55701(1건), ID:55704(1건)
[2026-07-14 22:56:55] INFO: [POLLING] 종료 | 큐: 0건 | 번들맵: 4개
[2026-07-14 22:57:04] INFO: [POLLING] 시작 | 큐: 0건 | 처리중: 4건 | 번들: ID:55698(1건), ID:55700(1건), ID:55701(1건), ID:55704(1건)
[2026-07-14 22:57:05] INFO: [POLLING] 종료 | 큐: 0건 | 번들맵: 4개
[2026-07-14 22:57:14] INFO: [POLLING] 시작 | 큐: 0건 | 처리중: 4건 | 번들: ID:55698(1건), ID:55700(1건), ID:55701(1건), ID:55704(1건)
[2026-07-14 22:57:15] INFO: [POLLING] 종료 | 큐: 0건 | 번들맵: 4개
[2026-07-14 22:57:24] INFO: [POLLING] 시작 | 큐: 0건 | 처리중: 4건 | 번들: ID:55698(1건), ID:55700(1건), ID:55701(1건), ID:55704(1건)
[2026-07-14 22:57:25] INFO: [POLLING] 종료 | 큐: 0건 | 번들맵: 4개
[2026-07-14 22:57:29] INFO: [REQ] contents=check-event | id=undefined
[2026-07-14 22:57:34] INFO: [POLLING] 시작 | 큐: 0건 | 처리중: 4건 | 번들: ID:55698(1건), ID:55700(1건), ID:55701(1건), ID:55704(1건)
[2026-07-14 22:57:35] INFO: [POLLING] 종료 | 큐: 0건 | 번들맵: 4개
[2026-07-14 22:57:44] INFO: [POLLING] 시작 | 큐: 0건 | 처리중: 4건 | 번들: ID:55698(1건), ID:55700(1건), ID:55701(1건), ID:55704(1건)
[2026-07-14 22:57:45] INFO: [POLLING] 종료 | 큐: 0건 | 번들맵: 4개
[2026-07-14 22:57:54] INFO: [POLLING] 시작 | 큐: 0건 | 처리중: 4건 | 번들: ID:55698(1건), ID:55700(1건), ID:55701(1건), ID:55704(1건)
[2026-07-14 22:57:55] INFO: [POLLING] 종료 | 큐: 0건 | 번들맵: 4개
[2026-07-14 22:58:04] INFO: [POLLING] 시작 | 큐: 0건 | 처리중: 4건 | 번들: ID:55698(1건), ID:55700(1건), ID:55701(1건), ID:55704(1건)
[2026-07-14 22:58:05] INFO: [POLLING] 종료 | 큐: 0건 | 번들맵: 4개
[2026-07-14 22:58:06] INFO: [REQ] contents=check-event | id=undefined
[2026-07-14 22:58:14] INFO: [POLLING] 시작 | 큐: 0건 | 처리중: 4건 | 번들: ID:55698(1건), ID:55700(1건), ID:55701(1건), ID:55704(1건)
[2026-07-14 22:58:15] INFO: [POLLING] 종료 | 큐: 0건 | 번들맵: 4개
[2026-07-14 22:58:24] INFO: [POLLING] 시작 | 큐: 0건 | 처리중: 4건 | 번들: ID:55698(1건), ID:55700(1건), ID:55701(1건), ID:55704(1건)
[2026-07-14 22:58:25] INFO: [POLLING] 종료 | 큐: 0건 | 번들맵: 4개
[2026-07-14 22:58:34] INFO: [POLLING] 시작 | 큐: 0건 | 처리중: 4건 | 번들: ID:55698(1건), ID:55700(1건), ID:55701(1건), ID:55704(1건)
[2026-07-14 22:58:35] INFO: [POLLING] 종료 | 큐: 0건 | 번들맵: 4개
[2026-07-14 22:58:44] INFO: [POLLING] 시작 | 큐: 0건 | 처리중: 4건 | 번들: ID:55698(1건), ID:55700(1건), ID:55701(1건), ID:55704(1건)
[2026-07-14 22:58:45] INFO: [POLLING] 종료 | 큐: 0건 | 번들맵: 4개
[2026-07-14 22:58:54] INFO: [POLLING] 시작 | 큐: 0건 | 처리중: 4건 | 번들: ID:55698(1건), ID:55700(1건), ID:55701(1건), ID:55704(1건)
[2026-07-14 22:58:55] INFO: [POLLING] 종료 | 큐: 0건 | 번들맵: 4개
[2026-07-14 22:59:04] INFO: [POLLING] 시작 | 큐: 0건 | 처리중: 4건 | 번들: ID:55698(1건), ID:55700(1건), ID:55701(1건), ID:55704(1건)
[2026-07-14 22:59:05] INFO: [POLLING] 종료 | 큐: 0건 | 번들맵: 4개
[2026-07-14 22:59:09] INFO: [REQ] contents=check-event | id=undefined
[2026-07-14 22:59:15] INFO: [POLLING] 시작 | 큐: 0건 | 처리중: 4건 | 번들: ID:55698(1건), ID:55700(1건), ID:55701(1건), ID:55704(1건)
[2026-07-14 22:59:15] INFO: [POLLING] 종료 | 큐: 0건 | 번들맵: 4개
[2026-07-14 22:59:25] INFO: [POLLING] 시작 | 큐: 0건 | 처리중: 4건 | 번들: ID:55698(1건), ID:55700(1건), ID:55701(1건), ID:55704(1건)
[2026-07-14 22:59:25] INFO: [POLLING] 종료 | 큐: 0건 | 번들맵: 4개
[2026-07-14 22:59:35] INFO: [POLLING] 시작 | 큐: 0건 | 처리중: 4건 | 번들: ID:55698(1건), ID:55700(1건), ID:55701(1건), ID:55704(1건)
[2026-07-14 22:59:35] INFO: [POLLING] 종료 | 큐: 0건 | 번들맵: 4개
[2026-07-14 22:59:36] INFO: [REQ] contents=check-event | id=undefined
[2026-07-14 22:59:45] INFO: [POLLING] 시작 | 큐: 0건 | 처리중: 4건 | 번들: ID:55698(1건), ID:55700(1건), ID:55701(1건), ID:55704(1건)
[2026-07-14 22:59:45] INFO: [POLLING] 종료 | 큐: 0건 | 번들맵: 4개
[2026-07-14 22:59:55] INFO: [POLLING] 시작 | 큐: 0건 | 처리중: 4건 | 번들: ID:55698(1건), ID:55700(1건), ID:55701(1건), ID:55704(1건)
[2026-07-14 22:59:55] INFO: [POLLING] 종료 | 큐: 0건 | 번들맵: 4개
[2026-07-14 23:00:05] INFO: [POLLING] 시작 | 큐: 0건 | 처리중: 4건 | 번들: ID:55698(1건), ID:55700(1건), ID:55701(1건), ID:55704(1건)
[2026-07-14 23:00:05] INFO: [POLLING] 종료 | 큐: 0건 | 번들맵: 4개
[2026-07-14 23:00:15] INFO: [POLLING] 시작 | 큐: 0건 | 처리중: 4건 | 번들: ID:55698(1건), ID:55700(1건), ID:55701(1건), ID:55704(1건)
[2026-07-14 23:00:15] INFO: [POLLING] 종료 | 큐: 0건 | 번들맵: 4개
[2026-07-14 23:00:25] INFO: [POLLING] 시작 | 큐: 0건 | 처리중: 4건 | 번들: ID:55698(1건), ID:55700(1건), ID:55701(1건), ID:55704(1건)
[2026-07-14 23:00:25] INFO: [POLLING] 종료 | 큐: 0건 | 번들맵: 4개
[2026-07-14 23:00:35] INFO: [POLLING] 시작 | 큐: 0건 | 처리중: 4건 | 번들: ID:55698(1건), ID:55700(1건), ID:55701(1건), ID:55704(1건)
[2026-07-14 23:00:35] INFO: [POLLING] 종료 | 큐: 0건 | 번들맵: 4개
[2026-07-14 23:00:40] INFO: [REQ] contents=check-event | id=undefined
[2026-07-14 23:00:45] INFO: [POLLING] 시작 | 큐: 0건 | 처리중: 4건 | 번들: ID:55698(1건), ID:55700(1건), ID:55701(1건), ID:55704(1건)
[2026-07-14 23:00:45] INFO: [POLLING] 종료 | 큐: 0건 | 번들맵: 4개
[2026-07-14 23:00:55] INFO: [POLLING] 시작 | 큐: 0건 | 처리중: 4건 | 번들: ID:55698(1건), ID:55700(1건), ID:55701(1건), ID:55704(1건)
[2026-07-14 23:00:55] INFO: [POLLING] 종료 | 큐: 0건 | 번들맵: 4개
[2026-07-14 23:01:05] INFO: [POLLING] 시작 | 큐: 0건 | 처리중: 4건 | 번들: ID:55698(1건), ID:55700(1건), ID:55701(1건), ID:55704(1건)
[2026-07-14 23:01:05] INFO: [POLLING] 종료 | 큐: 0건 | 번들맵: 4개
[2026-07-14 23:01:15] INFO: [POLLING] 시작 | 큐: 0건 | 처리중: 4건 | 번들: ID:55698(1건), ID:55700(1건), ID:55701(1건), ID:55704(1건)
[2026-07-14 23:01:15] INFO: [POLLING] 종료 | 큐: 0건 | 번들맵: 4개
[2026-07-14 23:01:25] INFO: [POLLING] 시작 | 큐: 0건 | 처리중: 4건 | 번들: ID:55698(1건), ID:55700(1건), ID:55701(1건), ID:55704(1건)
[2026-07-14 23:01:25] INFO: [POLLING] 종료 | 큐: 0건 | 번들맵: 4개
[2026-07-14 23:01:26] INFO: [REQ] contents=check-event | id=undefined
[2026-07-14 23:01:35] INFO: [POLLING] 시작 | 큐: 0건 | 처리중: 4건 | 번들: ID:55698(1건), ID:55700(1건), ID:55701(1건), ID:55704(1건)
[2026-07-14 23:01:35] INFO: [POLLING] 종료 | 큐: 0건 | 번들맵: 4개
[2026-07-14 23:01:45] INFO: [POLLING] 시작 | 큐: 0건 | 처리중: 4건 | 번들: ID:55698(1건), ID:55700(1건), ID:55701(1건), ID:55704(1건)
[2026-07-14 23:01:45] INFO: [POLLING] 종료 | 큐: 0건 | 번들맵: 4개
[2026-07-14 23:01:55] INFO: [POLLING] 시작 | 큐: 0건 | 처리중: 4건 | 번들: ID:55698(1건), ID:55700(1건), ID:55701(1건), ID:55704(1건)
[2026-07-14 23:01:55] INFO: [POLLING] 종료 | 큐: 0건 | 번들맵: 4개
[2026-07-14 23:02:05] INFO: [POLLING] 시작 | 큐: 0건 | 처리중: 4건 | 번들: ID:55698(1건), ID:55700(1건), ID:55701(1건), ID:55704(1건)
[2026-07-14 23:02:05] INFO: [POLLING] 종료 | 큐: 0건 | 번들맵: 4개
[2026-07-14 23:02:15] INFO: [POLLING] 시작 | 큐: 0건 | 처리중: 4건 | 번들: ID:55698(1건), ID:55700(1건), ID:55701(1건), ID:55704(1건)
[2026-07-14 23:02:15] INFO: [POLLING] 종료 | 큐: 0건 | 번들맵: 4개
[2026-07-14 23:02:25] INFO: [POLLING] 시작 | 큐: 0건 | 처리중: 4건 | 번들: ID:55698(1건), ID:55700(1건), ID:55701(1건), ID:55704(1건)
[2026-07-14 23:02:25] INFO: [POLLING] 종료 | 큐: 0건 | 번들맵: 4개
[2026-07-14 23:02:30] INFO: [REQ] contents=check-event | id=undefined
[2026-07-14 23:02:35] INFO: [POLLING] 시작 | 큐: 0건 | 처리중: 4건 | 번들: ID:55698(1건), ID:55700(1건), ID:55701(1건), ID:55704(1건)
[2026-07-14 23:02:35] INFO: [POLLING] 종료 | 큐: 0건 | 번들맵: 4개
[2026-07-14 23:02:45] INFO: [POLLING] 시작 | 큐: 0건 | 처리중: 4건 | 번들: ID:55698(1건), ID:55700(1건), ID:55701(1건), ID:55704(1건)
[2026-07-14 23:02:45] INFO: [POLLING] 종료 | 큐: 0건 | 번들맵: 4개
[2026-07-14 23:02:55] INFO: [POLLING] 시작 | 큐: 0건 | 처리중: 4건 | 번들: ID:55698(1건), ID:55700(1건), ID:55701(1건), ID:55704(1건)
[2026-07-14 23:02:55] INFO: [POLLING] 종료 | 큐: 0건 | 번들맵: 4개
[2026-07-14 23:03:05] INFO: [POLLING] 시작 | 큐: 0건 | 처리중: 4건 | 번들: ID:55698(1건), ID:55700(1건), ID:55701(1건), ID:55704(1건)
[2026-07-14 23:03:05] INFO: [POLLING] 종료 | 큐: 0건 | 번들맵: 4개
[2026-07-14 23:03:06] INFO: [REQ] contents=check-event | id=undefined
[2026-07-14 23:03:15] INFO: [POLLING] 시작 | 큐: 0건 | 처리중: 4건 | 번들: ID:55698(1건), ID:55700(1건), ID:55701(1건), ID:55704(1건)
[2026-07-14 23:03:15] INFO: [POLLING] 종료 | 큐: 0건 | 번들맵: 4개
[2026-07-14 23:03:25] INFO: [POLLING] 시작 | 큐: 0건 | 처리중: 4건 | 번들: ID:55698(1건), ID:55700(1건), ID:55701(1건), ID:55704(1건)
[2026-07-14 23:03:25] INFO: [POLLING] 종료 | 큐: 0건 | 번들맵: 4개
[2026-07-14 23:03:35] INFO: [POLLING] 시작 | 큐: 0건 | 처리중: 4건 | 번들: ID:55698(1건), ID:55700(1건), ID:55701(1건), ID:55704(1건)
[2026-07-14 23:03:35] INFO: [POLLING] 종료 | 큐: 0건 | 번들맵: 4개
[2026-07-14 23:03:45] INFO: [POLLING] 시작 | 큐: 0건 | 처리중: 4건 | 번들: ID:55698(1건), ID:55700(1건), ID:55701(1건), ID:55704(1건)
[2026-07-14 23:03:45] INFO: [POLLING] 종료 | 큐: 0건 | 번들맵: 4개
[2026-07-14 23:03:55] INFO: [POLLING] 시작 | 큐: 0건 | 처리중: 4건 | 번들: ID:55698(1건), ID:55700(1건), ID:55701(1건), ID:55704(1건)
[2026-07-14 23:03:55] INFO: [POLLING] 종료 | 큐: 0건 | 번들맵: 4개
[2026-07-14 23:04:05] INFO: [POLLING] 시작 | 큐: 0건 | 처리중: 4건 | 번들: ID:55698(1건), ID:55700(1건), ID:55701(1건), ID:55704(1건)
[2026-07-14 23:04:05] INFO: [POLLING] 종료 | 큐: 0건 | 번들맵: 4개
[2026-07-14 23:04:10] INFO: [REQ] contents=check-event | id=undefined
[2026-07-14 23:04:15] INFO: [POLLING] 시작 | 큐: 0건 | 처리중: 4건 | 번들: ID:55698(1건), ID:55700(1건), ID:55701(1건), ID:55704(1건)
[2026-07-14 23:04:15] INFO: [POLLING] 종료 | 큐: 0건 | 번들맵: 4개
[2026-07-14 23:04:25] INFO: [POLLING] 시작 | 큐: 0건 | 처리중: 4건 | 번들: ID:55698(1건), ID:55700(1건), ID:55701(1건), ID:55704(1건)
[2026-07-14 23:04:25] INFO: [POLLING] 종료 | 큐: 0건 | 번들맵: 4개
[2026-07-14 23:04:35] INFO: [POLLING] 시작 | 큐: 0건 | 처리중: 4건 | 번들: ID:55698(1건), ID:55700(1건), ID:55701(1건), ID:55704(1건)
[2026-07-14 23:04:35] INFO: [POLLING] 종료 | 큐: 0건 | 번들맵: 4개
[2026-07-14 23:04:37] INFO: [REQ] contents=check-event | id=undefined
[2026-07-14 23:04:45] INFO: [POLLING] 시작 | 큐: 0건 | 처리중: 4건 | 번들: ID:55698(1건), ID:55700(1건), ID:55701(1건), ID:55704(1건)
[2026-07-14 23:04:45] INFO: [POLLING] 종료 | 큐: 0건 | 번들맵: 4개
[2026-07-14 23:04:55] INFO: [POLLING] 시작 | 큐: 0건 | 처리중: 4건 | 번들: ID:55698(1건), ID:55700(1건), ID:55701(1건), ID:55704(1건)
[2026-07-14 23:04:55] INFO: [POLLING] 종료 | 큐: 0건 | 번들맵: 4개
[2026-07-14 23:05:05] INFO: [POLLING] 시작 | 큐: 0건 | 처리중: 4건 | 번들: ID:55698(1건), ID:55700(1건), ID:55701(1건), ID:55704(1건)
[2026-07-14 23:05:05] INFO: [POLLING] 종료 | 큐: 0건 | 번들맵: 4개
[2026-07-14 23:05:15] INFO: [POLLING] 시작 | 큐: 0건 | 처리중: 4건 | 번들: ID:55698(1건), ID:55700(1건), ID:55701(1건), ID:55704(1건)
[2026-07-14 23:05:15] INFO: [POLLING] 종료 | 큐: 0건 | 번들맵: 4개
[2026-07-14 23:05:25] INFO: [POLLING] 시작 | 큐: 0건 | 처리중: 4건 | 번들: ID:55698(1건), ID:55700(1건), ID:55701(1건), ID:55704(1건)
[2026-07-14 23:05:25] INFO: [POLLING] 종료 | 큐: 0건 | 번들맵: 4개
[2026-07-14 23:05:30] INFO: [REQ] contents=check-event | id=undefined
[2026-07-14 23:05:35] INFO: [POLLING] 시작 | 큐: 0건 | 처리중: 4건 | 번들: ID:55698(1건), ID:55700(1건), ID:55701(1건), ID:55704(1건)
[2026-07-14 23:05:35] INFO: [POLLING] 종료 | 큐: 0건 | 번들맵: 4개
[2026-07-14 23:05:45] INFO: [POLLING] 시작 | 큐: 0건 | 처리중: 4건 | 번들: ID:55698(1건), ID:55700(1건), ID:55701(1건), ID:55704(1건)
[2026-07-14 23:05:45] INFO: [POLLING] 종료 | 큐: 0건 | 번들맵: 4개
[2026-07-14 23:05:55] INFO: [POLLING] 시작 | 큐: 0건 | 처리중: 4건 | 번들: ID:55698(1건), ID:55700(1건), ID:55701(1건), ID:55704(1건)
[2026-07-14 23:05:55] INFO: [POLLING] 종료 | 큐: 0건 | 번들맵: 4개
[2026-07-14 23:06:05] INFO: [POLLING] 시작 | 큐: 0건 | 처리중: 4건 | 번들: ID:55698(1건), ID:55700(1건), ID:55701(1건), ID:55704(1건)
[2026-07-14 23:06:05] INFO: [POLLING] 종료 | 큐: 0건 | 번들맵: 4개
[2026-07-14 23:06:15] INFO: [POLLING] 시작 | 큐: 0건 | 처리중: 4건 | 번들: ID:55698(1건), ID:55700(1건), ID:55701(1건), ID:55704(1건)
[2026-07-14 23:06:15] INFO: [POLLING] 종료 | 큐: 0건 | 번들맵: 4개
[2026-07-14 23:06:25] INFO: [POLLING] 시작 | 큐: 0건 | 처리중: 4건 | 번들: ID:55698(1건), ID:55700(1건), ID:55701(1건), ID:55704(1건)
[2026-07-14 23:06:25] INFO: [POLLING] 종료 | 큐: 0건 | 번들맵: 4개
[2026-07-14 23:06:27] INFO: [REQ] contents=check-event | id=undefined
[2026-07-14 23:06:35] INFO: [POLLING] 시작 | 큐: 0건 | 처리중: 4건 | 번들: ID:55698(1건), ID:55700(1건), ID:55701(1건), ID:55704(1건)
[2026-07-14 23:06:35] INFO: [POLLING] 종료 | 큐: 0건 | 번들맵: 4개
[2026-07-14 23:06:45] INFO: [POLLING] 시작 | 큐: 0건 | 처리중: 4건 | 번들: ID:55698(1건), ID:55700(1건), ID:55701(1건), ID:55704(1건)
[2026-07-14 23:06:45] INFO: [POLLING] 종료 | 큐: 0건 | 번들맵: 4개
[2026-07-14 23:06:55] INFO: [POLLING] 시작 | 큐: 0건 | 처리중: 4건 | 번들: ID:55698(1건), ID:55700(1건), ID:55701(1건), ID:55704(1건)
[2026-07-14 23:06:55] INFO: [POLLING] 종료 | 큐: 0건 | 번들맵: 4개
[2026-07-14 23:07:05] INFO: [POLLING] 시작 | 큐: 0건 | 처리중: 4건 | 번들: ID:55698(1건), ID:55700(1건), ID:55701(1건), ID:55704(1건)
[2026-07-14 23:07:05] INFO: [POLLING] 종료 | 큐: 0건 | 번들맵: 4개
[2026-07-14 23:07:15] INFO: [POLLING] 시작 | 큐: 0건 | 처리중: 4건 | 번들: ID:55698(1건), ID:55700(1건), ID:55701(1건), ID:55704(1건)
[2026-07-14 23:07:16] INFO: [POLLING] 종료 | 큐: 0건 | 번들맵: 4개
[2026-07-14 23:07:20] INFO: [REQ] contents=check-event | id=undefined
[2026-07-14 23:07:25] INFO: [POLLING] 시작 | 큐: 0건 | 처리중: 4건 | 번들: ID:55698(1건), ID:55700(1건), ID:55701(1건), ID:55704(1건)
[2026-07-14 23:07:26] INFO: [POLLING] 종료 | 큐: 0건 | 번들맵: 4개
[2026-07-14 23:07:35] INFO: [POLLING] 시작 | 큐: 0건 | 처리중: 4건 | 번들: ID:55698(1건), ID:55700(1건), ID:55701(1건), ID:55704(1건)
[2026-07-14 23:07:36] INFO: [POLLING] 종료 | 큐: 0건 | 번들맵: 4개
[2026-07-14 23:07:45] INFO: [POLLING] 시작 | 큐: 0건 | 처리중: 4건 | 번들: ID:55698(1건), ID:55700(1건), ID:55701(1건), ID:55704(1건)
[2026-07-14 23:07:46] INFO: [POLLING] 종료 | 큐: 0건 | 번들맵: 4개
[2026-07-14 23:07:55] INFO: [POLLING] 시작 | 큐: 0건 | 처리중: 4건 | 번들: ID:55698(1건), ID:55700(1건), ID:55701(1건), ID:55704(1건)
[2026-07-14 23:07:56] INFO: [POLLING] 종료 | 큐: 0건 | 번들맵: 4개
[2026-07-14 23:08:05] INFO: [POLLING] 시작 | 큐: 0건 | 처리중: 4건 | 번들: ID:55698(1건), ID:55700(1건), ID:55701(1건), ID:55704(1건)
[2026-07-14 23:08:06] INFO: [POLLING] 종료 | 큐: 0건 | 번들맵: 4개
[2026-07-14 23:08:07] INFO: [REQ] contents=check-event | id=undefined
[2026-07-14 23:08:15] INFO: [POLLING] 시작 | 큐: 0건 | 처리중: 4건 | 번들: ID:55698(1건), ID:55700(1건), ID:55701(1건), ID:55704(1건)
[2026-07-14 23:08:16] INFO: [POLLING] 종료 | 큐: 0건 | 번들맵: 4개
[2026-07-14 23:08:25] INFO: [POLLING] 시작 | 큐: 0건 | 처리중: 4건 | 번들: ID:55698(1건), ID:55700(1건), ID:55701(1건), ID:55704(1건)
[2026-07-14 23:08:26] INFO: [POLLING] 종료 | 큐: 0건 | 번들맵: 4개
[2026-07-14 23:08:35] INFO: [POLLING] 시작 | 큐: 0건 | 처리중: 4건 | 번들: ID:55698(1건), ID:55700(1건), ID:55701(1건), ID:55704(1건)
[2026-07-14 23:08:36] INFO: [POLLING] 종료 | 큐: 0건 | 번들맵: 4개
[2026-07-14 23:08:45] INFO: [POLLING] 시작 | 큐: 0건 | 처리중: 4건 | 번들: ID:55698(1건), ID:55700(1건), ID:55701(1건), ID:55704(1건)
[2026-07-14 23:08:46] INFO: [POLLING] 종료 | 큐: 0건 | 번들맵: 4개
[2026-07-14 23:08:55] INFO: [POLLING] 시작 | 큐: 0건 | 처리중: 4건 | 번들: ID:55698(1건), ID:55700(1건), ID:55701(1건), ID:55704(1건)
[2026-07-14 23:08:56] INFO: [POLLING] 종료 | 큐: 0건 | 번들맵: 4개
[2026-07-14 23:09:00] INFO: [REQ] contents=check-event | id=undefined
[2026-07-14 23:09:05] INFO: [POLLING] 시작 | 큐: 0건 | 처리중: 4건 | 번들: ID:55698(1건), ID:55700(1건), ID:55701(1건), ID:55704(1건)
[2026-07-14 23:09:06] INFO: [POLLING] 종료 | 큐: 0건 | 번들맵: 4개
[2026-07-14 23:09:15] INFO: [POLLING] 시작 | 큐: 0건 | 처리중: 4건 | 번들: ID:55698(1건), ID:55700(1건), ID:55701(1건), ID:55704(1건)
[2026-07-14 23:09:16] INFO: [POLLING] 종료 | 큐: 0건 | 번들맵: 4개
[2026-07-14 23:09:25] INFO: [POLLING] 시작 | 큐: 0건 | 처리중: 4건 | 번들: ID:55698(1건), ID:55700(1건), ID:55701(1건), ID:55704(1건)
[2026-07-14 23:09:26] INFO: [POLLING] 종료 | 큐: 0건 | 번들맵: 4개
[2026-07-14 23:09:35] INFO: [POLLING] 시작 | 큐: 0건 | 처리중: 4건 | 번들: ID:55698(1건), ID:55700(1건), ID:55701(1건), ID:55704(1건)
[2026-07-14 23:09:36] INFO: [POLLING] 종료 | 큐: 0건 | 번들맵: 4개
[2026-07-14 23:09:37] INFO: [REQ] contents=check-event | id=undefined
[2026-07-14 23:09:45] INFO: [POLLING] 시작 | 큐: 0건 | 처리중: 4건 | 번들: ID:55698(1건), ID:55700(1건), ID:55701(1건), ID:55704(1건)
[2026-07-14 23:09:46] INFO: [POLLING] 종료 | 큐: 0건 | 번들맵: 4개
[2026-07-14 23:09:55] INFO: [POLLING] 시작 | 큐: 0건 | 처리중: 4건 | 번들: ID:55698(1건), ID:55700(1건), ID:55701(1건), ID:55704(1건)
[2026-07-14 23:09:56] INFO: [POLLING] 종료 | 큐: 0건 | 번들맵: 4개
[2026-07-14 23:10:05] INFO: [POLLING] 시작 | 큐: 0건 | 처리중: 4건 | 번들: ID:55698(1건), ID:55700(1건), ID:55701(1건), ID:55704(1건)
[2026-07-14 23:10:06] INFO: [POLLING] 종료 | 큐: 0건 | 번들맵: 4개
[2026-07-14 23:10:15] INFO: [POLLING] 시작 | 큐: 0건 | 처리중: 4건 | 번들: ID:55698(1건), ID:55700(1건), ID:55701(1건), ID:55704(1건)
[2026-07-14 23:10:16] INFO: [POLLING] 종료 | 큐: 0건 | 번들맵: 4개
[2026-07-14 23:10:25] INFO: [POLLING] 시작 | 큐: 0건 | 처리중: 4건 | 번들: ID:55698(1건), ID:55700(1건), ID:55701(1건), ID:55704(1건)
[2026-07-14 23:10:26] INFO: [POLLING] 종료 | 큐: 0건 | 번들맵: 4개
[2026-07-14 23:10:31] INFO: [REQ] contents=check-event | id=undefined
[2026-07-14 23:10:35] INFO: [POLLING] 시작 | 큐: 0건 | 처리중: 4건 | 번들: ID:55698(1건), ID:55700(1건), ID:55701(1건), ID:55704(1건)
[2026-07-14 23:10:36] INFO: [POLLING] 종료 | 큐: 0건 | 번들맵: 4개
[2026-07-14 23:10:45] INFO: [POLLING] 시작 | 큐: 0건 | 처리중: 4건 | 번들: ID:55698(1건), ID:55700(1건), ID:55701(1건), ID:55704(1건)
[2026-07-14 23:10:46] INFO: [POLLING] 종료 | 큐: 0건 | 번들맵: 4개
[2026-07-14 23:10:55] INFO: [POLLING] 시작 | 큐: 0건 | 처리중: 4건 | 번들: ID:55698(1건), ID:55700(1건), ID:55701(1건), ID:55704(1건)
[2026-07-14 23:10:56] INFO: [POLLING] 종료 | 큐: 0건 | 번들맵: 4개
[2026-07-14 23:11:05] INFO: [POLLING] 시작 | 큐: 0건 | 처리중: 4건 | 번들: ID:55698(1건), ID:55700(1건), ID:55701(1건), ID:55704(1건)
[2026-07-14 23:11:06] INFO: [POLLING] 종료 | 큐: 0건 | 번들맵: 4개
[2026-07-14 23:11:15] INFO: [POLLING] 시작 | 큐: 0건 | 처리중: 4건 | 번들: ID:55698(1건), ID:55700(1건), ID:55701(1건), ID:55704(1건)
[2026-07-14 23:11:16] INFO: [POLLING] 종료 | 큐: 0건 | 번들맵: 4개
[2026-07-14 23:11:25] INFO: [POLLING] 시작 | 큐: 0건 | 처리중: 4건 | 번들: ID:55698(1건), ID:55700(1건), ID:55701(1건), ID:55704(1건)
[2026-07-14 23:11:26] INFO: [POLLING] 종료 | 큐: 0건 | 번들맵: 4개
[2026-07-14 23:11:27] INFO: [REQ] contents=check-event | id=undefined
[2026-07-14 23:11:35] INFO: [POLLING] 시작 | 큐: 0건 | 처리중: 4건 | 번들: ID:55698(1건), ID:55700(1건), ID:55701(1건), ID:55704(1건)
[2026-07-14 23:11:36] INFO: [POLLING] 종료 | 큐: 0건 | 번들맵: 4개
[2026-07-14 23:11:45] INFO: [POLLING] 시작 | 큐: 0건 | 처리중: 4건 | 번들: ID:55698(1건), ID:55700(1건), ID:55701(1건), ID:55704(1건)
[2026-07-14 23:11:46] INFO: [POLLING] 종료 | 큐: 0건 | 번들맵: 4개
[2026-07-14 23:11:55] INFO: [POLLING] 시작 | 큐: 0건 | 처리중: 4건 | 번들: ID:55698(1건), ID:55700(1건), ID:55701(1건), ID:55704(1건)
[2026-07-14 23:11:56] INFO: [POLLING] 종료 | 큐: 0건 | 번들맵: 4개
[2026-07-14 23:12:05] INFO: [POLLING] 시작 | 큐: 0건 | 처리중: 4건 | 번들: ID:55698(1건), ID:55700(1건), ID:55701(1건), ID:55704(1건)
[2026-07-14 23:12:06] INFO: [POLLING] 종료 | 큐: 0건 | 번들맵: 4개
[2026-07-14 23:12:15] INFO: [POLLING] 시작 | 큐: 0건 | 처리중: 4건 | 번들: ID:55698(1건), ID:55700(1건), ID:55701(1건), ID:55704(1건)
[2026-07-14 23:12:16] INFO: [POLLING] 종료 | 큐: 0건 | 번들맵: 4개
[2026-07-14 23:12:21] INFO: [REQ] contents=check-event | id=undefined
[2026-07-14 23:12:25] INFO: [POLLING] 시작 | 큐: 0건 | 처리중: 4건 | 번들: ID:55698(1건), ID:55700(1건), ID:55701(1건), ID:55704(1건)
[2026-07-14 23:12:26] INFO: [POLLING] 종료 | 큐: 0건 | 번들맵: 4개
[2026-07-14 23:12:35] INFO: [POLLING] 시작 | 큐: 0건 | 처리중: 4건 | 번들: ID:55698(1건), ID:55700(1건), ID:55701(1건), ID:55704(1건)
[2026-07-14 23:12:36] INFO: [POLLING] 종료 | 큐: 0건 | 번들맵: 4개
[2026-07-14 23:12:45] INFO: [POLLING] 시작 | 큐: 0건 | 처리중: 4건 | 번들: ID:55698(1건), ID:55700(1건), ID:55701(1건), ID:55704(1건)
[2026-07-14 23:12:46] INFO: [POLLING] 종료 | 큐: 0건 | 번들맵: 4개
[2026-07-14 23:12:55] INFO: [POLLING] 시작 | 큐: 0건 | 처리중: 4건 | 번들: ID:55698(1건), ID:55700(1건), ID:55701(1건), ID:55704(1건)
[2026-07-14 23:12:56] INFO: [POLLING] 종료 | 큐: 0건 | 번들맵: 4개
[2026-07-14 23:13:05] INFO: [POLLING] 시작 | 큐: 0건 | 처리중: 4건 | 번들: ID:55698(1건), ID:55700(1건), ID:55701(1건), ID:55704(1건)
[2026-07-14 23:13:06] INFO: [POLLING] 종료 | 큐: 0건 | 번들맵: 4개
[2026-07-14 23:13:08] INFO: [REQ] contents=check-event | id=undefined
[2026-07-14 23:13:15] INFO: [POLLING] 시작 | 큐: 0건 | 처리중: 4건 | 번들: ID:55698(1건), ID:55700(1건), ID:55701(1건), ID:55704(1건)
[2026-07-14 23:13:16] INFO: [POLLING] 종료 | 큐: 0건 | 번들맵: 4개
[2026-07-14 23:13:25] INFO: [POLLING] 시작 | 큐: 0건 | 처리중: 4건 | 번들: ID:55698(1건), ID:55700(1건), ID:55701(1건), ID:55704(1건)
[2026-07-14 23:13:26] INFO: [POLLING] 종료 | 큐: 0건 | 번들맵: 4개
[2026-07-14 23:13:35] INFO: [POLLING] 시작 | 큐: 0건 | 처리중: 4건 | 번들: ID:55698(1건), ID:55700(1건), ID:55701(1건), ID:55704(1건)
[2026-07-14 23:13:36] INFO: [POLLING] 종료 | 큐: 0건 | 번들맵: 4개
[2026-07-14 23:13:45] INFO: [POLLING] 시작 | 큐: 0건 | 처리중: 4건 | 번들: ID:55698(1건), ID:55700(1건), ID:55701(1건), ID:55704(1건)
[2026-07-14 23:13:46] INFO: [POLLING] 종료 | 큐: 0건 | 번들맵: 4개
[2026-07-14 23:13:55] INFO: [POLLING] 시작 | 큐: 0건 | 처리중: 4건 | 번들: ID:55698(1건), ID:55700(1건), ID:55701(1건), ID:55704(1건)
[2026-07-14 23:13:56] INFO: [POLLING] 종료 | 큐: 0건 | 번들맵: 4개
[2026-07-14 23:14:01] INFO: [REQ] contents=check-event | id=undefined
[2026-07-14 23:14:05] INFO: [POLLING] 시작 | 큐: 0건 | 처리중: 4건 | 번들: ID:55698(1건), ID:55700(1건), ID:55701(1건), ID:55704(1건)
[2026-07-14 23:14:06] INFO: [POLLING] 종료 | 큐: 0건 | 번들맵: 4개
[2026-07-14 23:14:15] INFO: [POLLING] 시작 | 큐: 0건 | 처리중: 4건 | 번들: ID:55698(1건), ID:55700(1건), ID:55701(1건), ID:55704(1건)
[2026-07-14 23:14:16] INFO: [POLLING] 종료 | 큐: 0건 | 번들맵: 4개
[2026-07-14 23:14:25] INFO: [POLLING] 시작 | 큐: 0건 | 처리중: 4건 | 번들: ID:55698(1건), ID:55700(1건), ID:55701(1건), ID:55704(1건)
[2026-07-14 23:14:26] INFO: [POLLING] 종료 | 큐: 0건 | 번들맵: 4개
[2026-07-14 23:14:35] INFO: [POLLING] 시작 | 큐: 0건 | 처리중: 4건 | 번들: ID:55698(1건), ID:55700(1건), ID:55701(1건), ID:55704(1건)
[2026-07-14 23:14:36] INFO: [POLLING] 종료 | 큐: 0건 | 번들맵: 4개
[2026-07-14 23:14:38] INFO: [REQ] contents=check-event | id=undefined
[2026-07-14 23:14:45] INFO: [POLLING] 시작 | 큐: 0건 | 처리중: 4건 | 번들: ID:55698(1건), ID:55700(1건), ID:55701(1건), ID:55704(1건)
[2026-07-14 23:14:46] INFO: [POLLING] 종료 | 큐: 0건 | 번들맵: 4개
[2026-07-14 23:14:55] INFO: [POLLING] 시작 | 큐: 0건 | 처리중: 4건 | 번들: ID:55698(1건), ID:55700(1건), ID:55701(1건), ID:55704(1건)
[2026-07-14 23:14:56] INFO: [POLLING] 종료 | 큐: 0건 | 번들맵: 4개
[2026-07-14 23:15:05] INFO: [POLLING] 시작 | 큐: 0건 | 처리중: 4건 | 번들: ID:55698(1건), ID:55700(1건), ID:55701(1건), ID:55704(1건)
[2026-07-14 23:15:06] INFO: [POLLING] 종료 | 큐: 0건 | 번들맵: 4개
[2026-07-14 23:15:15] INFO: [POLLING] 시작 | 큐: 0건 | 처리중: 4건 | 번들: ID:55698(1건), ID:55700(1건), ID:55701(1건), ID:55704(1건)
[2026-07-14 23:15:16] INFO: [POLLING] 종료 | 큐: 0건 | 번들맵: 4개
[2026-07-14 23:15:25] INFO: [POLLING] 시작 | 큐: 0건 | 처리중: 4건 | 번들: ID:55698(1건), ID:55700(1건), ID:55701(1건), ID:55704(1건)
[2026-07-14 23:15:26] INFO: [POLLING] 종료 | 큐: 0건 | 번들맵: 4개
[2026-07-14 23:15:31] INFO: [REQ] contents=check-event | id=undefined
[2026-07-14 23:15:35] INFO: [POLLING] 시작 | 큐: 0건 | 처리중: 4건 | 번들: ID:55698(1건), ID:55700(1건), ID:55701(1건), ID:55704(1건)
[2026-07-14 23:15:36] INFO: [POLLING] 종료 | 큐: 0건 | 번들맵: 4개
[2026-07-14 23:15:45] INFO: [POLLING] 시작 | 큐: 0건 | 처리중: 4건 | 번들: ID:55698(1건), ID:55700(1건), ID:55701(1건), ID:55704(1건)
[2026-07-14 23:15:46] INFO: [POLLING] 종료 | 큐: 0건 | 번들맵: 4개
[2026-07-14 23:15:55] INFO: [POLLING] 시작 | 큐: 0건 | 처리중: 4건 | 번들: ID:55698(1건), ID:55700(1건), ID:55701(1건), ID:55704(1건)
[2026-07-14 23:15:56] INFO: [POLLING] 종료 | 큐: 0건 | 번들맵: 4개
[2026-07-14 23:16:05] INFO: [POLLING] 시작 | 큐: 0건 | 처리중: 4건 | 번들: ID:55698(1건), ID:55700(1건), ID:55701(1건), ID:55704(1건)
[2026-07-14 23:16:06] INFO: [POLLING] 종료 | 큐: 0건 | 번들맵: 4개
[2026-07-14 23:16:15] INFO: [POLLING] 시작 | 큐: 0건 | 처리중: 4건 | 번들: ID:55698(1건), ID:55700(1건), ID:55701(1건), ID:55704(1건)
[2026-07-14 23:16:16] INFO: [POLLING] 종료 | 큐: 0건 | 번들맵: 4개
[2026-07-14 23:16:25] INFO: [POLLING] 시작 | 큐: 0건 | 처리중: 4건 | 번들: ID:55698(1건), ID:55700(1건), ID:55701(1건), ID:55704(1건)
[2026-07-14 23:16:26] INFO: [POLLING] 종료 | 큐: 0건 | 번들맵: 4개
[2026-07-14 23:16:28] INFO: [REQ] contents=check-event | id=undefined
[2026-07-14 23:16:35] INFO: [POLLING] 시작 | 큐: 0건 | 처리중: 4건 | 번들: ID:55698(1건), ID:55700(1건), ID:55701(1건), ID:55704(1건)
[2026-07-14 23:16:36] INFO: [POLLING] 종료 | 큐: 0건 | 번들맵: 4개
[2026-07-14 23:16:45] INFO: [POLLING] 시작 | 큐: 0건 | 처리중: 4건 | 번들: ID:55698(1건), ID:55700(1건), ID:55701(1건), ID:55704(1건)
[2026-07-14 23:16:46] INFO: [POLLING] 종료 | 큐: 0건 | 번들맵: 4개
[2026-07-14 23:16:55] INFO: [POLLING] 시작 | 큐: 0건 | 처리중: 4건 | 번들: ID:55698(1건), ID:55700(1건), ID:55701(1건), ID:55704(1건)
[2026-07-14 23:16:56] INFO: [POLLING] 종료 | 큐: 0건 | 번들맵: 4개
[2026-07-14 23:17:05] INFO: [POLLING] 시작 | 큐: 0건 | 처리중: 4건 | 번들: ID:55698(1건), ID:55700(1건), ID:55701(1건), ID:55704(1건)
[2026-07-14 23:17:06] INFO: [POLLING] 종료 | 큐: 0건 | 번들맵: 4개
[2026-07-14 23:17:16] INFO: [POLLING] 시작 | 큐: 0건 | 처리중: 4건 | 번들: ID:55698(1건), ID:55700(1건), ID:55701(1건), ID:55704(1건)
[2026-07-14 23:17:16] INFO: [POLLING] 종료 | 큐: 0건 | 번들맵: 4개
[2026-07-14 23:17:21] INFO: [REQ] contents=check-event | id=undefined
[2026-07-14 23:17:26] INFO: [POLLING] 시작 | 큐: 0건 | 처리중: 4건 | 번들: ID:55698(1건), ID:55700(1건), ID:55701(1건), ID:55704(1건)
[2026-07-14 23:17:26] INFO: [POLLING] 종료 | 큐: 0건 | 번들맵: 4개
[2026-07-14 23:17:36] INFO: [POLLING] 시작 | 큐: 0건 | 처리중: 4건 | 번들: ID:55698(1건), ID:55700(1건), ID:55701(1건), ID:55704(1건)
[2026-07-14 23:17:36] INFO: [POLLING] 종료 | 큐: 0건 | 번들맵: 4개
[2026-07-14 23:17:46] INFO: [POLLING] 시작 | 큐: 0건 | 처리중: 4건 | 번들: ID:55698(1건), ID:55700(1건), ID:55701(1건), ID:55704(1건)
[2026-07-14 23:17:46] INFO: [POLLING] 종료 | 큐: 0건 | 번들맵: 4개
[2026-07-14 23:17:56] INFO: [POLLING] 시작 | 큐: 0건 | 처리중: 4건 | 번들: ID:55698(1건), ID:55700(1건), ID:55701(1건), ID:55704(1건)
[2026-07-14 23:17:56] INFO: [POLLING] 종료 | 큐: 0건 | 번들맵: 4개
[2026-07-14 23:18:06] INFO: [POLLING] 시작 | 큐: 0건 | 처리중: 4건 | 번들: ID:55698(1건), ID:55700(1건), ID:55701(1건), ID:55704(1건)
[2026-07-14 23:18:06] INFO: [POLLING] 종료 | 큐: 0건 | 번들맵: 4개
[2026-07-14 23:18:08] INFO: [REQ] contents=check-event | id=undefined
[2026-07-14 23:18:16] INFO: [POLLING] 시작 | 큐: 0건 | 처리중: 4건 | 번들: ID:55698(1건), ID:55700(1건), ID:55701(1건), ID:55704(1건)
[2026-07-14 23:18:16] INFO: [POLLING] 종료 | 큐: 0건 | 번들맵: 4개
[2026-07-14 23:18:26] INFO: [POLLING] 시작 | 큐: 0건 | 처리중: 4건 | 번들: ID:55698(1건), ID:55700(1건), ID:55701(1건), ID:55704(1건)
[2026-07-14 23:18:26] INFO: [POLLING] 종료 | 큐: 0건 | 번들맵: 4개
[2026-07-14 23:18:36] INFO: [POLLING] 시작 | 큐: 0건 | 처리중: 4건 | 번들: ID:55698(1건), ID:55700(1건), ID:55701(1건), ID:55704(1건)
[2026-07-14 23:18:36] INFO: [POLLING] 종료 | 큐: 0건 | 번들맵: 4개
[2026-07-14 23:18:46] INFO: [POLLING] 시작 | 큐: 0건 | 처리중: 4건 | 번들: ID:55698(1건), ID:55700(1건), ID:55701(1건), ID:55704(1건)
[2026-07-14 23:18:46] INFO: [POLLING] 종료 | 큐: 0건 | 번들맵: 4개
[2026-07-14 23:18:56] INFO: [POLLING] 시작 | 큐: 0건 | 처리중: 4건 | 번들: ID:55698(1건), ID:55700(1건), ID:55701(1건), ID:55704(1건)
[2026-07-14 23:18:56] INFO: [POLLING] 종료 | 큐: 0건 | 번들맵: 4개
[2026-07-14 23:19:01] INFO: [REQ] contents=check-event | id=undefined
[2026-07-14 23:19:06] INFO: [POLLING] 시작 | 큐: 0건 | 처리중: 4건 | 번들: ID:55698(1건), ID:55700(1건), ID:55701(1건), ID:55704(1건)
[2026-07-14 23:19:06] INFO: [POLLING] 종료 | 큐: 0건 | 번들맵: 4개
[2026-07-14 23:19:16] INFO: [POLLING] 시작 | 큐: 0건 | 처리중: 4건 | 번들: ID:55698(1건), ID:55700(1건), ID:55701(1건), ID:55704(1건)
[2026-07-14 23:19:16] INFO: [POLLING] 종료 | 큐: 0건 | 번들맵: 4개
[2026-07-14 23:19:26] INFO: [POLLING] 시작 | 큐: 0건 | 처리중: 4건 | 번들: ID:55698(1건), ID:55700(1건), ID:55701(1건), ID:55704(1건)
[2026-07-14 23:19:26] INFO: [POLLING] 종료 | 큐: 0건 | 번들맵: 4개
[2026-07-14 23:19:36] INFO: [POLLING] 시작 | 큐: 0건 | 처리중: 4건 | 번들: ID:55698(1건), ID:55700(1건), ID:55701(1건), ID:55704(1건)
[2026-07-14 23:19:36] INFO: [POLLING] 종료 | 큐: 0건 | 번들맵: 4개
[2026-07-14 23:19:38] INFO: [REQ] contents=check-event | id=undefined
[2026-07-14 23:19:46] INFO: [POLLING] 시작 | 큐: 0건 | 처리중: 4건 | 번들: ID:55698(1건), ID:55700(1건), ID:55701(1건), ID:55704(1건)
[2026-07-14 23:19:46] INFO: [POLLING] 종료 | 큐: 0건 | 번들맵: 4개
[2026-07-14 23:19:56] INFO: [POLLING] 시작 | 큐: 0건 | 처리중: 4건 | 번들: ID:55698(1건), ID:55700(1건), ID:55701(1건), ID:55704(1건)
[2026-07-14 23:19:56] INFO: [POLLING] 종료 | 큐: 0건 | 번들맵: 4개
[2026-07-14 23:20:06] INFO: [POLLING] 시작 | 큐: 0건 | 처리중: 4건 | 번들: ID:55698(1건), ID:55700(1건), ID:55701(1건), ID:55704(1건)
[2026-07-14 23:20:06] INFO: [POLLING] 종료 | 큐: 0건 | 번들맵: 4개
[2026-07-14 23:20:16] INFO: [POLLING] 시작 | 큐: 0건 | 처리중: 4건 | 번들: ID:55698(1건), ID:55700(1건), ID:55701(1건), ID:55704(1건)
[2026-07-14 23:20:16] INFO: [POLLING] 종료 | 큐: 0건 | 번들맵: 4개
[2026-07-14 23:20:26] INFO: [POLLING] 시작 | 큐: 0건 | 처리중: 4건 | 번들: ID:55698(1건), ID:55700(1건), ID:55701(1건), ID:55704(1건)
[2026-07-14 23:20:26] INFO: [POLLING] 종료 | 큐: 0건 | 번들맵: 4개
[2026-07-14 23:20:31] INFO: [REQ] contents=check-event | id=undefined
[2026-07-14 23:20:36] INFO: [POLLING] 시작 | 큐: 0건 | 처리중: 4건 | 번들: ID:55698(1건), ID:55700(1건), ID:55701(1건), ID:55704(1건)
[2026-07-14 23:20:36] INFO: [POLLING] 종료 | 큐: 0건 | 번들맵: 4개
[2026-07-14 23:20:46] INFO: [POLLING] 시작 | 큐: 0건 | 처리중: 4건 | 번들: ID:55698(1건), ID:55700(1건), ID:55701(1건), ID:55704(1건)
[2026-07-14 23:20:46] INFO: [POLLING] 종료 | 큐: 0건 | 번들맵: 4개
[2026-07-14 23:20:56] INFO: [POLLING] 시작 | 큐: 0건 | 처리중: 4건 | 번들: ID:55698(1건), ID:55700(1건), ID:55701(1건), ID:55704(1건)
[2026-07-14 23:20:56] INFO: [POLLING] 종료 | 큐: 0건 | 번들맵: 4개
[2026-07-14 23:21:06] INFO: [POLLING] 시작 | 큐: 0건 | 처리중: 4건 | 번들: ID:55698(1건), ID:55700(1건), ID:55701(1건), ID:55704(1건)
[2026-07-14 23:21:06] INFO: [POLLING] 종료 | 큐: 0건 | 번들맵: 4개
[2026-07-14 23:21:16] INFO: [POLLING] 시작 | 큐: 0건 | 처리중: 4건 | 번들: ID:55698(1건), ID:55700(1건), ID:55701(1건), ID:55704(1건)
[2026-07-14 23:21:16] INFO: [POLLING] 종료 | 큐: 0건 | 번들맵: 4개
[2026-07-14 23:21:26] INFO: [POLLING] 시작 | 큐: 0건 | 처리중: 4건 | 번들: ID:55698(1건), ID:55700(1건), ID:55701(1건), ID:55704(1건)
[2026-07-14 23:21:26] INFO: [POLLING] 종료 | 큐: 0건 | 번들맵: 4개
[2026-07-14 23:21:28] INFO: [REQ] contents=check-event | id=undefined
[2026-07-14 23:21:36] INFO: [POLLING] 시작 | 큐: 0건 | 처리중: 4건 | 번들: ID:55698(1건), ID:55700(1건), ID:55701(1건), ID:55704(1건)
[2026-07-14 23:21:36] INFO: [POLLING] 종료 | 큐: 0건 | 번들맵: 4개
[2026-07-14 23:21:46] INFO: [POLLING] 시작 | 큐: 0건 | 처리중: 4건 | 번들: ID:55698(1건), ID:55700(1건), ID:55701(1건), ID:55704(1건)
[2026-07-14 23:21:46] INFO: [POLLING] 종료 | 큐: 0건 | 번들맵: 4개
[2026-07-14 23:21:56] INFO: [POLLING] 시작 | 큐: 0건 | 처리중: 4건 | 번들: ID:55698(1건), ID:55700(1건), ID:55701(1건), ID:55704(1건)
[2026-07-14 23:21:56] INFO: [POLLING] 종료 | 큐: 0건 | 번들맵: 4개
[2026-07-14 23:22:06] INFO: [POLLING] 시작 | 큐: 0건 | 처리중: 4건 | 번들: ID:55698(1건), ID:55700(1건), ID:55701(1건), ID:55704(1건)
[2026-07-14 23:22:06] INFO: [POLLING] 종료 | 큐: 0건 | 번들맵: 4개
[2026-07-14 23:22:16] INFO: [POLLING] 시작 | 큐: 0건 | 처리중: 4건 | 번들: ID:55698(1건), ID:55700(1건), ID:55701(1건), ID:55704(1건)
[2026-07-14 23:22:16] INFO: [POLLING] 종료 | 큐: 0건 | 번들맵: 4개
[2026-07-14 23:22:22] INFO: [REQ] contents=check-event | id=undefined
[2026-07-14 23:22:26] INFO: [POLLING] 시작 | 큐: 0건 | 처리중: 4건 | 번들: ID:55698(1건), ID:55700(1건), ID:55701(1건), ID:55704(1건)
[2026-07-14 23:22:26] INFO: [POLLING] 종료 | 큐: 0건 | 번들맵: 4개
[2026-07-14 23:22:36] INFO: [POLLING] 시작 | 큐: 0건 | 처리중: 4건 | 번들: ID:55698(1건), ID:55700(1건), ID:55701(1건), ID:55704(1건)
[2026-07-14 23:22:36] INFO: [POLLING] 종료 | 큐: 0건 | 번들맵: 4개
[2026-07-14 23:22:46] INFO: [POLLING] 시작 | 큐: 0건 | 처리중: 4건 | 번들: ID:55698(1건), ID:55700(1건), ID:55701(1건), ID:55704(1건)
[2026-07-14 23:22:46] INFO: [POLLING] 종료 | 큐: 0건 | 번들맵: 4개
[2026-07-14 23:22:56] INFO: [POLLING] 시작 | 큐: 0건 | 처리중: 4건 | 번들: ID:55698(1건), ID:55700(1건), ID:55701(1건), ID:55704(1건)
[2026-07-14 23:22:56] INFO: [POLLING] 종료 | 큐: 0건 | 번들맵: 4개
[2026-07-14 23:23:06] INFO: [POLLING] 시작 | 큐: 0건 | 처리중: 4건 | 번들: ID:55698(1건), ID:55700(1건), ID:55701(1건), ID:55704(1건)
[2026-07-14 23:23:06] INFO: [POLLING] 종료 | 큐: 0건 | 번들맵: 4개
[2026-07-14 23:23:09] INFO: [REQ] contents=check-event | id=undefined
[2026-07-14 23:23:16] INFO: [POLLING] 시작 | 큐: 0건 | 처리중: 4건 | 번들: ID:55698(1건), ID:55700(1건), ID:55701(1건), ID:55704(1건)
[2026-07-14 23:23:16] INFO: [POLLING] 종료 | 큐: 0건 | 번들맵: 4개
[2026-07-14 23:23:26] INFO: [POLLING] 시작 | 큐: 0건 | 처리중: 4건 | 번들: ID:55698(1건), ID:55700(1건), ID:55701(1건), ID:55704(1건)
[2026-07-14 23:23:26] INFO: [POLLING] 종료 | 큐: 0건 | 번들맵: 4개
[2026-07-14 23:23:36] INFO: [POLLING] 시작 | 큐: 0건 | 처리중: 4건 | 번들: ID:55698(1건), ID:55700(1건), ID:55701(1건), ID:55704(1건)
[2026-07-14 23:23:36] INFO: [POLLING] 종료 | 큐: 0건 | 번들맵: 4개
[2026-07-14 23:23:46] INFO: [POLLING] 시작 | 큐: 0건 | 처리중: 4건 | 번들: ID:55698(1건), ID:55700(1건), ID:55701(1건), ID:55704(1건)
[2026-07-14 23:23:46] INFO: [POLLING] 종료 | 큐: 0건 | 번들맵: 4개
[2026-07-14 23:23:56] INFO: [POLLING] 시작 | 큐: 0건 | 처리중: 4건 | 번들: ID:55698(1건), ID:55700(1건), ID:55701(1건), ID:55704(1건)
[2026-07-14 23:23:56] INFO: [POLLING] 종료 | 큐: 0건 | 번들맵: 4개
[2026-07-14 23:24:02] INFO: [REQ] contents=check-event | id=undefined
[2026-07-14 23:24:06] INFO: [POLLING] 시작 | 큐: 0건 | 처리중: 4건 | 번들: ID:55698(1건), ID:55700(1건), ID:55701(1건), ID:55704(1건)
[2026-07-14 23:24:06] INFO: [POLLING] 종료 | 큐: 0건 | 번들맵: 4개
[2026-07-14 23:24:16] INFO: [POLLING] 시작 | 큐: 0건 | 처리중: 4건 | 번들: ID:55698(1건), ID:55700(1건), ID:55701(1건), ID:55704(1건)
[2026-07-14 23:24:16] INFO: [POLLING] 종료 | 큐: 0건 | 번들맵: 4개
[2026-07-14 23:24:26] INFO: [POLLING] 시작 | 큐: 0건 | 처리중: 4건 | 번들: ID:55698(1건), ID:55700(1건), ID:55701(1건), ID:55704(1건)
[2026-07-14 23:24:26] INFO: [POLLING] 종료 | 큐: 0건 | 번들맵: 4개
[2026-07-14 23:24:36] INFO: [POLLING] 시작 | 큐: 0건 | 처리중: 4건 | 번들: ID:55698(1건), ID:55700(1건), ID:55701(1건), ID:55704(1건)
[2026-07-14 23:24:36] INFO: [POLLING] 종료 | 큐: 0건 | 번들맵: 4개
[2026-07-14 23:24:39] INFO: [REQ] contents=check-event | id=undefined
[2026-07-14 23:24:46] INFO: [POLLING] 시작 | 큐: 0건 | 처리중: 4건 | 번들: ID:55698(1건), ID:55700(1건), ID:55701(1건), ID:55704(1건)
[2026-07-14 23:24:46] INFO: [POLLING] 종료 | 큐: 0건 | 번들맵: 4개
[2026-07-14 23:24:56] INFO: [POLLING] 시작 | 큐: 0건 | 처리중: 4건 | 번들: ID:55698(1건), ID:55700(1건), ID:55701(1건), ID:55704(1건)
[2026-07-14 23:24:56] INFO: [POLLING] 종료 | 큐: 0건 | 번들맵: 4개
[2026-07-14 23:25:06] INFO: [POLLING] 시작 | 큐: 0건 | 처리중: 4건 | 번들: ID:55698(1건), ID:55700(1건), ID:55701(1건), ID:55704(1건)
[2026-07-14 23:25:06] INFO: [POLLING] 종료 | 큐: 0건 | 번들맵: 4개
[2026-07-14 23:25:16] INFO: [POLLING] 시작 | 큐: 0건 | 처리중: 4건 | 번들: ID:55698(1건), ID:55700(1건), ID:55701(1건), ID:55704(1건)
[2026-07-14 23:25:16] INFO: [POLLING] 종료 | 큐: 0건 | 번들맵: 4개
[2026-07-14 23:25:26] INFO: [POLLING] 시작 | 큐: 0건 | 처리중: 4건 | 번들: ID:55698(1건), ID:55700(1건), ID:55701(1건), ID:55704(1건)
[2026-07-14 23:25:26] INFO: [POLLING] 종료 | 큐: 0건 | 번들맵: 4개
[2026-07-14 23:25:32] INFO: [REQ] contents=check-event | id=undefined
[2026-07-14 23:25:36] INFO: [POLLING] 시작 | 큐: 0건 | 처리중: 4건 | 번들: ID:55698(1건), ID:55700(1건), ID:55701(1건), ID:55704(1건)
[2026-07-14 23:25:36] INFO: [POLLING] 종료 | 큐: 0건 | 번들맵: 4개
[2026-07-14 23:25:46] INFO: [POLLING] 시작 | 큐: 0건 | 처리중: 4건 | 번들: ID:55698(1건), ID:55700(1건), ID:55701(1건), ID:55704(1건)
[2026-07-14 23:25:46] INFO: [POLLING] 종료 | 큐: 0건 | 번들맵: 4개
[2026-07-14 23:25:56] INFO: [POLLING] 시작 | 큐: 0건 | 처리중: 4건 | 번들: ID:55698(1건), ID:55700(1건), ID:55701(1건), ID:55704(1건)
[2026-07-14 23:25:56] INFO: [POLLING] 종료 | 큐: 0건 | 번들맵: 4개
[2026-07-14 23:26:06] INFO: [POLLING] 시작 | 큐: 0건 | 처리중: 4건 | 번들: ID:55698(1건), ID:55700(1건), ID:55701(1건), ID:55704(1건)
[2026-07-14 23:26:07] INFO: [POLLING] 종료 | 큐: 0건 | 번들맵: 4개
[2026-07-14 23:26:16] INFO: [POLLING] 시작 | 큐: 0건 | 처리중: 4건 | 번들: ID:55698(1건), ID:55700(1건), ID:55701(1건), ID:55704(1건)
[2026-07-14 23:26:17] INFO: [POLLING] 종료 | 큐: 0건 | 번들맵: 4개
[2026-07-14 23:26:26] INFO: [POLLING] 시작 | 큐: 0건 | 처리중: 4건 | 번들: ID:55698(1건), ID:55700(1건), ID:55701(1건), ID:55704(1건)
[2026-07-14 23:26:27] INFO: [POLLING] 종료 | 큐: 0건 | 번들맵: 4개
[2026-07-14 23:26:29] INFO: [REQ] contents=check-event | id=undefined
[2026-07-14 23:26:36] INFO: [POLLING] 시작 | 큐: 0건 | 처리중: 4건 | 번들: ID:55698(1건), ID:55700(1건), ID:55701(1건), ID:55704(1건)
[2026-07-14 23:26:37] INFO: [POLLING] 종료 | 큐: 0건 | 번들맵: 4개
[2026-07-14 23:26:46] INFO: [POLLING] 시작 | 큐: 0건 | 처리중: 4건 | 번들: ID:55698(1건), ID:55700(1건), ID:55701(1건), ID:55704(1건)
[2026-07-14 23:26:47] INFO: [POLLING] 종료 | 큐: 0건 | 번들맵: 4개
[2026-07-14 23:26:56] INFO: [POLLING] 시작 | 큐: 0건 | 처리중: 4건 | 번들: ID:55698(1건), ID:55700(1건), ID:55701(1건), ID:55704(1건)
[2026-07-14 23:26:57] INFO: [POLLING] 종료 | 큐: 0건 | 번들맵: 4개
[2026-07-14 23:27:06] INFO: [POLLING] 시작 | 큐: 0건 | 처리중: 4건 | 번들: ID:55698(1건), ID:55700(1건), ID:55701(1건), ID:55704(1건)
[2026-07-14 23:27:07] INFO: [POLLING] 종료 | 큐: 0건 | 번들맵: 4개
[2026-07-14 23:27:16] INFO: [POLLING] 시작 | 큐: 0건 | 처리중: 4건 | 번들: ID:55698(1건), ID:55700(1건), ID:55701(1건), ID:55704(1건)
[2026-07-14 23:27:17] INFO: [POLLING] 종료 | 큐: 0건 | 번들맵: 4개
[2026-07-14 23:27:22] INFO: [REQ] contents=check-event | id=undefined
[2026-07-14 23:27:26] INFO: [POLLING] 시작 | 큐: 0건 | 처리중: 4건 | 번들: ID:55698(1건), ID:55700(1건), ID:55701(1건), ID:55704(1건)
[2026-07-14 23:27:27] INFO: [POLLING] 종료 | 큐: 0건 | 번들맵: 4개
[2026-07-14 23:27:36] INFO: [POLLING] 시작 | 큐: 0건 | 처리중: 4건 | 번들: ID:55698(1건), ID:55700(1건), ID:55701(1건), ID:55704(1건)
[2026-07-14 23:27:37] INFO: [POLLING] 종료 | 큐: 0건 | 번들맵: 4개
[2026-07-14 23:27:46] INFO: [POLLING] 시작 | 큐: 0건 | 처리중: 4건 | 번들: ID:55698(1건), ID:55700(1건), ID:55701(1건), ID:55704(1건)
[2026-07-14 23:27:47] INFO: [POLLING] 종료 | 큐: 0건 | 번들맵: 4개
[2026-07-14 23:27:56] INFO: [POLLING] 시작 | 큐: 0건 | 처리중: 4건 | 번들: ID:55698(1건), ID:55700(1건), ID:55701(1건), ID:55704(1건)
[2026-07-14 23:27:57] INFO: [POLLING] 종료 | 큐: 0건 | 번들맵: 4개
[2026-07-14 23:28:06] INFO: [POLLING] 시작 | 큐: 0건 | 처리중: 4건 | 번들: ID:55698(1건), ID:55700(1건), ID:55701(1건), ID:55704(1건)
[2026-07-14 23:28:07] INFO: [POLLING] 종료 | 큐: 0건 | 번들맵: 4개
[2026-07-14 23:28:09] INFO: [REQ] contents=check-event | id=undefined
[2026-07-14 23:28:16] INFO: [POLLING] 시작 | 큐: 0건 | 처리중: 4건 | 번들: ID:55698(1건), ID:55700(1건), ID:55701(1건), ID:55704(1건)
[2026-07-14 23:28:17] INFO: [POLLING] 종료 | 큐: 0건 | 번들맵: 4개
[2026-07-14 23:28:26] INFO: [POLLING] 시작 | 큐: 0건 | 처리중: 4건 | 번들: ID:55698(1건), ID:55700(1건), ID:55701(1건), ID:55704(1건)
[2026-07-14 23:28:27] INFO: [POLLING] 종료 | 큐: 0건 | 번들맵: 4개
[2026-07-14 23:28:36] INFO: [POLLING] 시작 | 큐: 0건 | 처리중: 4건 | 번들: ID:55698(1건), ID:55700(1건), ID:55701(1건), ID:55704(1건)
[2026-07-14 23:28:37] INFO: [POLLING] 종료 | 큐: 0건 | 번들맵: 4개
[2026-07-14 23:28:46] INFO: [POLLING] 시작 | 큐: 0건 | 처리중: 4건 | 번들: ID:55698(1건), ID:55700(1건), ID:55701(1건), ID:55704(1건)
[2026-07-14 23:28:47] INFO: [POLLING] 종료 | 큐: 0건 | 번들맵: 4개
[2026-07-14 23:28:56] INFO: [POLLING] 시작 | 큐: 0건 | 처리중: 4건 | 번들: ID:55698(1건), ID:55700(1건), ID:55701(1건), ID:55704(1건)
[2026-07-14 23:28:57] INFO: [POLLING] 종료 | 큐: 0건 | 번들맵: 4개
[2026-07-14 23:29:02] INFO: [REQ] contents=check-event | id=undefined
[2026-07-14 23:29:06] INFO: [POLLING] 시작 | 큐: 0건 | 처리중: 4건 | 번들: ID:55698(1건), ID:55700(1건), ID:55701(1건), ID:55704(1건)
[2026-07-14 23:29:07] INFO: [POLLING] 종료 | 큐: 0건 | 번들맵: 4개
[2026-07-14 23:29:16] INFO: [POLLING] 시작 | 큐: 0건 | 처리중: 4건 | 번들: ID:55698(1건), ID:55700(1건), ID:55701(1건), ID:55704(1건)
[2026-07-14 23:29:17] INFO: [POLLING] 종료 | 큐: 0건 | 번들맵: 4개
[2026-07-14 23:29:26] INFO: [POLLING] 시작 | 큐: 0건 | 처리중: 4건 | 번들: ID:55698(1건), ID:55700(1건), ID:55701(1건), ID:55704(1건)
[2026-07-14 23:29:27] INFO: [POLLING] 종료 | 큐: 0건 | 번들맵: 4개
[2026-07-14 23:29:36] INFO: [POLLING] 시작 | 큐: 0건 | 처리중: 4건 | 번들: ID:55698(1건), ID:55700(1건), ID:55701(1건), ID:55704(1건)
[2026-07-14 23:29:37] INFO: [POLLING] 종료 | 큐: 0건 | 번들맵: 4개
[2026-07-14 23:29:39] INFO: [REQ] contents=check-event | id=undefined
[2026-07-14 23:29:46] INFO: [POLLING] 시작 | 큐: 0건 | 처리중: 4건 | 번들: ID:55698(1건), ID:55700(1건), ID:55701(1건), ID:55704(1건)
[2026-07-14 23:29:47] INFO: [POLLING] 종료 | 큐: 0건 | 번들맵: 4개
[2026-07-14 23:29:56] INFO: [POLLING] 시작 | 큐: 0건 | 처리중: 4건 | 번들: ID:55698(1건), ID:55700(1건), ID:55701(1건), ID:55704(1건)
[2026-07-14 23:29:57] INFO: [POLLING] 종료 | 큐: 0건 | 번들맵: 4개
[2026-07-14 23:30:06] INFO: [POLLING] 시작 | 큐: 0건 | 처리중: 4건 | 번들: ID:55698(1건), ID:55700(1건), ID:55701(1건), ID:55704(1건)
[2026-07-14 23:30:07] INFO: [POLLING] 종료 | 큐: 0건 | 번들맵: 4개
[2026-07-14 23:30:16] INFO: [POLLING] 시작 | 큐: 0건 | 처리중: 4건 | 번들: ID:55698(1건), ID:55700(1건), ID:55701(1건), ID:55704(1건)
[2026-07-14 23:30:17] INFO: [POLLING] 종료 | 큐: 0건 | 번들맵: 4개
[2026-07-14 23:30:26] INFO: [POLLING] 시작 | 큐: 0건 | 처리중: 4건 | 번들: ID:55698(1건), ID:55700(1건), ID:55701(1건), ID:55704(1건)
[2026-07-14 23:30:27] INFO: [POLLING] 종료 | 큐: 0건 | 번들맵: 4개
[2026-07-14 23:30:33] INFO: [REQ] contents=check-event | id=undefined
[2026-07-14 23:30:36] INFO: [POLLING] 시작 | 큐: 0건 | 처리중: 4건 | 번들: ID:55698(1건), ID:55700(1건), ID:55701(1건), ID:55704(1건)
[2026-07-14 23:30:37] INFO: [POLLING] 종료 | 큐: 0건 | 번들맵: 4개
[2026-07-14 23:30:46] INFO: [POLLING] 시작 | 큐: 0건 | 처리중: 4건 | 번들: ID:55698(1건), ID:55700(1건), ID:55701(1건), ID:55704(1건)
[2026-07-14 23:30:47] INFO: [POLLING] 종료 | 큐: 0건 | 번들맵: 4개
[2026-07-14 23:30:56] INFO: [POLLING] 시작 | 큐: 0건 | 처리중: 4건 | 번들: ID:55698(1건), ID:55700(1건), ID:55701(1건), ID:55704(1건)
[2026-07-14 23:30:57] INFO: [POLLING] 종료 | 큐: 0건 | 번들맵: 4개
[2026-07-14 23:31:06] INFO: [POLLING] 시작 | 큐: 0건 | 처리중: 4건 | 번들: ID:55698(1건), ID:55700(1건), ID:55701(1건), ID:55704(1건)
[2026-07-14 23:31:07] INFO: [POLLING] 종료 | 큐: 0건 | 번들맵: 4개
[2026-07-14 23:31:16] INFO: [POLLING] 시작 | 큐: 0건 | 처리중: 4건 | 번들: ID:55698(1건), ID:55700(1건), ID:55701(1건), ID:55704(1건)
[2026-07-14 23:31:17] INFO: [POLLING] 종료 | 큐: 0건 | 번들맵: 4개
[2026-07-14 23:31:26] INFO: [POLLING] 시작 | 큐: 0건 | 처리중: 4건 | 번들: ID:55698(1건), ID:55700(1건), ID:55701(1건), ID:55704(1건)
[2026-07-14 23:31:27] INFO: [POLLING] 종료 | 큐: 0건 | 번들맵: 4개
[2026-07-14 23:31:29] INFO: [REQ] contents=check-event | id=undefined
[2026-07-14 23:31:36] INFO: [POLLING] 시작 | 큐: 0건 | 처리중: 4건 | 번들: ID:55698(1건), ID:55700(1건), ID:55701(1건), ID:55704(1건)
[2026-07-14 23:31:37] INFO: [POLLING] 종료 | 큐: 0건 | 번들맵: 4개
[2026-07-14 23:31:46] INFO: [POLLING] 시작 | 큐: 0건 | 처리중: 4건 | 번들: ID:55698(1건), ID:55700(1건), ID:55701(1건), ID:55704(1건)
[2026-07-14 23:31:47] INFO: [POLLING] 종료 | 큐: 0건 | 번들맵: 4개
[2026-07-14 23:31:56] INFO: [POLLING] 시작 | 큐: 0건 | 처리중: 4건 | 번들: ID:55698(1건), ID:55700(1건), ID:55701(1건), ID:55704(1건)
[2026-07-14 23:31:57] INFO: [POLLING] 종료 | 큐: 0건 | 번들맵: 4개
[2026-07-14 23:32:06] INFO: [POLLING] 시작 | 큐: 0건 | 처리중: 4건 | 번들: ID:55698(1건), ID:55700(1건), ID:55701(1건), ID:55704(1건)
[2026-07-14 23:32:07] INFO: [POLLING] 종료 | 큐: 0건 | 번들맵: 4개
[2026-07-14 23:32:16] INFO: [POLLING] 시작 | 큐: 0건 | 처리중: 4건 | 번들: ID:55698(1건), ID:55700(1건), ID:55701(1건), ID:55704(1건)
[2026-07-14 23:32:17] INFO: [POLLING] 종료 | 큐: 0건 | 번들맵: 4개
[2026-07-14 23:32:23] INFO: [REQ] contents=check-event | id=undefined
[2026-07-14 23:32:26] INFO: [POLLING] 시작 | 큐: 0건 | 처리중: 4건 | 번들: ID:55698(1건), ID:55700(1건), ID:55701(1건), ID:55704(1건)
[2026-07-14 23:32:27] INFO: [POLLING] 종료 | 큐: 0건 | 번들맵: 4개
[2026-07-14 23:32:36] INFO: [POLLING] 시작 | 큐: 0건 | 처리중: 4건 | 번들: ID:55698(1건), ID:55700(1건), ID:55701(1건), ID:55704(1건)
[2026-07-14 23:32:37] INFO: [POLLING] 종료 | 큐: 0건 | 번들맵: 4개
[2026-07-14 23:32:46] INFO: [POLLING] 시작 | 큐: 0건 | 처리중: 4건 | 번들: ID:55698(1건), ID:55700(1건), ID:55701(1건), ID:55704(1건)
[2026-07-14 23:32:47] INFO: [POLLING] 종료 | 큐: 0건 | 번들맵: 4개
[2026-07-14 23:32:56] INFO: [POLLING] 시작 | 큐: 0건 | 처리중: 4건 | 번들: ID:55698(1건), ID:55700(1건), ID:55701(1건), ID:55704(1건)
[2026-07-14 23:32:57] INFO: [POLLING] 종료 | 큐: 0건 | 번들맵: 4개
[2026-07-14 23:33:06] INFO: [POLLING] 시작 | 큐: 0건 | 처리중: 4건 | 번들: ID:55698(1건), ID:55700(1건), ID:55701(1건), ID:55704(1건)
[2026-07-14 23:33:07] INFO: [POLLING] 종료 | 큐: 0건 | 번들맵: 4개
[2026-07-14 23:33:10] INFO: [REQ] contents=check-event | id=undefined
[2026-07-14 23:33:16] INFO: [POLLING] 시작 | 큐: 0건 | 처리중: 4건 | 번들: ID:55698(1건), ID:55700(1건), ID:55701(1건), ID:55704(1건)
[2026-07-14 23:33:17] INFO: [POLLING] 종료 | 큐: 0건 | 번들맵: 4개
[2026-07-14 23:33:26] INFO: [POLLING] 시작 | 큐: 0건 | 처리중: 4건 | 번들: ID:55698(1건), ID:55700(1건), ID:55701(1건), ID:55704(1건)
[2026-07-14 23:33:27] INFO: [POLLING] 종료 | 큐: 0건 | 번들맵: 4개
[2026-07-14 23:33:36] INFO: [POLLING] 시작 | 큐: 0건 | 처리중: 4건 | 번들: ID:55698(1건), ID:55700(1건), ID:55701(1건), ID:55704(1건)
[2026-07-14 23:33:37] INFO: [POLLING] 종료 | 큐: 0건 | 번들맵: 4개
[2026-07-14 23:33:46] INFO: [POLLING] 시작 | 큐: 0건 | 처리중: 4건 | 번들: ID:55698(1건), ID:55700(1건), ID:55701(1건), ID:55704(1건)
[2026-07-14 23:33:47] INFO: [POLLING] 종료 | 큐: 0건 | 번들맵: 4개
[2026-07-14 23:33:56] INFO: [POLLING] 시작 | 큐: 0건 | 처리중: 4건 | 번들: ID:55698(1건), ID:55700(1건), ID:55701(1건), ID:55704(1건)
[2026-07-14 23:33:57] INFO: [POLLING] 종료 | 큐: 0건 | 번들맵: 4개
[2026-07-14 23:34:03] INFO: [REQ] contents=check-event | id=undefined
[2026-07-14 23:34:06] INFO: [POLLING] 시작 | 큐: 0건 | 처리중: 4건 | 번들: ID:55698(1건), ID:55700(1건), ID:55701(1건), ID:55704(1건)
[2026-07-14 23:34:07] INFO: [POLLING] 종료 | 큐: 0건 | 번들맵: 4개
[2026-07-14 23:34:16] INFO: [POLLING] 시작 | 큐: 0건 | 처리중: 4건 | 번들: ID:55698(1건), ID:55700(1건), ID:55701(1건), ID:55704(1건)
[2026-07-14 23:34:17] INFO: [POLLING] 종료 | 큐: 0건 | 번들맵: 4개
[2026-07-14 23:34:26] INFO: [POLLING] 시작 | 큐: 0건 | 처리중: 4건 | 번들: ID:55698(1건), ID:55700(1건), ID:55701(1건), ID:55704(1건)
[2026-07-14 23:34:27] INFO: [POLLING] 종료 | 큐: 0건 | 번들맵: 4개
[2026-07-14 23:34:30] INFO: [REQ] contents=check-event | id=undefined
[2026-07-14 23:34:36] INFO: [POLLING] 시작 | 큐: 0건 | 처리중: 4건 | 번들: ID:55698(1건), ID:55700(1건), ID:55701(1건), ID:55704(1건)
[2026-07-14 23:34:37] INFO: [POLLING] 종료 | 큐: 0건 | 번들맵: 4개
[2026-07-14 23:34:46] INFO: [POLLING] 시작 | 큐: 0건 | 처리중: 4건 | 번들: ID:55698(1건), ID:55700(1건), ID:55701(1건), ID:55704(1건)
[2026-07-14 23:34:47] INFO: [POLLING] 종료 | 큐: 0건 | 번들맵: 4개
[2026-07-14 23:34:56] INFO: [POLLING] 시작 | 큐: 0건 | 처리중: 4건 | 번들: ID:55698(1건), ID:55700(1건), ID:55701(1건), ID:55704(1건)
[2026-07-14 23:34:57] INFO: [POLLING] 종료 | 큐: 0건 | 번들맵: 4개
[2026-07-14 23:35:06] INFO: [POLLING] 시작 | 큐: 0건 | 처리중: 4건 | 번들: ID:55698(1건), ID:55700(1건), ID:55701(1건), ID:55704(1건)
[2026-07-14 23:35:07] INFO: [POLLING] 종료 | 큐: 0건 | 번들맵: 4개
[2026-07-14 23:35:16] INFO: [POLLING] 시작 | 큐: 0건 | 처리중: 4건 | 번들: ID:55698(1건), ID:55700(1건), ID:55701(1건), ID:55704(1건)
[2026-07-14 23:35:17] INFO: [POLLING] 종료 | 큐: 0건 | 번들맵: 4개
[2026-07-14 23:35:26] INFO: [POLLING] 시작 | 큐: 0건 | 처리중: 4건 | 번들: ID:55698(1건), ID:55700(1건), ID:55701(1건), ID:55704(1건)
[2026-07-14 23:35:27] INFO: [POLLING] 종료 | 큐: 0건 | 번들맵: 4개
[2026-07-14 23:35:33] INFO: [REQ] contents=check-event | id=undefined
[2026-07-14 23:35:36] INFO: [POLLING] 시작 | 큐: 0건 | 처리중: 4건 | 번들: ID:55698(1건), ID:55700(1건), ID:55701(1건), ID:55704(1건)
[2026-07-14 23:35:37] INFO: [POLLING] 종료 | 큐: 0건 | 번들맵: 4개
[2026-07-14 23:35:46] INFO: [POLLING] 시작 | 큐: 0건 | 처리중: 4건 | 번들: ID:55698(1건), ID:55700(1건), ID:55701(1건), ID:55704(1건)
[2026-07-14 23:35:47] INFO: [POLLING] 종료 | 큐: 0건 | 번들맵: 4개
[2026-07-14 23:35:56] INFO: [POLLING] 시작 | 큐: 0건 | 처리중: 4건 | 번들: ID:55698(1건), ID:55700(1건), ID:55701(1건), ID:55704(1건)
[2026-07-14 23:35:57] INFO: [POLLING] 종료 | 큐: 0건 | 번들맵: 4개
[2026-07-14 23:36:06] INFO: [POLLING] 시작 | 큐: 0건 | 처리중: 4건 | 번들: ID:55698(1건), ID:55700(1건), ID:55701(1건), ID:55704(1건)
[2026-07-14 23:36:07] INFO: [POLLING] 종료 | 큐: 0건 | 번들맵: 4개
[2026-07-14 23:36:16] INFO: [POLLING] 시작 | 큐: 0건 | 처리중: 4건 | 번들: ID:55698(1건), ID:55700(1건), ID:55701(1건), ID:55704(1건)
[2026-07-14 23:36:17] INFO: [POLLING] 종료 | 큐: 0건 | 번들맵: 4개
[2026-07-14 23:36:20] INFO: [REQ] contents=check-event | id=undefined
[2026-07-14 23:36:27] INFO: [POLLING] 시작 | 큐: 0건 | 처리중: 4건 | 번들: ID:55698(1건), ID:55700(1건), ID:55701(1건), ID:55704(1건)
[2026-07-14 23:36:27] INFO: [POLLING] 종료 | 큐: 0건 | 번들맵: 4개
[2026-07-14 23:36:37] INFO: [POLLING] 시작 | 큐: 0건 | 처리중: 4건 | 번들: ID:55698(1건), ID:55700(1건), ID:55701(1건), ID:55704(1건)
[2026-07-14 23:36:37] INFO: [POLLING] 종료 | 큐: 0건 | 번들맵: 4개
[2026-07-14 23:36:47] INFO: [POLLING] 시작 | 큐: 0건 | 처리중: 4건 | 번들: ID:55698(1건), ID:55700(1건), ID:55701(1건), ID:55704(1건)
[2026-07-14 23:36:47] INFO: [POLLING] 종료 | 큐: 0건 | 번들맵: 4개
[2026-07-14 23:36:57] INFO: [POLLING] 시작 | 큐: 0건 | 처리중: 4건 | 번들: ID:55698(1건), ID:55700(1건), ID:55701(1건), ID:55704(1건)
[2026-07-14 23:36:57] INFO: [POLLING] 종료 | 큐: 0건 | 번들맵: 4개
[2026-07-14 23:37:07] INFO: [POLLING] 시작 | 큐: 0건 | 처리중: 4건 | 번들: ID:55698(1건), ID:55700(1건), ID:55701(1건), ID:55704(1건)
[2026-07-14 23:37:07] INFO: [POLLING] 종료 | 큐: 0건 | 번들맵: 4개
[2026-07-14 23:37:17] INFO: [POLLING] 시작 | 큐: 0건 | 처리중: 4건 | 번들: ID:55698(1건), ID:55700(1건), ID:55701(1건), ID:55704(1건)
[2026-07-14 23:37:17] INFO: [POLLING] 종료 | 큐: 0건 | 번들맵: 4개
[2026-07-14 23:37:23] INFO: [REQ] contents=check-event | id=undefined
[2026-07-14 23:37:27] INFO: [POLLING] 시작 | 큐: 0건 | 처리중: 4건 | 번들: ID:55698(1건), ID:55700(1건), ID:55701(1건), ID:55704(1건)
[2026-07-14 23:37:27] INFO: [POLLING] 종료 | 큐: 0건 | 번들맵: 4개
[2026-07-14 23:37:37] INFO: [POLLING] 시작 | 큐: 0건 | 처리중: 4건 | 번들: ID:55698(1건), ID:55700(1건), ID:55701(1건), ID:55704(1건)
[2026-07-14 23:37:37] INFO: [POLLING] 종료 | 큐: 0건 | 번들맵: 4개
[2026-07-14 23:37:47] INFO: [POLLING] 시작 | 큐: 0건 | 처리중: 4건 | 번들: ID:55698(1건), ID:55700(1건), ID:55701(1건), ID:55704(1건)
[2026-07-14 23:37:47] INFO: [POLLING] 종료 | 큐: 0건 | 번들맵: 4개
[2026-07-14 23:37:57] INFO: [POLLING] 시작 | 큐: 0건 | 처리중: 4건 | 번들: ID:55698(1건), ID:55700(1건), ID:55701(1건), ID:55704(1건)
[2026-07-14 23:37:57] INFO: [POLLING] 종료 | 큐: 0건 | 번들맵: 4개
[2026-07-14 23:38:00] INFO: [REQ] contents=check-event | id=undefined
[2026-07-14 23:38:07] INFO: [POLLING] 시작 | 큐: 0건 | 처리중: 4건 | 번들: ID:55698(1건), ID:55700(1건), ID:55701(1건), ID:55704(1건)
[2026-07-14 23:38:07] INFO: [POLLING] 종료 | 큐: 0건 | 번들맵: 4개
[2026-07-14 23:38:17] INFO: [POLLING] 시작 | 큐: 0건 | 처리중: 4건 | 번들: ID:55698(1건), ID:55700(1건), ID:55701(1건), ID:55704(1건)
[2026-07-14 23:38:17] INFO: [POLLING] 종료 | 큐: 0건 | 번들맵: 4개
[2026-07-14 23:38:27] INFO: [POLLING] 시작 | 큐: 0건 | 처리중: 4건 | 번들: ID:55698(1건), ID:55700(1건), ID:55701(1건), ID:55704(1건)
[2026-07-14 23:38:27] INFO: [POLLING] 종료 | 큐: 0건 | 번들맵: 4개
[2026-07-14 23:38:37] INFO: [POLLING] 시작 | 큐: 0건 | 처리중: 4건 | 번들: ID:55698(1건), ID:55700(1건), ID:55701(1건), ID:55704(1건)
[2026-07-14 23:38:37] INFO: [POLLING] 종료 | 큐: 0건 | 번들맵: 4개
[2026-07-14 23:38:47] INFO: [POLLING] 시작 | 큐: 0건 | 처리중: 4건 | 번들: ID:55698(1건), ID:55700(1건), ID:55701(1건), ID:55704(1건)
[2026-07-14 23:38:47] INFO: [POLLING] 종료 | 큐: 0건 | 번들맵: 4개
[2026-07-14 23:38:57] INFO: [POLLING] 시작 | 큐: 0건 | 처리중: 4건 | 번들: ID:55698(1건), ID:55700(1건), ID:55701(1건), ID:55704(1건)
[2026-07-14 23:38:57] INFO: [POLLING] 종료 | 큐: 0건 | 번들맵: 4개
[2026-07-14 23:39:03] INFO: [REQ] contents=check-event | id=undefined
[2026-07-14 23:39:07] INFO: [POLLING] 시작 | 큐: 0건 | 처리중: 4건 | 번들: ID:55698(1건), ID:55700(1건), ID:55701(1건), ID:55704(1건)
[2026-07-14 23:39:07] INFO: [POLLING] 종료 | 큐: 0건 | 번들맵: 4개
[2026-07-14 23:39:17] INFO: [POLLING] 시작 | 큐: 0건 | 처리중: 4건 | 번들: ID:55698(1건), ID:55700(1건), ID:55701(1건), ID:55704(1건)
[2026-07-14 23:39:17] INFO: [POLLING] 종료 | 큐: 0건 | 번들맵: 4개
[2026-07-14 23:39:27] INFO: [POLLING] 시작 | 큐: 0건 | 처리중: 4건 | 번들: ID:55698(1건), ID:55700(1건), ID:55701(1건), ID:55704(1건)
[2026-07-14 23:39:27] INFO: [POLLING] 종료 | 큐: 0건 | 번들맵: 4개
[2026-07-14 23:39:30] INFO: [REQ] contents=check-event | id=undefined
[2026-07-14 23:39:37] INFO: [POLLING] 시작 | 큐: 0건 | 처리중: 4건 | 번들: ID:55698(1건), ID:55700(1건), ID:55701(1건), ID:55704(1건)
[2026-07-14 23:39:37] INFO: [POLLING] 종료 | 큐: 0건 | 번들맵: 4개
[2026-07-14 23:39:47] INFO: [POLLING] 시작 | 큐: 0건 | 처리중: 4건 | 번들: ID:55698(1건), ID:55700(1건), ID:55701(1건), ID:55704(1건)
[2026-07-14 23:39:47] INFO: [POLLING] 종료 | 큐: 0건 | 번들맵: 4개
[2026-07-14 23:39:57] INFO: [POLLING] 시작 | 큐: 0건 | 처리중: 4건 | 번들: ID:55698(1건), ID:55700(1건), ID:55701(1건), ID:55704(1건)
[2026-07-14 23:39:57] INFO: [POLLING] 종료 | 큐: 0건 | 번들맵: 4개
[2026-07-14 23:40:07] INFO: [POLLING] 시작 | 큐: 0건 | 처리중: 4건 | 번들: ID:55698(1건), ID:55700(1건), ID:55701(1건), ID:55704(1건)
[2026-07-14 23:40:07] INFO: [POLLING] 종료 | 큐: 0건 | 번들맵: 4개
[2026-07-14 23:40:17] INFO: [POLLING] 시작 | 큐: 0건 | 처리중: 4건 | 번들: ID:55698(1건), ID:55700(1건), ID:55701(1건), ID:55704(1건)
[2026-07-14 23:40:17] INFO: [POLLING] 종료 | 큐: 0건 | 번들맵: 4개
[2026-07-14 23:40:27] INFO: [POLLING] 시작 | 큐: 0건 | 처리중: 4건 | 번들: ID:55698(1건), ID:55700(1건), ID:55701(1건), ID:55704(1건)
[2026-07-14 23:40:27] INFO: [POLLING] 종료 | 큐: 0건 | 번들맵: 4개
[2026-07-14 23:40:34] INFO: [REQ] contents=check-event | id=undefined
[2026-07-14 23:40:37] INFO: [POLLING] 시작 | 큐: 0건 | 처리중: 4건 | 번들: ID:55698(1건), ID:55700(1건), ID:55701(1건), ID:55704(1건)
[2026-07-14 23:40:37] INFO: [POLLING] 종료 | 큐: 0건 | 번들맵: 4개
[2026-07-14 23:40:47] INFO: [POLLING] 시작 | 큐: 0건 | 처리중: 4건 | 번들: ID:55698(1건), ID:55700(1건), ID:55701(1건), ID:55704(1건)
[2026-07-14 23:40:47] INFO: [POLLING] 종료 | 큐: 0건 | 번들맵: 4개
[2026-07-14 23:40:57] INFO: [POLLING] 시작 | 큐: 0건 | 처리중: 4건 | 번들: ID:55698(1건), ID:55700(1건), ID:55701(1건), ID:55704(1건)
[2026-07-14 23:40:57] INFO: [POLLING] 종료 | 큐: 0건 | 번들맵: 4개
[2026-07-14 23:41:07] INFO: [POLLING] 시작 | 큐: 0건 | 처리중: 4건 | 번들: ID:55698(1건), ID:55700(1건), ID:55701(1건), ID:55704(1건)
[2026-07-14 23:41:07] INFO: [POLLING] 종료 | 큐: 0건 | 번들맵: 4개
[2026-07-14 23:41:17] INFO: [POLLING] 시작 | 큐: 0건 | 처리중: 4건 | 번들: ID:55698(1건), ID:55700(1건), ID:55701(1건), ID:55704(1건)
[2026-07-14 23:41:17] INFO: [POLLING] 종료 | 큐: 0건 | 번들맵: 4개
[2026-07-14 23:41:20] INFO: [REQ] contents=check-event | id=undefined
[2026-07-14 23:41:27] INFO: [POLLING] 시작 | 큐: 0건 | 처리중: 4건 | 번들: ID:55698(1건), ID:55700(1건), ID:55701(1건), ID:55704(1건)
[2026-07-14 23:41:27] INFO: [POLLING] 종료 | 큐: 0건 | 번들맵: 4개
[2026-07-14 23:41:37] INFO: [POLLING] 시작 | 큐: 0건 | 처리중: 4건 | 번들: ID:55698(1건), ID:55700(1건), ID:55701(1건), ID:55704(1건)
[2026-07-14 23:41:37] INFO: [POLLING] 종료 | 큐: 0건 | 번들맵: 4개
[2026-07-14 23:41:47] INFO: [POLLING] 시작 | 큐: 0건 | 처리중: 4건 | 번들: ID:55698(1건), ID:55700(1건), ID:55701(1건), ID:55704(1건)
[2026-07-14 23:41:47] INFO: [POLLING] 종료 | 큐: 0건 | 번들맵: 4개
[2026-07-14 23:41:57] INFO: [POLLING] 시작 | 큐: 0건 | 처리중: 4건 | 번들: ID:55698(1건), ID:55700(1건), ID:55701(1건), ID:55704(1건)
[2026-07-14 23:41:57] INFO: [POLLING] 종료 | 큐: 0건 | 번들맵: 4개
[2026-07-14 23:42:07] INFO: [POLLING] 시작 | 큐: 0건 | 처리중: 4건 | 번들: ID:55698(1건), ID:55700(1건), ID:55701(1건), ID:55704(1건)
[2026-07-14 23:42:07] INFO: [POLLING] 종료 | 큐: 0건 | 번들맵: 4개
[2026-07-14 23:42:17] INFO: [POLLING] 시작 | 큐: 0건 | 처리중: 4건 | 번들: ID:55698(1건), ID:55700(1건), ID:55701(1건), ID:55704(1건)
[2026-07-14 23:42:17] INFO: [POLLING] 종료 | 큐: 0건 | 번들맵: 4개
[2026-07-14 23:42:24] INFO: [REQ] contents=check-event | id=undefined
[2026-07-14 23:42:27] INFO: [POLLING] 시작 | 큐: 0건 | 처리중: 4건 | 번들: ID:55698(1건), ID:55700(1건), ID:55701(1건), ID:55704(1건)
[2026-07-14 23:42:27] INFO: [POLLING] 종료 | 큐: 0건 | 번들맵: 4개
[2026-07-14 23:42:37] INFO: [POLLING] 시작 | 큐: 0건 | 처리중: 4건 | 번들: ID:55698(1건), ID:55700(1건), ID:55701(1건), ID:55704(1건)
[2026-07-14 23:42:37] INFO: [POLLING] 종료 | 큐: 0건 | 번들맵: 4개
[2026-07-14 23:42:47] INFO: [POLLING] 시작 | 큐: 0건 | 처리중: 4건 | 번들: ID:55698(1건), ID:55700(1건), ID:55701(1건), ID:55704(1건)
[2026-07-14 23:42:47] INFO: [POLLING] 종료 | 큐: 0건 | 번들맵: 4개
[2026-07-14 23:42:57] INFO: [POLLING] 시작 | 큐: 0건 | 처리중: 4건 | 번들: ID:55698(1건), ID:55700(1건), ID:55701(1건), ID:55704(1건)
[2026-07-14 23:42:57] INFO: [POLLING] 종료 | 큐: 0건 | 번들맵: 4개
[2026-07-14 23:43:01] INFO: [REQ] contents=check-event | id=undefined
[2026-07-14 23:43:07] INFO: [POLLING] 시작 | 큐: 0건 | 처리중: 4건 | 번들: ID:55698(1건), ID:55700(1건), ID:55701(1건), ID:55704(1건)
[2026-07-14 23:43:07] INFO: [POLLING] 종료 | 큐: 0건 | 번들맵: 4개
[2026-07-14 23:43:17] INFO: [POLLING] 시작 | 큐: 0건 | 처리중: 4건 | 번들: ID:55698(1건), ID:55700(1건), ID:55701(1건), ID:55704(1건)
[2026-07-14 23:43:17] INFO: [POLLING] 종료 | 큐: 0건 | 번들맵: 4개
[2026-07-14 23:43:27] INFO: [POLLING] 시작 | 큐: 0건 | 처리중: 4건 | 번들: ID:55698(1건), ID:55700(1건), ID:55701(1건), ID:55704(1건)
[2026-07-14 23:43:27] INFO: [POLLING] 종료 | 큐: 0건 | 번들맵: 4개
[2026-07-14 23:43:37] INFO: [POLLING] 시작 | 큐: 0건 | 처리중: 4건 | 번들: ID:55698(1건), ID:55700(1건), ID:55701(1건), ID:55704(1건)
[2026-07-14 23:43:37] INFO: [POLLING] 종료 | 큐: 0건 | 번들맵: 4개
[2026-07-14 23:43:47] INFO: [POLLING] 시작 | 큐: 0건 | 처리중: 4건 | 번들: ID:55698(1건), ID:55700(1건), ID:55701(1건), ID:55704(1건)
[2026-07-14 23:43:47] INFO: [POLLING] 종료 | 큐: 0건 | 번들맵: 4개
[2026-07-14 23:43:57] INFO: [POLLING] 시작 | 큐: 0건 | 처리중: 4건 | 번들: ID:55698(1건), ID:55700(1건), ID:55701(1건), ID:55704(1건)
[2026-07-14 23:43:58] INFO: [POLLING] 종료 | 큐: 0건 | 번들맵: 4개
[2026-07-14 23:44:04] INFO: [REQ] contents=check-event | id=undefined
[2026-07-14 23:44:07] INFO: [POLLING] 시작 | 큐: 0건 | 처리중: 4건 | 번들: ID:55698(1건), ID:55700(1건), ID:55701(1건), ID:55704(1건)
[2026-07-14 23:44:08] INFO: [POLLING] 종료 | 큐: 0건 | 번들맵: 4개
[2026-07-14 23:44:17] INFO: [POLLING] 시작 | 큐: 0건 | 처리중: 4건 | 번들: ID:55698(1건), ID:55700(1건), ID:55701(1건), ID:55704(1건)
[2026-07-14 23:44:18] INFO: [POLLING] 종료 | 큐: 0건 | 번들맵: 4개
[2026-07-14 23:44:27] INFO: [POLLING] 시작 | 큐: 0건 | 처리중: 4건 | 번들: ID:55698(1건), ID:55700(1건), ID:55701(1건), ID:55704(1건)
[2026-07-14 23:44:28] INFO: [POLLING] 종료 | 큐: 0건 | 번들맵: 4개
[2026-07-14 23:44:31] INFO: [REQ] contents=check-event | id=undefined
[2026-07-14 23:44:37] INFO: [POLLING] 시작 | 큐: 0건 | 처리중: 4건 | 번들: ID:55698(1건), ID:55700(1건), ID:55701(1건), ID:55704(1건)
[2026-07-14 23:44:38] INFO: [POLLING] 종료 | 큐: 0건 | 번들맵: 4개
[2026-07-14 23:44:47] INFO: [POLLING] 시작 | 큐: 0건 | 처리중: 4건 | 번들: ID:55698(1건), ID:55700(1건), ID:55701(1건), ID:55704(1건)
[2026-07-14 23:44:48] INFO: [POLLING] 종료 | 큐: 0건 | 번들맵: 4개
[2026-07-14 23:44:57] INFO: [POLLING] 시작 | 큐: 0건 | 처리중: 4건 | 번들: ID:55698(1건), ID:55700(1건), ID:55701(1건), ID:55704(1건)
[2026-07-14 23:44:58] INFO: [POLLING] 종료 | 큐: 0건 | 번들맵: 4개
[2026-07-14 23:45:07] INFO: [POLLING] 시작 | 큐: 0건 | 처리중: 4건 | 번들: ID:55698(1건), ID:55700(1건), ID:55701(1건), ID:55704(1건)
[2026-07-14 23:45:08] INFO: [POLLING] 종료 | 큐: 0건 | 번들맵: 4개
[2026-07-14 23:45:17] INFO: [POLLING] 시작 | 큐: 0건 | 처리중: 4건 | 번들: ID:55698(1건), ID:55700(1건), ID:55701(1건), ID:55704(1건)
[2026-07-14 23:45:18] INFO: [POLLING] 종료 | 큐: 0건 | 번들맵: 4개
[2026-07-14 23:45:27] INFO: [POLLING] 시작 | 큐: 0건 | 처리중: 4건 | 번들: ID:55698(1건), ID:55700(1건), ID:55701(1건), ID:55704(1건)
[2026-07-14 23:45:28] INFO: [POLLING] 종료 | 큐: 0건 | 번들맵: 4개
[2026-07-14 23:45:34] INFO: [REQ] contents=check-event | id=undefined
[2026-07-14 23:45:37] INFO: [POLLING] 시작 | 큐: 0건 | 처리중: 4건 | 번들: ID:55698(1건), ID:55700(1건), ID:55701(1건), ID:55704(1건)
[2026-07-14 23:45:38] INFO: [POLLING] 종료 | 큐: 0건 | 번들맵: 4개
[2026-07-14 23:45:47] INFO: [POLLING] 시작 | 큐: 0건 | 처리중: 4건 | 번들: ID:55698(1건), ID:55700(1건), ID:55701(1건), ID:55704(1건)
[2026-07-14 23:45:48] INFO: [POLLING] 종료 | 큐: 0건 | 번들맵: 4개
[2026-07-14 23:45:57] INFO: [POLLING] 시작 | 큐: 0건 | 처리중: 4건 | 번들: ID:55698(1건), ID:55700(1건), ID:55701(1건), ID:55704(1건)
[2026-07-14 23:45:58] INFO: [POLLING] 종료 | 큐: 0건 | 번들맵: 4개
[2026-07-14 23:46:07] INFO: [POLLING] 시작 | 큐: 0건 | 처리중: 4건 | 번들: ID:55698(1건), ID:55700(1건), ID:55701(1건), ID:55704(1건)
[2026-07-14 23:46:08] INFO: [POLLING] 종료 | 큐: 0건 | 번들맵: 4개
[2026-07-14 23:46:17] INFO: [POLLING] 시작 | 큐: 0건 | 처리중: 4건 | 번들: ID:55698(1건), ID:55700(1건), ID:55701(1건), ID:55704(1건)
[2026-07-14 23:46:18] INFO: [POLLING] 종료 | 큐: 0건 | 번들맵: 4개
[2026-07-14 23:46:21] INFO: [REQ] contents=check-event | id=undefined
[2026-07-14 23:46:27] INFO: [POLLING] 시작 | 큐: 0건 | 처리중: 4건 | 번들: ID:55698(1건), ID:55700(1건), ID:55701(1건), ID:55704(1건)
[2026-07-14 23:46:28] INFO: [POLLING] 종료 | 큐: 0건 | 번들맵: 4개
[2026-07-14 23:46:37] INFO: [POLLING] 시작 | 큐: 0건 | 처리중: 4건 | 번들: ID:55698(1건), ID:55700(1건), ID:55701(1건), ID:55704(1건)
[2026-07-14 23:46:38] INFO: [POLLING] 종료 | 큐: 0건 | 번들맵: 4개
[2026-07-14 23:46:47] INFO: [POLLING] 시작 | 큐: 0건 | 처리중: 4건 | 번들: ID:55698(1건), ID:55700(1건), ID:55701(1건), ID:55704(1건)
[2026-07-14 23:46:48] INFO: [POLLING] 종료 | 큐: 0건 | 번들맵: 4개
[2026-07-14 23:46:57] INFO: [POLLING] 시작 | 큐: 0건 | 처리중: 4건 | 번들: ID:55698(1건), ID:55700(1건), ID:55701(1건), ID:55704(1건)
[2026-07-14 23:46:58] INFO: [POLLING] 종료 | 큐: 0건 | 번들맵: 4개
[2026-07-14 23:47:07] INFO: [POLLING] 시작 | 큐: 0건 | 처리중: 4건 | 번들: ID:55698(1건), ID:55700(1건), ID:55701(1건), ID:55704(1건)
[2026-07-14 23:47:08] INFO: [POLLING] 종료 | 큐: 0건 | 번들맵: 4개
[2026-07-14 23:47:17] INFO: [POLLING] 시작 | 큐: 0건 | 처리중: 4건 | 번들: ID:55698(1건), ID:55700(1건), ID:55701(1건), ID:55704(1건)
[2026-07-14 23:47:18] INFO: [POLLING] 종료 | 큐: 0건 | 번들맵: 4개
[2026-07-14 23:47:24] INFO: [REQ] contents=check-event | id=undefined
[2026-07-14 23:47:27] INFO: [POLLING] 시작 | 큐: 0건 | 처리중: 4건 | 번들: ID:55698(1건), ID:55700(1건), ID:55701(1건), ID:55704(1건)
[2026-07-14 23:47:28] INFO: [POLLING] 종료 | 큐: 0건 | 번들맵: 4개
[2026-07-14 23:47:37] INFO: [POLLING] 시작 | 큐: 0건 | 처리중: 4건 | 번들: ID:55698(1건), ID:55700(1건), ID:55701(1건), ID:55704(1건)
[2026-07-14 23:47:38] INFO: [POLLING] 종료 | 큐: 0건 | 번들맵: 4개
[2026-07-14 23:47:47] INFO: [POLLING] 시작 | 큐: 0건 | 처리중: 4건 | 번들: ID:55698(1건), ID:55700(1건), ID:55701(1건), ID:55704(1건)
[2026-07-14 23:47:48] INFO: [POLLING] 종료 | 큐: 0건 | 번들맵: 4개
[2026-07-14 23:47:57] INFO: [POLLING] 시작 | 큐: 0건 | 처리중: 4건 | 번들: ID:55698(1건), ID:55700(1건), ID:55701(1건), ID:55704(1건)
[2026-07-14 23:47:58] INFO: [POLLING] 종료 | 큐: 0건 | 번들맵: 4개
[2026-07-14 23:48:01] INFO: [REQ] contents=check-event | id=undefined
[2026-07-14 23:48:07] INFO: [POLLING] 시작 | 큐: 0건 | 처리중: 4건 | 번들: ID:55698(1건), ID:55700(1건), ID:55701(1건), ID:55704(1건)
[2026-07-14 23:48:08] INFO: [POLLING] 종료 | 큐: 0건 | 번들맵: 4개
[2026-07-14 23:48:17] INFO: [POLLING] 시작 | 큐: 0건 | 처리중: 4건 | 번들: ID:55698(1건), ID:55700(1건), ID:55701(1건), ID:55704(1건)
[2026-07-14 23:48:18] INFO: [POLLING] 종료 | 큐: 0건 | 번들맵: 4개
[2026-07-14 23:48:27] INFO: [POLLING] 시작 | 큐: 0건 | 처리중: 4건 | 번들: ID:55698(1건), ID:55700(1건), ID:55701(1건), ID:55704(1건)
[2026-07-14 23:48:28] INFO: [POLLING] 종료 | 큐: 0건 | 번들맵: 4개
[2026-07-14 23:48:37] INFO: [POLLING] 시작 | 큐: 0건 | 처리중: 4건 | 번들: ID:55698(1건), ID:55700(1건), ID:55701(1건), ID:55704(1건)
[2026-07-14 23:48:38] INFO: [POLLING] 종료 | 큐: 0건 | 번들맵: 4개
[2026-07-14 23:48:47] INFO: [POLLING] 시작 | 큐: 0건 | 처리중: 4건 | 번들: ID:55698(1건), ID:55700(1건), ID:55701(1건), ID:55704(1건)
[2026-07-14 23:48:48] INFO: [POLLING] 종료 | 큐: 0건 | 번들맵: 4개
[2026-07-14 23:48:57] INFO: [POLLING] 시작 | 큐: 0건 | 처리중: 4건 | 번들: ID:55698(1건), ID:55700(1건), ID:55701(1건), ID:55704(1건)
[2026-07-14 23:48:58] INFO: [POLLING] 종료 | 큐: 0건 | 번들맵: 4개
[2026-07-14 23:49:04] INFO: [REQ] contents=check-event | id=undefined
[2026-07-14 23:49:07] INFO: [POLLING] 시작 | 큐: 0건 | 처리중: 4건 | 번들: ID:55698(1건), ID:55700(1건), ID:55701(1건), ID:55704(1건)
[2026-07-14 23:49:08] INFO: [POLLING] 종료 | 큐: 0건 | 번들맵: 4개
[2026-07-14 23:49:17] INFO: [POLLING] 시작 | 큐: 0건 | 처리중: 4건 | 번들: ID:55698(1건), ID:55700(1건), ID:55701(1건), ID:55704(1건)
[2026-07-14 23:49:18] INFO: [POLLING] 종료 | 큐: 0건 | 번들맵: 4개
[2026-07-14 23:49:27] INFO: [POLLING] 시작 | 큐: 0건 | 처리중: 4건 | 번들: ID:55698(1건), ID:55700(1건), ID:55701(1건), ID:55704(1건)
[2026-07-14 23:49:28] INFO: [POLLING] 종료 | 큐: 0건 | 번들맵: 4개
[2026-07-14 23:49:31] INFO: [REQ] contents=check-event | id=undefined
[2026-07-14 23:49:37] INFO: [POLLING] 시작 | 큐: 0건 | 처리중: 4건 | 번들: ID:55698(1건), ID:55700(1건), ID:55701(1건), ID:55704(1건)
[2026-07-14 23:49:38] INFO: [POLLING] 종료 | 큐: 0건 | 번들맵: 4개
[2026-07-14 23:49:47] INFO: [POLLING] 시작 | 큐: 0건 | 처리중: 4건 | 번들: ID:55698(1건), ID:55700(1건), ID:55701(1건), ID:55704(1건)
[2026-07-14 23:49:48] INFO: [POLLING] 종료 | 큐: 0건 | 번들맵: 4개
[2026-07-14 23:49:57] INFO: [POLLING] 시작 | 큐: 0건 | 처리중: 4건 | 번들: ID:55698(1건), ID:55700(1건), ID:55701(1건), ID:55704(1건)
[2026-07-14 23:49:58] INFO: [POLLING] 종료 | 큐: 0건 | 번들맵: 4개
[2026-07-14 23:50:07] INFO: [POLLING] 시작 | 큐: 0건 | 처리중: 4건 | 번들: ID:55698(1건), ID:55700(1건), ID:55701(1건), ID:55704(1건)
[2026-07-14 23:50:08] INFO: [POLLING] 종료 | 큐: 0건 | 번들맵: 4개
[2026-07-14 23:50:17] INFO: [POLLING] 시작 | 큐: 0건 | 처리중: 4건 | 번들: ID:55698(1건), ID:55700(1건), ID:55701(1건), ID:55704(1건)
[2026-07-14 23:50:18] INFO: [POLLING] 종료 | 큐: 0건 | 번들맵: 4개
[2026-07-14 23:50:27] INFO: [POLLING] 시작 | 큐: 0건 | 처리중: 4건 | 번들: ID:55698(1건), ID:55700(1건), ID:55701(1건), ID:55704(1건)
[2026-07-14 23:50:28] INFO: [POLLING] 종료 | 큐: 0건 | 번들맵: 4개
[2026-07-14 23:50:35] INFO: [REQ] contents=check-event | id=undefined
[2026-07-14 23:50:37] INFO: [POLLING] 시작 | 큐: 0건 | 처리중: 4건 | 번들: ID:55698(1건), ID:55700(1건), ID:55701(1건), ID:55704(1건)
[2026-07-14 23:50:38] INFO: [POLLING] 종료 | 큐: 0건 | 번들맵: 4개
[2026-07-14 23:50:47] INFO: [POLLING] 시작 | 큐: 0건 | 처리중: 4건 | 번들: ID:55698(1건), ID:55700(1건), ID:55701(1건), ID:55704(1건)
[2026-07-14 23:50:48] INFO: [POLLING] 종료 | 큐: 0건 | 번들맵: 4개
[2026-07-14 23:50:57] INFO: [POLLING] 시작 | 큐: 0건 | 처리중: 4건 | 번들: ID:55698(1건), ID:55700(1건), ID:55701(1건), ID:55704(1건)
[2026-07-14 23:50:58] INFO: [POLLING] 종료 | 큐: 0건 | 번들맵: 4개
[2026-07-14 23:51:07] INFO: [POLLING] 시작 | 큐: 0건 | 처리중: 4건 | 번들: ID:55698(1건), ID:55700(1건), ID:55701(1건), ID:55704(1건)
[2026-07-14 23:51:08] INFO: [POLLING] 종료 | 큐: 0건 | 번들맵: 4개
[2026-07-14 23:51:17] INFO: [POLLING] 시작 | 큐: 0건 | 처리중: 4건 | 번들: ID:55698(1건), ID:55700(1건), ID:55701(1건), ID:55704(1건)
[2026-07-14 23:51:18] INFO: [POLLING] 종료 | 큐: 0건 | 번들맵: 4개
[2026-07-14 23:51:21] INFO: [REQ] contents=check-event | id=undefined
[2026-07-14 23:51:27] INFO: [POLLING] 시작 | 큐: 0건 | 처리중: 4건 | 번들: ID:55698(1건), ID:55700(1건), ID:55701(1건), ID:55704(1건)
[2026-07-14 23:51:28] INFO: [POLLING] 종료 | 큐: 0건 | 번들맵: 4개
[2026-07-14 23:51:37] INFO: [POLLING] 시작 | 큐: 0건 | 처리중: 4건 | 번들: ID:55698(1건), ID:55700(1건), ID:55701(1건), ID:55704(1건)
[2026-07-14 23:51:38] INFO: [POLLING] 종료 | 큐: 0건 | 번들맵: 4개
[2026-07-14 23:51:47] INFO: [POLLING] 시작 | 큐: 0건 | 처리중: 4건 | 번들: ID:55698(1건), ID:55700(1건), ID:55701(1건), ID:55704(1건)
[2026-07-14 23:51:48] INFO: [POLLING] 종료 | 큐: 0건 | 번들맵: 4개
[2026-07-14 23:51:57] INFO: [POLLING] 시작 | 큐: 0건 | 처리중: 4건 | 번들: ID:55698(1건), ID:55700(1건), ID:55701(1건), ID:55704(1건)
[2026-07-14 23:51:58] INFO: [POLLING] 종료 | 큐: 0건 | 번들맵: 4개
[2026-07-14 23:52:07] INFO: [POLLING] 시작 | 큐: 0건 | 처리중: 4건 | 번들: ID:55698(1건), ID:55700(1건), ID:55701(1건), ID:55704(1건)
[2026-07-14 23:52:08] INFO: [POLLING] 종료 | 큐: 0건 | 번들맵: 4개
[2026-07-14 23:52:17] INFO: [POLLING] 시작 | 큐: 0건 | 처리중: 4건 | 번들: ID:55698(1건), ID:55700(1건), ID:55701(1건), ID:55704(1건)
[2026-07-14 23:52:18] INFO: [POLLING] 종료 | 큐: 0건 | 번들맵: 4개
[2026-07-14 23:52:25] INFO: [REQ] contents=check-event | id=undefined
[2026-07-14 23:52:27] INFO: [POLLING] 시작 | 큐: 0건 | 처리중: 4건 | 번들: ID:55698(1건), ID:55700(1건), ID:55701(1건), ID:55704(1건)
[2026-07-14 23:52:28] INFO: [POLLING] 종료 | 큐: 0건 | 번들맵: 4개
[2026-07-14 23:52:37] INFO: [POLLING] 시작 | 큐: 0건 | 처리중: 4건 | 번들: ID:55698(1건), ID:55700(1건), ID:55701(1건), ID:55704(1건)
[2026-07-14 23:52:38] INFO: [POLLING] 종료 | 큐: 0건 | 번들맵: 4개
[2026-07-14 23:52:47] INFO: [POLLING] 시작 | 큐: 0건 | 처리중: 4건 | 번들: ID:55698(1건), ID:55700(1건), ID:55701(1건), ID:55704(1건)
[2026-07-14 23:52:48] INFO: [POLLING] 종료 | 큐: 0건 | 번들맵: 4개
[2026-07-14 23:52:57] INFO: [POLLING] 시작 | 큐: 0건 | 처리중: 4건 | 번들: ID:55698(1건), ID:55700(1건), ID:55701(1건), ID:55704(1건)
[2026-07-14 23:52:58] INFO: [POLLING] 종료 | 큐: 0건 | 번들맵: 4개
[2026-07-14 23:53:02] INFO: [REQ] contents=check-event | id=undefined
[2026-07-14 23:53:07] INFO: [POLLING] 시작 | 큐: 0건 | 처리중: 4건 | 번들: ID:55698(1건), ID:55700(1건), ID:55701(1건), ID:55704(1건)
[2026-07-14 23:53:08] INFO: [POLLING] 종료 | 큐: 0건 | 번들맵: 4개
[2026-07-14 23:53:17] INFO: [POLLING] 시작 | 큐: 0건 | 처리중: 4건 | 번들: ID:55698(1건), ID:55700(1건), ID:55701(1건), ID:55704(1건)
[2026-07-14 23:53:18] INFO: [POLLING] 종료 | 큐: 0건 | 번들맵: 4개
[2026-07-14 23:53:27] INFO: [POLLING] 시작 | 큐: 0건 | 처리중: 4건 | 번들: ID:55698(1건), ID:55700(1건), ID:55701(1건), ID:55704(1건)
[2026-07-14 23:53:28] INFO: [POLLING] 종료 | 큐: 0건 | 번들맵: 4개
[2026-07-14 23:53:37] INFO: [POLLING] 시작 | 큐: 0건 | 처리중: 4건 | 번들: ID:55698(1건), ID:55700(1건), ID:55701(1건), ID:55704(1건)
[2026-07-14 23:53:38] INFO: [POLLING] 종료 | 큐: 0건 | 번들맵: 4개
[2026-07-14 23:53:47] INFO: [POLLING] 시작 | 큐: 0건 | 처리중: 4건 | 번들: ID:55698(1건), ID:55700(1건), ID:55701(1건), ID:55704(1건)
[2026-07-14 23:53:48] INFO: [POLLING] 종료 | 큐: 0건 | 번들맵: 4개
[2026-07-14 23:53:57] INFO: [POLLING] 시작 | 큐: 0건 | 처리중: 4건 | 번들: ID:55698(1건), ID:55700(1건), ID:55701(1건), ID:55704(1건)
[2026-07-14 23:53:58] INFO: [POLLING] 종료 | 큐: 0건 | 번들맵: 4개
[2026-07-14 23:54:05] INFO: [REQ] contents=check-event | id=undefined
[2026-07-14 23:54:07] INFO: [POLLING] 시작 | 큐: 0건 | 처리중: 4건 | 번들: ID:55698(1건), ID:55700(1건), ID:55701(1건), ID:55704(1건)
[2026-07-14 23:54:08] INFO: [POLLING] 종료 | 큐: 0건 | 번들맵: 4개
[2026-07-14 23:54:17] INFO: [POLLING] 시작 | 큐: 0건 | 처리중: 4건 | 번들: ID:55698(1건), ID:55700(1건), ID:55701(1건), ID:55704(1건)
[2026-07-14 23:54:18] INFO: [POLLING] 종료 | 큐: 0건 | 번들맵: 4개
[2026-07-14 23:54:27] INFO: [POLLING] 시작 | 큐: 0건 | 처리중: 4건 | 번들: ID:55698(1건), ID:55700(1건), ID:55701(1건), ID:55704(1건)
[2026-07-14 23:54:28] INFO: [POLLING] 종료 | 큐: 0건 | 번들맵: 4개
[2026-07-14 23:54:32] INFO: [REQ] contents=check-event | id=undefined
[2026-07-14 23:54:38] INFO: [POLLING] 시작 | 큐: 0건 | 처리중: 4건 | 번들: ID:55698(1건), ID:55700(1건), ID:55701(1건), ID:55704(1건)
[2026-07-14 23:54:38] INFO: [POLLING] 종료 | 큐: 0건 | 번들맵: 4개
[2026-07-14 23:54:48] INFO: [POLLING] 시작 | 큐: 0건 | 처리중: 4건 | 번들: ID:55698(1건), ID:55700(1건), ID:55701(1건), ID:55704(1건)
[2026-07-14 23:54:48] INFO: [POLLING] 종료 | 큐: 0건 | 번들맵: 4개
[2026-07-14 23:54:58] INFO: [POLLING] 시작 | 큐: 0건 | 처리중: 4건 | 번들: ID:55698(1건), ID:55700(1건), ID:55701(1건), ID:55704(1건)
[2026-07-14 23:54:58] INFO: [POLLING] 종료 | 큐: 0건 | 번들맵: 4개
[2026-07-14 23:55:08] INFO: [POLLING] 시작 | 큐: 0건 | 처리중: 4건 | 번들: ID:55698(1건), ID:55700(1건), ID:55701(1건), ID:55704(1건)
[2026-07-14 23:55:08] INFO: [POLLING] 종료 | 큐: 0건 | 번들맵: 4개
[2026-07-14 23:55:18] INFO: [POLLING] 시작 | 큐: 0건 | 처리중: 4건 | 번들: ID:55698(1건), ID:55700(1건), ID:55701(1건), ID:55704(1건)
[2026-07-14 23:55:18] INFO: [POLLING] 종료 | 큐: 0건 | 번들맵: 4개
[2026-07-14 23:55:28] INFO: [POLLING] 시작 | 큐: 0건 | 처리중: 4건 | 번들: ID:55698(1건), ID:55700(1건), ID:55701(1건), ID:55704(1건)
[2026-07-14 23:55:28] INFO: [POLLING] 종료 | 큐: 0건 | 번들맵: 4개
[2026-07-14 23:55:35] INFO: [REQ] contents=check-event | id=undefined
[2026-07-14 23:55:38] INFO: [POLLING] 시작 | 큐: 0건 | 처리중: 4건 | 번들: ID:55698(1건), ID:55700(1건), ID:55701(1건), ID:55704(1건)
[2026-07-14 23:55:38] INFO: [POLLING] 종료 | 큐: 0건 | 번들맵: 4개
[2026-07-14 23:55:48] INFO: [POLLING] 시작 | 큐: 0건 | 처리중: 4건 | 번들: ID:55698(1건), ID:55700(1건), ID:55701(1건), ID:55704(1건)
[2026-07-14 23:55:48] INFO: [POLLING] 종료 | 큐: 0건 | 번들맵: 4개
[2026-07-14 23:55:58] INFO: [POLLING] 시작 | 큐: 0건 | 처리중: 4건 | 번들: ID:55698(1건), ID:55700(1건), ID:55701(1건), ID:55704(1건)
[2026-07-14 23:55:58] INFO: [POLLING] 종료 | 큐: 0건 | 번들맵: 4개
[2026-07-14 23:56:08] INFO: [POLLING] 시작 | 큐: 0건 | 처리중: 4건 | 번들: ID:55698(1건), ID:55700(1건), ID:55701(1건), ID:55704(1건)
[2026-07-14 23:56:08] INFO: [POLLING] 종료 | 큐: 0건 | 번들맵: 4개
[2026-07-14 23:56:18] INFO: [POLLING] 시작 | 큐: 0건 | 처리중: 4건 | 번들: ID:55698(1건), ID:55700(1건), ID:55701(1건), ID:55704(1건)
[2026-07-14 23:56:18] INFO: [POLLING] 종료 | 큐: 0건 | 번들맵: 4개
[2026-07-14 23:56:22] INFO: [REQ] contents=check-event | id=undefined
[2026-07-14 23:56:28] INFO: [POLLING] 시작 | 큐: 0건 | 처리중: 4건 | 번들: ID:55698(1건), ID:55700(1건), ID:55701(1건), ID:55704(1건)
[2026-07-14 23:56:28] INFO: [POLLING] 종료 | 큐: 0건 | 번들맵: 4개
[2026-07-14 23:56:38] INFO: [POLLING] 시작 | 큐: 0건 | 처리중: 4건 | 번들: ID:55698(1건), ID:55700(1건), ID:55701(1건), ID:55704(1건)
[2026-07-14 23:56:38] INFO: [POLLING] 종료 | 큐: 0건 | 번들맵: 4개
[2026-07-14 23:56:48] INFO: [POLLING] 시작 | 큐: 0건 | 처리중: 4건 | 번들: ID:55698(1건), ID:55700(1건), ID:55701(1건), ID:55704(1건)
[2026-07-14 23:56:48] INFO: [POLLING] 종료 | 큐: 0건 | 번들맵: 4개
[2026-07-14 23:56:58] INFO: [POLLING] 시작 | 큐: 0건 | 처리중: 4건 | 번들: ID:55698(1건), ID:55700(1건), ID:55701(1건), ID:55704(1건)
[2026-07-14 23:56:58] INFO: [POLLING] 종료 | 큐: 0건 | 번들맵: 4개
[2026-07-14 23:57:08] INFO: [POLLING] 시작 | 큐: 0건 | 처리중: 4건 | 번들: ID:55698(1건), ID:55700(1건), ID:55701(1건), ID:55704(1건)
[2026-07-14 23:57:08] INFO: [POLLING] 종료 | 큐: 0건 | 번들맵: 4개
[2026-07-14 23:57:18] INFO: [POLLING] 시작 | 큐: 0건 | 처리중: 4건 | 번들: ID:55698(1건), ID:55700(1건), ID:55701(1건), ID:55704(1건)
[2026-07-14 23:57:18] INFO: [POLLING] 종료 | 큐: 0건 | 번들맵: 4개
[2026-07-14 23:57:25] INFO: [REQ] contents=check-event | id=undefined
[2026-07-14 23:57:28] INFO: [POLLING] 시작 | 큐: 0건 | 처리중: 4건 | 번들: ID:55698(1건), ID:55700(1건), ID:55701(1건), ID:55704(1건)
[2026-07-14 23:57:28] INFO: [POLLING] 종료 | 큐: 0건 | 번들맵: 4개
[2026-07-14 23:57:38] INFO: [POLLING] 시작 | 큐: 0건 | 처리중: 4건 | 번들: ID:55698(1건), ID:55700(1건), ID:55701(1건), ID:55704(1건)
[2026-07-14 23:57:38] INFO: [POLLING] 종료 | 큐: 0건 | 번들맵: 4개
[2026-07-14 23:57:48] INFO: [POLLING] 시작 | 큐: 0건 | 처리중: 4건 | 번들: ID:55698(1건), ID:55700(1건), ID:55701(1건), ID:55704(1건)
[2026-07-14 23:57:48] INFO: [POLLING] 종료 | 큐: 0건 | 번들맵: 4개
[2026-07-14 23:57:58] INFO: [POLLING] 시작 | 큐: 0건 | 처리중: 4건 | 번들: ID:55698(1건), ID:55700(1건), ID:55701(1건), ID:55704(1건)
[2026-07-14 23:57:58] INFO: [POLLING] 종료 | 큐: 0건 | 번들맵: 4개
[2026-07-14 23:58:02] INFO: [REQ] contents=check-event | id=undefined
[2026-07-14 23:58:08] INFO: [POLLING] 시작 | 큐: 0건 | 처리중: 4건 | 번들: ID:55698(1건), ID:55700(1건), ID:55701(1건), ID:55704(1건)
[2026-07-14 23:58:08] INFO: [POLLING] 종료 | 큐: 0건 | 번들맵: 4개
[2026-07-14 23:58:18] INFO: [POLLING] 시작 | 큐: 0건 | 처리중: 4건 | 번들: ID:55698(1건), ID:55700(1건), ID:55701(1건), ID:55704(1건)
[2026-07-14 23:58:18] INFO: [POLLING] 종료 | 큐: 0건 | 번들맵: 4개
[2026-07-14 23:58:28] INFO: [POLLING] 시작 | 큐: 0건 | 처리중: 4건 | 번들: ID:55698(1건), ID:55700(1건), ID:55701(1건), ID:55704(1건)
[2026-07-14 23:58:28] INFO: [POLLING] 종료 | 큐: 0건 | 번들맵: 4개
[2026-07-14 23:58:38] INFO: [POLLING] 시작 | 큐: 0건 | 처리중: 4건 | 번들: ID:55698(1건), ID:55700(1건), ID:55701(1건), ID:55704(1건)
[2026-07-14 23:58:38] INFO: [POLLING] 종료 | 큐: 0건 | 번들맵: 4개
[2026-07-14 23:58:48] INFO: [POLLING] 시작 | 큐: 0건 | 처리중: 4건 | 번들: ID:55698(1건), ID:55700(1건), ID:55701(1건), ID:55704(1건)
[2026-07-14 23:58:48] INFO: [POLLING] 종료 | 큐: 0건 | 번들맵: 4개
[2026-07-14 23:58:58] INFO: [POLLING] 시작 | 큐: 0건 | 처리중: 4건 | 번들: ID:55698(1건), ID:55700(1건), ID:55701(1건), ID:55704(1건)
[2026-07-14 23:58:58] INFO: [POLLING] 종료 | 큐: 0건 | 번들맵: 4개
[2026-07-14 23:59:05] INFO: [REQ] contents=check-event | id=undefined
[2026-07-14 23:59:08] INFO: [POLLING] 시작 | 큐: 0건 | 처리중: 4건 | 번들: ID:55698(1건), ID:55700(1건), ID:55701(1건), ID:55704(1건)
[2026-07-14 23:59:08] INFO: [POLLING] 종료 | 큐: 0건 | 번들맵: 4개
[2026-07-14 23:59:18] INFO: [POLLING] 시작 | 큐: 0건 | 처리중: 4건 | 번들: ID:55698(1건), ID:55700(1건), ID:55701(1건), ID:55704(1건)
[2026-07-14 23:59:18] INFO: [POLLING] 종료 | 큐: 0건 | 번들맵: 4개
[2026-07-14 23:59:28] INFO: [POLLING] 시작 | 큐: 0건 | 처리중: 4건 | 번들: ID:55698(1건), ID:55700(1건), ID:55701(1건), ID:55704(1건)
[2026-07-14 23:59:28] INFO: [POLLING] 종료 | 큐: 0건 | 번들맵: 4개
[2026-07-14 23:59:32] INFO: [REQ] contents=check-event | id=undefined
[2026-07-14 23:59:38] INFO: [POLLING] 시작 | 큐: 0건 | 처리중: 4건 | 번들: ID:55698(1건), ID:55700(1건), ID:55701(1건), ID:55704(1건)
[2026-07-14 23:59:38] INFO: [POLLING] 종료 | 큐: 0건 | 번들맵: 4개
[2026-07-14 23:59:48] INFO: [POLLING] 시작 | 큐: 0건 | 처리중: 4건 | 번들: ID:55698(1건), ID:55700(1건), ID:55701(1건), ID:55704(1건)
[2026-07-14 23:59:48] INFO: [POLLING] 종료 | 큐: 0건 | 번들맵: 4개
[2026-07-14 23:59:58] INFO: [POLLING] 시작 | 큐: 0건 | 처리중: 4건 | 번들: ID:55698(1건), ID:55700(1건), ID:55701(1건), ID:55704(1건)
[2026-07-14 23:59:58] INFO: [POLLING] 종료 | 큐: 0건 | 번들맵: 4개
